<?xml version='1.0' encoding='UTF-8'?>
<gpx xmlns="http://www.topografix.com/GPX/1/1" xmlns:xsi="http://www.w3.org/2001/XMLSchema-instance" version="1.1" creator="http://ridewithgps.com/" xsi:schemaLocation="http://www.topografix.com/GPX/1/1 http://www.topografix.com/GPX/1/1/gpx.xsd http://www.cluetrust.com/XML/GPXDATA/1/0 http://www.cluetrust.com/Schemas/gpxdata10.xsd">
  <metadata>
    <name>Day 3: Monterey to King City (Via Carmel Valley)</name>
    <link href="https://ridewithgps.com/routes/53427738">
      <text>Monterey to King City</text>
    </link>
    <time>2025-12-01T12:13:05Z</time>
  </metadata>
  <wpt lat="36.58386" lon="-121.90241"><name>START — Monterey</name><sym>Flag, Blue</sym><type>Start</type></wpt><wpt lat="36.213463" lon="-121.125032"><name>Picnic (mi 69.9)</name><cmt>Picnic at mile 69.9, 0.13 mi off route. Mapped in OpenStreetMap; not verified on the ground.</cmt><desc>Picnic</desc><sym>Picnic Area</sym><type>Picnic</type></wpt><wpt lat="36.597322" lon="-121.912227"><name>Toilets (mi 0.0)</name><cmt>Toilets at mile 0.0, 0.13 mi off route. Mapped in OpenStreetMap; not verified on the ground.</cmt><desc>Toilets</desc><sym>Restroom</sym><type>Toilets</type></wpt><wpt lat="36.599027" lon="-121.909652"><name>Veteran's Memorial Park (mi 0.1)</name><cmt>Park at mile 0.1, 0.04 mi off route. Mapped in OpenStreetMap; not verified on the ground.</cmt><desc>Park</desc><sym>Park</sym><type>Park</type></wpt><wpt lat="36.597037" lon="-121.896715"><name>Casa Gutierrez (mi 1.1)</name><cmt>Historic at mile 1.1, 0.02 mi off route. Mapped in OpenStreetMap; not verified on the ground.</cmt><desc>Historic</desc><sym>Museum</sym><type>Historic</type></wpt><wpt lat="36.596211" lon="-121.894591"><name>Ocean Sushi (mi 1.1)</name><cmt>Food at mile 1.1, 0.09 mi off route. Mapped in OpenStreetMap; not verified on the ground.</cmt><desc>Food</desc><sym>Restaurant</sym><type>Food</type></wpt><wpt lat="36.596504" lon="-121.894577"><name>Trader Joe's (mi 1.2)</name><cmt>Store at mile 1.2, 0.08 mi off route. Mapped in OpenStreetMap; not verified on the ground.</cmt><desc>Store</desc><sym>Shopping Center</sym><type>Store</type></wpt><wpt lat="36.600139" lon="-121.894740"><name>Crown &amp; Anchor (mi 1.2)</name><cmt>Winery at mile 1.2, 0.17 mi off route. Mapped in OpenStreetMap; not verified on the ground.</cmt><desc>Winery</desc><sym>Bar</sym><type>Winery</type></wpt><wpt lat="36.597559" lon="-121.894356"><name>Water (mi 1.2)</name><cmt>Water at mile 1.2. Mapped in OpenStreetMap; not verified on the ground.</cmt><desc>Water</desc><sym>Drinking Water</sym><type>Water</type></wpt><wpt lat="36.623247" lon="-121.842127"><name>7-Eleven (mi 5.7)</name><cmt>Store at mile 5.7, 0.05 mi off route. Mapped in OpenStreetMap; not verified on the ground.</cmt><desc>Store</desc><sym>Convenience Store</sym><type>Store</type></wpt><wpt lat="36.627183" lon="-121.691159"><name>Toilets (mi 16.3)</name><cmt>Toilets at mile 16.3, 0.10 mi off route. Mapped in OpenStreetMap; not verified on the ground.</cmt><desc>Toilets</desc><sym>Restroom</sym><type>Toilets</type></wpt><wpt lat="36.201980" lon="-121.143259"><name>Old Salinas River Bridge Ruins (mi 64.7)</name><cmt>Historic at mile 64.7. Mapped in OpenStreetMap; not verified on the ground.</cmt><desc>Historic</desc><sym>Museum</sym><type>Historic</type></wpt><wpt lat="36.205937" lon="-121.146585"><name>Toilets (mi 65.2)</name><cmt>Toilets at mile 65.2, 0.06 mi off route. Mapped in OpenStreetMap; not verified on the ground.</cmt><desc>Toilets</desc><sym>Restroom</sym><type>Toilets</type></wpt><wpt lat="36.20197" lon="-121.12821"><name>FINISH — King City</name><sym>Flag, Green</sym><type>Finish</type></wpt><trk>
    <name>Day 3: Monterey to King City (Via Carmel Valley)</name>
    <trkseg>
      <trkpt lat="36.58386" lon="-121.90241">
        <ele>76.0</ele>
      </trkpt>
      <trkpt lat="36.58343" lon="-121.9018">
        <ele>76.0</ele>
      </trkpt>
      <trkpt lat="36.58326" lon="-121.90172">
        <ele>75.4</ele>
      </trkpt>
      <trkpt lat="36.58321" lon="-121.90163">
        <ele>74.8</ele>
      </trkpt>
      <trkpt lat="36.58298" lon="-121.90122">
        <ele>72.3</ele>
      </trkpt>
      <trkpt lat="36.58264" lon="-121.90063">
        <ele>76.7</ele>
      </trkpt>
      <trkpt lat="36.5823" lon="-121.90004">
        <ele>77.4</ele>
      </trkpt>
      <trkpt lat="36.58221" lon="-121.8999">
        <ele>77.0</ele>
      </trkpt>
      <trkpt lat="36.58211" lon="-121.89976">
        <ele>76.7</ele>
      </trkpt>
      <trkpt lat="36.58191" lon="-121.89957">
        <ele>77.2</ele>
      </trkpt>
      <trkpt lat="36.58165" lon="-121.89934">
        <ele>80.2</ele>
      </trkpt>
      <trkpt lat="36.58163" lon="-121.89926">
        <ele>80.5</ele>
      </trkpt>
      <trkpt lat="36.58143" lon="-121.89936">
        <ele>84.0</ele>
      </trkpt>
      <trkpt lat="36.5814" lon="-121.89941">
        <ele>84.7</ele>
      </trkpt>
      <trkpt lat="36.58134" lon="-121.89959">
        <ele>86.5</ele>
      </trkpt>
      <trkpt lat="36.58134" lon="-121.90012">
        <ele>86.2</ele>
      </trkpt>
      <trkpt lat="36.58131" lon="-121.9003">
        <ele>88.3</ele>
      </trkpt>
      <trkpt lat="36.58118" lon="-121.90064">
        <ele>93.6</ele>
      </trkpt>
      <trkpt lat="36.58092" lon="-121.90119">
        <ele>97.6</ele>
      </trkpt>
      <trkpt lat="36.58066" lon="-121.90174">
        <ele>100.7</ele>
      </trkpt>
      <trkpt lat="36.58051" lon="-121.90217">
        <ele>102.3</ele>
      </trkpt>
      <trkpt lat="36.58039" lon="-121.90279">
        <ele>102.1</ele>
      </trkpt>
      <trkpt lat="36.58032" lon="-121.90297">
        <ele>102.8</ele>
      </trkpt>
      <trkpt lat="36.58021" lon="-121.90315">
        <ele>104.5</ele>
      </trkpt>
      <trkpt lat="36.5799" lon="-121.90356">
        <ele>108.7</ele>
      </trkpt>
      <trkpt lat="36.57972" lon="-121.90384">
        <ele>110.6</ele>
      </trkpt>
      <trkpt lat="36.57936" lon="-121.90452">
        <ele>111.0</ele>
      </trkpt>
      <trkpt lat="36.579" lon="-121.90523">
        <ele>113.3</ele>
      </trkpt>
      <trkpt lat="36.57865" lon="-121.90594">
        <ele>120.1</ele>
      </trkpt>
      <trkpt lat="36.57827" lon="-121.90663">
        <ele>125.2</ele>
      </trkpt>
      <trkpt lat="36.57825" lon="-121.90681">
        <ele>125.6</ele>
      </trkpt>
      <trkpt lat="36.57801" lon="-121.90726">
        <ele>128.8</ele>
      </trkpt>
      <trkpt lat="36.57775" lon="-121.9077">
        <ele>131.2</ele>
      </trkpt>
      <trkpt lat="36.57723" lon="-121.90851">
        <ele>134.2</ele>
      </trkpt>
      <trkpt lat="36.57696" lon="-121.90888">
        <ele>138.4</ele>
      </trkpt>
      <trkpt lat="36.57668" lon="-121.90932">
        <ele>143.2</ele>
      </trkpt>
      <trkpt lat="36.5764" lon="-121.90977">
        <ele>150.3</ele>
      </trkpt>
      <trkpt lat="36.57622" lon="-121.9101">
        <ele>152.8</ele>
      </trkpt>
      <trkpt lat="36.5757" lon="-121.91091">
        <ele>164.7</ele>
      </trkpt>
      <trkpt lat="36.5755" lon="-121.91118">
        <ele>165.5</ele>
      </trkpt>
      <trkpt lat="36.57509" lon="-121.91163">
        <ele>167.0</ele>
      </trkpt>
      <trkpt lat="36.57467" lon="-121.912">
        <ele>167.8</ele>
      </trkpt>
      <trkpt lat="36.57463" lon="-121.91201">
        <ele>168.1</ele>
      </trkpt>
      <trkpt lat="36.5745" lon="-121.91204">
        <ele>167.6</ele>
      </trkpt>
      <trkpt lat="36.57444" lon="-121.91209">
        <ele>167.3</ele>
      </trkpt>
      <trkpt lat="36.57451" lon="-121.91215">
        <ele>167.0</ele>
      </trkpt>
      <trkpt lat="36.57472" lon="-121.91237">
        <ele>166.1</ele>
      </trkpt>
      <trkpt lat="36.57491" lon="-121.91249">
        <ele>165.4</ele>
      </trkpt>
      <trkpt lat="36.57505" lon="-121.91259">
        <ele>164.8</ele>
      </trkpt>
      <trkpt lat="36.57515" lon="-121.91262">
        <ele>164.5</ele>
      </trkpt>
      <trkpt lat="36.57527" lon="-121.91262">
        <ele>165.4</ele>
      </trkpt>
      <trkpt lat="36.57532" lon="-121.91262">
        <ele>166.0</ele>
      </trkpt>
      <trkpt lat="36.57537" lon="-121.91264">
        <ele>166.7</ele>
      </trkpt>
      <trkpt lat="36.57541" lon="-121.91268">
        <ele>167.6</ele>
      </trkpt>
      <trkpt lat="36.57544" lon="-121.91275">
        <ele>168.2</ele>
      </trkpt>
      <trkpt lat="36.57545" lon="-121.91284">
        <ele>168.3</ele>
      </trkpt>
      <trkpt lat="36.57542" lon="-121.91291">
        <ele>167.8</ele>
      </trkpt>
      <trkpt lat="36.57537" lon="-121.91297">
        <ele>167.2</ele>
      </trkpt>
      <trkpt lat="36.57534" lon="-121.91299">
        <ele>166.9</ele>
      </trkpt>
      <trkpt lat="36.57531" lon="-121.913">
        <ele>166.6</ele>
      </trkpt>
      <trkpt lat="36.57524" lon="-121.91307">
        <ele>165.7</ele>
      </trkpt>
      <trkpt lat="36.57518" lon="-121.9131">
        <ele>164.8</ele>
      </trkpt>
      <trkpt lat="36.57512" lon="-121.91312">
        <ele>164.0</ele>
      </trkpt>
      <trkpt lat="36.57503" lon="-121.91311">
        <ele>162.9</ele>
      </trkpt>
      <trkpt lat="36.57469" lon="-121.91299">
        <ele>159.8</ele>
      </trkpt>
      <trkpt lat="36.57462" lon="-121.913">
        <ele>158.8</ele>
      </trkpt>
      <trkpt lat="36.57451" lon="-121.91307">
        <ele>155.8</ele>
      </trkpt>
      <trkpt lat="36.57443" lon="-121.91306">
        <ele>155.0</ele>
      </trkpt>
      <trkpt lat="36.5743" lon="-121.91302">
        <ele>156.2</ele>
      </trkpt>
      <trkpt lat="36.57417" lon="-121.91301">
        <ele>157.3</ele>
      </trkpt>
      <trkpt lat="36.57335" lon="-121.91315">
        <ele>151.1</ele>
      </trkpt>
      <trkpt lat="36.57299" lon="-121.91317">
        <ele>148.5</ele>
      </trkpt>
      <trkpt lat="36.57273" lon="-121.91316">
        <ele>148.8</ele>
      </trkpt>
      <trkpt lat="36.57259" lon="-121.91313">
        <ele>151.9</ele>
      </trkpt>
      <trkpt lat="36.57246" lon="-121.91309">
        <ele>156.3</ele>
      </trkpt>
      <trkpt lat="36.57221" lon="-121.91306">
        <ele>159.8</ele>
      </trkpt>
      <trkpt lat="36.57143" lon="-121.91294">
        <ele>161.1</ele>
      </trkpt>
      <trkpt lat="36.57097" lon="-121.91289">
        <ele>161.8</ele>
      </trkpt>
      <trkpt lat="36.57052" lon="-121.91284">
        <ele>166.0</ele>
      </trkpt>
      <trkpt lat="36.56991" lon="-121.91279">
        <ele>167.0</ele>
      </trkpt>
      <trkpt lat="36.5693" lon="-121.91274">
        <ele>172.0</ele>
      </trkpt>
      <trkpt lat="36.56869" lon="-121.91269">
        <ele>175.7</ele>
      </trkpt>
      <trkpt lat="36.56842" lon="-121.91269">
        <ele>177.6</ele>
      </trkpt>
      <trkpt lat="36.56816" lon="-121.91271">
        <ele>176.1</ele>
      </trkpt>
      <trkpt lat="36.56791" lon="-121.91275">
        <ele>176.3</ele>
      </trkpt>
      <trkpt lat="36.56777" lon="-121.91276">
        <ele>176.2</ele>
      </trkpt>
      <trkpt lat="36.56714" lon="-121.91296">
        <ele>175.7</ele>
      </trkpt>
      <trkpt lat="36.5666" lon="-121.91326">
        <ele>173.3</ele>
      </trkpt>
      <trkpt lat="36.56645" lon="-121.91339">
        <ele>172.3</ele>
      </trkpt>
      <trkpt lat="36.56631" lon="-121.91353">
        <ele>171.2</ele>
      </trkpt>
      <trkpt lat="36.56619" lon="-121.91372">
        <ele>170.9</ele>
      </trkpt>
      <trkpt lat="36.56606" lon="-121.91396">
        <ele>169.4</ele>
      </trkpt>
      <trkpt lat="36.56587" lon="-121.9144">
        <ele>166.0</ele>
      </trkpt>
      <trkpt lat="36.56563" lon="-121.91476">
        <ele>160.0</ele>
      </trkpt>
      <trkpt lat="36.56554" lon="-121.91488">
        <ele>158.6</ele>
      </trkpt>
      <trkpt lat="36.56521" lon="-121.91524">
        <ele>156.5</ele>
      </trkpt>
      <trkpt lat="36.56507" lon="-121.91535">
        <ele>156.0</ele>
      </trkpt>
      <trkpt lat="36.56499" lon="-121.91539">
        <ele>155.7</ele>
      </trkpt>
      <trkpt lat="36.56491" lon="-121.91542">
        <ele>155.4</ele>
      </trkpt>
      <trkpt lat="36.5648" lon="-121.91543">
        <ele>155.2</ele>
      </trkpt>
      <trkpt lat="36.56452" lon="-121.91541">
        <ele>155.3</ele>
      </trkpt>
      <trkpt lat="36.56426" lon="-121.91537">
        <ele>155.5</ele>
      </trkpt>
      <trkpt lat="36.56385" lon="-121.91528">
        <ele>155.8</ele>
      </trkpt>
      <trkpt lat="36.56379" lon="-121.91528">
        <ele>155.5</ele>
      </trkpt>
      <trkpt lat="36.56346" lon="-121.91531">
        <ele>151.2</ele>
      </trkpt>
      <trkpt lat="36.56332" lon="-121.91533">
        <ele>149.8</ele>
      </trkpt>
      <trkpt lat="36.56304" lon="-121.91541">
        <ele>146.2</ele>
      </trkpt>
      <trkpt lat="36.56303" lon="-121.91533">
        <ele>147.0</ele>
      </trkpt>
      <trkpt lat="36.56301" lon="-121.9153">
        <ele>146.9</ele>
      </trkpt>
      <trkpt lat="36.5629" lon="-121.91519">
        <ele>146.4</ele>
      </trkpt>
      <trkpt lat="36.56255" lon="-121.91479">
        <ele>145.8</ele>
      </trkpt>
      <trkpt lat="36.56221" lon="-121.91433">
        <ele>143.8</ele>
      </trkpt>
      <trkpt lat="36.56187" lon="-121.91388">
        <ele>140.4</ele>
      </trkpt>
      <trkpt lat="36.56124" lon="-121.91391">
        <ele>134.9</ele>
      </trkpt>
      <trkpt lat="36.56061" lon="-121.91393">
        <ele>131.3</ele>
      </trkpt>
      <trkpt lat="36.56014" lon="-121.91396">
        <ele>129.7</ele>
      </trkpt>
      <trkpt lat="36.55966" lon="-121.91399">
        <ele>128.0</ele>
      </trkpt>
      <trkpt lat="36.55937" lon="-121.91399">
        <ele>127.3</ele>
      </trkpt>
      <trkpt lat="36.55941" lon="-121.91357">
        <ele>128.6</ele>
      </trkpt>
      <trkpt lat="36.55948" lon="-121.91284">
        <ele>130.8</ele>
      </trkpt>
      <trkpt lat="36.55887" lon="-121.91274">
        <ele>130.0</ele>
      </trkpt>
      <trkpt lat="36.55826" lon="-121.91265">
        <ele>127.7</ele>
      </trkpt>
      <trkpt lat="36.55765" lon="-121.91255">
        <ele>123.5</ele>
      </trkpt>
      <trkpt lat="36.55705" lon="-121.91246">
        <ele>119.2</ele>
      </trkpt>
      <trkpt lat="36.55646" lon="-121.91236">
        <ele>113.6</ele>
      </trkpt>
      <trkpt lat="36.55586" lon="-121.91227">
        <ele>107.8</ele>
      </trkpt>
      <trkpt lat="36.55501" lon="-121.91215">
        <ele>100.2</ele>
      </trkpt>
      <trkpt lat="36.55469" lon="-121.91209">
        <ele>101.2</ele>
      </trkpt>
      <trkpt lat="36.55457" lon="-121.9121">
        <ele>101.2</ele>
      </trkpt>
      <trkpt lat="36.55442" lon="-121.91214">
        <ele>99.9</ele>
      </trkpt>
      <trkpt lat="36.55418" lon="-121.91224">
        <ele>96.6</ele>
      </trkpt>
      <trkpt lat="36.5539" lon="-121.91238">
        <ele>95.3</ele>
      </trkpt>
      <trkpt lat="36.55379" lon="-121.91245">
        <ele>94.2</ele>
      </trkpt>
      <trkpt lat="36.55345" lon="-121.91233">
        <ele>95.9</ele>
      </trkpt>
      <trkpt lat="36.55331" lon="-121.91224">
        <ele>96.8</ele>
      </trkpt>
      <trkpt lat="36.55316" lon="-121.91215">
        <ele>96.7</ele>
      </trkpt>
      <trkpt lat="36.55294" lon="-121.9121">
        <ele>96.0</ele>
      </trkpt>
      <trkpt lat="36.55283" lon="-121.91209">
        <ele>95.7</ele>
      </trkpt>
      <trkpt lat="36.55262" lon="-121.9121">
        <ele>94.9</ele>
      </trkpt>
      <trkpt lat="36.55228" lon="-121.91221">
        <ele>93.2</ele>
      </trkpt>
      <trkpt lat="36.55195" lon="-121.91228">
        <ele>91.5</ele>
      </trkpt>
      <trkpt lat="36.55124" lon="-121.91247">
        <ele>87.4</ele>
      </trkpt>
      <trkpt lat="36.55105" lon="-121.91159">
        <ele>85.5</ele>
      </trkpt>
      <trkpt lat="36.55099" lon="-121.91165">
        <ele>85.2</ele>
      </trkpt>
      <trkpt lat="36.55083" lon="-121.91172">
        <ele>84.3</ele>
      </trkpt>
      <trkpt lat="36.55072" lon="-121.91175">
        <ele>82.6</ele>
      </trkpt>
      <trkpt lat="36.55039" lon="-121.9118">
        <ele>79.8</ele>
      </trkpt>
      <trkpt lat="36.5502" lon="-121.91179">
        <ele>78.9</ele>
      </trkpt>
      <trkpt lat="36.5499" lon="-121.91175">
        <ele>75.3</ele>
      </trkpt>
      <trkpt lat="36.54928" lon="-121.91158">
        <ele>72.2</ele>
      </trkpt>
      <trkpt lat="36.54865" lon="-121.91141">
        <ele>65.3</ele>
      </trkpt>
      <trkpt lat="36.54853" lon="-121.91135">
        <ele>63.4</ele>
      </trkpt>
      <trkpt lat="36.54839" lon="-121.91127">
        <ele>61.2</ele>
      </trkpt>
      <trkpt lat="36.54832" lon="-121.91121">
        <ele>60.3</ele>
      </trkpt>
      <trkpt lat="36.54797" lon="-121.91062">
        <ele>58.8</ele>
      </trkpt>
      <trkpt lat="36.54787" lon="-121.91048">
        <ele>56.9</ele>
      </trkpt>
      <trkpt lat="36.5478" lon="-121.91039">
        <ele>55.8</ele>
      </trkpt>
      <trkpt lat="36.54772" lon="-121.91032">
        <ele>55.4</ele>
      </trkpt>
      <trkpt lat="36.54765" lon="-121.91028">
        <ele>55.1</ele>
      </trkpt>
      <trkpt lat="36.54758" lon="-121.91024">
        <ele>54.5</ele>
      </trkpt>
      <trkpt lat="36.54749" lon="-121.91021">
        <ele>54.0</ele>
      </trkpt>
      <trkpt lat="36.54736" lon="-121.91019">
        <ele>53.3</ele>
      </trkpt>
      <trkpt lat="36.54691" lon="-121.91013">
        <ele>49.6</ele>
      </trkpt>
      <trkpt lat="36.54681" lon="-121.91013">
        <ele>49.4</ele>
      </trkpt>
      <trkpt lat="36.54642" lon="-121.91014">
        <ele>48.4</ele>
      </trkpt>
      <trkpt lat="36.54625" lon="-121.91013">
        <ele>48.1</ele>
      </trkpt>
      <trkpt lat="36.54638" lon="-121.90964">
        <ele>49.4</ele>
      </trkpt>
      <trkpt lat="36.54577" lon="-121.90954">
        <ele>45.6</ele>
      </trkpt>
      <trkpt lat="36.54552" lon="-121.90948">
        <ele>44.9</ele>
      </trkpt>
      <trkpt lat="36.54526" lon="-121.90941">
        <ele>42.9</ele>
      </trkpt>
      <trkpt lat="36.54492" lon="-121.90927">
        <ele>39.4</ele>
      </trkpt>
      <trkpt lat="36.54453" lon="-121.90907">
        <ele>37.2</ele>
      </trkpt>
      <trkpt lat="36.54436" lon="-121.90897">
        <ele>34.7</ele>
      </trkpt>
      <trkpt lat="36.54387" lon="-121.90869">
        <ele>32.8</ele>
      </trkpt>
      <trkpt lat="36.54338" lon="-121.9084">
        <ele>28.9</ele>
      </trkpt>
      <trkpt lat="36.54366" lon="-121.90757">
        <ele>19.2</ele>
      </trkpt>
      <trkpt lat="36.54371" lon="-121.90734">
        <ele>18.5</ele>
      </trkpt>
      <trkpt lat="36.54374" lon="-121.9071">
        <ele>17.4</ele>
      </trkpt>
      <trkpt lat="36.54375" lon="-121.90682">
        <ele>16.4</ele>
      </trkpt>
      <trkpt lat="36.54375" lon="-121.9063">
        <ele>16.8</ele>
      </trkpt>
      <trkpt lat="36.54371" lon="-121.90601">
        <ele>18.0</ele>
      </trkpt>
      <trkpt lat="36.54369" lon="-121.90545">
        <ele>18.7</ele>
      </trkpt>
      <trkpt lat="36.54369" lon="-121.90489">
        <ele>18.7</ele>
      </trkpt>
      <trkpt lat="36.54369" lon="-121.90474">
        <ele>18.6</ele>
      </trkpt>
      <trkpt lat="36.54375" lon="-121.90387">
        <ele>16.4</ele>
      </trkpt>
      <trkpt lat="36.54381" lon="-121.90301">
        <ele>18.0</ele>
      </trkpt>
      <trkpt lat="36.54387" lon="-121.90214">
        <ele>18.5</ele>
      </trkpt>
      <trkpt lat="36.54391" lon="-121.90156">
        <ele>18.5</ele>
      </trkpt>
      <trkpt lat="36.54395" lon="-121.90098">
        <ele>18.1</ele>
      </trkpt>
      <trkpt lat="36.54397" lon="-121.89991">
        <ele>18.8</ele>
      </trkpt>
      <trkpt lat="36.54398" lon="-121.89912">
        <ele>18.8</ele>
      </trkpt>
      <trkpt lat="36.54398" lon="-121.89834">
        <ele>20.7</ele>
      </trkpt>
      <trkpt lat="36.54399" lon="-121.89755">
        <ele>22.9</ele>
      </trkpt>
      <trkpt lat="36.54397" lon="-121.89707">
        <ele>22.4</ele>
      </trkpt>
      <trkpt lat="36.54394" lon="-121.89678">
        <ele>21.6</ele>
      </trkpt>
      <trkpt lat="36.54386" lon="-121.89626">
        <ele>20.8</ele>
      </trkpt>
      <trkpt lat="36.54377" lon="-121.89579">
        <ele>22.6</ele>
      </trkpt>
      <trkpt lat="36.54364" lon="-121.89532">
        <ele>23.3</ele>
      </trkpt>
      <trkpt lat="36.54337" lon="-121.8944">
        <ele>23.1</ele>
      </trkpt>
      <trkpt lat="36.54309" lon="-121.89349">
        <ele>24.3</ele>
      </trkpt>
      <trkpt lat="36.54293" lon="-121.89286">
        <ele>23.5</ele>
      </trkpt>
      <trkpt lat="36.54273" lon="-121.89183">
        <ele>22.8</ele>
      </trkpt>
      <trkpt lat="36.54257" lon="-121.89093">
        <ele>24.0</ele>
      </trkpt>
      <trkpt lat="36.54241" lon="-121.89002">
        <ele>24.9</ele>
      </trkpt>
      <trkpt lat="36.54225" lon="-121.88912">
        <ele>29.4</ele>
      </trkpt>
      <trkpt lat="36.54219" lon="-121.88864">
        <ele>29.8</ele>
      </trkpt>
      <trkpt lat="36.54216" lon="-121.88816">
        <ele>30.0</ele>
      </trkpt>
      <trkpt lat="36.54215" lon="-121.88782">
        <ele>30.0</ele>
      </trkpt>
      <trkpt lat="36.54217" lon="-121.88733">
        <ele>30.1</ele>
      </trkpt>
      <trkpt lat="36.54225" lon="-121.88647">
        <ele>29.7</ele>
      </trkpt>
      <trkpt lat="36.54233" lon="-121.88561">
        <ele>27.3</ele>
      </trkpt>
      <trkpt lat="36.54241" lon="-121.88474">
        <ele>23.2</ele>
      </trkpt>
      <trkpt lat="36.54244" lon="-121.88418">
        <ele>25.4</ele>
      </trkpt>
      <trkpt lat="36.54243" lon="-121.88378">
        <ele>27.2</ele>
      </trkpt>
      <trkpt lat="36.54241" lon="-121.88331">
        <ele>28.8</ele>
      </trkpt>
      <trkpt lat="36.54235" lon="-121.88283">
        <ele>29.1</ele>
      </trkpt>
      <trkpt lat="36.5423" lon="-121.88253">
        <ele>27.6</ele>
      </trkpt>
      <trkpt lat="36.5422" lon="-121.88204">
        <ele>24.9</ele>
      </trkpt>
      <trkpt lat="36.54198" lon="-121.88118">
        <ele>24.8</ele>
      </trkpt>
      <trkpt lat="36.54176" lon="-121.88032">
        <ele>24.4</ele>
      </trkpt>
      <trkpt lat="36.54154" lon="-121.87946">
        <ele>24.3</ele>
      </trkpt>
      <trkpt lat="36.54132" lon="-121.8786">
        <ele>23.1</ele>
      </trkpt>
      <trkpt lat="36.54117" lon="-121.87796">
        <ele>23.8</ele>
      </trkpt>
      <trkpt lat="36.54092" lon="-121.87689">
        <ele>28.3</ele>
      </trkpt>
      <trkpt lat="36.5409" lon="-121.87676">
        <ele>28.2</ele>
      </trkpt>
      <trkpt lat="36.54085" lon="-121.87634">
        <ele>28.1</ele>
      </trkpt>
      <trkpt lat="36.54059" lon="-121.8753">
        <ele>28.9</ele>
      </trkpt>
      <trkpt lat="36.54043" lon="-121.87465">
        <ele>30.0</ele>
      </trkpt>
      <trkpt lat="36.54026" lon="-121.8739">
        <ele>29.3</ele>
      </trkpt>
      <trkpt lat="36.54008" lon="-121.87315">
        <ele>25.7</ele>
      </trkpt>
      <trkpt lat="36.53991" lon="-121.87239">
        <ele>22.9</ele>
      </trkpt>
      <trkpt lat="36.53969" lon="-121.87135">
        <ele>25.2</ele>
      </trkpt>
      <trkpt lat="36.53965" lon="-121.87112">
        <ele>25.4</ele>
      </trkpt>
      <trkpt lat="36.53959" lon="-121.87062">
        <ele>26.5</ele>
      </trkpt>
      <trkpt lat="36.53958" lon="-121.8703">
        <ele>25.2</ele>
      </trkpt>
      <trkpt lat="36.53961" lon="-121.86987">
        <ele>23.2</ele>
      </trkpt>
      <trkpt lat="36.53963" lon="-121.86968">
        <ele>22.6</ele>
      </trkpt>
      <trkpt lat="36.53967" lon="-121.86944">
        <ele>22.8</ele>
      </trkpt>
      <trkpt lat="36.53987" lon="-121.8686">
        <ele>23.0</ele>
      </trkpt>
      <trkpt lat="36.54006" lon="-121.86776">
        <ele>20.9</ele>
      </trkpt>
      <trkpt lat="36.54011" lon="-121.86746">
        <ele>21.3</ele>
      </trkpt>
      <trkpt lat="36.54016" lon="-121.86711">
        <ele>22.7</ele>
      </trkpt>
      <trkpt lat="36.54018" lon="-121.8668">
        <ele>23.1</ele>
      </trkpt>
      <trkpt lat="36.54018" lon="-121.86646">
        <ele>22.1</ele>
      </trkpt>
      <trkpt lat="36.54017" lon="-121.86608">
        <ele>22.3</ele>
      </trkpt>
      <trkpt lat="36.54015" lon="-121.86573">
        <ele>23.1</ele>
      </trkpt>
      <trkpt lat="36.54011" lon="-121.8654">
        <ele>23.8</ele>
      </trkpt>
      <trkpt lat="36.54005" lon="-121.86507">
        <ele>24.6</ele>
      </trkpt>
      <trkpt lat="36.54" lon="-121.86484">
        <ele>23.9</ele>
      </trkpt>
      <trkpt lat="36.53994" lon="-121.86459">
        <ele>23.7</ele>
      </trkpt>
      <trkpt lat="36.53984" lon="-121.86428">
        <ele>23.8</ele>
      </trkpt>
      <trkpt lat="36.53974" lon="-121.86402">
        <ele>24.1</ele>
      </trkpt>
      <trkpt lat="36.53961" lon="-121.86373">
        <ele>23.8</ele>
      </trkpt>
      <trkpt lat="36.53946" lon="-121.86339">
        <ele>24.2</ele>
      </trkpt>
      <trkpt lat="36.53905" lon="-121.86257">
        <ele>24.9</ele>
      </trkpt>
      <trkpt lat="36.53869" lon="-121.86189">
        <ele>24.7</ele>
      </trkpt>
      <trkpt lat="36.53833" lon="-121.86121">
        <ele>31.0</ele>
      </trkpt>
      <trkpt lat="36.53798" lon="-121.86053">
        <ele>31.9</ele>
      </trkpt>
      <trkpt lat="36.53784" lon="-121.8603">
        <ele>33.7</ele>
      </trkpt>
      <trkpt lat="36.53766" lon="-121.86003">
        <ele>34.9</ele>
      </trkpt>
      <trkpt lat="36.53756" lon="-121.8599">
        <ele>35.4</ele>
      </trkpt>
      <trkpt lat="36.53708" lon="-121.85935">
        <ele>38.1</ele>
      </trkpt>
      <trkpt lat="36.53645" lon="-121.85866">
        <ele>38.8</ele>
      </trkpt>
      <trkpt lat="36.53583" lon="-121.85798">
        <ele>38.7</ele>
      </trkpt>
      <trkpt lat="36.53521" lon="-121.8573">
        <ele>41.8</ele>
      </trkpt>
      <trkpt lat="36.53485" lon="-121.85688">
        <ele>43.1</ele>
      </trkpt>
      <trkpt lat="36.53471" lon="-121.85669">
        <ele>44.0</ele>
      </trkpt>
      <trkpt lat="36.53458" lon="-121.85649">
        <ele>45.5</ele>
      </trkpt>
      <trkpt lat="36.53444" lon="-121.85626">
        <ele>47.4</ele>
      </trkpt>
      <trkpt lat="36.53432" lon="-121.85601">
        <ele>50.3</ele>
      </trkpt>
      <trkpt lat="36.53422" lon="-121.85577">
        <ele>52.2</ele>
      </trkpt>
      <trkpt lat="36.53414" lon="-121.85554">
        <ele>54.7</ele>
      </trkpt>
      <trkpt lat="36.53407" lon="-121.85532">
        <ele>53.9</ele>
      </trkpt>
      <trkpt lat="36.53398" lon="-121.85498">
        <ele>50.3</ele>
      </trkpt>
      <trkpt lat="36.53395" lon="-121.85478">
        <ele>49.3</ele>
      </trkpt>
      <trkpt lat="36.53391" lon="-121.85444">
        <ele>48.3</ele>
      </trkpt>
      <trkpt lat="36.53389" lon="-121.85406">
        <ele>47.8</ele>
      </trkpt>
      <trkpt lat="36.53389" lon="-121.85382">
        <ele>46.9</ele>
      </trkpt>
      <trkpt lat="36.53392" lon="-121.85346">
        <ele>43.8</ele>
      </trkpt>
      <trkpt lat="36.53396" lon="-121.85287">
        <ele>42.0</ele>
      </trkpt>
      <trkpt lat="36.53401" lon="-121.85229">
        <ele>37.9</ele>
      </trkpt>
      <trkpt lat="36.53408" lon="-121.85156">
        <ele>36.1</ele>
      </trkpt>
      <trkpt lat="36.53415" lon="-121.85083">
        <ele>33.1</ele>
      </trkpt>
      <trkpt lat="36.53415" lon="-121.85059">
        <ele>30.8</ele>
      </trkpt>
      <trkpt lat="36.53414" lon="-121.85036">
        <ele>29.7</ele>
      </trkpt>
      <trkpt lat="36.53412" lon="-121.85012">
        <ele>29.8</ele>
      </trkpt>
      <trkpt lat="36.53406" lon="-121.84979">
        <ele>32.2</ele>
      </trkpt>
      <trkpt lat="36.53399" lon="-121.84947">
        <ele>36.5</ele>
      </trkpt>
      <trkpt lat="36.53377" lon="-121.84846">
        <ele>36.6</ele>
      </trkpt>
      <trkpt lat="36.53354" lon="-121.84745">
        <ele>34.5</ele>
      </trkpt>
      <trkpt lat="36.53331" lon="-121.84644">
        <ele>35.2</ele>
      </trkpt>
      <trkpt lat="36.53309" lon="-121.84543">
        <ele>30.0</ele>
      </trkpt>
      <trkpt lat="36.53286" lon="-121.84441">
        <ele>33.3</ele>
      </trkpt>
      <trkpt lat="36.53263" lon="-121.8434">
        <ele>36.0</ele>
      </trkpt>
      <trkpt lat="36.53241" lon="-121.84239">
        <ele>36.1</ele>
      </trkpt>
      <trkpt lat="36.53218" lon="-121.84138">
        <ele>35.6</ele>
      </trkpt>
      <trkpt lat="36.53195" lon="-121.84037">
        <ele>35.0</ele>
      </trkpt>
      <trkpt lat="36.53172" lon="-121.83936">
        <ele>35.8</ele>
      </trkpt>
      <trkpt lat="36.53161" lon="-121.8388">
        <ele>34.9</ele>
      </trkpt>
      <trkpt lat="36.53154" lon="-121.83822">
        <ele>34.2</ele>
      </trkpt>
      <trkpt lat="36.53146" lon="-121.83764">
        <ele>33.3</ele>
      </trkpt>
      <trkpt lat="36.53136" lon="-121.83684">
        <ele>32.7</ele>
      </trkpt>
      <trkpt lat="36.53126" lon="-121.83604">
        <ele>33.3</ele>
      </trkpt>
      <trkpt lat="36.53117" lon="-121.83549">
        <ele>32.5</ele>
      </trkpt>
      <trkpt lat="36.53107" lon="-121.83494">
        <ele>32.6</ele>
      </trkpt>
      <trkpt lat="36.53096" lon="-121.83446">
        <ele>32.9</ele>
      </trkpt>
      <trkpt lat="36.53083" lon="-121.83397">
        <ele>32.4</ele>
      </trkpt>
      <trkpt lat="36.5306" lon="-121.83326">
        <ele>32.3</ele>
      </trkpt>
      <trkpt lat="36.53037" lon="-121.83255">
        <ele>32.8</ele>
      </trkpt>
      <trkpt lat="36.53024" lon="-121.83209">
        <ele>34.9</ele>
      </trkpt>
      <trkpt lat="36.53016" lon="-121.83177">
        <ele>35.8</ele>
      </trkpt>
      <trkpt lat="36.53009" lon="-121.83143">
        <ele>36.0</ele>
      </trkpt>
      <trkpt lat="36.53005" lon="-121.8311">
        <ele>36.3</ele>
      </trkpt>
      <trkpt lat="36.53001" lon="-121.83069">
        <ele>37.2</ele>
      </trkpt>
      <trkpt lat="36.52997" lon="-121.8298">
        <ele>37.3</ele>
      </trkpt>
      <trkpt lat="36.52993" lon="-121.8289">
        <ele>36.6</ele>
      </trkpt>
      <trkpt lat="36.52989" lon="-121.82801">
        <ele>36.0</ele>
      </trkpt>
      <trkpt lat="36.52982" lon="-121.82743">
        <ele>36.9</ele>
      </trkpt>
      <trkpt lat="36.52971" lon="-121.82684">
        <ele>36.8</ele>
      </trkpt>
      <trkpt lat="36.52962" lon="-121.82644">
        <ele>36.8</ele>
      </trkpt>
      <trkpt lat="36.52943" lon="-121.82568">
        <ele>36.8</ele>
      </trkpt>
      <trkpt lat="36.52924" lon="-121.82492">
        <ele>36.9</ele>
      </trkpt>
      <trkpt lat="36.52917" lon="-121.8246">
        <ele>37.4</ele>
      </trkpt>
      <trkpt lat="36.52912" lon="-121.82431">
        <ele>38.2</ele>
      </trkpt>
      <trkpt lat="36.52909" lon="-121.82404">
        <ele>39.3</ele>
      </trkpt>
      <trkpt lat="36.52907" lon="-121.82375">
        <ele>40.5</ele>
      </trkpt>
      <trkpt lat="36.52906" lon="-121.82345">
        <ele>41.3</ele>
      </trkpt>
      <trkpt lat="36.52908" lon="-121.82258">
        <ele>44.3</ele>
      </trkpt>
      <trkpt lat="36.52911" lon="-121.82172">
        <ele>46.6</ele>
      </trkpt>
      <trkpt lat="36.52911" lon="-121.82137">
        <ele>46.3</ele>
      </trkpt>
      <trkpt lat="36.52908" lon="-121.82092">
        <ele>44.4</ele>
      </trkpt>
      <trkpt lat="36.52904" lon="-121.82061">
        <ele>43.1</ele>
      </trkpt>
      <trkpt lat="36.52898" lon="-121.82029">
        <ele>42.8</ele>
      </trkpt>
      <trkpt lat="36.52888" lon="-121.81986">
        <ele>42.6</ele>
      </trkpt>
      <trkpt lat="36.52881" lon="-121.8196">
        <ele>42.3</ele>
      </trkpt>
      <trkpt lat="36.52865" lon="-121.81915">
        <ele>43.4</ele>
      </trkpt>
      <trkpt lat="36.52848" lon="-121.81875">
        <ele>45.5</ele>
      </trkpt>
      <trkpt lat="36.52832" lon="-121.81844">
        <ele>45.5</ele>
      </trkpt>
      <trkpt lat="36.52817" lon="-121.81818">
        <ele>44.6</ele>
      </trkpt>
      <trkpt lat="36.52801" lon="-121.81794">
        <ele>43.6</ele>
      </trkpt>
      <trkpt lat="36.52779" lon="-121.81763">
        <ele>45.1</ele>
      </trkpt>
      <trkpt lat="36.52766" lon="-121.81747">
        <ele>45.5</ele>
      </trkpt>
      <trkpt lat="36.52737" lon="-121.81717">
        <ele>45.4</ele>
      </trkpt>
      <trkpt lat="36.5268" lon="-121.81663">
        <ele>42.3</ele>
      </trkpt>
      <trkpt lat="36.52623" lon="-121.81609">
        <ele>44.9</ele>
      </trkpt>
      <trkpt lat="36.52604" lon="-121.81587">
        <ele>46.0</ele>
      </trkpt>
      <trkpt lat="36.52585" lon="-121.81559">
        <ele>48.6</ele>
      </trkpt>
      <trkpt lat="36.52569" lon="-121.8153">
        <ele>47.4</ele>
      </trkpt>
      <trkpt lat="36.52546" lon="-121.81468">
        <ele>47.7</ele>
      </trkpt>
      <trkpt lat="36.5252" lon="-121.81395">
        <ele>47.2</ele>
      </trkpt>
      <trkpt lat="36.52495" lon="-121.81322">
        <ele>44.2</ele>
      </trkpt>
      <trkpt lat="36.5247" lon="-121.8125">
        <ele>42.6</ele>
      </trkpt>
      <trkpt lat="36.52444" lon="-121.81178">
        <ele>44.0</ele>
      </trkpt>
      <trkpt lat="36.52418" lon="-121.81107">
        <ele>43.8</ele>
      </trkpt>
      <trkpt lat="36.52393" lon="-121.81055">
        <ele>45.0</ele>
      </trkpt>
      <trkpt lat="36.52363" lon="-121.80986">
        <ele>44.7</ele>
      </trkpt>
      <trkpt lat="36.52333" lon="-121.80916">
        <ele>42.9</ele>
      </trkpt>
      <trkpt lat="36.52303" lon="-121.80847">
        <ele>42.9</ele>
      </trkpt>
      <trkpt lat="36.52291" lon="-121.80819">
        <ele>43.5</ele>
      </trkpt>
      <trkpt lat="36.52279" lon="-121.80798">
        <ele>42.1</ele>
      </trkpt>
      <trkpt lat="36.52255" lon="-121.8074">
        <ele>45.5</ele>
      </trkpt>
      <trkpt lat="36.52244" lon="-121.80711">
        <ele>46.6</ele>
      </trkpt>
      <trkpt lat="36.52239" lon="-121.80688">
        <ele>46.8</ele>
      </trkpt>
      <trkpt lat="36.52232" lon="-121.8065">
        <ele>48.1</ele>
      </trkpt>
      <trkpt lat="36.52229" lon="-121.80611">
        <ele>50.7</ele>
      </trkpt>
      <trkpt lat="36.52228" lon="-121.80594">
        <ele>50.6</ele>
      </trkpt>
      <trkpt lat="36.52229" lon="-121.80568">
        <ele>50.9</ele>
      </trkpt>
      <trkpt lat="36.52232" lon="-121.80541">
        <ele>51.7</ele>
      </trkpt>
      <trkpt lat="36.52252" lon="-121.80453">
        <ele>56.8</ele>
      </trkpt>
      <trkpt lat="36.52263" lon="-121.80398">
        <ele>62.6</ele>
      </trkpt>
      <trkpt lat="36.52273" lon="-121.80357">
        <ele>66.3</ele>
      </trkpt>
      <trkpt lat="36.5229" lon="-121.80281">
        <ele>69.8</ele>
      </trkpt>
      <trkpt lat="36.52306" lon="-121.80205">
        <ele>78.1</ele>
      </trkpt>
      <trkpt lat="36.52323" lon="-121.80129">
        <ele>83.3</ele>
      </trkpt>
      <trkpt lat="36.52339" lon="-121.80069">
        <ele>87.2</ele>
      </trkpt>
      <trkpt lat="36.52351" lon="-121.80013">
        <ele>86.3</ele>
      </trkpt>
      <trkpt lat="36.52355" lon="-121.79988">
        <ele>86.9</ele>
      </trkpt>
      <trkpt lat="36.52358" lon="-121.79963">
        <ele>88.0</ele>
      </trkpt>
      <trkpt lat="36.5236" lon="-121.79935">
        <ele>90.2</ele>
      </trkpt>
      <trkpt lat="36.52363" lon="-121.79904">
        <ele>93.4</ele>
      </trkpt>
      <trkpt lat="36.52368" lon="-121.79878">
        <ele>96.5</ele>
      </trkpt>
      <trkpt lat="36.52374" lon="-121.79856">
        <ele>96.1</ele>
      </trkpt>
      <trkpt lat="36.5238" lon="-121.7984">
        <ele>94.6</ele>
      </trkpt>
      <trkpt lat="36.52387" lon="-121.79824">
        <ele>94.5</ele>
      </trkpt>
      <trkpt lat="36.52396" lon="-121.79809">
        <ele>91.7</ele>
      </trkpt>
      <trkpt lat="36.52405" lon="-121.79796">
        <ele>89.4</ele>
      </trkpt>
      <trkpt lat="36.52429" lon="-121.79767">
        <ele>88.8</ele>
      </trkpt>
      <trkpt lat="36.52445" lon="-121.79745">
        <ele>82.3</ele>
      </trkpt>
      <trkpt lat="36.52456" lon="-121.79727">
        <ele>77.7</ele>
      </trkpt>
      <trkpt lat="36.52467" lon="-121.79704">
        <ele>73.8</ele>
      </trkpt>
      <trkpt lat="36.52475" lon="-121.79683">
        <ele>72.8</ele>
      </trkpt>
      <trkpt lat="36.52482" lon="-121.79658">
        <ele>72.6</ele>
      </trkpt>
      <trkpt lat="36.52487" lon="-121.79628">
        <ele>73.7</ele>
      </trkpt>
      <trkpt lat="36.52489" lon="-121.796">
        <ele>74.4</ele>
      </trkpt>
      <trkpt lat="36.52488" lon="-121.79568">
        <ele>73.7</ele>
      </trkpt>
      <trkpt lat="36.52485" lon="-121.79542">
        <ele>70.9</ele>
      </trkpt>
      <trkpt lat="36.52481" lon="-121.79526">
        <ele>69.3</ele>
      </trkpt>
      <trkpt lat="36.52474" lon="-121.79499">
        <ele>69.8</ele>
      </trkpt>
      <trkpt lat="36.52469" lon="-121.79487">
        <ele>69.3</ele>
      </trkpt>
      <trkpt lat="36.52458" lon="-121.79463">
        <ele>66.4</ele>
      </trkpt>
      <trkpt lat="36.5245" lon="-121.7945">
        <ele>64.9</ele>
      </trkpt>
      <trkpt lat="36.52396" lon="-121.79363">
        <ele>69.3</ele>
      </trkpt>
      <trkpt lat="36.52341" lon="-121.79276">
        <ele>78.0</ele>
      </trkpt>
      <trkpt lat="36.52287" lon="-121.79189">
        <ele>82.7</ele>
      </trkpt>
      <trkpt lat="36.52233" lon="-121.79103">
        <ele>67.2</ele>
      </trkpt>
      <trkpt lat="36.52179" lon="-121.79016">
        <ele>77.0</ele>
      </trkpt>
      <trkpt lat="36.52125" lon="-121.78929">
        <ele>78.9</ele>
      </trkpt>
      <trkpt lat="36.52071" lon="-121.78842">
        <ele>79.5</ele>
      </trkpt>
      <trkpt lat="36.52026" lon="-121.78772">
        <ele>79.6</ele>
      </trkpt>
      <trkpt lat="36.51981" lon="-121.78701">
        <ele>79.9</ele>
      </trkpt>
      <trkpt lat="36.51944" lon="-121.78639">
        <ele>68.7</ele>
      </trkpt>
      <trkpt lat="36.51934" lon="-121.78618">
        <ele>74.6</ele>
      </trkpt>
      <trkpt lat="36.51893" lon="-121.78554">
        <ele>68.3</ele>
      </trkpt>
      <trkpt lat="36.51852" lon="-121.78491">
        <ele>62.8</ele>
      </trkpt>
      <trkpt lat="36.51811" lon="-121.78427">
        <ele>63.5</ele>
      </trkpt>
      <trkpt lat="36.51773" lon="-121.78366">
        <ele>60.1</ele>
      </trkpt>
      <trkpt lat="36.51762" lon="-121.78349">
        <ele>60.7</ele>
      </trkpt>
      <trkpt lat="36.51738" lon="-121.78321">
        <ele>63.7</ele>
      </trkpt>
      <trkpt lat="36.51696" lon="-121.78274">
        <ele>61.0</ele>
      </trkpt>
      <trkpt lat="36.51653" lon="-121.78226">
        <ele>55.2</ele>
      </trkpt>
      <trkpt lat="36.51618" lon="-121.78184">
        <ele>55.1</ele>
      </trkpt>
      <trkpt lat="36.51606" lon="-121.78167">
        <ele>54.6</ele>
      </trkpt>
      <trkpt lat="36.51595" lon="-121.78149">
        <ele>54.0</ele>
      </trkpt>
      <trkpt lat="36.51579" lon="-121.78121">
        <ele>55.3</ele>
      </trkpt>
      <trkpt lat="36.51569" lon="-121.78101">
        <ele>54.9</ele>
      </trkpt>
      <trkpt lat="36.51557" lon="-121.78072">
        <ele>56.6</ele>
      </trkpt>
      <trkpt lat="36.5155" lon="-121.78051">
        <ele>57.2</ele>
      </trkpt>
      <trkpt lat="36.51537" lon="-121.77998">
        <ele>59.1</ele>
      </trkpt>
      <trkpt lat="36.51523" lon="-121.77934">
        <ele>66.9</ele>
      </trkpt>
      <trkpt lat="36.515" lon="-121.77838">
        <ele>68.7</ele>
      </trkpt>
      <trkpt lat="36.5149" lon="-121.77802">
        <ele>70.4</ele>
      </trkpt>
      <trkpt lat="36.51472" lon="-121.77752">
        <ele>69.3</ele>
      </trkpt>
      <trkpt lat="36.51443" lon="-121.77675">
        <ele>66.1</ele>
      </trkpt>
      <trkpt lat="36.51414" lon="-121.77597">
        <ele>73.2</ele>
      </trkpt>
      <trkpt lat="36.51386" lon="-121.7752">
        <ele>74.3</ele>
      </trkpt>
      <trkpt lat="36.51349" lon="-121.7744">
        <ele>49.8</ele>
      </trkpt>
      <trkpt lat="36.51304" lon="-121.77348">
        <ele>48.9</ele>
      </trkpt>
      <trkpt lat="36.5126" lon="-121.77256">
        <ele>49.1</ele>
      </trkpt>
      <trkpt lat="36.51224" lon="-121.7719">
        <ele>49.9</ele>
      </trkpt>
      <trkpt lat="36.51187" lon="-121.77123">
        <ele>50.0</ele>
      </trkpt>
      <trkpt lat="36.51151" lon="-121.77057">
        <ele>50.9</ele>
      </trkpt>
      <trkpt lat="36.51144" lon="-121.77042">
        <ele>50.9</ele>
      </trkpt>
      <trkpt lat="36.51125" lon="-121.77009">
        <ele>51.0</ele>
      </trkpt>
      <trkpt lat="36.51088" lon="-121.76939">
        <ele>56.6</ele>
      </trkpt>
      <trkpt lat="36.5107" lon="-121.76904">
        <ele>62.4</ele>
      </trkpt>
      <trkpt lat="36.51058" lon="-121.76875">
        <ele>64.5</ele>
      </trkpt>
      <trkpt lat="36.5105" lon="-121.76855">
        <ele>63.7</ele>
      </trkpt>
      <trkpt lat="36.51045" lon="-121.76838">
        <ele>63.1</ele>
      </trkpt>
      <trkpt lat="36.51036" lon="-121.76805">
        <ele>63.2</ele>
      </trkpt>
      <trkpt lat="36.51021" lon="-121.76738">
        <ele>61.7</ele>
      </trkpt>
      <trkpt lat="36.51006" lon="-121.7667">
        <ele>60.6</ele>
      </trkpt>
      <trkpt lat="36.50998" lon="-121.76639">
        <ele>62.1</ele>
      </trkpt>
      <trkpt lat="36.50987" lon="-121.76603">
        <ele>59.0</ele>
      </trkpt>
      <trkpt lat="36.50975" lon="-121.76571">
        <ele>59.4</ele>
      </trkpt>
      <trkpt lat="36.50957" lon="-121.76533">
        <ele>58.3</ele>
      </trkpt>
      <trkpt lat="36.50941" lon="-121.76505">
        <ele>57.8</ele>
      </trkpt>
      <trkpt lat="36.5093" lon="-121.76486">
        <ele>58.3</ele>
      </trkpt>
      <trkpt lat="36.5092" lon="-121.76472">
        <ele>59.0</ele>
      </trkpt>
      <trkpt lat="36.50909" lon="-121.76456">
        <ele>59.3</ele>
      </trkpt>
      <trkpt lat="36.50886" lon="-121.7643">
        <ele>59.3</ele>
      </trkpt>
      <trkpt lat="36.50857" lon="-121.76402">
        <ele>60.0</ele>
      </trkpt>
      <trkpt lat="36.50823" lon="-121.76376">
        <ele>60.3</ele>
      </trkpt>
      <trkpt lat="36.50803" lon="-121.76363">
        <ele>58.8</ele>
      </trkpt>
      <trkpt lat="36.50789" lon="-121.76355">
        <ele>57.9</ele>
      </trkpt>
      <trkpt lat="36.5072" lon="-121.76322">
        <ele>57.8</ele>
      </trkpt>
      <trkpt lat="36.5065" lon="-121.76289">
        <ele>59.0</ele>
      </trkpt>
      <trkpt lat="36.50581" lon="-121.76256">
        <ele>60.1</ele>
      </trkpt>
      <trkpt lat="36.50529" lon="-121.76228">
        <ele>59.8</ele>
      </trkpt>
      <trkpt lat="36.5051" lon="-121.76216">
        <ele>60.1</ele>
      </trkpt>
      <trkpt lat="36.50488" lon="-121.76198">
        <ele>60.3</ele>
      </trkpt>
      <trkpt lat="36.50469" lon="-121.7618">
        <ele>60.9</ele>
      </trkpt>
      <trkpt lat="36.50455" lon="-121.76162">
        <ele>61.5</ele>
      </trkpt>
      <trkpt lat="36.5044" lon="-121.76139">
        <ele>61.7</ele>
      </trkpt>
      <trkpt lat="36.50426" lon="-121.76114">
        <ele>62.3</ele>
      </trkpt>
      <trkpt lat="36.50415" lon="-121.7609">
        <ele>63.3</ele>
      </trkpt>
      <trkpt lat="36.50385" lon="-121.76013">
        <ele>65.7</ele>
      </trkpt>
      <trkpt lat="36.50371" lon="-121.75985">
        <ele>65.9</ele>
      </trkpt>
      <trkpt lat="36.50363" lon="-121.75972">
        <ele>65.7</ele>
      </trkpt>
      <trkpt lat="36.50355" lon="-121.75961">
        <ele>65.7</ele>
      </trkpt>
      <trkpt lat="36.50338" lon="-121.75941">
        <ele>65.8</ele>
      </trkpt>
      <trkpt lat="36.50294" lon="-121.75894">
        <ele>66.6</ele>
      </trkpt>
      <trkpt lat="36.50249" lon="-121.75848">
        <ele>67.6</ele>
      </trkpt>
      <trkpt lat="36.50211" lon="-121.75808">
        <ele>67.9</ele>
      </trkpt>
      <trkpt lat="36.50172" lon="-121.75768">
        <ele>68.5</ele>
      </trkpt>
      <trkpt lat="36.50126" lon="-121.75704">
        <ele>72.3</ele>
      </trkpt>
      <trkpt lat="36.5009" lon="-121.7565">
        <ele>76.9</ele>
      </trkpt>
      <trkpt lat="36.50069" lon="-121.75618">
        <ele>77.6</ele>
      </trkpt>
      <trkpt lat="36.50014" lon="-121.75535">
        <ele>81.1</ele>
      </trkpt>
      <trkpt lat="36.49959" lon="-121.75452">
        <ele>80.0</ele>
      </trkpt>
      <trkpt lat="36.49905" lon="-121.75369">
        <ele>80.4</ele>
      </trkpt>
      <trkpt lat="36.49848" lon="-121.75285">
        <ele>80.1</ele>
      </trkpt>
      <trkpt lat="36.49792" lon="-121.752">
        <ele>79.4</ele>
      </trkpt>
      <trkpt lat="36.49736" lon="-121.75116">
        <ele>82.1</ele>
      </trkpt>
      <trkpt lat="36.49692" lon="-121.75051">
        <ele>83.4</ele>
      </trkpt>
      <trkpt lat="36.49647" lon="-121.74986">
        <ele>89.0</ele>
      </trkpt>
      <trkpt lat="36.49591" lon="-121.74901">
        <ele>92.8</ele>
      </trkpt>
      <trkpt lat="36.49535" lon="-121.74817">
        <ele>94.2</ele>
      </trkpt>
      <trkpt lat="36.4948" lon="-121.74733">
        <ele>93.1</ele>
      </trkpt>
      <trkpt lat="36.49447" lon="-121.74689">
        <ele>92.8</ele>
      </trkpt>
      <trkpt lat="36.49407" lon="-121.74646">
        <ele>92.8</ele>
      </trkpt>
      <trkpt lat="36.49368" lon="-121.74604">
        <ele>93.1</ele>
      </trkpt>
      <trkpt lat="36.49308" lon="-121.74538">
        <ele>91.0</ele>
      </trkpt>
      <trkpt lat="36.49274" lon="-121.74496">
        <ele>88.8</ele>
      </trkpt>
      <trkpt lat="36.49241" lon="-121.74455">
        <ele>91.0</ele>
      </trkpt>
      <trkpt lat="36.49234" lon="-121.74449">
        <ele>92.2</ele>
      </trkpt>
      <trkpt lat="36.49226" lon="-121.74442">
        <ele>93.7</ele>
      </trkpt>
      <trkpt lat="36.49218" lon="-121.74438">
        <ele>94.7</ele>
      </trkpt>
      <trkpt lat="36.4921" lon="-121.74434">
        <ele>95.5</ele>
      </trkpt>
      <trkpt lat="36.49199" lon="-121.74433">
        <ele>95.7</ele>
      </trkpt>
      <trkpt lat="36.49188" lon="-121.74432">
        <ele>95.9</ele>
      </trkpt>
      <trkpt lat="36.49154" lon="-121.74436">
        <ele>95.9</ele>
      </trkpt>
      <trkpt lat="36.49121" lon="-121.74445">
        <ele>95.9</ele>
      </trkpt>
      <trkpt lat="36.49092" lon="-121.74454">
        <ele>96.2</ele>
      </trkpt>
      <trkpt lat="36.49073" lon="-121.74459">
        <ele>97.6</ele>
      </trkpt>
      <trkpt lat="36.49063" lon="-121.74459">
        <ele>98.5</ele>
      </trkpt>
      <trkpt lat="36.49053" lon="-121.74459">
        <ele>99.4</ele>
      </trkpt>
      <trkpt lat="36.49045" lon="-121.74456">
        <ele>99.9</ele>
      </trkpt>
      <trkpt lat="36.49037" lon="-121.74452">
        <ele>100.3</ele>
      </trkpt>
      <trkpt lat="36.49029" lon="-121.74447">
        <ele>100.7</ele>
      </trkpt>
      <trkpt lat="36.49021" lon="-121.74439">
        <ele>101.3</ele>
      </trkpt>
      <trkpt lat="36.49014" lon="-121.74431">
        <ele>101.8</ele>
      </trkpt>
      <trkpt lat="36.49009" lon="-121.74422">
        <ele>102.4</ele>
      </trkpt>
      <trkpt lat="36.49003" lon="-121.74409">
        <ele>103.1</ele>
      </trkpt>
      <trkpt lat="36.48989" lon="-121.74368">
        <ele>104.5</ele>
      </trkpt>
      <trkpt lat="36.4898" lon="-121.74338">
        <ele>106.1</ele>
      </trkpt>
      <trkpt lat="36.48968" lon="-121.74284">
        <ele>108.1</ele>
      </trkpt>
      <trkpt lat="36.48963" lon="-121.74258">
        <ele>109.0</ele>
      </trkpt>
      <trkpt lat="36.48956" lon="-121.7421">
        <ele>111.1</ele>
      </trkpt>
      <trkpt lat="36.48953" lon="-121.74195">
        <ele>111.3</ele>
      </trkpt>
      <trkpt lat="36.48945" lon="-121.74175">
        <ele>110.1</ele>
      </trkpt>
      <trkpt lat="36.4894" lon="-121.74165">
        <ele>108.7</ele>
      </trkpt>
      <trkpt lat="36.48933" lon="-121.74155">
        <ele>106.2</ele>
      </trkpt>
      <trkpt lat="36.4892" lon="-121.74141">
        <ele>101.9</ele>
      </trkpt>
      <trkpt lat="36.48904" lon="-121.74129">
        <ele>102.8</ele>
      </trkpt>
      <trkpt lat="36.48863" lon="-121.74104">
        <ele>108.3</ele>
      </trkpt>
      <trkpt lat="36.48823" lon="-121.74078">
        <ele>108.7</ele>
      </trkpt>
      <trkpt lat="36.48813" lon="-121.7407">
        <ele>108.8</ele>
      </trkpt>
      <trkpt lat="36.48803" lon="-121.74061">
        <ele>108.7</ele>
      </trkpt>
      <trkpt lat="36.48792" lon="-121.74048">
        <ele>108.7</ele>
      </trkpt>
      <trkpt lat="36.48758" lon="-121.74003">
        <ele>108.9</ele>
      </trkpt>
      <trkpt lat="36.48736" lon="-121.73976">
        <ele>108.8</ele>
      </trkpt>
      <trkpt lat="36.48716" lon="-121.73957">
        <ele>108.8</ele>
      </trkpt>
      <trkpt lat="36.48687" lon="-121.73934">
        <ele>108.7</ele>
      </trkpt>
      <trkpt lat="36.48611" lon="-121.73879">
        <ele>109.7</ele>
      </trkpt>
      <trkpt lat="36.48543" lon="-121.73826">
        <ele>109.7</ele>
      </trkpt>
      <trkpt lat="36.48532" lon="-121.73819">
        <ele>109.1</ele>
      </trkpt>
      <trkpt lat="36.48513" lon="-121.7381">
        <ele>109.5</ele>
      </trkpt>
      <trkpt lat="36.48459" lon="-121.73788">
        <ele>112.6</ele>
      </trkpt>
      <trkpt lat="36.48403" lon="-121.73775">
        <ele>112.6</ele>
      </trkpt>
      <trkpt lat="36.48378" lon="-121.73773">
        <ele>112.1</ele>
      </trkpt>
      <trkpt lat="36.48355" lon="-121.73773">
        <ele>112.0</ele>
      </trkpt>
      <trkpt lat="36.48329" lon="-121.73776">
        <ele>111.8</ele>
      </trkpt>
      <trkpt lat="36.48307" lon="-121.73776">
        <ele>111.8</ele>
      </trkpt>
      <trkpt lat="36.4828" lon="-121.73774">
        <ele>111.9</ele>
      </trkpt>
      <trkpt lat="36.48274" lon="-121.73773">
        <ele>112.0</ele>
      </trkpt>
      <trkpt lat="36.4822" lon="-121.73759">
        <ele>112.5</ele>
      </trkpt>
      <trkpt lat="36.48209" lon="-121.73754">
        <ele>112.7</ele>
      </trkpt>
      <trkpt lat="36.4819" lon="-121.73744">
        <ele>113.0</ele>
      </trkpt>
      <trkpt lat="36.48174" lon="-121.73732">
        <ele>113.6</ele>
      </trkpt>
      <trkpt lat="36.48166" lon="-121.73724">
        <ele>113.9</ele>
      </trkpt>
      <trkpt lat="36.48151" lon="-121.73707">
        <ele>114.7</ele>
      </trkpt>
      <trkpt lat="36.48143" lon="-121.73695">
        <ele>115.4</ele>
      </trkpt>
      <trkpt lat="36.48132" lon="-121.73677">
        <ele>117.0</ele>
      </trkpt>
      <trkpt lat="36.48102" lon="-121.73606">
        <ele>121.1</ele>
      </trkpt>
      <trkpt lat="36.48092" lon="-121.73587">
        <ele>121.4</ele>
      </trkpt>
      <trkpt lat="36.4808" lon="-121.7357">
        <ele>122.0</ele>
      </trkpt>
      <trkpt lat="36.48031" lon="-121.73513">
        <ele>123.5</ele>
      </trkpt>
      <trkpt lat="36.48017" lon="-121.73492">
        <ele>123.6</ele>
      </trkpt>
      <trkpt lat="36.48012" lon="-121.73481">
        <ele>123.7</ele>
      </trkpt>
      <trkpt lat="36.48004" lon="-121.7346">
        <ele>123.5</ele>
      </trkpt>
      <trkpt lat="36.47997" lon="-121.73429">
        <ele>123.0</ele>
      </trkpt>
      <trkpt lat="36.47995" lon="-121.73414">
        <ele>122.8</ele>
      </trkpt>
      <trkpt lat="36.47994" lon="-121.73398">
        <ele>122.6</ele>
      </trkpt>
      <trkpt lat="36.47995" lon="-121.73384">
        <ele>122.5</ele>
      </trkpt>
      <trkpt lat="36.47999" lon="-121.73319">
        <ele>122.7</ele>
      </trkpt>
      <trkpt lat="36.47998" lon="-121.73294">
        <ele>123.0</ele>
      </trkpt>
      <trkpt lat="36.47996" lon="-121.7328">
        <ele>123.1</ele>
      </trkpt>
      <trkpt lat="36.47992" lon="-121.73264">
        <ele>123.1</ele>
      </trkpt>
      <trkpt lat="36.47985" lon="-121.73246">
        <ele>123.0</ele>
      </trkpt>
      <trkpt lat="36.47979" lon="-121.73233">
        <ele>123.0</ele>
      </trkpt>
      <trkpt lat="36.47931" lon="-121.73146">
        <ele>122.6</ele>
      </trkpt>
      <trkpt lat="36.47896" lon="-121.73086">
        <ele>122.4</ele>
      </trkpt>
      <trkpt lat="36.47859" lon="-121.73011">
        <ele>122.4</ele>
      </trkpt>
      <trkpt lat="36.47821" lon="-121.72936">
        <ele>123.3</ele>
      </trkpt>
      <trkpt lat="36.47807" lon="-121.72907">
        <ele>124.3</ele>
      </trkpt>
      <trkpt lat="36.47804" lon="-121.72897">
        <ele>124.5</ele>
      </trkpt>
      <trkpt lat="36.47799" lon="-121.72881">
        <ele>124.6</ele>
      </trkpt>
      <trkpt lat="36.47788" lon="-121.72827">
        <ele>125.4</ele>
      </trkpt>
      <trkpt lat="36.47779" lon="-121.72801">
        <ele>128.0</ele>
      </trkpt>
      <trkpt lat="36.47745" lon="-121.72735">
        <ele>125.6</ele>
      </trkpt>
      <trkpt lat="36.47712" lon="-121.72668">
        <ele>123.6</ele>
      </trkpt>
      <trkpt lat="36.47712" lon="-121.72668">
        <ele>123.6</ele>
      </trkpt>
      <trkpt lat="36.47674" lon="-121.7259">
        <ele>125.7</ele>
      </trkpt>
      <trkpt lat="36.47636" lon="-121.72512">
        <ele>123.9</ele>
      </trkpt>
      <trkpt lat="36.47625" lon="-121.72486">
        <ele>123.6</ele>
      </trkpt>
      <trkpt lat="36.47615" lon="-121.72459">
        <ele>124.2</ele>
      </trkpt>
      <trkpt lat="36.4761" lon="-121.72443">
        <ele>125.6</ele>
      </trkpt>
      <trkpt lat="36.47606" lon="-121.72423">
        <ele>126.6</ele>
      </trkpt>
      <trkpt lat="36.47604" lon="-121.72409">
        <ele>126.8</ele>
      </trkpt>
      <trkpt lat="36.47603" lon="-121.72392">
        <ele>127.0</ele>
      </trkpt>
      <trkpt lat="36.47606" lon="-121.72316">
        <ele>129.1</ele>
      </trkpt>
      <trkpt lat="36.47608" lon="-121.72229">
        <ele>132.4</ele>
      </trkpt>
      <trkpt lat="36.47609" lon="-121.72142">
        <ele>129.6</ele>
      </trkpt>
      <trkpt lat="36.47611" lon="-121.72055">
        <ele>129.2</ele>
      </trkpt>
      <trkpt lat="36.47611" lon="-121.72032">
        <ele>128.8</ele>
      </trkpt>
      <trkpt lat="36.4761" lon="-121.72006">
        <ele>127.5</ele>
      </trkpt>
      <trkpt lat="36.47607" lon="-121.71983">
        <ele>125.2</ele>
      </trkpt>
      <trkpt lat="36.47603" lon="-121.71966">
        <ele>122.3</ele>
      </trkpt>
      <trkpt lat="36.47598" lon="-121.71951">
        <ele>120.2</ele>
      </trkpt>
      <trkpt lat="36.47591" lon="-121.71935">
        <ele>118.5</ele>
      </trkpt>
      <trkpt lat="36.47583" lon="-121.71922">
        <ele>116.6</ele>
      </trkpt>
      <trkpt lat="36.47576" lon="-121.71913">
        <ele>115.0</ele>
      </trkpt>
      <trkpt lat="36.47565" lon="-121.719">
        <ele>114.4</ele>
      </trkpt>
      <trkpt lat="36.47555" lon="-121.71892">
        <ele>114.9</ele>
      </trkpt>
      <trkpt lat="36.47548" lon="-121.71887">
        <ele>115.3</ele>
      </trkpt>
      <trkpt lat="36.47473" lon="-121.71842">
        <ele>119.6</ele>
      </trkpt>
      <trkpt lat="36.47407" lon="-121.71806">
        <ele>119.7</ele>
      </trkpt>
      <trkpt lat="36.47374" lon="-121.71786">
        <ele>119.8</ele>
      </trkpt>
      <trkpt lat="36.47315" lon="-121.71748">
        <ele>119.6</ele>
      </trkpt>
      <trkpt lat="36.47283" lon="-121.71731">
        <ele>117.8</ele>
      </trkpt>
      <trkpt lat="36.47223" lon="-121.71707">
        <ele>114.0</ele>
      </trkpt>
      <trkpt lat="36.47209" lon="-121.717">
        <ele>113.6</ele>
      </trkpt>
      <trkpt lat="36.47201" lon="-121.71694">
        <ele>113.5</ele>
      </trkpt>
      <trkpt lat="36.47184" lon="-121.7168">
        <ele>113.2</ele>
      </trkpt>
      <trkpt lat="36.47167" lon="-121.7166">
        <ele>113.3</ele>
      </trkpt>
      <trkpt lat="36.47156" lon="-121.71642">
        <ele>113.6</ele>
      </trkpt>
      <trkpt lat="36.47144" lon="-121.71618">
        <ele>114.1</ele>
      </trkpt>
      <trkpt lat="36.47139" lon="-121.7161">
        <ele>114.2</ele>
      </trkpt>
      <trkpt lat="36.47134" lon="-121.71603">
        <ele>114.2</ele>
      </trkpt>
      <trkpt lat="36.47101" lon="-121.71573">
        <ele>113.6</ele>
      </trkpt>
      <trkpt lat="36.47093" lon="-121.71562">
        <ele>113.6</ele>
      </trkpt>
      <trkpt lat="36.47083" lon="-121.71546">
        <ele>113.9</ele>
      </trkpt>
      <trkpt lat="36.47078" lon="-121.71536">
        <ele>114.1</ele>
      </trkpt>
      <trkpt lat="36.47056" lon="-121.71485">
        <ele>115.8</ele>
      </trkpt>
      <trkpt lat="36.47035" lon="-121.71435">
        <ele>117.4</ele>
      </trkpt>
      <trkpt lat="36.47019" lon="-121.71407">
        <ele>116.6</ele>
      </trkpt>
      <trkpt lat="36.47007" lon="-121.71388">
        <ele>117.3</ele>
      </trkpt>
      <trkpt lat="36.46992" lon="-121.71373">
        <ele>118.7</ele>
      </trkpt>
      <trkpt lat="36.46972" lon="-121.71358">
        <ele>119.6</ele>
      </trkpt>
      <trkpt lat="36.46966" lon="-121.71352">
        <ele>121.0</ele>
      </trkpt>
      <trkpt lat="36.46962" lon="-121.71347">
        <ele>122.6</ele>
      </trkpt>
      <trkpt lat="36.46955" lon="-121.71335">
        <ele>126.8</ele>
      </trkpt>
      <trkpt lat="36.46948" lon="-121.71311">
        <ele>133.2</ele>
      </trkpt>
      <trkpt lat="36.46944" lon="-121.71304">
        <ele>133.9</ele>
      </trkpt>
      <trkpt lat="36.46939" lon="-121.71298">
        <ele>134.4</ele>
      </trkpt>
      <trkpt lat="36.46933" lon="-121.71293">
        <ele>133.9</ele>
      </trkpt>
      <trkpt lat="36.46924" lon="-121.71289">
        <ele>132.3</ele>
      </trkpt>
      <trkpt lat="36.46917" lon="-121.71287">
        <ele>131.6</ele>
      </trkpt>
      <trkpt lat="36.46909" lon="-121.71286">
        <ele>130.9</ele>
      </trkpt>
      <trkpt lat="36.46899" lon="-121.71286">
        <ele>130.3</ele>
      </trkpt>
      <trkpt lat="36.46858" lon="-121.71297">
        <ele>126.8</ele>
      </trkpt>
      <trkpt lat="36.46844" lon="-121.71297">
        <ele>126.9</ele>
      </trkpt>
      <trkpt lat="36.4683" lon="-121.71295">
        <ele>126.8</ele>
      </trkpt>
      <trkpt lat="36.46794" lon="-121.71288">
        <ele>122.3</ele>
      </trkpt>
      <trkpt lat="36.46707" lon="-121.71277">
        <ele>118.2</ele>
      </trkpt>
      <trkpt lat="36.46684" lon="-121.71277">
        <ele>117.9</ele>
      </trkpt>
      <trkpt lat="36.46663" lon="-121.71284">
        <ele>116.8</ele>
      </trkpt>
      <trkpt lat="36.46641" lon="-121.71297">
        <ele>115.0</ele>
      </trkpt>
      <trkpt lat="36.46601" lon="-121.71327">
        <ele>112.3</ele>
      </trkpt>
      <trkpt lat="36.46586" lon="-121.71337">
        <ele>112.6</ele>
      </trkpt>
      <trkpt lat="36.46576" lon="-121.71343">
        <ele>113.1</ele>
      </trkpt>
      <trkpt lat="36.4656" lon="-121.71348">
        <ele>115.1</ele>
      </trkpt>
      <trkpt lat="36.46548" lon="-121.71351">
        <ele>116.4</ele>
      </trkpt>
      <trkpt lat="36.46532" lon="-121.71351">
        <ele>118.1</ele>
      </trkpt>
      <trkpt lat="36.46514" lon="-121.71348">
        <ele>119.7</ele>
      </trkpt>
      <trkpt lat="36.46468" lon="-121.71334">
        <ele>119.3</ele>
      </trkpt>
      <trkpt lat="36.46436" lon="-121.71324">
        <ele>118.9</ele>
      </trkpt>
      <trkpt lat="36.46417" lon="-121.71315">
        <ele>119.4</ele>
      </trkpt>
      <trkpt lat="36.46403" lon="-121.71306">
        <ele>120.0</ele>
      </trkpt>
      <trkpt lat="36.46392" lon="-121.71297">
        <ele>120.0</ele>
      </trkpt>
      <trkpt lat="36.46382" lon="-121.71286">
        <ele>119.8</ele>
      </trkpt>
      <trkpt lat="36.46372" lon="-121.71273">
        <ele>119.6</ele>
      </trkpt>
      <trkpt lat="36.4636" lon="-121.71248">
        <ele>120.3</ele>
      </trkpt>
      <trkpt lat="36.46346" lon="-121.71219">
        <ele>121.0</ele>
      </trkpt>
      <trkpt lat="36.46305" lon="-121.71137">
        <ele>119.7</ele>
      </trkpt>
      <trkpt lat="36.46266" lon="-121.71063">
        <ele>119.9</ele>
      </trkpt>
      <trkpt lat="36.46262" lon="-121.71056">
        <ele>119.7</ele>
      </trkpt>
      <trkpt lat="36.46257" lon="-121.71052">
        <ele>119.6</ele>
      </trkpt>
      <trkpt lat="36.46253" lon="-121.7105">
        <ele>119.4</ele>
      </trkpt>
      <trkpt lat="36.46248" lon="-121.71049">
        <ele>118.7</ele>
      </trkpt>
      <trkpt lat="36.46242" lon="-121.7105">
        <ele>117.7</ele>
      </trkpt>
      <trkpt lat="36.4622" lon="-121.71057">
        <ele>116.6</ele>
      </trkpt>
      <trkpt lat="36.46204" lon="-121.71059">
        <ele>116.3</ele>
      </trkpt>
      <trkpt lat="36.46192" lon="-121.71055">
        <ele>116.9</ele>
      </trkpt>
      <trkpt lat="36.46179" lon="-121.71046">
        <ele>118.0</ele>
      </trkpt>
      <trkpt lat="36.46169" lon="-121.71035">
        <ele>119.0</ele>
      </trkpt>
      <trkpt lat="36.46154" lon="-121.71013">
        <ele>119.3</ele>
      </trkpt>
      <trkpt lat="36.4615" lon="-121.71006">
        <ele>119.1</ele>
      </trkpt>
      <trkpt lat="36.46147" lon="-121.70997">
        <ele>119.3</ele>
      </trkpt>
      <trkpt lat="36.46145" lon="-121.70985">
        <ele>119.9</ele>
      </trkpt>
      <trkpt lat="36.46137" lon="-121.70927">
        <ele>121.2</ele>
      </trkpt>
      <trkpt lat="36.46133" lon="-121.70914">
        <ele>121.5</ele>
      </trkpt>
      <trkpt lat="36.46128" lon="-121.70903">
        <ele>121.2</ele>
      </trkpt>
      <trkpt lat="36.46123" lon="-121.70896">
        <ele>120.9</ele>
      </trkpt>
      <trkpt lat="36.46116" lon="-121.70889">
        <ele>120.4</ele>
      </trkpt>
      <trkpt lat="36.46101" lon="-121.70877">
        <ele>120.3</ele>
      </trkpt>
      <trkpt lat="36.4609" lon="-121.70874">
        <ele>121.1</ele>
      </trkpt>
      <trkpt lat="36.46083" lon="-121.70874">
        <ele>121.9</ele>
      </trkpt>
      <trkpt lat="36.46077" lon="-121.70876">
        <ele>122.7</ele>
      </trkpt>
      <trkpt lat="36.4607" lon="-121.7088">
        <ele>123.4</ele>
      </trkpt>
      <trkpt lat="36.46047" lon="-121.70898">
        <ele>124.8</ele>
      </trkpt>
      <trkpt lat="36.46042" lon="-121.709">
        <ele>124.9</ele>
      </trkpt>
      <trkpt lat="36.46038" lon="-121.709">
        <ele>125.0</ele>
      </trkpt>
      <trkpt lat="36.46034" lon="-121.709">
        <ele>124.9</ele>
      </trkpt>
      <trkpt lat="36.46027" lon="-121.70897">
        <ele>124.6</ele>
      </trkpt>
      <trkpt lat="36.46022" lon="-121.70892">
        <ele>124.3</ele>
      </trkpt>
      <trkpt lat="36.46005" lon="-121.7087">
        <ele>124.1</ele>
      </trkpt>
      <trkpt lat="36.45978" lon="-121.70833">
        <ele>121.0</ele>
      </trkpt>
      <trkpt lat="36.45923" lon="-121.70761">
        <ele>125.2</ele>
      </trkpt>
      <trkpt lat="36.45918" lon="-121.70753">
        <ele>126.0</ele>
      </trkpt>
      <trkpt lat="36.45915" lon="-121.70744">
        <ele>126.6</ele>
      </trkpt>
      <trkpt lat="36.45913" lon="-121.70734">
        <ele>127.3</ele>
      </trkpt>
      <trkpt lat="36.45914" lon="-121.70706">
        <ele>129.8</ele>
      </trkpt>
      <trkpt lat="36.45913" lon="-121.70694">
        <ele>130.6</ele>
      </trkpt>
      <trkpt lat="36.45908" lon="-121.70681">
        <ele>130.8</ele>
      </trkpt>
      <trkpt lat="36.45897" lon="-121.70666">
        <ele>131.1</ele>
      </trkpt>
      <trkpt lat="36.45874" lon="-121.70639">
        <ele>130.6</ele>
      </trkpt>
      <trkpt lat="36.45859" lon="-121.70624">
        <ele>129.5</ele>
      </trkpt>
      <trkpt lat="36.45851" lon="-121.70618">
        <ele>129.4</ele>
      </trkpt>
      <trkpt lat="36.45841" lon="-121.70614">
        <ele>129.9</ele>
      </trkpt>
      <trkpt lat="36.45829" lon="-121.70614">
        <ele>130.3</ele>
      </trkpt>
      <trkpt lat="36.45819" lon="-121.70616">
        <ele>130.6</ele>
      </trkpt>
      <trkpt lat="36.45808" lon="-121.70622">
        <ele>130.1</ele>
      </trkpt>
      <trkpt lat="36.45801" lon="-121.70627">
        <ele>130.0</ele>
      </trkpt>
      <trkpt lat="36.45768" lon="-121.70681">
        <ele>125.6</ele>
      </trkpt>
      <trkpt lat="36.45765" lon="-121.70684">
        <ele>125.5</ele>
      </trkpt>
      <trkpt lat="36.45757" lon="-121.70687">
        <ele>126.1</ele>
      </trkpt>
      <trkpt lat="36.45749" lon="-121.70686">
        <ele>126.6</ele>
      </trkpt>
      <trkpt lat="36.45747" lon="-121.70684">
        <ele>126.9</ele>
      </trkpt>
      <trkpt lat="36.45745" lon="-121.7068">
        <ele>127.7</ele>
      </trkpt>
      <trkpt lat="36.45741" lon="-121.7067">
        <ele>129.8</ele>
      </trkpt>
      <trkpt lat="36.45722" lon="-121.70614">
        <ele>132.4</ele>
      </trkpt>
      <trkpt lat="36.4571" lon="-121.70594">
        <ele>131.4</ele>
      </trkpt>
      <trkpt lat="36.45699" lon="-121.70583">
        <ele>131.1</ele>
      </trkpt>
      <trkpt lat="36.45692" lon="-121.70576">
        <ele>131.3</ele>
      </trkpt>
      <trkpt lat="36.45647" lon="-121.70548">
        <ele>131.6</ele>
      </trkpt>
      <trkpt lat="36.45627" lon="-121.70539">
        <ele>132.3</ele>
      </trkpt>
      <trkpt lat="36.45612" lon="-121.70537">
        <ele>132.1</ele>
      </trkpt>
      <trkpt lat="36.45567" lon="-121.70531">
        <ele>132.0</ele>
      </trkpt>
      <trkpt lat="36.45546" lon="-121.70525">
        <ele>132.7</ele>
      </trkpt>
      <trkpt lat="36.45539" lon="-121.70519">
        <ele>133.7</ele>
      </trkpt>
      <trkpt lat="36.45536" lon="-121.70514">
        <ele>134.5</ele>
      </trkpt>
      <trkpt lat="36.45532" lon="-121.70495">
        <ele>136.7</ele>
      </trkpt>
      <trkpt lat="36.45525" lon="-121.70443">
        <ele>139.4</ele>
      </trkpt>
      <trkpt lat="36.45518" lon="-121.70423">
        <ele>139.9</ele>
      </trkpt>
      <trkpt lat="36.45511" lon="-121.70411">
        <ele>140.0</ele>
      </trkpt>
      <trkpt lat="36.45465" lon="-121.70358">
        <ele>139.7</ele>
      </trkpt>
      <trkpt lat="36.45448" lon="-121.70332">
        <ele>139.5</ele>
      </trkpt>
      <trkpt lat="36.45435" lon="-121.70301">
        <ele>140.2</ele>
      </trkpt>
      <trkpt lat="36.45419" lon="-121.70261">
        <ele>140.0</ele>
      </trkpt>
      <trkpt lat="36.45416" lon="-121.70249">
        <ele>139.9</ele>
      </trkpt>
      <trkpt lat="36.45414" lon="-121.70233">
        <ele>139.9</ele>
      </trkpt>
      <trkpt lat="36.45415" lon="-121.70218">
        <ele>140.2</ele>
      </trkpt>
      <trkpt lat="36.45427" lon="-121.70184">
        <ele>142.4</ele>
      </trkpt>
      <trkpt lat="36.4543" lon="-121.7017">
        <ele>142.6</ele>
      </trkpt>
      <trkpt lat="36.45433" lon="-121.70155">
        <ele>142.5</ele>
      </trkpt>
      <trkpt lat="36.45434" lon="-121.70137">
        <ele>141.8</ele>
      </trkpt>
      <trkpt lat="36.45436" lon="-121.70121">
        <ele>141.2</ele>
      </trkpt>
      <trkpt lat="36.45442" lon="-121.70104">
        <ele>141.2</ele>
      </trkpt>
      <trkpt lat="36.45447" lon="-121.70096">
        <ele>141.6</ele>
      </trkpt>
      <trkpt lat="36.45483" lon="-121.70044">
        <ele>143.3</ele>
      </trkpt>
      <trkpt lat="36.45488" lon="-121.70035">
        <ele>144.3</ele>
      </trkpt>
      <trkpt lat="36.4549" lon="-121.70024">
        <ele>145.0</ele>
      </trkpt>
      <trkpt lat="36.45492" lon="-121.70011">
        <ele>145.6</ele>
      </trkpt>
      <trkpt lat="36.45492" lon="-121.69999">
        <ele>146.0</ele>
      </trkpt>
      <trkpt lat="36.45486" lon="-121.69977">
        <ele>145.6</ele>
      </trkpt>
      <trkpt lat="36.45481" lon="-121.69964">
        <ele>145.6</ele>
      </trkpt>
      <trkpt lat="36.45471" lon="-121.6995">
        <ele>145.1</ele>
      </trkpt>
      <trkpt lat="36.45453" lon="-121.69929">
        <ele>144.1</ele>
      </trkpt>
      <trkpt lat="36.4543" lon="-121.699">
        <ele>145.3</ele>
      </trkpt>
      <trkpt lat="36.45425" lon="-121.6989">
        <ele>146.7</ele>
      </trkpt>
      <trkpt lat="36.45422" lon="-121.69881">
        <ele>148.7</ele>
      </trkpt>
      <trkpt lat="36.45413" lon="-121.69849">
        <ele>151.8</ele>
      </trkpt>
      <trkpt lat="36.45394" lon="-121.69772">
        <ele>151.5</ele>
      </trkpt>
      <trkpt lat="36.45386" lon="-121.69748">
        <ele>151.6</ele>
      </trkpt>
      <trkpt lat="36.45349" lon="-121.69656">
        <ele>153.1</ele>
      </trkpt>
      <trkpt lat="36.45321" lon="-121.69598">
        <ele>151.0</ele>
      </trkpt>
      <trkpt lat="36.45293" lon="-121.6954">
        <ele>149.2</ele>
      </trkpt>
      <trkpt lat="36.45268" lon="-121.69475">
        <ele>157.3</ele>
      </trkpt>
      <trkpt lat="36.45243" lon="-121.6941">
        <ele>157.2</ele>
      </trkpt>
      <trkpt lat="36.45235" lon="-121.69393">
        <ele>157.3</ele>
      </trkpt>
      <trkpt lat="36.45224" lon="-121.69373">
        <ele>157.2</ele>
      </trkpt>
      <trkpt lat="36.45199" lon="-121.6933">
        <ele>157.1</ele>
      </trkpt>
      <trkpt lat="36.45181" lon="-121.69292">
        <ele>156.6</ele>
      </trkpt>
      <trkpt lat="36.45165" lon="-121.69264">
        <ele>156.7</ele>
      </trkpt>
      <trkpt lat="36.45154" lon="-121.69248">
        <ele>156.9</ele>
      </trkpt>
      <trkpt lat="36.45144" lon="-121.69235">
        <ele>157.5</ele>
      </trkpt>
      <trkpt lat="36.45094" lon="-121.69186">
        <ele>158.2</ele>
      </trkpt>
      <trkpt lat="36.45075" lon="-121.69163">
        <ele>158.0</ele>
      </trkpt>
      <trkpt lat="36.45066" lon="-121.6915">
        <ele>160.3</ele>
      </trkpt>
      <trkpt lat="36.45051" lon="-121.6912">
        <ele>166.8</ele>
      </trkpt>
      <trkpt lat="36.45047" lon="-121.69114">
        <ele>167.0</ele>
      </trkpt>
      <trkpt lat="36.45019" lon="-121.69083">
        <ele>165.5</ele>
      </trkpt>
      <trkpt lat="36.45014" lon="-121.69074">
        <ele>165.8</ele>
      </trkpt>
      <trkpt lat="36.4501" lon="-121.69065">
        <ele>166.1</ele>
      </trkpt>
      <trkpt lat="36.45008" lon="-121.69055">
        <ele>167.0</ele>
      </trkpt>
      <trkpt lat="36.45001" lon="-121.69007">
        <ele>169.9</ele>
      </trkpt>
      <trkpt lat="36.44997" lon="-121.68992">
        <ele>170.1</ele>
      </trkpt>
      <trkpt lat="36.44991" lon="-121.68978">
        <ele>170.4</ele>
      </trkpt>
      <trkpt lat="36.44985" lon="-121.68966">
        <ele>171.3</ele>
      </trkpt>
      <trkpt lat="36.44976" lon="-121.68955">
        <ele>172.6</ele>
      </trkpt>
      <trkpt lat="36.4494" lon="-121.68927">
        <ele>173.9</ele>
      </trkpt>
      <trkpt lat="36.4492" lon="-121.68909">
        <ele>173.4</ele>
      </trkpt>
      <trkpt lat="36.44917" lon="-121.68901">
        <ele>173.3</ele>
      </trkpt>
      <trkpt lat="36.44915" lon="-121.68891">
        <ele>173.1</ele>
      </trkpt>
      <trkpt lat="36.44917" lon="-121.68882">
        <ele>173.1</ele>
      </trkpt>
      <trkpt lat="36.44924" lon="-121.68873">
        <ele>173.7</ele>
      </trkpt>
      <trkpt lat="36.44932" lon="-121.68862">
        <ele>174.8</ele>
      </trkpt>
      <trkpt lat="36.44939" lon="-121.68851">
        <ele>176.4</ele>
      </trkpt>
      <trkpt lat="36.44942" lon="-121.68839">
        <ele>177.8</ele>
      </trkpt>
      <trkpt lat="36.44941" lon="-121.68817">
        <ele>179.5</ele>
      </trkpt>
      <trkpt lat="36.44935" lon="-121.68804">
        <ele>179.6</ele>
      </trkpt>
      <trkpt lat="36.44929" lon="-121.68794">
        <ele>179.8</ele>
      </trkpt>
      <trkpt lat="36.44919" lon="-121.68789">
        <ele>179.2</ele>
      </trkpt>
      <trkpt lat="36.44906" lon="-121.68786">
        <ele>178.0</ele>
      </trkpt>
      <trkpt lat="36.44873" lon="-121.68785">
        <ele>176.9</ele>
      </trkpt>
      <trkpt lat="36.44855" lon="-121.68784">
        <ele>176.0</ele>
      </trkpt>
      <trkpt lat="36.44841" lon="-121.68778">
        <ele>175.5</ele>
      </trkpt>
      <trkpt lat="36.44831" lon="-121.68769">
        <ele>175.7</ele>
      </trkpt>
      <trkpt lat="36.44822" lon="-121.68756">
        <ele>175.7</ele>
      </trkpt>
      <trkpt lat="36.4482" lon="-121.68752">
        <ele>175.8</ele>
      </trkpt>
      <trkpt lat="36.44816" lon="-121.68736">
        <ele>176.4</ele>
      </trkpt>
      <trkpt lat="36.44814" lon="-121.68718">
        <ele>176.8</ele>
      </trkpt>
      <trkpt lat="36.44815" lon="-121.687">
        <ele>177.3</ele>
      </trkpt>
      <trkpt lat="36.44818" lon="-121.6868">
        <ele>178.1</ele>
      </trkpt>
      <trkpt lat="36.44824" lon="-121.68658">
        <ele>178.8</ele>
      </trkpt>
      <trkpt lat="36.44832" lon="-121.6863">
        <ele>179.4</ele>
      </trkpt>
      <trkpt lat="36.44851" lon="-121.6859">
        <ele>181.1</ele>
      </trkpt>
      <trkpt lat="36.44854" lon="-121.68575">
        <ele>181.6</ele>
      </trkpt>
      <trkpt lat="36.44854" lon="-121.6856">
        <ele>182.2</ele>
      </trkpt>
      <trkpt lat="36.44849" lon="-121.68544">
        <ele>182.7</ele>
      </trkpt>
      <trkpt lat="36.44843" lon="-121.68535">
        <ele>182.4</ele>
      </trkpt>
      <trkpt lat="36.44826" lon="-121.68509">
        <ele>181.7</ele>
      </trkpt>
      <trkpt lat="36.44822" lon="-121.68498">
        <ele>182.2</ele>
      </trkpt>
      <trkpt lat="36.44818" lon="-121.68477">
        <ele>185.0</ele>
      </trkpt>
      <trkpt lat="36.44811" lon="-121.68414">
        <ele>190.6</ele>
      </trkpt>
      <trkpt lat="36.44806" lon="-121.68392">
        <ele>191.7</ele>
      </trkpt>
      <trkpt lat="36.44802" lon="-121.68378">
        <ele>192.8</ele>
      </trkpt>
      <trkpt lat="36.44797" lon="-121.68366">
        <ele>193.4</ele>
      </trkpt>
      <trkpt lat="36.44789" lon="-121.68354">
        <ele>193.8</ele>
      </trkpt>
      <trkpt lat="36.44773" lon="-121.68343">
        <ele>194.1</ele>
      </trkpt>
      <trkpt lat="36.44766" lon="-121.68342">
        <ele>193.4</ele>
      </trkpt>
      <trkpt lat="36.44729" lon="-121.68343">
        <ele>190.2</ele>
      </trkpt>
      <trkpt lat="36.44719" lon="-121.68343">
        <ele>190.0</ele>
      </trkpt>
      <trkpt lat="36.4471" lon="-121.68339">
        <ele>190.7</ele>
      </trkpt>
      <trkpt lat="36.44695" lon="-121.68331">
        <ele>192.3</ele>
      </trkpt>
      <trkpt lat="36.44678" lon="-121.68317">
        <ele>193.1</ele>
      </trkpt>
      <trkpt lat="36.4466" lon="-121.68296">
        <ele>189.5</ele>
      </trkpt>
      <trkpt lat="36.44648" lon="-121.68275">
        <ele>186.3</ele>
      </trkpt>
      <trkpt lat="36.44642" lon="-121.68258">
        <ele>187.9</ele>
      </trkpt>
      <trkpt lat="36.44635" lon="-121.68232">
        <ele>189.6</ele>
      </trkpt>
      <trkpt lat="36.44622" lon="-121.6815">
        <ele>191.2</ele>
      </trkpt>
      <trkpt lat="36.44617" lon="-121.68133">
        <ele>191.5</ele>
      </trkpt>
      <trkpt lat="36.4461" lon="-121.68117">
        <ele>192.0</ele>
      </trkpt>
      <trkpt lat="36.44601" lon="-121.68101">
        <ele>193.0</ele>
      </trkpt>
      <trkpt lat="36.44575" lon="-121.68066">
        <ele>197.8</ele>
      </trkpt>
      <trkpt lat="36.44567" lon="-121.68052">
        <ele>198.1</ele>
      </trkpt>
      <trkpt lat="36.44552" lon="-121.68019">
        <ele>197.7</ele>
      </trkpt>
      <trkpt lat="36.44546" lon="-121.68008">
        <ele>197.7</ele>
      </trkpt>
      <trkpt lat="36.4454" lon="-121.68001">
        <ele>198.1</ele>
      </trkpt>
      <trkpt lat="36.44527" lon="-121.67992">
        <ele>199.5</ele>
      </trkpt>
      <trkpt lat="36.4448" lon="-121.67959">
        <ele>203.8</ele>
      </trkpt>
      <trkpt lat="36.44474" lon="-121.67951">
        <ele>203.9</ele>
      </trkpt>
      <trkpt lat="36.44468" lon="-121.67941">
        <ele>204.0</ele>
      </trkpt>
      <trkpt lat="36.44464" lon="-121.6793">
        <ele>204.3</ele>
      </trkpt>
      <trkpt lat="36.44461" lon="-121.67918">
        <ele>204.8</ele>
      </trkpt>
      <trkpt lat="36.4446" lon="-121.67902">
        <ele>204.8</ele>
      </trkpt>
      <trkpt lat="36.44458" lon="-121.67868">
        <ele>204.4</ele>
      </trkpt>
      <trkpt lat="36.44457" lon="-121.67851">
        <ele>203.9</ele>
      </trkpt>
      <trkpt lat="36.44454" lon="-121.67838">
        <ele>203.9</ele>
      </trkpt>
      <trkpt lat="36.44449" lon="-121.67826">
        <ele>204.3</ele>
      </trkpt>
      <trkpt lat="36.4444" lon="-121.6781">
        <ele>205.5</ele>
      </trkpt>
      <trkpt lat="36.44435" lon="-121.67796">
        <ele>206.2</ele>
      </trkpt>
      <trkpt lat="36.44431" lon="-121.6778">
        <ele>206.9</ele>
      </trkpt>
      <trkpt lat="36.44432" lon="-121.67757">
        <ele>206.6</ele>
      </trkpt>
      <trkpt lat="36.44438" lon="-121.67716">
        <ele>206.7</ele>
      </trkpt>
      <trkpt lat="36.44448" lon="-121.67668">
        <ele>208.4</ele>
      </trkpt>
      <trkpt lat="36.44451" lon="-121.67659">
        <ele>209.0</ele>
      </trkpt>
      <trkpt lat="36.44454" lon="-121.67651">
        <ele>208.5</ele>
      </trkpt>
      <trkpt lat="36.44459" lon="-121.67643">
        <ele>208.5</ele>
      </trkpt>
      <trkpt lat="36.44472" lon="-121.67625">
        <ele>206.6</ele>
      </trkpt>
      <trkpt lat="36.44482" lon="-121.67611">
        <ele>205.9</ele>
      </trkpt>
      <trkpt lat="36.44498" lon="-121.67581">
        <ele>205.1</ele>
      </trkpt>
      <trkpt lat="36.44504" lon="-121.67564">
        <ele>205.2</ele>
      </trkpt>
      <trkpt lat="36.44509" lon="-121.67546">
        <ele>205.1</ele>
      </trkpt>
      <trkpt lat="36.44512" lon="-121.67526">
        <ele>205.5</ele>
      </trkpt>
      <trkpt lat="36.44512" lon="-121.67502">
        <ele>206.2</ele>
      </trkpt>
      <trkpt lat="36.44515" lon="-121.67463">
        <ele>206.3</ele>
      </trkpt>
      <trkpt lat="36.44515" lon="-121.67438">
        <ele>206.3</ele>
      </trkpt>
      <trkpt lat="36.44514" lon="-121.67412">
        <ele>206.2</ele>
      </trkpt>
      <trkpt lat="36.44509" lon="-121.67366">
        <ele>205.2</ele>
      </trkpt>
      <trkpt lat="36.44506" lon="-121.67342">
        <ele>204.4</ele>
      </trkpt>
      <trkpt lat="36.44502" lon="-121.67323">
        <ele>205.4</ele>
      </trkpt>
      <trkpt lat="36.44493" lon="-121.67289">
        <ele>207.8</ele>
      </trkpt>
      <trkpt lat="36.44488" lon="-121.67274">
        <ele>209.2</ele>
      </trkpt>
      <trkpt lat="36.44475" lon="-121.67237">
        <ele>211.4</ele>
      </trkpt>
      <trkpt lat="36.44455" lon="-121.67185">
        <ele>213.0</ele>
      </trkpt>
      <trkpt lat="36.44448" lon="-121.67164">
        <ele>213.3</ele>
      </trkpt>
      <trkpt lat="36.44444" lon="-121.67151">
        <ele>213.5</ele>
      </trkpt>
      <trkpt lat="36.4444" lon="-121.67125">
        <ele>214.6</ele>
      </trkpt>
      <trkpt lat="36.4444" lon="-121.67104">
        <ele>215.2</ele>
      </trkpt>
      <trkpt lat="36.44447" lon="-121.67049">
        <ele>216.1</ele>
      </trkpt>
      <trkpt lat="36.44451" lon="-121.67017">
        <ele>217.0</ele>
      </trkpt>
      <trkpt lat="36.4445" lon="-121.66959">
        <ele>219.0</ele>
      </trkpt>
      <trkpt lat="36.44449" lon="-121.6693">
        <ele>222.4</ele>
      </trkpt>
      <trkpt lat="36.44446" lon="-121.66895">
        <ele>225.0</ele>
      </trkpt>
      <trkpt lat="36.44444" lon="-121.66882">
        <ele>225.6</ele>
      </trkpt>
      <trkpt lat="36.44436" lon="-121.66852">
        <ele>226.7</ele>
      </trkpt>
      <trkpt lat="36.4443" lon="-121.66836">
        <ele>227.5</ele>
      </trkpt>
      <trkpt lat="36.44422" lon="-121.66813">
        <ele>229.1</ele>
      </trkpt>
      <trkpt lat="36.4439" lon="-121.66738">
        <ele>230.5</ele>
      </trkpt>
      <trkpt lat="36.44371" lon="-121.66691">
        <ele>228.0</ele>
      </trkpt>
      <trkpt lat="36.44365" lon="-121.66675">
        <ele>228.2</ele>
      </trkpt>
      <trkpt lat="36.44354" lon="-121.66635">
        <ele>230.0</ele>
      </trkpt>
      <trkpt lat="36.4435" lon="-121.66615">
        <ele>230.4</ele>
      </trkpt>
      <trkpt lat="36.44348" lon="-121.666">
        <ele>230.6</ele>
      </trkpt>
      <trkpt lat="36.44347" lon="-121.66586">
        <ele>230.7</ele>
      </trkpt>
      <trkpt lat="36.44347" lon="-121.66568">
        <ele>230.9</ele>
      </trkpt>
      <trkpt lat="36.44349" lon="-121.66552">
        <ele>231.0</ele>
      </trkpt>
      <trkpt lat="36.44352" lon="-121.66534">
        <ele>231.0</ele>
      </trkpt>
      <trkpt lat="36.44364" lon="-121.66482">
        <ele>231.6</ele>
      </trkpt>
      <trkpt lat="36.44371" lon="-121.66444">
        <ele>232.3</ele>
      </trkpt>
      <trkpt lat="36.44373" lon="-121.66426">
        <ele>232.9</ele>
      </trkpt>
      <trkpt lat="36.44373" lon="-121.66409">
        <ele>233.1</ele>
      </trkpt>
      <trkpt lat="36.44373" lon="-121.66374">
        <ele>233.9</ele>
      </trkpt>
      <trkpt lat="36.4437" lon="-121.6632">
        <ele>239.2</ele>
      </trkpt>
      <trkpt lat="36.44363" lon="-121.66228">
        <ele>240.7</ele>
      </trkpt>
      <trkpt lat="36.4436" lon="-121.66186">
        <ele>240.8</ele>
      </trkpt>
      <trkpt lat="36.44361" lon="-121.66132">
        <ele>242.4</ele>
      </trkpt>
      <trkpt lat="36.44358" lon="-121.66098">
        <ele>242.8</ele>
      </trkpt>
      <trkpt lat="36.44354" lon="-121.66067">
        <ele>242.7</ele>
      </trkpt>
      <trkpt lat="36.44351" lon="-121.66052">
        <ele>242.7</ele>
      </trkpt>
      <trkpt lat="36.44336" lon="-121.65987">
        <ele>241.9</ele>
      </trkpt>
      <trkpt lat="36.44329" lon="-121.65941">
        <ele>241.2</ele>
      </trkpt>
      <trkpt lat="36.44322" lon="-121.65888">
        <ele>240.5</ele>
      </trkpt>
      <trkpt lat="36.4432" lon="-121.65867">
        <ele>240.2</ele>
      </trkpt>
      <trkpt lat="36.44319" lon="-121.65854">
        <ele>240.1</ele>
      </trkpt>
      <trkpt lat="36.44319" lon="-121.65838">
        <ele>240.2</ele>
      </trkpt>
      <trkpt lat="36.4432" lon="-121.65799">
        <ele>240.1</ele>
      </trkpt>
      <trkpt lat="36.4432" lon="-121.65777">
        <ele>239.1</ele>
      </trkpt>
      <trkpt lat="36.44318" lon="-121.65751">
        <ele>237.4</ele>
      </trkpt>
      <trkpt lat="36.44306" lon="-121.65655">
        <ele>239.1</ele>
      </trkpt>
      <trkpt lat="36.44304" lon="-121.65641">
        <ele>240.4</ele>
      </trkpt>
      <trkpt lat="36.44296" lon="-121.65612">
        <ele>243.6</ele>
      </trkpt>
      <trkpt lat="36.44287" lon="-121.65587">
        <ele>247.1</ele>
      </trkpt>
      <trkpt lat="36.44281" lon="-121.65575">
        <ele>248.9</ele>
      </trkpt>
      <trkpt lat="36.44263" lon="-121.65544">
        <ele>255.4</ele>
      </trkpt>
      <trkpt lat="36.44255" lon="-121.65526">
        <ele>257.9</ele>
      </trkpt>
      <trkpt lat="36.4425" lon="-121.65507">
        <ele>259.7</ele>
      </trkpt>
      <trkpt lat="36.44245" lon="-121.65478">
        <ele>261.8</ele>
      </trkpt>
      <trkpt lat="36.44242" lon="-121.65466">
        <ele>262.8</ele>
      </trkpt>
      <trkpt lat="36.44234" lon="-121.65445">
        <ele>263.4</ele>
      </trkpt>
      <trkpt lat="36.4423" lon="-121.65436">
        <ele>263.7</ele>
      </trkpt>
      <trkpt lat="36.44224" lon="-121.65427">
        <ele>263.8</ele>
      </trkpt>
      <trkpt lat="36.44194" lon="-121.65393">
        <ele>263.0</ele>
      </trkpt>
      <trkpt lat="36.44181" lon="-121.65375">
        <ele>262.6</ele>
      </trkpt>
      <trkpt lat="36.44174" lon="-121.65357">
        <ele>262.7</ele>
      </trkpt>
      <trkpt lat="36.44172" lon="-121.65347">
        <ele>262.7</ele>
      </trkpt>
      <trkpt lat="36.44172" lon="-121.65336">
        <ele>262.9</ele>
      </trkpt>
      <trkpt lat="36.44172" lon="-121.65316">
        <ele>263.2</ele>
      </trkpt>
      <trkpt lat="36.44174" lon="-121.65301">
        <ele>263.4</ele>
      </trkpt>
      <trkpt lat="36.44183" lon="-121.65241">
        <ele>264.3</ele>
      </trkpt>
      <trkpt lat="36.44185" lon="-121.65219">
        <ele>264.5</ele>
      </trkpt>
      <trkpt lat="36.4419" lon="-121.65169">
        <ele>263.8</ele>
      </trkpt>
      <trkpt lat="36.4419" lon="-121.65148">
        <ele>263.2</ele>
      </trkpt>
      <trkpt lat="36.44189" lon="-121.65125">
        <ele>261.7</ele>
      </trkpt>
      <trkpt lat="36.44183" lon="-121.65083">
        <ele>259.2</ele>
      </trkpt>
      <trkpt lat="36.44185" lon="-121.65073">
        <ele>259.0</ele>
      </trkpt>
      <trkpt lat="36.44188" lon="-121.65065">
        <ele>258.4</ele>
      </trkpt>
      <trkpt lat="36.44192" lon="-121.65061">
        <ele>258.2</ele>
      </trkpt>
      <trkpt lat="36.44197" lon="-121.65058">
        <ele>258.1</ele>
      </trkpt>
      <trkpt lat="36.44224" lon="-121.65054">
        <ele>259.7</ele>
      </trkpt>
      <trkpt lat="36.44234" lon="-121.65051">
        <ele>260.0</ele>
      </trkpt>
      <trkpt lat="36.44241" lon="-121.65046">
        <ele>260.0</ele>
      </trkpt>
      <trkpt lat="36.4425" lon="-121.65039">
        <ele>260.1</ele>
      </trkpt>
      <trkpt lat="36.44256" lon="-121.65031">
        <ele>260.0</ele>
      </trkpt>
      <trkpt lat="36.44261" lon="-121.65022">
        <ele>259.8</ele>
      </trkpt>
      <trkpt lat="36.44266" lon="-121.65008">
        <ele>259.4</ele>
      </trkpt>
      <trkpt lat="36.44269" lon="-121.64994">
        <ele>259.0</ele>
      </trkpt>
      <trkpt lat="36.44272" lon="-121.64976">
        <ele>258.7</ele>
      </trkpt>
      <trkpt lat="36.4428" lon="-121.64891">
        <ele>258.9</ele>
      </trkpt>
      <trkpt lat="36.44288" lon="-121.64806">
        <ele>259.7</ele>
      </trkpt>
      <trkpt lat="36.44288" lon="-121.64791">
        <ele>259.6</ele>
      </trkpt>
      <trkpt lat="36.44285" lon="-121.64769">
        <ele>259.9</ele>
      </trkpt>
      <trkpt lat="36.44283" lon="-121.64756">
        <ele>260.1</ele>
      </trkpt>
      <trkpt lat="36.44279" lon="-121.64743">
        <ele>260.4</ele>
      </trkpt>
      <trkpt lat="36.44265" lon="-121.64706">
        <ele>261.3</ele>
      </trkpt>
      <trkpt lat="36.44234" lon="-121.64633">
        <ele>263.1</ele>
      </trkpt>
      <trkpt lat="36.44203" lon="-121.64561">
        <ele>264.8</ele>
      </trkpt>
      <trkpt lat="36.44176" lon="-121.64502">
        <ele>266.4</ele>
      </trkpt>
      <trkpt lat="36.4415" lon="-121.64444">
        <ele>268.5</ele>
      </trkpt>
      <trkpt lat="36.44135" lon="-121.64405">
        <ele>271.2</ele>
      </trkpt>
      <trkpt lat="36.44129" lon="-121.64373">
        <ele>273.7</ele>
      </trkpt>
      <trkpt lat="36.44133" lon="-121.64342">
        <ele>275.8</ele>
      </trkpt>
      <trkpt lat="36.44149" lon="-121.64281">
        <ele>279.4</ele>
      </trkpt>
      <trkpt lat="36.44148" lon="-121.64253">
        <ele>279.7</ele>
      </trkpt>
      <trkpt lat="36.44135" lon="-121.6423">
        <ele>279.3</ele>
      </trkpt>
      <trkpt lat="36.44096" lon="-121.64196">
        <ele>274.9</ele>
      </trkpt>
      <trkpt lat="36.44086" lon="-121.64172">
        <ele>273.9</ele>
      </trkpt>
      <trkpt lat="36.44088" lon="-121.64145">
        <ele>274.9</ele>
      </trkpt>
      <trkpt lat="36.44108" lon="-121.64088">
        <ele>276.2</ele>
      </trkpt>
      <trkpt lat="36.44108" lon="-121.64059">
        <ele>277.8</ele>
      </trkpt>
      <trkpt lat="36.44097" lon="-121.64035">
        <ele>279.8</ele>
      </trkpt>
      <trkpt lat="36.4405" lon="-121.64003">
        <ele>279.6</ele>
      </trkpt>
      <trkpt lat="36.44019" lon="-121.63967">
        <ele>287.6</ele>
      </trkpt>
      <trkpt lat="36.43997" lon="-121.63887">
        <ele>288.1</ele>
      </trkpt>
      <trkpt lat="36.43991" lon="-121.63792">
        <ele>286.0</ele>
      </trkpt>
      <trkpt lat="36.4398" lon="-121.63754">
        <ele>288.2</ele>
      </trkpt>
      <trkpt lat="36.43974" lon="-121.63737">
        <ele>289.6</ele>
      </trkpt>
      <trkpt lat="36.43959" lon="-121.63725">
        <ele>289.2</ele>
      </trkpt>
      <trkpt lat="36.43928" lon="-121.63684">
        <ele>289.3</ele>
      </trkpt>
      <trkpt lat="36.43913" lon="-121.63652">
        <ele>289.2</ele>
      </trkpt>
      <trkpt lat="36.43908" lon="-121.63616">
        <ele>290.3</ele>
      </trkpt>
      <trkpt lat="36.43906" lon="-121.63545">
        <ele>291.0</ele>
      </trkpt>
      <trkpt lat="36.43904" lon="-121.63475">
        <ele>289.7</ele>
      </trkpt>
      <trkpt lat="36.43891" lon="-121.63451">
        <ele>289.8</ele>
      </trkpt>
      <trkpt lat="36.43849" lon="-121.63426">
        <ele>291.3</ele>
      </trkpt>
      <trkpt lat="36.43814" lon="-121.63382">
        <ele>295.1</ele>
      </trkpt>
      <trkpt lat="36.43766" lon="-121.63291">
        <ele>296.0</ele>
      </trkpt>
      <trkpt lat="36.43719" lon="-121.63201">
        <ele>293.6</ele>
      </trkpt>
      <trkpt lat="36.43693" lon="-121.63135">
        <ele>291.7</ele>
      </trkpt>
      <trkpt lat="36.43668" lon="-121.63069">
        <ele>292.7</ele>
      </trkpt>
      <trkpt lat="36.43647" lon="-121.63032">
        <ele>291.7</ele>
      </trkpt>
      <trkpt lat="36.43622" lon="-121.63">
        <ele>293.3</ele>
      </trkpt>
      <trkpt lat="36.43601" lon="-121.62979">
        <ele>296.1</ele>
      </trkpt>
      <trkpt lat="36.43579" lon="-121.62961">
        <ele>298.2</ele>
      </trkpt>
      <trkpt lat="36.43513" lon="-121.62929">
        <ele>303.4</ele>
      </trkpt>
      <trkpt lat="36.43448" lon="-121.62896">
        <ele>303.9</ele>
      </trkpt>
      <trkpt lat="36.43382" lon="-121.62864">
        <ele>302.9</ele>
      </trkpt>
      <trkpt lat="36.43355" lon="-121.62848">
        <ele>303.6</ele>
      </trkpt>
      <trkpt lat="36.43335" lon="-121.62829">
        <ele>303.6</ele>
      </trkpt>
      <trkpt lat="36.4331" lon="-121.6278">
        <ele>303.8</ele>
      </trkpt>
      <trkpt lat="36.43286" lon="-121.62732">
        <ele>301.5</ele>
      </trkpt>
      <trkpt lat="36.43241" lon="-121.62688">
        <ele>299.5</ele>
      </trkpt>
      <trkpt lat="36.43196" lon="-121.62644">
        <ele>302.4</ele>
      </trkpt>
      <trkpt lat="36.43163" lon="-121.626">
        <ele>304.0</ele>
      </trkpt>
      <trkpt lat="36.43143" lon="-121.62531">
        <ele>306.7</ele>
      </trkpt>
      <trkpt lat="36.43122" lon="-121.62462">
        <ele>307.1</ele>
      </trkpt>
      <trkpt lat="36.43089" lon="-121.62378">
        <ele>307.9</ele>
      </trkpt>
      <trkpt lat="36.43069" lon="-121.62337">
        <ele>310.1</ele>
      </trkpt>
      <trkpt lat="36.43016" lon="-121.62265">
        <ele>316.7</ele>
      </trkpt>
      <trkpt lat="36.42977" lon="-121.6223">
        <ele>317.8</ele>
      </trkpt>
      <trkpt lat="36.42937" lon="-121.62195">
        <ele>319.5</ele>
      </trkpt>
      <trkpt lat="36.42873" lon="-121.62141">
        <ele>323.5</ele>
      </trkpt>
      <trkpt lat="36.42813" lon="-121.62093">
        <ele>327.0</ele>
      </trkpt>
      <trkpt lat="36.42794" lon="-121.62087">
        <ele>328.3</ele>
      </trkpt>
      <trkpt lat="36.42767" lon="-121.62079">
        <ele>330.4</ele>
      </trkpt>
      <trkpt lat="36.427" lon="-121.6207">
        <ele>325.9</ele>
      </trkpt>
      <trkpt lat="36.42661" lon="-121.62056">
        <ele>324.8</ele>
      </trkpt>
      <trkpt lat="36.42631" lon="-121.62038">
        <ele>322.9</ele>
      </trkpt>
      <trkpt lat="36.42565" lon="-121.61976">
        <ele>324.8</ele>
      </trkpt>
      <trkpt lat="36.42519" lon="-121.61923">
        <ele>323.7</ele>
      </trkpt>
      <trkpt lat="36.42489" lon="-121.61871">
        <ele>324.2</ele>
      </trkpt>
      <trkpt lat="36.42459" lon="-121.61818">
        <ele>325.8</ele>
      </trkpt>
      <trkpt lat="36.424" lon="-121.61753">
        <ele>324.1</ele>
      </trkpt>
      <trkpt lat="36.42361" lon="-121.61703">
        <ele>323.1</ele>
      </trkpt>
      <trkpt lat="36.42321" lon="-121.61653">
        <ele>324.9</ele>
      </trkpt>
      <trkpt lat="36.42282" lon="-121.61594">
        <ele>332.7</ele>
      </trkpt>
      <trkpt lat="36.42226" lon="-121.61528">
        <ele>335.4</ele>
      </trkpt>
      <trkpt lat="36.42189" lon="-121.61461">
        <ele>336.4</ele>
      </trkpt>
      <trkpt lat="36.42152" lon="-121.61394">
        <ele>334.4</ele>
      </trkpt>
      <trkpt lat="36.42126" lon="-121.61341">
        <ele>333.0</ele>
      </trkpt>
      <trkpt lat="36.42111" lon="-121.61279">
        <ele>332.7</ele>
      </trkpt>
      <trkpt lat="36.42076" lon="-121.61204">
        <ele>332.1</ele>
      </trkpt>
      <trkpt lat="36.42041" lon="-121.61129">
        <ele>336.2</ele>
      </trkpt>
      <trkpt lat="36.42" lon="-121.61056">
        <ele>339.5</ele>
      </trkpt>
      <trkpt lat="36.4196" lon="-121.60982">
        <ele>338.1</ele>
      </trkpt>
      <trkpt lat="36.4192" lon="-121.60909">
        <ele>341.6</ele>
      </trkpt>
      <trkpt lat="36.41899" lon="-121.60844">
        <ele>350.5</ele>
      </trkpt>
      <trkpt lat="36.41878" lon="-121.60779">
        <ele>350.7</ele>
      </trkpt>
      <trkpt lat="36.41822" lon="-121.60712">
        <ele>349.3</ele>
      </trkpt>
      <trkpt lat="36.41802" lon="-121.60653">
        <ele>351.0</ele>
      </trkpt>
      <trkpt lat="36.4178" lon="-121.60611">
        <ele>349.3</ele>
      </trkpt>
      <trkpt lat="36.41733" lon="-121.60569">
        <ele>349.5</ele>
      </trkpt>
      <trkpt lat="36.41686" lon="-121.60528">
        <ele>348.9</ele>
      </trkpt>
      <trkpt lat="36.41637" lon="-121.60486">
        <ele>347.2</ele>
      </trkpt>
      <trkpt lat="36.41605" lon="-121.60441">
        <ele>347.0</ele>
      </trkpt>
      <trkpt lat="36.41574" lon="-121.60396">
        <ele>346.6</ele>
      </trkpt>
      <trkpt lat="36.41531" lon="-121.60323">
        <ele>348.7</ele>
      </trkpt>
      <trkpt lat="36.41507" lon="-121.60269">
        <ele>349.2</ele>
      </trkpt>
      <trkpt lat="36.41498" lon="-121.60236">
        <ele>351.7</ele>
      </trkpt>
      <trkpt lat="36.41498" lon="-121.60197">
        <ele>351.8</ele>
      </trkpt>
      <trkpt lat="36.41504" lon="-121.60176">
        <ele>351.8</ele>
      </trkpt>
      <trkpt lat="36.41508" lon="-121.60156">
        <ele>353.0</ele>
      </trkpt>
      <trkpt lat="36.41527" lon="-121.60101">
        <ele>357.0</ele>
      </trkpt>
      <trkpt lat="36.41543" lon="-121.60071">
        <ele>357.7</ele>
      </trkpt>
      <trkpt lat="36.41546" lon="-121.60046">
        <ele>358.8</ele>
      </trkpt>
      <trkpt lat="36.41543" lon="-121.59941">
        <ele>360.8</ele>
      </trkpt>
      <trkpt lat="36.41539" lon="-121.59836">
        <ele>361.2</ele>
      </trkpt>
      <trkpt lat="36.41532" lon="-121.59785">
        <ele>361.0</ele>
      </trkpt>
      <trkpt lat="36.41522" lon="-121.59755">
        <ele>361.7</ele>
      </trkpt>
      <trkpt lat="36.41515" lon="-121.59712">
        <ele>361.3</ele>
      </trkpt>
      <trkpt lat="36.4151" lon="-121.5969">
        <ele>362.1</ele>
      </trkpt>
      <trkpt lat="36.41502" lon="-121.59635">
        <ele>367.2</ele>
      </trkpt>
      <trkpt lat="36.41478" lon="-121.59566">
        <ele>371.0</ele>
      </trkpt>
      <trkpt lat="36.4144" lon="-121.59504">
        <ele>377.2</ele>
      </trkpt>
      <trkpt lat="36.41401" lon="-121.59457">
        <ele>381.5</ele>
      </trkpt>
      <trkpt lat="36.41362" lon="-121.59411">
        <ele>387.1</ele>
      </trkpt>
      <trkpt lat="36.41332" lon="-121.59389">
        <ele>390.8</ele>
      </trkpt>
      <trkpt lat="36.41278" lon="-121.59366">
        <ele>392.9</ele>
      </trkpt>
      <trkpt lat="36.41246" lon="-121.59363">
        <ele>395.1</ele>
      </trkpt>
      <trkpt lat="36.41171" lon="-121.59363">
        <ele>408.8</ele>
      </trkpt>
      <trkpt lat="36.41096" lon="-121.59362">
        <ele>414.8</ele>
      </trkpt>
      <trkpt lat="36.41021" lon="-121.59362">
        <ele>420.1</ele>
      </trkpt>
      <trkpt lat="36.40973" lon="-121.59359">
        <ele>424.7</ele>
      </trkpt>
      <trkpt lat="36.40926" lon="-121.59346">
        <ele>430.7</ele>
      </trkpt>
      <trkpt lat="36.40881" lon="-121.59323">
        <ele>437.6</ele>
      </trkpt>
      <trkpt lat="36.40819" lon="-121.59304">
        <ele>444.9</ele>
      </trkpt>
      <trkpt lat="36.4077" lon="-121.59286">
        <ele>444.1</ele>
      </trkpt>
      <trkpt lat="36.40742" lon="-121.59265">
        <ele>443.7</ele>
      </trkpt>
      <trkpt lat="36.4072" lon="-121.59237">
        <ele>448.7</ele>
      </trkpt>
      <trkpt lat="36.40665" lon="-121.59181">
        <ele>459.7</ele>
      </trkpt>
      <trkpt lat="36.40639" lon="-121.59162">
        <ele>460.2</ele>
      </trkpt>
      <trkpt lat="36.40598" lon="-121.59099">
        <ele>468.2</ele>
      </trkpt>
      <trkpt lat="36.40585" lon="-121.59063">
        <ele>474.8</ele>
      </trkpt>
      <trkpt lat="36.40572" lon="-121.59006">
        <ele>482.4</ele>
      </trkpt>
      <trkpt lat="36.40571" lon="-121.58947">
        <ele>488.5</ele>
      </trkpt>
      <trkpt lat="36.40566" lon="-121.58908">
        <ele>493.2</ele>
      </trkpt>
      <trkpt lat="36.40553" lon="-121.58871">
        <ele>494.5</ele>
      </trkpt>
      <trkpt lat="36.40533" lon="-121.58839">
        <ele>493.6</ele>
      </trkpt>
      <trkpt lat="36.40514" lon="-121.5882">
        <ele>492.4</ele>
      </trkpt>
      <trkpt lat="36.40489" lon="-121.58806">
        <ele>489.5</ele>
      </trkpt>
      <trkpt lat="36.40461" lon="-121.58802">
        <ele>488.3</ele>
      </trkpt>
      <trkpt lat="36.40408" lon="-121.58797">
        <ele>489.3</ele>
      </trkpt>
      <trkpt lat="36.40375" lon="-121.58788">
        <ele>494.4</ele>
      </trkpt>
      <trkpt lat="36.40339" lon="-121.58773">
        <ele>501.1</ele>
      </trkpt>
      <trkpt lat="36.40316" lon="-121.58755">
        <ele>501.6</ele>
      </trkpt>
      <trkpt lat="36.40294" lon="-121.58733">
        <ele>501.0</ele>
      </trkpt>
      <trkpt lat="36.40258" lon="-121.5868">
        <ele>503.7</ele>
      </trkpt>
      <trkpt lat="36.40242" lon="-121.58641">
        <ele>506.8</ele>
      </trkpt>
      <trkpt lat="36.40235" lon="-121.58618">
        <ele>507.8</ele>
      </trkpt>
      <trkpt lat="36.40228" lon="-121.58588">
        <ele>509.0</ele>
      </trkpt>
      <trkpt lat="36.4022" lon="-121.58496">
        <ele>508.5</ele>
      </trkpt>
      <trkpt lat="36.40215" lon="-121.5842">
        <ele>505.8</ele>
      </trkpt>
      <trkpt lat="36.40207" lon="-121.5838">
        <ele>505.1</ele>
      </trkpt>
      <trkpt lat="36.40186" lon="-121.58313">
        <ele>500.7</ele>
      </trkpt>
      <trkpt lat="36.40165" lon="-121.58245">
        <ele>500.5</ele>
      </trkpt>
      <trkpt lat="36.40159" lon="-121.582">
        <ele>501.0</ele>
      </trkpt>
      <trkpt lat="36.40163" lon="-121.58118">
        <ele>484.2</ele>
      </trkpt>
      <trkpt lat="36.40161" lon="-121.58095">
        <ele>482.5</ele>
      </trkpt>
      <trkpt lat="36.40158" lon="-121.58077">
        <ele>481.7</ele>
      </trkpt>
      <trkpt lat="36.40151" lon="-121.58053">
        <ele>481.4</ele>
      </trkpt>
      <trkpt lat="36.40144" lon="-121.58033">
        <ele>481.6</ele>
      </trkpt>
      <trkpt lat="36.40114" lon="-121.5797">
        <ele>480.5</ele>
      </trkpt>
      <trkpt lat="36.40086" lon="-121.57905">
        <ele>481.7</ele>
      </trkpt>
      <trkpt lat="36.40051" lon="-121.57829">
        <ele>482.7</ele>
      </trkpt>
      <trkpt lat="36.40037" lon="-121.5777">
        <ele>482.9</ele>
      </trkpt>
      <trkpt lat="36.40013" lon="-121.57732">
        <ele>483.5</ele>
      </trkpt>
      <trkpt lat="36.3996" lon="-121.57661">
        <ele>484.4</ele>
      </trkpt>
      <trkpt lat="36.39941" lon="-121.57653">
        <ele>484.9</ele>
      </trkpt>
      <trkpt lat="36.39926" lon="-121.57655">
        <ele>485.1</ele>
      </trkpt>
      <trkpt lat="36.39911" lon="-121.57664">
        <ele>484.9</ele>
      </trkpt>
      <trkpt lat="36.39898" lon="-121.57664">
        <ele>485.5</ele>
      </trkpt>
      <trkpt lat="36.39875" lon="-121.57668">
        <ele>486.0</ele>
      </trkpt>
      <trkpt lat="36.39847" lon="-121.57685">
        <ele>483.9</ele>
      </trkpt>
      <trkpt lat="36.39826" lon="-121.57688">
        <ele>482.7</ele>
      </trkpt>
      <trkpt lat="36.39792" lon="-121.57671">
        <ele>483.7</ele>
      </trkpt>
      <trkpt lat="36.39767" lon="-121.57656">
        <ele>483.6</ele>
      </trkpt>
      <trkpt lat="36.39738" lon="-121.5764">
        <ele>483.0</ele>
      </trkpt>
      <trkpt lat="36.39687" lon="-121.57604">
        <ele>482.1</ele>
      </trkpt>
      <trkpt lat="36.39634" lon="-121.57579">
        <ele>486.8</ele>
      </trkpt>
      <trkpt lat="36.39582" lon="-121.57553">
        <ele>494.8</ele>
      </trkpt>
      <trkpt lat="36.39574" lon="-121.57548">
        <ele>495.6</ele>
      </trkpt>
      <trkpt lat="36.39568" lon="-121.57538">
        <ele>495.6</ele>
      </trkpt>
      <trkpt lat="36.39564" lon="-121.5753">
        <ele>495.3</ele>
      </trkpt>
      <trkpt lat="36.39563" lon="-121.57523">
        <ele>494.8</ele>
      </trkpt>
      <trkpt lat="36.39563" lon="-121.57517">
        <ele>494.3</ele>
      </trkpt>
      <trkpt lat="36.39567" lon="-121.57502">
        <ele>493.4</ele>
      </trkpt>
      <trkpt lat="36.39589" lon="-121.57465">
        <ele>495.3</ele>
      </trkpt>
      <trkpt lat="36.39592" lon="-121.57456">
        <ele>495.7</ele>
      </trkpt>
      <trkpt lat="36.39593" lon="-121.5745">
        <ele>495.7</ele>
      </trkpt>
      <trkpt lat="36.39593" lon="-121.57437">
        <ele>494.9</ele>
      </trkpt>
      <trkpt lat="36.39586" lon="-121.57408">
        <ele>490.2</ele>
      </trkpt>
      <trkpt lat="36.39584" lon="-121.57399">
        <ele>488.5</ele>
      </trkpt>
      <trkpt lat="36.39584" lon="-121.57389">
        <ele>487.1</ele>
      </trkpt>
      <trkpt lat="36.39585" lon="-121.5738">
        <ele>486.1</ele>
      </trkpt>
      <trkpt lat="36.39594" lon="-121.57345">
        <ele>482.8</ele>
      </trkpt>
      <trkpt lat="36.39594" lon="-121.57333">
        <ele>481.4</ele>
      </trkpt>
      <trkpt lat="36.39593" lon="-121.57326">
        <ele>480.8</ele>
      </trkpt>
      <trkpt lat="36.3959" lon="-121.57321">
        <ele>480.3</ele>
      </trkpt>
      <trkpt lat="36.39583" lon="-121.57313">
        <ele>479.8</ele>
      </trkpt>
      <trkpt lat="36.39535" lon="-121.57261">
        <ele>481.0</ele>
      </trkpt>
      <trkpt lat="36.39498" lon="-121.57215">
        <ele>481.5</ele>
      </trkpt>
      <trkpt lat="36.39452" lon="-121.57174">
        <ele>482.4</ele>
      </trkpt>
      <trkpt lat="36.39446" lon="-121.57166">
        <ele>482.3</ele>
      </trkpt>
      <trkpt lat="36.39442" lon="-121.57157">
        <ele>482.5</ele>
      </trkpt>
      <trkpt lat="36.39439" lon="-121.57145">
        <ele>482.8</ele>
      </trkpt>
      <trkpt lat="36.39438" lon="-121.57134">
        <ele>483.3</ele>
      </trkpt>
      <trkpt lat="36.39438" lon="-121.5709">
        <ele>487.6</ele>
      </trkpt>
      <trkpt lat="36.39434" lon="-121.57047">
        <ele>491.6</ele>
      </trkpt>
      <trkpt lat="36.39426" lon="-121.56992">
        <ele>494.4</ele>
      </trkpt>
      <trkpt lat="36.39419" lon="-121.56958">
        <ele>494.0</ele>
      </trkpt>
      <trkpt lat="36.39403" lon="-121.56916">
        <ele>494.1</ele>
      </trkpt>
      <trkpt lat="36.39384" lon="-121.56882">
        <ele>495.4</ele>
      </trkpt>
      <trkpt lat="36.39349" lon="-121.56838">
        <ele>494.1</ele>
      </trkpt>
      <trkpt lat="36.39322" lon="-121.56812">
        <ele>492.6</ele>
      </trkpt>
      <trkpt lat="36.3926" lon="-121.56772">
        <ele>493.2</ele>
      </trkpt>
      <trkpt lat="36.3923" lon="-121.56762">
        <ele>494.0</ele>
      </trkpt>
      <trkpt lat="36.39159" lon="-121.56784">
        <ele>496.2</ele>
      </trkpt>
      <trkpt lat="36.39094" lon="-121.5678">
        <ele>500.9</ele>
      </trkpt>
      <trkpt lat="36.3907" lon="-121.56785">
        <ele>503.0</ele>
      </trkpt>
      <trkpt lat="36.39008" lon="-121.56809">
        <ele>507.9</ele>
      </trkpt>
      <trkpt lat="36.38946" lon="-121.56834">
        <ele>516.4</ele>
      </trkpt>
      <trkpt lat="36.38925" lon="-121.56852">
        <ele>518.2</ele>
      </trkpt>
      <trkpt lat="36.38875" lon="-121.56936">
        <ele>515.9</ele>
      </trkpt>
      <trkpt lat="36.38825" lon="-121.56977">
        <ele>512.2</ele>
      </trkpt>
      <trkpt lat="36.38771" lon="-121.57046">
        <ele>508.1</ele>
      </trkpt>
      <trkpt lat="36.3872" lon="-121.57103">
        <ele>508.0</ele>
      </trkpt>
      <trkpt lat="36.3867" lon="-121.5716">
        <ele>503.8</ele>
      </trkpt>
      <trkpt lat="36.38617" lon="-121.57183">
        <ele>502.4</ele>
      </trkpt>
      <trkpt lat="36.38563" lon="-121.5724">
        <ele>496.7</ele>
      </trkpt>
      <trkpt lat="36.38508" lon="-121.57298">
        <ele>488.0</ele>
      </trkpt>
      <trkpt lat="36.38472" lon="-121.57319">
        <ele>485.8</ele>
      </trkpt>
      <trkpt lat="36.38409" lon="-121.57364">
        <ele>482.7</ele>
      </trkpt>
      <trkpt lat="36.38356" lon="-121.57395">
        <ele>476.5</ele>
      </trkpt>
      <trkpt lat="36.38325" lon="-121.57426">
        <ele>472.3</ele>
      </trkpt>
      <trkpt lat="36.38311" lon="-121.57433">
        <ele>472.5</ele>
      </trkpt>
      <trkpt lat="36.38236" lon="-121.57459">
        <ele>472.8</ele>
      </trkpt>
      <trkpt lat="36.38161" lon="-121.57485">
        <ele>466.9</ele>
      </trkpt>
      <trkpt lat="36.38131" lon="-121.57485">
        <ele>461.5</ele>
      </trkpt>
      <trkpt lat="36.38101" lon="-121.57472">
        <ele>453.1</ele>
      </trkpt>
      <trkpt lat="36.38074" lon="-121.57446">
        <ele>448.6</ele>
      </trkpt>
      <trkpt lat="36.38072" lon="-121.57443">
        <ele>448.1</ele>
      </trkpt>
      <trkpt lat="36.38066" lon="-121.57435">
        <ele>447.0</ele>
      </trkpt>
      <trkpt lat="36.3804" lon="-121.57399">
        <ele>441.9</ele>
      </trkpt>
      <trkpt lat="36.38009" lon="-121.5735">
        <ele>443.7</ele>
      </trkpt>
      <trkpt lat="36.37978" lon="-121.57301">
        <ele>448.4</ele>
      </trkpt>
      <trkpt lat="36.37957" lon="-121.57233">
        <ele>455.0</ele>
      </trkpt>
      <trkpt lat="36.3795" lon="-121.57184">
        <ele>455.6</ele>
      </trkpt>
      <trkpt lat="36.37931" lon="-121.57131">
        <ele>457.1</ele>
      </trkpt>
      <trkpt lat="36.37912" lon="-121.57078">
        <ele>457.8</ele>
      </trkpt>
      <trkpt lat="36.37913" lon="-121.56983">
        <ele>455.9</ele>
      </trkpt>
      <trkpt lat="36.37899" lon="-121.56926">
        <ele>456.3</ele>
      </trkpt>
      <trkpt lat="36.37884" lon="-121.56868">
        <ele>457.9</ele>
      </trkpt>
      <trkpt lat="36.37876" lon="-121.56816">
        <ele>462.3</ele>
      </trkpt>
      <trkpt lat="36.37875" lon="-121.56742">
        <ele>466.5</ele>
      </trkpt>
      <trkpt lat="36.37874" lon="-121.56669">
        <ele>466.5</ele>
      </trkpt>
      <trkpt lat="36.37876" lon="-121.56565">
        <ele>466.0</ele>
      </trkpt>
      <trkpt lat="36.37879" lon="-121.56462">
        <ele>467.3</ele>
      </trkpt>
      <trkpt lat="36.37867" lon="-121.56409">
        <ele>467.7</ele>
      </trkpt>
      <trkpt lat="36.37858" lon="-121.56389">
        <ele>467.2</ele>
      </trkpt>
      <trkpt lat="36.37849" lon="-121.56381">
        <ele>467.4</ele>
      </trkpt>
      <trkpt lat="36.37841" lon="-121.56375">
        <ele>467.7</ele>
      </trkpt>
      <trkpt lat="36.37773" lon="-121.56357">
        <ele>472.6</ele>
      </trkpt>
      <trkpt lat="36.37748" lon="-121.56341">
        <ele>471.3</ele>
      </trkpt>
      <trkpt lat="36.37729" lon="-121.5632">
        <ele>469.3</ele>
      </trkpt>
      <trkpt lat="36.377" lon="-121.56276">
        <ele>469.9</ele>
      </trkpt>
      <trkpt lat="36.3769" lon="-121.56264">
        <ele>471.6</ele>
      </trkpt>
      <trkpt lat="36.37632" lon="-121.56239">
        <ele>477.9</ele>
      </trkpt>
      <trkpt lat="36.37589" lon="-121.5621">
        <ele>477.2</ele>
      </trkpt>
      <trkpt lat="36.37555" lon="-121.56195">
        <ele>476.4</ele>
      </trkpt>
      <trkpt lat="36.37509" lon="-121.56187">
        <ele>478.2</ele>
      </trkpt>
      <trkpt lat="36.3743" lon="-121.5618">
        <ele>482.6</ele>
      </trkpt>
      <trkpt lat="36.37409" lon="-121.56171">
        <ele>484.1</ele>
      </trkpt>
      <trkpt lat="36.37333" lon="-121.56117">
        <ele>488.5</ele>
      </trkpt>
      <trkpt lat="36.3728" lon="-121.56095">
        <ele>495.4</ele>
      </trkpt>
      <trkpt lat="36.37227" lon="-121.56073">
        <ele>497.8</ele>
      </trkpt>
      <trkpt lat="36.37215" lon="-121.56072">
        <ele>497.0</ele>
      </trkpt>
      <trkpt lat="36.37136" lon="-121.56056">
        <ele>496.6</ele>
      </trkpt>
      <trkpt lat="36.37104" lon="-121.56057">
        <ele>497.0</ele>
      </trkpt>
      <trkpt lat="36.37066" lon="-121.56068">
        <ele>498.0</ele>
      </trkpt>
      <trkpt lat="36.37052" lon="-121.56074">
        <ele>498.0</ele>
      </trkpt>
      <trkpt lat="36.37044" lon="-121.56077">
        <ele>498.0</ele>
      </trkpt>
      <trkpt lat="36.37034" lon="-121.56074">
        <ele>498.5</ele>
      </trkpt>
      <trkpt lat="36.37025" lon="-121.56065">
        <ele>499.3</ele>
      </trkpt>
      <trkpt lat="36.37013" lon="-121.56043">
        <ele>502.1</ele>
      </trkpt>
      <trkpt lat="36.36991" lon="-121.56011">
        <ele>508.5</ele>
      </trkpt>
      <trkpt lat="36.36958" lon="-121.55992">
        <ele>509.4</ele>
      </trkpt>
      <trkpt lat="36.3692" lon="-121.55983">
        <ele>510.5</ele>
      </trkpt>
      <trkpt lat="36.369" lon="-121.55981">
        <ele>511.7</ele>
      </trkpt>
      <trkpt lat="36.3688" lon="-121.55984">
        <ele>511.0</ele>
      </trkpt>
      <trkpt lat="36.36865" lon="-121.55992">
        <ele>509.3</ele>
      </trkpt>
      <trkpt lat="36.36856" lon="-121.55992">
        <ele>509.2</ele>
      </trkpt>
      <trkpt lat="36.3684" lon="-121.55986">
        <ele>510.7</ele>
      </trkpt>
      <trkpt lat="36.36824" lon="-121.55978">
        <ele>515.7</ele>
      </trkpt>
      <trkpt lat="36.36807" lon="-121.55951">
        <ele>520.8</ele>
      </trkpt>
      <trkpt lat="36.36771" lon="-121.55888">
        <ele>521.8</ele>
      </trkpt>
      <trkpt lat="36.36728" lon="-121.55854">
        <ele>516.4</ele>
      </trkpt>
      <trkpt lat="36.36685" lon="-121.5582">
        <ele>519.0</ele>
      </trkpt>
      <trkpt lat="36.36623" lon="-121.55777">
        <ele>522.7</ele>
      </trkpt>
      <trkpt lat="36.36596" lon="-121.5574">
        <ele>523.8</ele>
      </trkpt>
      <trkpt lat="36.36558" lon="-121.55663">
        <ele>527.3</ele>
      </trkpt>
      <trkpt lat="36.36537" lon="-121.5564">
        <ele>528.7</ele>
      </trkpt>
      <trkpt lat="36.3649" lon="-121.55609">
        <ele>531.3</ele>
      </trkpt>
      <trkpt lat="36.36462" lon="-121.55595">
        <ele>534.6</ele>
      </trkpt>
      <trkpt lat="36.36453" lon="-121.5558">
        <ele>536.1</ele>
      </trkpt>
      <trkpt lat="36.3645" lon="-121.55566">
        <ele>538.3</ele>
      </trkpt>
      <trkpt lat="36.36449" lon="-121.55552">
        <ele>541.7</ele>
      </trkpt>
      <trkpt lat="36.36451" lon="-121.55531">
        <ele>541.2</ele>
      </trkpt>
      <trkpt lat="36.36453" lon="-121.55505">
        <ele>539.6</ele>
      </trkpt>
      <trkpt lat="36.36451" lon="-121.55493">
        <ele>539.6</ele>
      </trkpt>
      <trkpt lat="36.36448" lon="-121.55483">
        <ele>539.7</ele>
      </trkpt>
      <trkpt lat="36.36444" lon="-121.55477">
        <ele>539.7</ele>
      </trkpt>
      <trkpt lat="36.36439" lon="-121.55471">
        <ele>539.4</ele>
      </trkpt>
      <trkpt lat="36.36429" lon="-121.55466">
        <ele>539.4</ele>
      </trkpt>
      <trkpt lat="36.36375" lon="-121.55466">
        <ele>543.3</ele>
      </trkpt>
      <trkpt lat="36.36352" lon="-121.55459">
        <ele>545.8</ele>
      </trkpt>
      <trkpt lat="36.36322" lon="-121.55434">
        <ele>547.6</ele>
      </trkpt>
      <trkpt lat="36.36302" lon="-121.55408">
        <ele>550.5</ele>
      </trkpt>
      <trkpt lat="36.36282" lon="-121.55374">
        <ele>552.2</ele>
      </trkpt>
      <trkpt lat="36.36264" lon="-121.55345">
        <ele>552.2</ele>
      </trkpt>
      <trkpt lat="36.36246" lon="-121.55322">
        <ele>552.9</ele>
      </trkpt>
      <trkpt lat="36.36219" lon="-121.55303">
        <ele>554.4</ele>
      </trkpt>
      <trkpt lat="36.36174" lon="-121.55287">
        <ele>556.8</ele>
      </trkpt>
      <trkpt lat="36.36152" lon="-121.55283">
        <ele>558.6</ele>
      </trkpt>
      <trkpt lat="36.36132" lon="-121.55275">
        <ele>561.8</ele>
      </trkpt>
      <trkpt lat="36.36124" lon="-121.55271">
        <ele>563.8</ele>
      </trkpt>
      <trkpt lat="36.36118" lon="-121.55262">
        <ele>564.5</ele>
      </trkpt>
      <trkpt lat="36.36101" lon="-121.55227">
        <ele>563.2</ele>
      </trkpt>
      <trkpt lat="36.36088" lon="-121.55213">
        <ele>562.7</ele>
      </trkpt>
      <trkpt lat="36.36076" lon="-121.55202">
        <ele>561.9</ele>
      </trkpt>
      <trkpt lat="36.36029" lon="-121.55189">
        <ele>564.9</ele>
      </trkpt>
      <trkpt lat="36.36016" lon="-121.55182">
        <ele>565.3</ele>
      </trkpt>
      <trkpt lat="36.35981" lon="-121.55151">
        <ele>565.8</ele>
      </trkpt>
      <trkpt lat="36.35941" lon="-121.55119">
        <ele>569.9</ele>
      </trkpt>
      <trkpt lat="36.35902" lon="-121.55088">
        <ele>572.4</ele>
      </trkpt>
      <trkpt lat="36.3589" lon="-121.55062">
        <ele>573.6</ele>
      </trkpt>
      <trkpt lat="36.35883" lon="-121.55027">
        <ele>577.9</ele>
      </trkpt>
      <trkpt lat="36.35876" lon="-121.55006">
        <ele>581.3</ele>
      </trkpt>
      <trkpt lat="36.35864" lon="-121.54992">
        <ele>582.8</ele>
      </trkpt>
      <trkpt lat="36.35849" lon="-121.5498">
        <ele>582.6</ele>
      </trkpt>
      <trkpt lat="36.35838" lon="-121.54965">
        <ele>583.0</ele>
      </trkpt>
      <trkpt lat="36.35824" lon="-121.54916">
        <ele>583.4</ele>
      </trkpt>
      <trkpt lat="36.35814" lon="-121.549">
        <ele>582.9</ele>
      </trkpt>
      <trkpt lat="36.35806" lon="-121.54887">
        <ele>583.0</ele>
      </trkpt>
      <trkpt lat="36.35792" lon="-121.54876">
        <ele>585.3</ele>
      </trkpt>
      <trkpt lat="36.35747" lon="-121.54854">
        <ele>586.7</ele>
      </trkpt>
      <trkpt lat="36.35691" lon="-121.54843">
        <ele>585.6</ele>
      </trkpt>
      <trkpt lat="36.35673" lon="-121.54841">
        <ele>587.6</ele>
      </trkpt>
      <trkpt lat="36.35613" lon="-121.5482">
        <ele>590.0</ele>
      </trkpt>
      <trkpt lat="36.35552" lon="-121.54772">
        <ele>594.8</ele>
      </trkpt>
      <trkpt lat="36.35525" lon="-121.54737">
        <ele>599.4</ele>
      </trkpt>
      <trkpt lat="36.35495" lon="-121.54712">
        <ele>600.5</ele>
      </trkpt>
      <trkpt lat="36.35451" lon="-121.54662">
        <ele>599.0</ele>
      </trkpt>
      <trkpt lat="36.35389" lon="-121.54628">
        <ele>606.2</ele>
      </trkpt>
      <trkpt lat="36.35374" lon="-121.54616">
        <ele>607.2</ele>
      </trkpt>
      <trkpt lat="36.35359" lon="-121.54595">
        <ele>607.5</ele>
      </trkpt>
      <trkpt lat="36.35354" lon="-121.5457">
        <ele>606.5</ele>
      </trkpt>
      <trkpt lat="36.35354" lon="-121.54524">
        <ele>605.8</ele>
      </trkpt>
      <trkpt lat="36.35364" lon="-121.54442">
        <ele>607.6</ele>
      </trkpt>
      <trkpt lat="36.35363" lon="-121.54416">
        <ele>608.2</ele>
      </trkpt>
      <trkpt lat="36.3536" lon="-121.54387">
        <ele>609.5</ele>
      </trkpt>
      <trkpt lat="36.35344" lon="-121.5436">
        <ele>616.7</ele>
      </trkpt>
      <trkpt lat="36.35331" lon="-121.54346">
        <ele>618.6</ele>
      </trkpt>
      <trkpt lat="36.35317" lon="-121.54335">
        <ele>618.4</ele>
      </trkpt>
      <trkpt lat="36.35259" lon="-121.54301">
        <ele>619.1</ele>
      </trkpt>
      <trkpt lat="36.35203" lon="-121.54279">
        <ele>621.2</ele>
      </trkpt>
      <trkpt lat="36.35187" lon="-121.54278">
        <ele>621.5</ele>
      </trkpt>
      <trkpt lat="36.35177" lon="-121.54283">
        <ele>621.1</ele>
      </trkpt>
      <trkpt lat="36.35171" lon="-121.54287">
        <ele>621.0</ele>
      </trkpt>
      <trkpt lat="36.35135" lon="-121.54327">
        <ele>620.8</ele>
      </trkpt>
      <trkpt lat="36.35127" lon="-121.54333">
        <ele>620.8</ele>
      </trkpt>
      <trkpt lat="36.35118" lon="-121.54334">
        <ele>621.2</ele>
      </trkpt>
      <trkpt lat="36.35097" lon="-121.54329">
        <ele>622.1</ele>
      </trkpt>
      <trkpt lat="36.35067" lon="-121.54315">
        <ele>622.1</ele>
      </trkpt>
      <trkpt lat="36.35016" lon="-121.54281">
        <ele>622.4</ele>
      </trkpt>
      <trkpt lat="36.35002" lon="-121.54277">
        <ele>624.6</ele>
      </trkpt>
      <trkpt lat="36.34982" lon="-121.54273">
        <ele>628.7</ele>
      </trkpt>
      <trkpt lat="36.34912" lon="-121.54269">
        <ele>632.8</ele>
      </trkpt>
      <trkpt lat="36.34843" lon="-121.54266">
        <ele>636.7</ele>
      </trkpt>
      <trkpt lat="36.34786" lon="-121.54279">
        <ele>638.5</ele>
      </trkpt>
      <trkpt lat="36.34729" lon="-121.54292">
        <ele>635.2</ele>
      </trkpt>
      <trkpt lat="36.34697" lon="-121.54288">
        <ele>635.9</ele>
      </trkpt>
      <trkpt lat="36.34659" lon="-121.54275">
        <ele>639.0</ele>
      </trkpt>
      <trkpt lat="36.34623" lon="-121.54251">
        <ele>638.9</ele>
      </trkpt>
      <trkpt lat="36.34591" lon="-121.54214">
        <ele>640.9</ele>
      </trkpt>
      <trkpt lat="36.34546" lon="-121.54141">
        <ele>648.2</ele>
      </trkpt>
      <trkpt lat="36.34537" lon="-121.54114">
        <ele>648.1</ele>
      </trkpt>
      <trkpt lat="36.34535" lon="-121.54092">
        <ele>648.1</ele>
      </trkpt>
      <trkpt lat="36.34531" lon="-121.54075">
        <ele>647.9</ele>
      </trkpt>
      <trkpt lat="36.34517" lon="-121.54049">
        <ele>648.3</ele>
      </trkpt>
      <trkpt lat="36.34506" lon="-121.54038">
        <ele>648.6</ele>
      </trkpt>
      <trkpt lat="36.34496" lon="-121.54031">
        <ele>649.1</ele>
      </trkpt>
      <trkpt lat="36.34472" lon="-121.54023">
        <ele>650.3</ele>
      </trkpt>
      <trkpt lat="36.34411" lon="-121.54019">
        <ele>653.9</ele>
      </trkpt>
      <trkpt lat="36.34351" lon="-121.54015">
        <ele>655.8</ele>
      </trkpt>
      <trkpt lat="36.34268" lon="-121.53995">
        <ele>663.3</ele>
      </trkpt>
      <trkpt lat="36.34243" lon="-121.53983">
        <ele>663.5</ele>
      </trkpt>
      <trkpt lat="36.34167" lon="-121.53929">
        <ele>663.3</ele>
      </trkpt>
      <trkpt lat="36.34159" lon="-121.53913">
        <ele>663.3</ele>
      </trkpt>
      <trkpt lat="36.34134" lon="-121.53889">
        <ele>668.4</ele>
      </trkpt>
      <trkpt lat="36.34099" lon="-121.53826">
        <ele>674.6</ele>
      </trkpt>
      <trkpt lat="36.34065" lon="-121.53792">
        <ele>683.7</ele>
      </trkpt>
      <trkpt lat="36.3401" lon="-121.53758">
        <ele>685.8</ele>
      </trkpt>
      <trkpt lat="36.33956" lon="-121.53725">
        <ele>687.4</ele>
      </trkpt>
      <trkpt lat="36.33895" lon="-121.53699">
        <ele>692.0</ele>
      </trkpt>
      <trkpt lat="36.33828" lon="-121.53641">
        <ele>691.4</ele>
      </trkpt>
      <trkpt lat="36.33809" lon="-121.53617">
        <ele>692.1</ele>
      </trkpt>
      <trkpt lat="36.33793" lon="-121.53587">
        <ele>692.3</ele>
      </trkpt>
      <trkpt lat="36.33788" lon="-121.5357">
        <ele>691.9</ele>
      </trkpt>
      <trkpt lat="36.33779" lon="-121.5355">
        <ele>691.9</ele>
      </trkpt>
      <trkpt lat="36.33777" lon="-121.53532">
        <ele>692.2</ele>
      </trkpt>
      <trkpt lat="36.33776" lon="-121.53475">
        <ele>700.1</ele>
      </trkpt>
      <trkpt lat="36.33775" lon="-121.53449">
        <ele>705.3</ele>
      </trkpt>
      <trkpt lat="36.33758" lon="-121.53345">
        <ele>706.3</ele>
      </trkpt>
      <trkpt lat="36.33761" lon="-121.53317">
        <ele>707.0</ele>
      </trkpt>
      <trkpt lat="36.33757" lon="-121.53292">
        <ele>709.9</ele>
      </trkpt>
      <trkpt lat="36.33741" lon="-121.53249">
        <ele>713.5</ele>
      </trkpt>
      <trkpt lat="36.33736" lon="-121.53196">
        <ele>716.4</ele>
      </trkpt>
      <trkpt lat="36.33747" lon="-121.53153">
        <ele>719.0</ele>
      </trkpt>
      <trkpt lat="36.33737" lon="-121.53095">
        <ele>717.5</ele>
      </trkpt>
      <trkpt lat="36.33737" lon="-121.53035">
        <ele>718.1</ele>
      </trkpt>
      <trkpt lat="36.33737" lon="-121.52975">
        <ele>719.1</ele>
      </trkpt>
      <trkpt lat="36.33736" lon="-121.52957">
        <ele>719.4</ele>
      </trkpt>
      <trkpt lat="36.33729" lon="-121.52936">
        <ele>721.2</ele>
      </trkpt>
      <trkpt lat="36.33723" lon="-121.5292">
        <ele>724.0</ele>
      </trkpt>
      <trkpt lat="36.33692" lon="-121.52863">
        <ele>728.8</ele>
      </trkpt>
      <trkpt lat="36.33661" lon="-121.52806">
        <ele>730.5</ele>
      </trkpt>
      <trkpt lat="36.33654" lon="-121.5279">
        <ele>730.2</ele>
      </trkpt>
      <trkpt lat="36.33654" lon="-121.52768">
        <ele>729.3</ele>
      </trkpt>
      <trkpt lat="36.33658" lon="-121.52758">
        <ele>728.9</ele>
      </trkpt>
      <trkpt lat="36.33667" lon="-121.52741">
        <ele>729.0</ele>
      </trkpt>
      <trkpt lat="36.33677" lon="-121.52718">
        <ele>728.6</ele>
      </trkpt>
      <trkpt lat="36.33685" lon="-121.52705">
        <ele>728.1</ele>
      </trkpt>
      <trkpt lat="36.33695" lon="-121.52694">
        <ele>727.4</ele>
      </trkpt>
      <trkpt lat="36.3371" lon="-121.52687">
        <ele>725.9</ele>
      </trkpt>
      <trkpt lat="36.33733" lon="-121.52679">
        <ele>719.4</ele>
      </trkpt>
      <trkpt lat="36.33757" lon="-121.52675">
        <ele>719.1</ele>
      </trkpt>
      <trkpt lat="36.33766" lon="-121.52671">
        <ele>719.3</ele>
      </trkpt>
      <trkpt lat="36.3377" lon="-121.52666">
        <ele>719.3</ele>
      </trkpt>
      <trkpt lat="36.33769" lon="-121.52654">
        <ele>718.5</ele>
      </trkpt>
      <trkpt lat="36.33767" lon="-121.52636">
        <ele>717.9</ele>
      </trkpt>
      <trkpt lat="36.33768" lon="-121.52614">
        <ele>717.2</ele>
      </trkpt>
      <trkpt lat="36.33772" lon="-121.52592">
        <ele>717.3</ele>
      </trkpt>
      <trkpt lat="36.33776" lon="-121.52585">
        <ele>717.5</ele>
      </trkpt>
      <trkpt lat="36.33783" lon="-121.52576">
        <ele>717.4</ele>
      </trkpt>
      <trkpt lat="36.33792" lon="-121.52567">
        <ele>716.8</ele>
      </trkpt>
      <trkpt lat="36.33803" lon="-121.5256">
        <ele>715.8</ele>
      </trkpt>
      <trkpt lat="36.33816" lon="-121.52557">
        <ele>714.7</ele>
      </trkpt>
      <trkpt lat="36.33829" lon="-121.52556">
        <ele>713.4</ele>
      </trkpt>
      <trkpt lat="36.33843" lon="-121.52558">
        <ele>712.1</ele>
      </trkpt>
      <trkpt lat="36.33854" lon="-121.52562">
        <ele>711.0</ele>
      </trkpt>
      <trkpt lat="36.33861" lon="-121.52567">
        <ele>710.6</ele>
      </trkpt>
      <trkpt lat="36.33867" lon="-121.52573">
        <ele>710.6</ele>
      </trkpt>
      <trkpt lat="36.33892" lon="-121.52608">
        <ele>707.0</ele>
      </trkpt>
      <trkpt lat="36.339" lon="-121.52613">
        <ele>706.4</ele>
      </trkpt>
      <trkpt lat="36.33909" lon="-121.52616">
        <ele>706.6</ele>
      </trkpt>
      <trkpt lat="36.3392" lon="-121.52615">
        <ele>706.4</ele>
      </trkpt>
      <trkpt lat="36.33939" lon="-121.5261">
        <ele>703.0</ele>
      </trkpt>
      <trkpt lat="36.33948" lon="-121.52611">
        <ele>700.8</ele>
      </trkpt>
      <trkpt lat="36.33957" lon="-121.52615">
        <ele>699.3</ele>
      </trkpt>
      <trkpt lat="36.33961" lon="-121.52621">
        <ele>699.1</ele>
      </trkpt>
      <trkpt lat="36.3397" lon="-121.52647">
        <ele>702.0</ele>
      </trkpt>
      <trkpt lat="36.33976" lon="-121.52655">
        <ele>703.4</ele>
      </trkpt>
      <trkpt lat="36.33986" lon="-121.52661">
        <ele>704.4</ele>
      </trkpt>
      <trkpt lat="36.34015" lon="-121.52667">
        <ele>705.2</ele>
      </trkpt>
      <trkpt lat="36.34021" lon="-121.52665">
        <ele>705.3</ele>
      </trkpt>
      <trkpt lat="36.34026" lon="-121.52662">
        <ele>705.1</ele>
      </trkpt>
      <trkpt lat="36.34029" lon="-121.52656">
        <ele>703.8</ele>
      </trkpt>
      <trkpt lat="36.34038" lon="-121.52624">
        <ele>696.4</ele>
      </trkpt>
      <trkpt lat="36.34043" lon="-121.52614">
        <ele>694.8</ele>
      </trkpt>
      <trkpt lat="36.34056" lon="-121.52605">
        <ele>692.4</ele>
      </trkpt>
      <trkpt lat="36.34065" lon="-121.52605">
        <ele>691.3</ele>
      </trkpt>
      <trkpt lat="36.34073" lon="-121.52607">
        <ele>690.5</ele>
      </trkpt>
      <trkpt lat="36.3408" lon="-121.52611">
        <ele>690.0</ele>
      </trkpt>
      <trkpt lat="36.34112" lon="-121.52641">
        <ele>689.9</ele>
      </trkpt>
      <trkpt lat="36.3414" lon="-121.52659">
        <ele>692.5</ele>
      </trkpt>
      <trkpt lat="36.34146" lon="-121.52661">
        <ele>693.2</ele>
      </trkpt>
      <trkpt lat="36.34152" lon="-121.5266">
        <ele>693.6</ele>
      </trkpt>
      <trkpt lat="36.34158" lon="-121.52655">
        <ele>693.5</ele>
      </trkpt>
      <trkpt lat="36.34178" lon="-121.52602">
        <ele>687.9</ele>
      </trkpt>
      <trkpt lat="36.34185" lon="-121.52594">
        <ele>687.2</ele>
      </trkpt>
      <trkpt lat="36.34197" lon="-121.52585">
        <ele>685.3</ele>
      </trkpt>
      <trkpt lat="36.34211" lon="-121.52578">
        <ele>682.6</ele>
      </trkpt>
      <trkpt lat="36.34226" lon="-121.52578">
        <ele>680.7</ele>
      </trkpt>
      <trkpt lat="36.34273" lon="-121.52581">
        <ele>677.9</ele>
      </trkpt>
      <trkpt lat="36.34329" lon="-121.52588">
        <ele>676.4</ele>
      </trkpt>
      <trkpt lat="36.34337" lon="-121.52587">
        <ele>678.3</ele>
      </trkpt>
      <trkpt lat="36.34342" lon="-121.52586">
        <ele>679.8</ele>
      </trkpt>
      <trkpt lat="36.34346" lon="-121.52583">
        <ele>681.3</ele>
      </trkpt>
      <trkpt lat="36.34348" lon="-121.52574">
        <ele>682.3</ele>
      </trkpt>
      <trkpt lat="36.34348" lon="-121.52569">
        <ele>682.5</ele>
      </trkpt>
      <trkpt lat="36.34332" lon="-121.52516">
        <ele>680.4</ele>
      </trkpt>
      <trkpt lat="36.34322" lon="-121.52497">
        <ele>680.2</ele>
      </trkpt>
      <trkpt lat="36.34265" lon="-121.52413">
        <ele>669.5</ele>
      </trkpt>
      <trkpt lat="36.34252" lon="-121.52401">
        <ele>668.9</ele>
      </trkpt>
      <trkpt lat="36.34232" lon="-121.52388">
        <ele>667.9</ele>
      </trkpt>
      <trkpt lat="36.34224" lon="-121.5238">
        <ele>667.4</ele>
      </trkpt>
      <trkpt lat="36.34216" lon="-121.52369">
        <ele>666.8</ele>
      </trkpt>
      <trkpt lat="36.3421" lon="-121.52353">
        <ele>666.3</ele>
      </trkpt>
      <trkpt lat="36.342" lon="-121.52321">
        <ele>665.6</ele>
      </trkpt>
      <trkpt lat="36.34193" lon="-121.52307">
        <ele>665.0</ele>
      </trkpt>
      <trkpt lat="36.34185" lon="-121.52294">
        <ele>664.3</ele>
      </trkpt>
      <trkpt lat="36.34173" lon="-121.52282">
        <ele>663.4</ele>
      </trkpt>
      <trkpt lat="36.34136" lon="-121.52265">
        <ele>662.2</ele>
      </trkpt>
      <trkpt lat="36.34132" lon="-121.52261">
        <ele>662.2</ele>
      </trkpt>
      <trkpt lat="36.34126" lon="-121.52255">
        <ele>662.1</ele>
      </trkpt>
      <trkpt lat="36.34123" lon="-121.52247">
        <ele>661.9</ele>
      </trkpt>
      <trkpt lat="36.3412" lon="-121.52234">
        <ele>661.6</ele>
      </trkpt>
      <trkpt lat="36.34119" lon="-121.5222">
        <ele>661.3</ele>
      </trkpt>
      <trkpt lat="36.34119" lon="-121.52158">
        <ele>660.2</ele>
      </trkpt>
      <trkpt lat="36.34114" lon="-121.52108">
        <ele>659.5</ele>
      </trkpt>
      <trkpt lat="36.34112" lon="-121.52055">
        <ele>655.9</ele>
      </trkpt>
      <trkpt lat="36.34109" lon="-121.52038">
        <ele>654.4</ele>
      </trkpt>
      <trkpt lat="36.34104" lon="-121.52022">
        <ele>653.1</ele>
      </trkpt>
      <trkpt lat="36.34089" lon="-121.51994">
        <ele>651.8</ele>
      </trkpt>
      <trkpt lat="36.34084" lon="-121.5198">
        <ele>651.1</ele>
      </trkpt>
      <trkpt lat="36.34074" lon="-121.51935">
        <ele>650.0</ele>
      </trkpt>
      <trkpt lat="36.3407" lon="-121.51919">
        <ele>649.7</ele>
      </trkpt>
      <trkpt lat="36.34066" lon="-121.5191">
        <ele>649.5</ele>
      </trkpt>
      <trkpt lat="36.34061" lon="-121.51902">
        <ele>649.4</ele>
      </trkpt>
      <trkpt lat="36.34034" lon="-121.51873">
        <ele>648.5</ele>
      </trkpt>
      <trkpt lat="36.3403" lon="-121.51867">
        <ele>648.4</ele>
      </trkpt>
      <trkpt lat="36.34025" lon="-121.51854">
        <ele>648.3</ele>
      </trkpt>
      <trkpt lat="36.34026" lon="-121.51843">
        <ele>648.3</ele>
      </trkpt>
      <trkpt lat="36.34028" lon="-121.51831">
        <ele>647.4</ele>
      </trkpt>
      <trkpt lat="36.34031" lon="-121.51826">
        <ele>646.5</ele>
      </trkpt>
      <trkpt lat="36.34035" lon="-121.51822">
        <ele>645.6</ele>
      </trkpt>
      <trkpt lat="36.3404" lon="-121.5182">
        <ele>644.8</ele>
      </trkpt>
      <trkpt lat="36.34049" lon="-121.51817">
        <ele>643.8</ele>
      </trkpt>
      <trkpt lat="36.34077" lon="-121.51814">
        <ele>641.3</ele>
      </trkpt>
      <trkpt lat="36.3411" lon="-121.51808">
        <ele>637.7</ele>
      </trkpt>
      <trkpt lat="36.3412" lon="-121.51807">
        <ele>636.7</ele>
      </trkpt>
      <trkpt lat="36.34125" lon="-121.51808">
        <ele>636.4</ele>
      </trkpt>
      <trkpt lat="36.3413" lon="-121.5181">
        <ele>636.2</ele>
      </trkpt>
      <trkpt lat="36.34164" lon="-121.51835">
        <ele>641.5</ele>
      </trkpt>
      <trkpt lat="36.34169" lon="-121.51837">
        <ele>642.2</ele>
      </trkpt>
      <trkpt lat="36.34175" lon="-121.51836">
        <ele>643.0</ele>
      </trkpt>
      <trkpt lat="36.34179" lon="-121.51833">
        <ele>643.4</ele>
      </trkpt>
      <trkpt lat="36.34182" lon="-121.51829">
        <ele>643.7</ele>
      </trkpt>
      <trkpt lat="36.34184" lon="-121.51825">
        <ele>644.0</ele>
      </trkpt>
      <trkpt lat="36.34184" lon="-121.51817">
        <ele>644.0</ele>
      </trkpt>
      <trkpt lat="36.34174" lon="-121.51789">
        <ele>642.9</ele>
      </trkpt>
      <trkpt lat="36.34169" lon="-121.51767">
        <ele>642.8</ele>
      </trkpt>
      <trkpt lat="36.34165" lon="-121.51734">
        <ele>640.3</ele>
      </trkpt>
      <trkpt lat="36.34163" lon="-121.5171">
        <ele>635.2</ele>
      </trkpt>
      <trkpt lat="36.3416" lon="-121.51694">
        <ele>633.6</ele>
      </trkpt>
      <trkpt lat="36.34159" lon="-121.5169">
        <ele>633.6</ele>
      </trkpt>
      <trkpt lat="36.34154" lon="-121.51684">
        <ele>633.5</ele>
      </trkpt>
      <trkpt lat="36.34124" lon="-121.51664">
        <ele>631.9</ele>
      </trkpt>
      <trkpt lat="36.3412" lon="-121.51659">
        <ele>632.0</ele>
      </trkpt>
      <trkpt lat="36.34115" lon="-121.51649">
        <ele>632.8</ele>
      </trkpt>
      <trkpt lat="36.34111" lon="-121.51634">
        <ele>634.2</ele>
      </trkpt>
      <trkpt lat="36.34104" lon="-121.51581">
        <ele>633.6</ele>
      </trkpt>
      <trkpt lat="36.34101" lon="-121.51568">
        <ele>631.9</ele>
      </trkpt>
      <trkpt lat="36.34071" lon="-121.51505">
        <ele>621.0</ele>
      </trkpt>
      <trkpt lat="36.3404" lon="-121.51443">
        <ele>615.8</ele>
      </trkpt>
      <trkpt lat="36.34036" lon="-121.51429">
        <ele>615.6</ele>
      </trkpt>
      <trkpt lat="36.34033" lon="-121.51418">
        <ele>615.6</ele>
      </trkpt>
      <trkpt lat="36.34024" lon="-121.51375">
        <ele>612.5</ele>
      </trkpt>
      <trkpt lat="36.34019" lon="-121.5134">
        <ele>610.2</ele>
      </trkpt>
      <trkpt lat="36.34017" lon="-121.51331">
        <ele>610.1</ele>
      </trkpt>
      <trkpt lat="36.34014" lon="-121.51324">
        <ele>609.9</ele>
      </trkpt>
      <trkpt lat="36.34008" lon="-121.51311">
        <ele>609.7</ele>
      </trkpt>
      <trkpt lat="36.33983" lon="-121.51275">
        <ele>606.3</ele>
      </trkpt>
      <trkpt lat="36.33981" lon="-121.5127">
        <ele>605.5</ele>
      </trkpt>
      <trkpt lat="36.3398" lon="-121.5126">
        <ele>604.2</ele>
      </trkpt>
      <trkpt lat="36.33981" lon="-121.51248">
        <ele>601.5</ele>
      </trkpt>
      <trkpt lat="36.33985" lon="-121.51232">
        <ele>597.9</ele>
      </trkpt>
      <trkpt lat="36.33991" lon="-121.5122">
        <ele>595.7</ele>
      </trkpt>
      <trkpt lat="36.33999" lon="-121.51212">
        <ele>594.6</ele>
      </trkpt>
      <trkpt lat="36.34012" lon="-121.5121">
        <ele>594.4</ele>
      </trkpt>
      <trkpt lat="36.34048" lon="-121.51209">
        <ele>594.0</ele>
      </trkpt>
      <trkpt lat="36.34073" lon="-121.51206">
        <ele>592.9</ele>
      </trkpt>
      <trkpt lat="36.34123" lon="-121.51192">
        <ele>584.6</ele>
      </trkpt>
      <trkpt lat="36.34173" lon="-121.51178">
        <ele>581.7</ele>
      </trkpt>
      <trkpt lat="36.34181" lon="-121.51175">
        <ele>581.5</ele>
      </trkpt>
      <trkpt lat="36.34197" lon="-121.51164">
        <ele>580.9</ele>
      </trkpt>
      <trkpt lat="36.3422" lon="-121.51141">
        <ele>578.8</ele>
      </trkpt>
      <trkpt lat="36.34226" lon="-121.51136">
        <ele>577.5</ele>
      </trkpt>
      <trkpt lat="36.34233" lon="-121.51133">
        <ele>575.9</ele>
      </trkpt>
      <trkpt lat="36.3424" lon="-121.51131">
        <ele>573.8</ele>
      </trkpt>
      <trkpt lat="36.34269" lon="-121.51126">
        <ele>571.4</ele>
      </trkpt>
      <trkpt lat="36.3429" lon="-121.51119">
        <ele>570.0</ele>
      </trkpt>
      <trkpt lat="36.34307" lon="-121.51108">
        <ele>568.8</ele>
      </trkpt>
      <trkpt lat="36.34343" lon="-121.51078">
        <ele>568.0</ele>
      </trkpt>
      <trkpt lat="36.34348" lon="-121.51073">
        <ele>567.8</ele>
      </trkpt>
      <trkpt lat="36.34357" lon="-121.51058">
        <ele>566.9</ele>
      </trkpt>
      <trkpt lat="36.34362" lon="-121.51041">
        <ele>565.3</ele>
      </trkpt>
      <trkpt lat="36.34378" lon="-121.50954">
        <ele>559.6</ele>
      </trkpt>
      <trkpt lat="36.34381" lon="-121.50934">
        <ele>559.3</ele>
      </trkpt>
      <trkpt lat="36.34382" lon="-121.50919">
        <ele>559.1</ele>
      </trkpt>
      <trkpt lat="36.34381" lon="-121.50914">
        <ele>559.1</ele>
      </trkpt>
      <trkpt lat="36.3438" lon="-121.50908">
        <ele>559.2</ele>
      </trkpt>
      <trkpt lat="36.34378" lon="-121.50903">
        <ele>559.2</ele>
      </trkpt>
      <trkpt lat="36.34374" lon="-121.50899">
        <ele>559.2</ele>
      </trkpt>
      <trkpt lat="36.3437" lon="-121.50896">
        <ele>559.1</ele>
      </trkpt>
      <trkpt lat="36.34327" lon="-121.50875">
        <ele>557.5</ele>
      </trkpt>
      <trkpt lat="36.34313" lon="-121.50867">
        <ele>556.5</ele>
      </trkpt>
      <trkpt lat="36.34293" lon="-121.50854">
        <ele>554.7</ele>
      </trkpt>
      <trkpt lat="36.34272" lon="-121.50839">
        <ele>551.1</ele>
      </trkpt>
      <trkpt lat="36.34263" lon="-121.50829">
        <ele>549.5</ele>
      </trkpt>
      <trkpt lat="36.34238" lon="-121.50795">
        <ele>548.7</ele>
      </trkpt>
      <trkpt lat="36.34225" lon="-121.5078">
        <ele>547.0</ele>
      </trkpt>
      <trkpt lat="36.34216" lon="-121.50772">
        <ele>545.6</ele>
      </trkpt>
      <trkpt lat="36.34194" lon="-121.50759">
        <ele>542.5</ele>
      </trkpt>
      <trkpt lat="36.34186" lon="-121.50752">
        <ele>541.7</ele>
      </trkpt>
      <trkpt lat="36.34181" lon="-121.50746">
        <ele>541.2</ele>
      </trkpt>
      <trkpt lat="36.34161" lon="-121.50703">
        <ele>540.0</ele>
      </trkpt>
      <trkpt lat="36.34155" lon="-121.50693">
        <ele>539.7</ele>
      </trkpt>
      <trkpt lat="36.34149" lon="-121.50686">
        <ele>539.4</ele>
      </trkpt>
      <trkpt lat="36.34127" lon="-121.5066">
        <ele>536.9</ele>
      </trkpt>
      <trkpt lat="36.34121" lon="-121.50654">
        <ele>536.3</ele>
      </trkpt>
      <trkpt lat="36.34111" lon="-121.50647">
        <ele>535.0</ele>
      </trkpt>
      <trkpt lat="36.34098" lon="-121.50643">
        <ele>533.3</ele>
      </trkpt>
      <trkpt lat="36.34086" lon="-121.50642">
        <ele>531.8</ele>
      </trkpt>
      <trkpt lat="36.34072" lon="-121.50645">
        <ele>529.7</ele>
      </trkpt>
      <trkpt lat="36.34064" lon="-121.50644">
        <ele>529.0</ele>
      </trkpt>
      <trkpt lat="36.34057" lon="-121.50639">
        <ele>528.9</ele>
      </trkpt>
      <trkpt lat="36.34054" lon="-121.50636">
        <ele>528.8</ele>
      </trkpt>
      <trkpt lat="36.34045" lon="-121.50623">
        <ele>528.6</ele>
      </trkpt>
      <trkpt lat="36.3404" lon="-121.50612">
        <ele>528.4</ele>
      </trkpt>
      <trkpt lat="36.34032" lon="-121.50593">
        <ele>527.1</ele>
      </trkpt>
      <trkpt lat="36.3403" lon="-121.50584">
        <ele>526.1</ele>
      </trkpt>
      <trkpt lat="36.34028" lon="-121.50564">
        <ele>524.1</ele>
      </trkpt>
      <trkpt lat="36.34028" lon="-121.50542">
        <ele>523.0</ele>
      </trkpt>
      <trkpt lat="36.3403" lon="-121.50531">
        <ele>522.6</ele>
      </trkpt>
      <trkpt lat="36.34035" lon="-121.50513">
        <ele>521.8</ele>
      </trkpt>
      <trkpt lat="36.34038" lon="-121.50506">
        <ele>522.1</ele>
      </trkpt>
      <trkpt lat="36.3404" lon="-121.505">
        <ele>522.4</ele>
      </trkpt>
      <trkpt lat="36.3404" lon="-121.50486">
        <ele>522.9</ele>
      </trkpt>
      <trkpt lat="36.34037" lon="-121.50475">
        <ele>522.8</ele>
      </trkpt>
      <trkpt lat="36.34029" lon="-121.5046">
        <ele>521.1</ele>
      </trkpt>
      <trkpt lat="36.34028" lon="-121.50455">
        <ele>520.9</ele>
      </trkpt>
      <trkpt lat="36.34026" lon="-121.50442">
        <ele>519.4</ele>
      </trkpt>
      <trkpt lat="36.34025" lon="-121.50428">
        <ele>516.6</ele>
      </trkpt>
      <trkpt lat="36.3402" lon="-121.50396">
        <ele>510.4</ele>
      </trkpt>
      <trkpt lat="36.34027" lon="-121.50308">
        <ele>502.7</ele>
      </trkpt>
      <trkpt lat="36.34035" lon="-121.5022">
        <ele>492.3</ele>
      </trkpt>
      <trkpt lat="36.34024" lon="-121.50178">
        <ele>488.1</ele>
      </trkpt>
      <trkpt lat="36.34007" lon="-121.5015">
        <ele>486.6</ele>
      </trkpt>
      <trkpt lat="36.33957" lon="-121.50092">
        <ele>483.6</ele>
      </trkpt>
      <trkpt lat="36.33906" lon="-121.50033">
        <ele>475.4</ele>
      </trkpt>
      <trkpt lat="36.33867" lon="-121.50002">
        <ele>474.9</ele>
      </trkpt>
      <trkpt lat="36.33838" lon="-121.49986">
        <ele>474.3</ele>
      </trkpt>
      <trkpt lat="36.33778" lon="-121.49965">
        <ele>471.6</ele>
      </trkpt>
      <trkpt lat="36.33736" lon="-121.49956">
        <ele>470.6</ele>
      </trkpt>
      <trkpt lat="36.33648" lon="-121.49955">
        <ele>469.7</ele>
      </trkpt>
      <trkpt lat="36.33596" lon="-121.49947">
        <ele>468.9</ele>
      </trkpt>
      <trkpt lat="36.33544" lon="-121.4994">
        <ele>464.8</ele>
      </trkpt>
      <trkpt lat="36.33479" lon="-121.49926">
        <ele>460.2</ele>
      </trkpt>
      <trkpt lat="36.33406" lon="-121.49905">
        <ele>457.8</ele>
      </trkpt>
      <trkpt lat="36.33362" lon="-121.4989">
        <ele>455.6</ele>
      </trkpt>
      <trkpt lat="36.33318" lon="-121.49875">
        <ele>454.4</ele>
      </trkpt>
      <trkpt lat="36.33261" lon="-121.49846">
        <ele>453.4</ele>
      </trkpt>
      <trkpt lat="36.33203" lon="-121.49817">
        <ele>453.8</ele>
      </trkpt>
      <trkpt lat="36.33146" lon="-121.49788">
        <ele>448.2</ele>
      </trkpt>
      <trkpt lat="36.33104" lon="-121.49738">
        <ele>446.0</ele>
      </trkpt>
      <trkpt lat="36.33062" lon="-121.49705">
        <ele>444.7</ele>
      </trkpt>
      <trkpt lat="36.33019" lon="-121.49672">
        <ele>444.5</ele>
      </trkpt>
      <trkpt lat="36.32996" lon="-121.49649">
        <ele>443.9</ele>
      </trkpt>
      <trkpt lat="36.3295" lon="-121.49565">
        <ele>442.1</ele>
      </trkpt>
      <trkpt lat="36.32907" lon="-121.49496">
        <ele>442.0</ele>
      </trkpt>
      <trkpt lat="36.32864" lon="-121.49427">
        <ele>433.7</ele>
      </trkpt>
      <trkpt lat="36.32821" lon="-121.49358">
        <ele>432.5</ele>
      </trkpt>
      <trkpt lat="36.32784" lon="-121.49291">
        <ele>431.2</ele>
      </trkpt>
      <trkpt lat="36.32746" lon="-121.49223">
        <ele>429.6</ele>
      </trkpt>
      <trkpt lat="36.32691" lon="-121.49142">
        <ele>425.4</ele>
      </trkpt>
      <trkpt lat="36.32636" lon="-121.49062">
        <ele>423.6</ele>
      </trkpt>
      <trkpt lat="36.32612" lon="-121.49033">
        <ele>422.6</ele>
      </trkpt>
      <trkpt lat="36.32551" lon="-121.48975">
        <ele>419.7</ele>
      </trkpt>
      <trkpt lat="36.32526" lon="-121.48965">
        <ele>419.3</ele>
      </trkpt>
      <trkpt lat="36.32502" lon="-121.4897">
        <ele>419.3</ele>
      </trkpt>
      <trkpt lat="36.32429" lon="-121.49021">
        <ele>413.2</ele>
      </trkpt>
      <trkpt lat="36.32355" lon="-121.49072">
        <ele>410.6</ele>
      </trkpt>
      <trkpt lat="36.32309" lon="-121.49097">
        <ele>408.8</ele>
      </trkpt>
      <trkpt lat="36.32277" lon="-121.49104">
        <ele>407.3</ele>
      </trkpt>
      <trkpt lat="36.32194" lon="-121.49095">
        <ele>401.2</ele>
      </trkpt>
      <trkpt lat="36.32185" lon="-121.49097">
        <ele>401.0</ele>
      </trkpt>
      <trkpt lat="36.32158" lon="-121.4909">
        <ele>400.7</ele>
      </trkpt>
      <trkpt lat="36.32135" lon="-121.49072">
        <ele>400.9</ele>
      </trkpt>
      <trkpt lat="36.32105" lon="-121.49029">
        <ele>399.6</ele>
      </trkpt>
      <trkpt lat="36.32098" lon="-121.49017">
        <ele>399.3</ele>
      </trkpt>
      <trkpt lat="36.32057" lon="-121.48967">
        <ele>399.3</ele>
      </trkpt>
      <trkpt lat="36.32014" lon="-121.48926">
        <ele>399.8</ele>
      </trkpt>
      <trkpt lat="36.31981" lon="-121.48907">
        <ele>397.6</ele>
      </trkpt>
      <trkpt lat="36.31933" lon="-121.48891">
        <ele>394.7</ele>
      </trkpt>
      <trkpt lat="36.31885" lon="-121.48874">
        <ele>394.8</ele>
      </trkpt>
      <trkpt lat="36.31856" lon="-121.48862">
        <ele>390.8</ele>
      </trkpt>
      <trkpt lat="36.31807" lon="-121.48807">
        <ele>386.5</ele>
      </trkpt>
      <trkpt lat="36.31758" lon="-121.48752">
        <ele>385.2</ele>
      </trkpt>
      <trkpt lat="36.31708" lon="-121.48697">
        <ele>381.4</ele>
      </trkpt>
      <trkpt lat="36.31705" lon="-121.48696">
        <ele>381.0</ele>
      </trkpt>
      <trkpt lat="36.31649" lon="-121.48638">
        <ele>376.4</ele>
      </trkpt>
      <trkpt lat="36.31592" lon="-121.4858">
        <ele>375.1</ele>
      </trkpt>
      <trkpt lat="36.31532" lon="-121.4852">
        <ele>373.7</ele>
      </trkpt>
      <trkpt lat="36.31472" lon="-121.48459">
        <ele>375.9</ele>
      </trkpt>
      <trkpt lat="36.31433" lon="-121.48419">
        <ele>375.7</ele>
      </trkpt>
      <trkpt lat="36.31394" lon="-121.48378">
        <ele>376.8</ele>
      </trkpt>
      <trkpt lat="36.31355" lon="-121.48341">
        <ele>374.3</ele>
      </trkpt>
      <trkpt lat="36.31317" lon="-121.48304">
        <ele>373.8</ele>
      </trkpt>
      <trkpt lat="36.31275" lon="-121.48262">
        <ele>373.8</ele>
      </trkpt>
      <trkpt lat="36.31232" lon="-121.48219">
        <ele>373.4</ele>
      </trkpt>
      <trkpt lat="36.31212" lon="-121.48205">
        <ele>374.2</ele>
      </trkpt>
      <trkpt lat="36.31195" lon="-121.48194">
        <ele>374.1</ele>
      </trkpt>
      <trkpt lat="36.3118" lon="-121.48186">
        <ele>373.7</ele>
      </trkpt>
      <trkpt lat="36.31124" lon="-121.48168">
        <ele>374.7</ele>
      </trkpt>
      <trkpt lat="36.31083" lon="-121.48157">
        <ele>375.7</ele>
      </trkpt>
      <trkpt lat="36.31034" lon="-121.48141">
        <ele>375.4</ele>
      </trkpt>
      <trkpt lat="36.30992" lon="-121.4812">
        <ele>370.9</ele>
      </trkpt>
      <trkpt lat="36.30961" lon="-121.48096">
        <ele>366.4</ele>
      </trkpt>
      <trkpt lat="36.30951" lon="-121.48086">
        <ele>365.6</ele>
      </trkpt>
      <trkpt lat="36.3094" lon="-121.48073">
        <ele>365.0</ele>
      </trkpt>
      <trkpt lat="36.30927" lon="-121.48059">
        <ele>364.5</ele>
      </trkpt>
      <trkpt lat="36.30877" lon="-121.47991">
        <ele>365.1</ele>
      </trkpt>
      <trkpt lat="36.30832" lon="-121.47926">
        <ele>364.9</ele>
      </trkpt>
      <trkpt lat="36.30787" lon="-121.4786">
        <ele>363.6</ele>
      </trkpt>
      <trkpt lat="36.30742" lon="-121.47795">
        <ele>358.5</ele>
      </trkpt>
      <trkpt lat="36.30697" lon="-121.47729">
        <ele>360.6</ele>
      </trkpt>
      <trkpt lat="36.30669" lon="-121.47686">
        <ele>362.4</ele>
      </trkpt>
      <trkpt lat="36.30637" lon="-121.47639">
        <ele>361.7</ele>
      </trkpt>
      <trkpt lat="36.30604" lon="-121.47593">
        <ele>358.9</ele>
      </trkpt>
      <trkpt lat="36.30556" lon="-121.47574">
        <ele>352.0</ele>
      </trkpt>
      <trkpt lat="36.30509" lon="-121.47555">
        <ele>351.2</ele>
      </trkpt>
      <trkpt lat="36.30454" lon="-121.47536">
        <ele>351.6</ele>
      </trkpt>
      <trkpt lat="36.304" lon="-121.47518">
        <ele>350.4</ele>
      </trkpt>
      <trkpt lat="36.30349" lon="-121.47506">
        <ele>349.3</ele>
      </trkpt>
      <trkpt lat="36.30292" lon="-121.47489">
        <ele>347.1</ele>
      </trkpt>
      <trkpt lat="36.30234" lon="-121.47473">
        <ele>347.1</ele>
      </trkpt>
      <trkpt lat="36.30173" lon="-121.47457">
        <ele>345.0</ele>
      </trkpt>
      <trkpt lat="36.30112" lon="-121.47441">
        <ele>343.6</ele>
      </trkpt>
      <trkpt lat="36.30102" lon="-121.47438">
        <ele>343.3</ele>
      </trkpt>
      <trkpt lat="36.30074" lon="-121.47423">
        <ele>342.7</ele>
      </trkpt>
      <trkpt lat="36.30062" lon="-121.47415">
        <ele>342.4</ele>
      </trkpt>
      <trkpt lat="36.30036" lon="-121.47393">
        <ele>341.8</ele>
      </trkpt>
      <trkpt lat="36.30016" lon="-121.47362">
        <ele>341.3</ele>
      </trkpt>
      <trkpt lat="36.29987" lon="-121.47307">
        <ele>341.0</ele>
      </trkpt>
      <trkpt lat="36.29932" lon="-121.47233">
        <ele>338.4</ele>
      </trkpt>
      <trkpt lat="36.29891" lon="-121.47194">
        <ele>338.3</ele>
      </trkpt>
      <trkpt lat="36.29816" lon="-121.47167">
        <ele>337.1</ele>
      </trkpt>
      <trkpt lat="36.29747" lon="-121.47109">
        <ele>336.0</ele>
      </trkpt>
      <trkpt lat="36.29702" lon="-121.47076">
        <ele>335.7</ele>
      </trkpt>
      <trkpt lat="36.29684" lon="-121.47068">
        <ele>336.4</ele>
      </trkpt>
      <trkpt lat="36.29638" lon="-121.47023">
        <ele>334.3</ele>
      </trkpt>
      <trkpt lat="36.29615" lon="-121.47011">
        <ele>334.0</ele>
      </trkpt>
      <trkpt lat="36.2956" lon="-121.46989">
        <ele>333.5</ele>
      </trkpt>
      <trkpt lat="36.29504" lon="-121.46967">
        <ele>329.3</ele>
      </trkpt>
      <trkpt lat="36.29475" lon="-121.46951">
        <ele>328.3</ele>
      </trkpt>
      <trkpt lat="36.29449" lon="-121.46931">
        <ele>327.3</ele>
      </trkpt>
      <trkpt lat="36.29432" lon="-121.4692">
        <ele>327.8</ele>
      </trkpt>
      <trkpt lat="36.29387" lon="-121.46885">
        <ele>331.3</ele>
      </trkpt>
      <trkpt lat="36.29343" lon="-121.46851">
        <ele>333.5</ele>
      </trkpt>
      <trkpt lat="36.29285" lon="-121.46802">
        <ele>329.6</ele>
      </trkpt>
      <trkpt lat="36.29228" lon="-121.46754">
        <ele>328.6</ele>
      </trkpt>
      <trkpt lat="36.2917" lon="-121.46706">
        <ele>326.5</ele>
      </trkpt>
      <trkpt lat="36.29127" lon="-121.46679">
        <ele>327.9</ele>
      </trkpt>
      <trkpt lat="36.29084" lon="-121.46654">
        <ele>330.9</ele>
      </trkpt>
      <trkpt lat="36.29042" lon="-121.46591">
        <ele>328.0</ele>
      </trkpt>
      <trkpt lat="36.28985" lon="-121.46529">
        <ele>324.2</ele>
      </trkpt>
      <trkpt lat="36.28928" lon="-121.46467">
        <ele>327.4</ele>
      </trkpt>
      <trkpt lat="36.28878" lon="-121.46401">
        <ele>326.7</ele>
      </trkpt>
      <trkpt lat="36.28827" lon="-121.46336">
        <ele>323.1</ele>
      </trkpt>
      <trkpt lat="36.2878" lon="-121.46258">
        <ele>322.7</ele>
      </trkpt>
      <trkpt lat="36.28733" lon="-121.46181">
        <ele>323.0</ele>
      </trkpt>
      <trkpt lat="36.28687" lon="-121.46103">
        <ele>317.5</ele>
      </trkpt>
      <trkpt lat="36.28667" lon="-121.46049">
        <ele>316.1</ele>
      </trkpt>
      <trkpt lat="36.28648" lon="-121.45995">
        <ele>315.7</ele>
      </trkpt>
      <trkpt lat="36.28609" lon="-121.45937">
        <ele>312.6</ele>
      </trkpt>
      <trkpt lat="36.28571" lon="-121.45911">
        <ele>310.2</ele>
      </trkpt>
      <trkpt lat="36.28499" lon="-121.45897">
        <ele>310.2</ele>
      </trkpt>
      <trkpt lat="36.28456" lon="-121.45881">
        <ele>311.8</ele>
      </trkpt>
      <trkpt lat="36.28412" lon="-121.45865">
        <ele>311.0</ele>
      </trkpt>
      <trkpt lat="36.28343" lon="-121.45798">
        <ele>312.7</ele>
      </trkpt>
      <trkpt lat="36.28275" lon="-121.45731">
        <ele>302.9</ele>
      </trkpt>
      <trkpt lat="36.28232" lon="-121.457">
        <ele>300.9</ele>
      </trkpt>
      <trkpt lat="36.28188" lon="-121.45682">
        <ele>310.3</ele>
      </trkpt>
      <trkpt lat="36.28144" lon="-121.45665">
        <ele>302.9</ele>
      </trkpt>
      <trkpt lat="36.28121" lon="-121.45649">
        <ele>301.1</ele>
      </trkpt>
      <trkpt lat="36.28105" lon="-121.45625">
        <ele>300.4</ele>
      </trkpt>
      <trkpt lat="36.28087" lon="-121.45559">
        <ele>299.7</ele>
      </trkpt>
      <trkpt lat="36.28074" lon="-121.45531">
        <ele>298.6</ele>
      </trkpt>
      <trkpt lat="36.28032" lon="-121.4547">
        <ele>289.7</ele>
      </trkpt>
      <trkpt lat="36.27991" lon="-121.4541">
        <ele>289.0</ele>
      </trkpt>
      <trkpt lat="36.27958" lon="-121.45379">
        <ele>288.3</ele>
      </trkpt>
      <trkpt lat="36.2793" lon="-121.45363">
        <ele>287.9</ele>
      </trkpt>
      <trkpt lat="36.27878" lon="-121.4535">
        <ele>285.6</ele>
      </trkpt>
      <trkpt lat="36.27825" lon="-121.4536">
        <ele>281.7</ele>
      </trkpt>
      <trkpt lat="36.27798" lon="-121.45357">
        <ele>282.1</ele>
      </trkpt>
      <trkpt lat="36.27744" lon="-121.45344">
        <ele>285.2</ele>
      </trkpt>
      <trkpt lat="36.2769" lon="-121.45331">
        <ele>286.0</ele>
      </trkpt>
      <trkpt lat="36.27642" lon="-121.45306">
        <ele>287.9</ele>
      </trkpt>
      <trkpt lat="36.27597" lon="-121.45273">
        <ele>287.0</ele>
      </trkpt>
      <trkpt lat="36.27583" lon="-121.45249">
        <ele>286.1</ele>
      </trkpt>
      <trkpt lat="36.27567" lon="-121.45185">
        <ele>277.9</ele>
      </trkpt>
      <trkpt lat="36.27549" lon="-121.45146">
        <ele>275.3</ele>
      </trkpt>
      <trkpt lat="36.27533" lon="-121.45126">
        <ele>276.2</ele>
      </trkpt>
      <trkpt lat="36.27499" lon="-121.45106">
        <ele>276.4</ele>
      </trkpt>
      <trkpt lat="36.27486" lon="-121.45093">
        <ele>277.6</ele>
      </trkpt>
      <trkpt lat="36.27477" lon="-121.45074">
        <ele>277.1</ele>
      </trkpt>
      <trkpt lat="36.27475" lon="-121.4503">
        <ele>279.5</ele>
      </trkpt>
      <trkpt lat="36.27474" lon="-121.45019">
        <ele>280.2</ele>
      </trkpt>
      <trkpt lat="36.27472" lon="-121.45009">
        <ele>280.8</ele>
      </trkpt>
      <trkpt lat="36.27467" lon="-121.44998">
        <ele>280.8</ele>
      </trkpt>
      <trkpt lat="36.2746" lon="-121.4499">
        <ele>279.6</ele>
      </trkpt>
      <trkpt lat="36.27438" lon="-121.44973">
        <ele>277.2</ele>
      </trkpt>
      <trkpt lat="36.2743" lon="-121.44963">
        <ele>277.8</ele>
      </trkpt>
      <trkpt lat="36.27423" lon="-121.44952">
        <ele>278.0</ele>
      </trkpt>
      <trkpt lat="36.27419" lon="-121.44944">
        <ele>278.1</ele>
      </trkpt>
      <trkpt lat="36.27417" lon="-121.44936">
        <ele>278.3</ele>
      </trkpt>
      <trkpt lat="36.27414" lon="-121.44911">
        <ele>278.9</ele>
      </trkpt>
      <trkpt lat="36.27406" lon="-121.44838">
        <ele>278.8</ele>
      </trkpt>
      <trkpt lat="36.27398" lon="-121.44807">
        <ele>279.0</ele>
      </trkpt>
      <trkpt lat="36.27388" lon="-121.44789">
        <ele>279.1</ele>
      </trkpt>
      <trkpt lat="36.27379" lon="-121.44769">
        <ele>279.4</ele>
      </trkpt>
      <trkpt lat="36.27369" lon="-121.44752">
        <ele>279.2</ele>
      </trkpt>
      <trkpt lat="36.27362" lon="-121.44744">
        <ele>278.8</ele>
      </trkpt>
      <trkpt lat="36.27357" lon="-121.44736">
        <ele>278.7</ele>
      </trkpt>
      <trkpt lat="36.27344" lon="-121.44703">
        <ele>278.9</ele>
      </trkpt>
      <trkpt lat="36.2734" lon="-121.44693">
        <ele>278.8</ele>
      </trkpt>
      <trkpt lat="36.27334" lon="-121.44684">
        <ele>278.8</ele>
      </trkpt>
      <trkpt lat="36.27327" lon="-121.44677">
        <ele>278.8</ele>
      </trkpt>
      <trkpt lat="36.27317" lon="-121.44669">
        <ele>278.8</ele>
      </trkpt>
      <trkpt lat="36.27295" lon="-121.44656">
        <ele>278.2</ele>
      </trkpt>
      <trkpt lat="36.27275" lon="-121.44647">
        <ele>277.2</ele>
      </trkpt>
      <trkpt lat="36.27259" lon="-121.4464">
        <ele>276.4</ele>
      </trkpt>
      <trkpt lat="36.27247" lon="-121.44636">
        <ele>276.1</ele>
      </trkpt>
      <trkpt lat="36.27192" lon="-121.44627">
        <ele>274.1</ele>
      </trkpt>
      <trkpt lat="36.27184" lon="-121.44624">
        <ele>273.8</ele>
      </trkpt>
      <trkpt lat="36.27173" lon="-121.44618">
        <ele>273.8</ele>
      </trkpt>
      <trkpt lat="36.27164" lon="-121.44613">
        <ele>273.6</ele>
      </trkpt>
      <trkpt lat="36.27151" lon="-121.44602">
        <ele>273.7</ele>
      </trkpt>
      <trkpt lat="36.27125" lon="-121.44575">
        <ele>272.9</ele>
      </trkpt>
      <trkpt lat="36.27112" lon="-121.4456">
        <ele>272.1</ele>
      </trkpt>
      <trkpt lat="36.27079" lon="-121.44509">
        <ele>265.5</ele>
      </trkpt>
      <trkpt lat="36.27044" lon="-121.44455">
        <ele>266.6</ele>
      </trkpt>
      <trkpt lat="36.27013" lon="-121.44396">
        <ele>265.6</ele>
      </trkpt>
      <trkpt lat="36.26985" lon="-121.44335">
        <ele>264.0</ele>
      </trkpt>
      <trkpt lat="36.26978" lon="-121.44316">
        <ele>263.6</ele>
      </trkpt>
      <trkpt lat="36.26971" lon="-121.4428">
        <ele>262.8</ele>
      </trkpt>
      <trkpt lat="36.26969" lon="-121.44263">
        <ele>262.3</ele>
      </trkpt>
      <trkpt lat="36.26967" lon="-121.44224">
        <ele>261.6</ele>
      </trkpt>
      <trkpt lat="36.26968" lon="-121.44205">
        <ele>261.0</ele>
      </trkpt>
      <trkpt lat="36.2697" lon="-121.44191">
        <ele>260.4</ele>
      </trkpt>
      <trkpt lat="36.26973" lon="-121.44176">
        <ele>259.8</ele>
      </trkpt>
      <trkpt lat="36.26988" lon="-121.44124">
        <ele>259.5</ele>
      </trkpt>
      <trkpt lat="36.26995" lon="-121.44102">
        <ele>259.5</ele>
      </trkpt>
      <trkpt lat="36.27024" lon="-121.4403">
        <ele>257.5</ele>
      </trkpt>
      <trkpt lat="36.2703" lon="-121.44009">
        <ele>255.4</ele>
      </trkpt>
      <trkpt lat="36.27031" lon="-121.43987">
        <ele>253.6</ele>
      </trkpt>
      <trkpt lat="36.27029" lon="-121.43919">
        <ele>251.9</ele>
      </trkpt>
      <trkpt lat="36.27028" lon="-121.43852">
        <ele>253.5</ele>
      </trkpt>
      <trkpt lat="36.27026" lon="-121.43836">
        <ele>254.0</ele>
      </trkpt>
      <trkpt lat="36.27022" lon="-121.43823">
        <ele>253.6</ele>
      </trkpt>
      <trkpt lat="36.27016" lon="-121.43809">
        <ele>252.8</ele>
      </trkpt>
      <trkpt lat="36.2701" lon="-121.43797">
        <ele>252.7</ele>
      </trkpt>
      <trkpt lat="36.27002" lon="-121.43786">
        <ele>252.5</ele>
      </trkpt>
      <trkpt lat="36.26994" lon="-121.4378">
        <ele>252.0</ele>
      </trkpt>
      <trkpt lat="36.26986" lon="-121.43775">
        <ele>251.8</ele>
      </trkpt>
      <trkpt lat="36.26979" lon="-121.43773">
        <ele>251.3</ele>
      </trkpt>
      <trkpt lat="36.26971" lon="-121.43771">
        <ele>251.1</ele>
      </trkpt>
      <trkpt lat="36.26957" lon="-121.43772">
        <ele>250.9</ele>
      </trkpt>
      <trkpt lat="36.26944" lon="-121.43776">
        <ele>250.1</ele>
      </trkpt>
      <trkpt lat="36.26923" lon="-121.43785">
        <ele>247.2</ele>
      </trkpt>
      <trkpt lat="36.26914" lon="-121.43787">
        <ele>246.2</ele>
      </trkpt>
      <trkpt lat="36.26905" lon="-121.43788">
        <ele>245.4</ele>
      </trkpt>
      <trkpt lat="36.26892" lon="-121.43788">
        <ele>245.5</ele>
      </trkpt>
      <trkpt lat="36.26878" lon="-121.43785">
        <ele>245.8</ele>
      </trkpt>
      <trkpt lat="36.26859" lon="-121.43779">
        <ele>242.6</ele>
      </trkpt>
      <trkpt lat="36.26847" lon="-121.43774">
        <ele>241.0</ele>
      </trkpt>
      <trkpt lat="36.26836" lon="-121.43768">
        <ele>240.7</ele>
      </trkpt>
      <trkpt lat="36.26823" lon="-121.43759">
        <ele>240.7</ele>
      </trkpt>
      <trkpt lat="36.26815" lon="-121.43749">
        <ele>240.9</ele>
      </trkpt>
      <trkpt lat="36.26809" lon="-121.4374">
        <ele>241.0</ele>
      </trkpt>
      <trkpt lat="36.26804" lon="-121.43726">
        <ele>241.1</ele>
      </trkpt>
      <trkpt lat="36.26801" lon="-121.43714">
        <ele>241.2</ele>
      </trkpt>
      <trkpt lat="36.26798" lon="-121.437">
        <ele>241.8</ele>
      </trkpt>
      <trkpt lat="36.26798" lon="-121.43689">
        <ele>243.2</ele>
      </trkpt>
      <trkpt lat="36.26798" lon="-121.43676">
        <ele>245.7</ele>
      </trkpt>
      <trkpt lat="36.26801" lon="-121.43648">
        <ele>250.9</ele>
      </trkpt>
      <trkpt lat="36.26801" lon="-121.43639">
        <ele>251.6</ele>
      </trkpt>
      <trkpt lat="36.26797" lon="-121.43623">
        <ele>251.5</ele>
      </trkpt>
      <trkpt lat="36.26794" lon="-121.43615">
        <ele>251.6</ele>
      </trkpt>
      <trkpt lat="36.26789" lon="-121.43609">
        <ele>251.6</ele>
      </trkpt>
      <trkpt lat="36.2678" lon="-121.436">
        <ele>251.9</ele>
      </trkpt>
      <trkpt lat="36.26767" lon="-121.43594">
        <ele>251.4</ele>
      </trkpt>
      <trkpt lat="36.2676" lon="-121.43592">
        <ele>251.1</ele>
      </trkpt>
      <trkpt lat="36.2671" lon="-121.43584">
        <ele>250.2</ele>
      </trkpt>
      <trkpt lat="36.26673" lon="-121.43579">
        <ele>250.0</ele>
      </trkpt>
      <trkpt lat="36.26653" lon="-121.43575">
        <ele>248.7</ele>
      </trkpt>
      <trkpt lat="36.26646" lon="-121.43572">
        <ele>248.4</ele>
      </trkpt>
      <trkpt lat="36.26631" lon="-121.43562">
        <ele>248.3</ele>
      </trkpt>
      <trkpt lat="36.26623" lon="-121.43555">
        <ele>247.5</ele>
      </trkpt>
      <trkpt lat="36.26613" lon="-121.43544">
        <ele>244.7</ele>
      </trkpt>
      <trkpt lat="36.26557" lon="-121.43479">
        <ele>242.4</ele>
      </trkpt>
      <trkpt lat="36.26502" lon="-121.43415">
        <ele>241.8</ele>
      </trkpt>
      <trkpt lat="36.26446" lon="-121.43351">
        <ele>240.6</ele>
      </trkpt>
      <trkpt lat="36.26434" lon="-121.43335">
        <ele>240.2</ele>
      </trkpt>
      <trkpt lat="36.26419" lon="-121.43313">
        <ele>239.9</ele>
      </trkpt>
      <trkpt lat="36.26399" lon="-121.43274">
        <ele>239.1</ele>
      </trkpt>
      <trkpt lat="36.26374" lon="-121.43196">
        <ele>228.0</ele>
      </trkpt>
      <trkpt lat="36.26349" lon="-121.43118">
        <ele>223.7</ele>
      </trkpt>
      <trkpt lat="36.26332" lon="-121.43077">
        <ele>226.8</ele>
      </trkpt>
      <trkpt lat="36.26291" lon="-121.43017">
        <ele>227.5</ele>
      </trkpt>
      <trkpt lat="36.26251" lon="-121.42957">
        <ele>224.7</ele>
      </trkpt>
      <trkpt lat="36.26221" lon="-121.42913">
        <ele>223.0</ele>
      </trkpt>
      <trkpt lat="36.26192" lon="-121.4287">
        <ele>224.5</ele>
      </trkpt>
      <trkpt lat="36.26179" lon="-121.42854">
        <ele>225.5</ele>
      </trkpt>
      <trkpt lat="36.26168" lon="-121.42844">
        <ele>225.5</ele>
      </trkpt>
      <trkpt lat="36.26161" lon="-121.4284">
        <ele>225.2</ele>
      </trkpt>
      <trkpt lat="36.26147" lon="-121.42834">
        <ele>224.1</ele>
      </trkpt>
      <trkpt lat="36.26083" lon="-121.42817">
        <ele>223.9</ele>
      </trkpt>
      <trkpt lat="36.26045" lon="-121.42793">
        <ele>225.0</ele>
      </trkpt>
      <trkpt lat="36.25991" lon="-121.42747">
        <ele>224.5</ele>
      </trkpt>
      <trkpt lat="36.25937" lon="-121.42701">
        <ele>221.7</ele>
      </trkpt>
      <trkpt lat="36.25882" lon="-121.42656">
        <ele>215.5</ele>
      </trkpt>
      <trkpt lat="36.25847" lon="-121.42613">
        <ele>217.9</ele>
      </trkpt>
      <trkpt lat="36.25817" lon="-121.42561">
        <ele>216.5</ele>
      </trkpt>
      <trkpt lat="36.25793" lon="-121.42504">
        <ele>212.4</ele>
      </trkpt>
      <trkpt lat="36.25763" lon="-121.4242">
        <ele>216.5</ele>
      </trkpt>
      <trkpt lat="36.25753" lon="-121.42373">
        <ele>217.5</ele>
      </trkpt>
      <trkpt lat="36.25746" lon="-121.42332">
        <ele>217.6</ele>
      </trkpt>
      <trkpt lat="36.25748" lon="-121.42268">
        <ele>221.7</ele>
      </trkpt>
      <trkpt lat="36.2575" lon="-121.42244">
        <ele>226.8</ele>
      </trkpt>
      <trkpt lat="36.25755" lon="-121.4221">
        <ele>230.1</ele>
      </trkpt>
      <trkpt lat="36.2576" lon="-121.42192">
        <ele>230.7</ele>
      </trkpt>
      <trkpt lat="36.25774" lon="-121.42153">
        <ele>230.4</ele>
      </trkpt>
      <trkpt lat="36.25787" lon="-121.42123">
        <ele>230.4</ele>
      </trkpt>
      <trkpt lat="36.25803" lon="-121.42092">
        <ele>230.5</ele>
      </trkpt>
      <trkpt lat="36.25817" lon="-121.4207">
        <ele>230.3</ele>
      </trkpt>
      <trkpt lat="36.25833" lon="-121.42052">
        <ele>230.4</ele>
      </trkpt>
      <trkpt lat="36.25849" lon="-121.42036">
        <ele>230.2</ele>
      </trkpt>
      <trkpt lat="36.25865" lon="-121.42023">
        <ele>230.0</ele>
      </trkpt>
      <trkpt lat="36.25917" lon="-121.41992">
        <ele>230.7</ele>
      </trkpt>
      <trkpt lat="36.25933" lon="-121.41982">
        <ele>231.1</ele>
      </trkpt>
      <trkpt lat="36.25945" lon="-121.41972">
        <ele>231.0</ele>
      </trkpt>
      <trkpt lat="36.25974" lon="-121.41941">
        <ele>230.9</ele>
      </trkpt>
      <trkpt lat="36.25988" lon="-121.41925">
        <ele>231.0</ele>
      </trkpt>
      <trkpt lat="36.26009" lon="-121.41898">
        <ele>231.5</ele>
      </trkpt>
      <trkpt lat="36.26016" lon="-121.41887">
        <ele>231.5</ele>
      </trkpt>
      <trkpt lat="36.26043" lon="-121.41836">
        <ele>230.8</ele>
      </trkpt>
      <trkpt lat="36.26071" lon="-121.41784">
        <ele>242.1</ele>
      </trkpt>
      <trkpt lat="36.26089" lon="-121.41753">
        <ele>243.3</ele>
      </trkpt>
      <trkpt lat="36.26106" lon="-121.41725">
        <ele>242.8</ele>
      </trkpt>
      <trkpt lat="36.26126" lon="-121.41697">
        <ele>241.8</ele>
      </trkpt>
      <trkpt lat="36.26166" lon="-121.4165">
        <ele>245.3</ele>
      </trkpt>
      <trkpt lat="36.26188" lon="-121.41627">
        <ele>251.2</ele>
      </trkpt>
      <trkpt lat="36.26236" lon="-121.41587">
        <ele>265.8</ele>
      </trkpt>
      <trkpt lat="36.26276" lon="-121.41559">
        <ele>265.5</ele>
      </trkpt>
      <trkpt lat="36.2635" lon="-121.41513">
        <ele>261.3</ele>
      </trkpt>
      <trkpt lat="36.2636" lon="-121.41505">
        <ele>261.5</ele>
      </trkpt>
      <trkpt lat="36.26368" lon="-121.41496">
        <ele>261.9</ele>
      </trkpt>
      <trkpt lat="36.26376" lon="-121.41486">
        <ele>262.7</ele>
      </trkpt>
      <trkpt lat="36.26386" lon="-121.41471">
        <ele>263.6</ele>
      </trkpt>
      <trkpt lat="36.26396" lon="-121.41452">
        <ele>264.3</ele>
      </trkpt>
      <trkpt lat="36.26431" lon="-121.41375">
        <ele>266.4</ele>
      </trkpt>
      <trkpt lat="36.2644" lon="-121.41356">
        <ele>267.2</ele>
      </trkpt>
      <trkpt lat="36.2645" lon="-121.41339">
        <ele>267.0</ele>
      </trkpt>
      <trkpt lat="36.26489" lon="-121.41278">
        <ele>264.5</ele>
      </trkpt>
      <trkpt lat="36.265" lon="-121.41258">
        <ele>261.8</ele>
      </trkpt>
      <trkpt lat="36.26508" lon="-121.41239">
        <ele>259.2</ele>
      </trkpt>
      <trkpt lat="36.26519" lon="-121.41212">
        <ele>256.9</ele>
      </trkpt>
      <trkpt lat="36.26545" lon="-121.41137">
        <ele>254.4</ele>
      </trkpt>
      <trkpt lat="36.26554" lon="-121.41115">
        <ele>251.9</ele>
      </trkpt>
      <trkpt lat="36.26574" lon="-121.41075">
        <ele>244.8</ele>
      </trkpt>
      <trkpt lat="36.26617" lon="-121.41001">
        <ele>243.0</ele>
      </trkpt>
      <trkpt lat="36.2666" lon="-121.40927">
        <ele>239.7</ele>
      </trkpt>
      <trkpt lat="36.26703" lon="-121.40853">
        <ele>233.1</ele>
      </trkpt>
      <trkpt lat="36.26746" lon="-121.4078">
        <ele>231.9</ele>
      </trkpt>
      <trkpt lat="36.26788" lon="-121.40705">
        <ele>220.6</ele>
      </trkpt>
      <trkpt lat="36.26835" lon="-121.40628">
        <ele>232.1</ele>
      </trkpt>
      <trkpt lat="36.2685" lon="-121.40604">
        <ele>232.5</ele>
      </trkpt>
      <trkpt lat="36.26864" lon="-121.40585">
        <ele>238.5</ele>
      </trkpt>
      <trkpt lat="36.26878" lon="-121.40568">
        <ele>241.2</ele>
      </trkpt>
      <trkpt lat="36.26892" lon="-121.40554">
        <ele>241.4</ele>
      </trkpt>
      <trkpt lat="36.26908" lon="-121.40542">
        <ele>242.3</ele>
      </trkpt>
      <trkpt lat="36.26969" lon="-121.40499">
        <ele>241.3</ele>
      </trkpt>
      <trkpt lat="36.2703" lon="-121.40456">
        <ele>241.1</ele>
      </trkpt>
      <trkpt lat="36.27091" lon="-121.40413">
        <ele>242.5</ele>
      </trkpt>
      <trkpt lat="36.27114" lon="-121.40391">
        <ele>242.7</ele>
      </trkpt>
      <trkpt lat="36.2713" lon="-121.40371">
        <ele>242.2</ele>
      </trkpt>
      <trkpt lat="36.27142" lon="-121.40355">
        <ele>241.8</ele>
      </trkpt>
      <trkpt lat="36.2716" lon="-121.40324">
        <ele>241.4</ele>
      </trkpt>
      <trkpt lat="36.27167" lon="-121.40308">
        <ele>240.9</ele>
      </trkpt>
      <trkpt lat="36.27173" lon="-121.4029">
        <ele>239.8</ele>
      </trkpt>
      <trkpt lat="36.27179" lon="-121.40268">
        <ele>237.5</ele>
      </trkpt>
      <trkpt lat="36.27188" lon="-121.40226">
        <ele>233.0</ele>
      </trkpt>
      <trkpt lat="36.27189" lon="-121.40213">
        <ele>230.3</ele>
      </trkpt>
      <trkpt lat="36.2719" lon="-121.40186">
        <ele>224.1</ele>
      </trkpt>
      <trkpt lat="36.2719" lon="-121.40089">
        <ele>226.4</ele>
      </trkpt>
      <trkpt lat="36.27189" lon="-121.39992">
        <ele>225.9</ele>
      </trkpt>
      <trkpt lat="36.27188" lon="-121.39895">
        <ele>221.9</ele>
      </trkpt>
      <trkpt lat="36.27188" lon="-121.39797">
        <ele>219.2</ele>
      </trkpt>
      <trkpt lat="36.27187" lon="-121.397">
        <ele>217.6</ele>
      </trkpt>
      <trkpt lat="36.27186" lon="-121.39603">
        <ele>216.6</ele>
      </trkpt>
      <trkpt lat="36.27185" lon="-121.39588">
        <ele>216.8</ele>
      </trkpt>
      <trkpt lat="36.27177" lon="-121.39544">
        <ele>216.5</ele>
      </trkpt>
      <trkpt lat="36.27157" lon="-121.39464">
        <ele>208.1</ele>
      </trkpt>
      <trkpt lat="36.27138" lon="-121.39383">
        <ele>207.0</ele>
      </trkpt>
      <trkpt lat="36.2713" lon="-121.39348">
        <ele>207.2</ele>
      </trkpt>
      <trkpt lat="36.27125" lon="-121.39316">
        <ele>207.0</ele>
      </trkpt>
      <trkpt lat="36.2712" lon="-121.3928">
        <ele>206.2</ele>
      </trkpt>
      <trkpt lat="36.27115" lon="-121.39221">
        <ele>206.2</ele>
      </trkpt>
      <trkpt lat="36.2711" lon="-121.39142">
        <ele>205.8</ele>
      </trkpt>
      <trkpt lat="36.27108" lon="-121.39123">
        <ele>205.5</ele>
      </trkpt>
      <trkpt lat="36.27099" lon="-121.39078">
        <ele>203.3</ele>
      </trkpt>
      <trkpt lat="36.27079" lon="-121.38988">
        <ele>201.2</ele>
      </trkpt>
      <trkpt lat="36.27058" lon="-121.38897">
        <ele>201.9</ele>
      </trkpt>
      <trkpt lat="36.27041" lon="-121.38822">
        <ele>203.1</ele>
      </trkpt>
      <trkpt lat="36.27025" lon="-121.38748">
        <ele>205.3</ele>
      </trkpt>
      <trkpt lat="36.27019" lon="-121.38718">
        <ele>206.2</ele>
      </trkpt>
      <trkpt lat="36.27011" lon="-121.38669">
        <ele>206.5</ele>
      </trkpt>
      <trkpt lat="36.27007" lon="-121.38623">
        <ele>205.9</ele>
      </trkpt>
      <trkpt lat="36.27003" lon="-121.3854">
        <ele>203.7</ele>
      </trkpt>
      <trkpt lat="36.26999" lon="-121.38456">
        <ele>202.9</ele>
      </trkpt>
      <trkpt lat="36.26995" lon="-121.38397">
        <ele>202.9</ele>
      </trkpt>
      <trkpt lat="36.26991" lon="-121.38362">
        <ele>203.2</ele>
      </trkpt>
      <trkpt lat="36.26987" lon="-121.38335">
        <ele>203.4</ele>
      </trkpt>
      <trkpt lat="36.2698" lon="-121.38301">
        <ele>203.3</ele>
      </trkpt>
      <trkpt lat="36.26965" lon="-121.38234">
        <ele>203.6</ele>
      </trkpt>
      <trkpt lat="36.26943" lon="-121.38151">
        <ele>205.3</ele>
      </trkpt>
      <trkpt lat="36.26935" lon="-121.38125">
        <ele>206.1</ele>
      </trkpt>
      <trkpt lat="36.26929" lon="-121.38106">
        <ele>206.7</ele>
      </trkpt>
      <trkpt lat="36.26911" lon="-121.38068">
        <ele>207.1</ele>
      </trkpt>
      <trkpt lat="36.26901" lon="-121.3805">
        <ele>207.2</ele>
      </trkpt>
      <trkpt lat="36.26855" lon="-121.37986">
        <ele>199.6</ele>
      </trkpt>
      <trkpt lat="36.26794" lon="-121.37907">
        <ele>206.9</ele>
      </trkpt>
      <trkpt lat="36.26784" lon="-121.37889">
        <ele>207.8</ele>
      </trkpt>
      <trkpt lat="36.26775" lon="-121.3787">
        <ele>207.8</ele>
      </trkpt>
      <trkpt lat="36.26768" lon="-121.3785">
        <ele>209.6</ele>
      </trkpt>
      <trkpt lat="36.26764" lon="-121.3783">
        <ele>212.4</ele>
      </trkpt>
      <trkpt lat="36.26762" lon="-121.37813">
        <ele>212.9</ele>
      </trkpt>
      <trkpt lat="36.26761" lon="-121.37792">
        <ele>213.0</ele>
      </trkpt>
      <trkpt lat="36.26763" lon="-121.37769">
        <ele>212.8</ele>
      </trkpt>
      <trkpt lat="36.26778" lon="-121.37663">
        <ele>212.1</ele>
      </trkpt>
      <trkpt lat="36.2678" lon="-121.37641">
        <ele>211.4</ele>
      </trkpt>
      <trkpt lat="36.26781" lon="-121.37614">
        <ele>210.8</ele>
      </trkpt>
      <trkpt lat="36.26779" lon="-121.37582">
        <ele>208.6</ele>
      </trkpt>
      <trkpt lat="36.26775" lon="-121.37525">
        <ele>208.0</ele>
      </trkpt>
      <trkpt lat="36.2677" lon="-121.37468">
        <ele>205.6</ele>
      </trkpt>
      <trkpt lat="36.26769" lon="-121.37442">
        <ele>206.4</ele>
      </trkpt>
      <trkpt lat="36.2677" lon="-121.37364">
        <ele>205.6</ele>
      </trkpt>
      <trkpt lat="36.26773" lon="-121.37307">
        <ele>205.4</ele>
      </trkpt>
      <trkpt lat="36.26775" lon="-121.3725">
        <ele>205.6</ele>
      </trkpt>
      <trkpt lat="36.26774" lon="-121.37203">
        <ele>205.7</ele>
      </trkpt>
      <trkpt lat="36.26771" lon="-121.37181">
        <ele>205.1</ele>
      </trkpt>
      <trkpt lat="36.26767" lon="-121.3716">
        <ele>205.2</ele>
      </trkpt>
      <trkpt lat="36.26758" lon="-121.37123">
        <ele>205.6</ele>
      </trkpt>
      <trkpt lat="36.26747" lon="-121.37092">
        <ele>205.4</ele>
      </trkpt>
      <trkpt lat="36.26725" lon="-121.37045">
        <ele>204.9</ele>
      </trkpt>
      <trkpt lat="36.26685" lon="-121.36969">
        <ele>205.4</ele>
      </trkpt>
      <trkpt lat="36.26645" lon="-121.36894">
        <ele>204.5</ele>
      </trkpt>
      <trkpt lat="36.26636" lon="-121.36873">
        <ele>204.6</ele>
      </trkpt>
      <trkpt lat="36.2663" lon="-121.36857">
        <ele>204.9</ele>
      </trkpt>
      <trkpt lat="36.26624" lon="-121.36838">
        <ele>205.2</ele>
      </trkpt>
      <trkpt lat="36.26619" lon="-121.36817">
        <ele>205.0</ele>
      </trkpt>
      <trkpt lat="36.26616" lon="-121.36795">
        <ele>204.4</ele>
      </trkpt>
      <trkpt lat="36.26615" lon="-121.36774">
        <ele>204.0</ele>
      </trkpt>
      <trkpt lat="36.26612" lon="-121.36666">
        <ele>206.6</ele>
      </trkpt>
      <trkpt lat="36.26611" lon="-121.36643">
        <ele>205.9</ele>
      </trkpt>
      <trkpt lat="36.26609" lon="-121.36629">
        <ele>205.8</ele>
      </trkpt>
      <trkpt lat="36.26605" lon="-121.36605">
        <ele>206.2</ele>
      </trkpt>
      <trkpt lat="36.26592" lon="-121.36547">
        <ele>206.7</ele>
      </trkpt>
      <trkpt lat="36.26579" lon="-121.36489">
        <ele>206.7</ele>
      </trkpt>
      <trkpt lat="36.26572" lon="-121.3645">
        <ele>206.6</ele>
      </trkpt>
      <trkpt lat="36.2657" lon="-121.36429">
        <ele>206.4</ele>
      </trkpt>
      <trkpt lat="36.26569" lon="-121.36386">
        <ele>205.3</ele>
      </trkpt>
      <trkpt lat="36.26568" lon="-121.36317">
        <ele>203.5</ele>
      </trkpt>
      <trkpt lat="36.26568" lon="-121.36248">
        <ele>203.2</ele>
      </trkpt>
      <trkpt lat="36.26568" lon="-121.36221">
        <ele>203.9</ele>
      </trkpt>
      <trkpt lat="36.2657" lon="-121.36186">
        <ele>204.7</ele>
      </trkpt>
      <trkpt lat="36.26575" lon="-121.36143">
        <ele>204.6</ele>
      </trkpt>
      <trkpt lat="36.26584" lon="-121.36077">
        <ele>203.4</ele>
      </trkpt>
      <trkpt lat="36.26588" lon="-121.36048">
        <ele>204.4</ele>
      </trkpt>
      <trkpt lat="36.26592" lon="-121.36028">
        <ele>205.0</ele>
      </trkpt>
      <trkpt lat="36.26598" lon="-121.36007">
        <ele>205.2</ele>
      </trkpt>
      <trkpt lat="36.26606" lon="-121.35985">
        <ele>204.6</ele>
      </trkpt>
      <trkpt lat="36.26616" lon="-121.35963">
        <ele>203.4</ele>
      </trkpt>
      <trkpt lat="36.26624" lon="-121.35948">
        <ele>203.2</ele>
      </trkpt>
      <trkpt lat="36.26634" lon="-121.35934">
        <ele>203.5</ele>
      </trkpt>
      <trkpt lat="36.26647" lon="-121.35918">
        <ele>202.9</ele>
      </trkpt>
      <trkpt lat="36.26698" lon="-121.35858">
        <ele>201.7</ele>
      </trkpt>
      <trkpt lat="36.2672" lon="-121.35835">
        <ele>202.5</ele>
      </trkpt>
      <trkpt lat="36.2674" lon="-121.35811">
        <ele>202.9</ele>
      </trkpt>
      <trkpt lat="36.26755" lon="-121.35788">
        <ele>203.1</ele>
      </trkpt>
      <trkpt lat="36.26763" lon="-121.35773">
        <ele>202.9</ele>
      </trkpt>
      <trkpt lat="36.26789" lon="-121.35718">
        <ele>202.6</ele>
      </trkpt>
      <trkpt lat="36.26815" lon="-121.35663">
        <ele>202.1</ele>
      </trkpt>
      <trkpt lat="36.26821" lon="-121.35648">
        <ele>201.6</ele>
      </trkpt>
      <trkpt lat="36.26826" lon="-121.35634">
        <ele>201.2</ele>
      </trkpt>
      <trkpt lat="36.2683" lon="-121.35619">
        <ele>200.8</ele>
      </trkpt>
      <trkpt lat="36.26837" lon="-121.35585">
        <ele>200.1</ele>
      </trkpt>
      <trkpt lat="36.2685" lon="-121.35546">
        <ele>200.8</ele>
      </trkpt>
      <trkpt lat="36.2686" lon="-121.35519">
        <ele>199.8</ele>
      </trkpt>
      <trkpt lat="36.26871" lon="-121.35498">
        <ele>199.1</ele>
      </trkpt>
      <trkpt lat="36.26881" lon="-121.3548">
        <ele>199.2</ele>
      </trkpt>
      <trkpt lat="36.26898" lon="-121.35451">
        <ele>197.3</ele>
      </trkpt>
      <trkpt lat="36.26952" lon="-121.35369">
        <ele>183.8</ele>
      </trkpt>
      <trkpt lat="36.26961" lon="-121.35355">
        <ele>183.9</ele>
      </trkpt>
      <trkpt lat="36.26967" lon="-121.35342">
        <ele>185.0</ele>
      </trkpt>
      <trkpt lat="36.26974" lon="-121.35325">
        <ele>185.7</ele>
      </trkpt>
      <trkpt lat="36.26979" lon="-121.35311">
        <ele>187.0</ele>
      </trkpt>
      <trkpt lat="36.26983" lon="-121.35294">
        <ele>187.8</ele>
      </trkpt>
      <trkpt lat="36.26993" lon="-121.35238">
        <ele>189.1</ele>
      </trkpt>
      <trkpt lat="36.26998" lon="-121.35221">
        <ele>190.0</ele>
      </trkpt>
      <trkpt lat="36.27004" lon="-121.35206">
        <ele>192.9</ele>
      </trkpt>
      <trkpt lat="36.27011" lon="-121.35192">
        <ele>195.8</ele>
      </trkpt>
      <trkpt lat="36.27019" lon="-121.3518">
        <ele>196.5</ele>
      </trkpt>
      <trkpt lat="36.2703" lon="-121.35164">
        <ele>196.3</ele>
      </trkpt>
      <trkpt lat="36.27046" lon="-121.35146">
        <ele>197.2</ele>
      </trkpt>
      <trkpt lat="36.27056" lon="-121.35134">
        <ele>198.4</ele>
      </trkpt>
      <trkpt lat="36.27063" lon="-121.35122">
        <ele>199.0</ele>
      </trkpt>
      <trkpt lat="36.2707" lon="-121.3511">
        <ele>200.2</ele>
      </trkpt>
      <trkpt lat="36.27076" lon="-121.35096">
        <ele>200.9</ele>
      </trkpt>
      <trkpt lat="36.27088" lon="-121.35064">
        <ele>207.4</ele>
      </trkpt>
      <trkpt lat="36.27095" lon="-121.35047">
        <ele>208.2</ele>
      </trkpt>
      <trkpt lat="36.27137" lon="-121.34959">
        <ele>202.1</ele>
      </trkpt>
      <trkpt lat="36.27178" lon="-121.34871">
        <ele>199.6</ele>
      </trkpt>
      <trkpt lat="36.27184" lon="-121.34856">
        <ele>199.6</ele>
      </trkpt>
      <trkpt lat="36.27188" lon="-121.34839">
        <ele>198.5</ele>
      </trkpt>
      <trkpt lat="36.27191" lon="-121.34824">
        <ele>198.4</ele>
      </trkpt>
      <trkpt lat="36.27193" lon="-121.34808">
        <ele>198.7</ele>
      </trkpt>
      <trkpt lat="36.27193" lon="-121.34772">
        <ele>199.9</ele>
      </trkpt>
      <trkpt lat="36.27185" lon="-121.34662">
        <ele>198.7</ele>
      </trkpt>
      <trkpt lat="36.27177" lon="-121.34552">
        <ele>190.3</ele>
      </trkpt>
      <trkpt lat="36.27169" lon="-121.34442">
        <ele>179.1</ele>
      </trkpt>
      <trkpt lat="36.27163" lon="-121.34393">
        <ele>177.9</ele>
      </trkpt>
      <trkpt lat="36.27154" lon="-121.34315">
        <ele>178.6</ele>
      </trkpt>
      <trkpt lat="36.27144" lon="-121.34237">
        <ele>170.5</ele>
      </trkpt>
      <trkpt lat="36.27134" lon="-121.34159">
        <ele>170.8</ele>
      </trkpt>
      <trkpt lat="36.2713" lon="-121.34127">
        <ele>170.5</ele>
      </trkpt>
      <trkpt lat="36.27124" lon="-121.341">
        <ele>171.3</ele>
      </trkpt>
      <trkpt lat="36.27119" lon="-121.34084">
        <ele>171.0</ele>
      </trkpt>
      <trkpt lat="36.27107" lon="-121.34053">
        <ele>171.7</ele>
      </trkpt>
      <trkpt lat="36.27063" lon="-121.33957">
        <ele>170.1</ele>
      </trkpt>
      <trkpt lat="36.27056" lon="-121.33939">
        <ele>169.4</ele>
      </trkpt>
      <trkpt lat="36.27052" lon="-121.33925">
        <ele>169.8</ele>
      </trkpt>
      <trkpt lat="36.27024" lon="-121.3383">
        <ele>170.0</ele>
      </trkpt>
      <trkpt lat="36.26997" lon="-121.33734">
        <ele>171.4</ele>
      </trkpt>
      <trkpt lat="36.2699" lon="-121.33703">
        <ele>169.2</ele>
      </trkpt>
      <trkpt lat="36.26988" lon="-121.33689">
        <ele>168.9</ele>
      </trkpt>
      <trkpt lat="36.26987" lon="-121.33658">
        <ele>169.1</ele>
      </trkpt>
      <trkpt lat="36.26989" lon="-121.33625">
        <ele>171.0</ele>
      </trkpt>
      <trkpt lat="36.26995" lon="-121.33585">
        <ele>169.9</ele>
      </trkpt>
      <trkpt lat="36.27001" lon="-121.33564">
        <ele>169.6</ele>
      </trkpt>
      <trkpt lat="36.27006" lon="-121.33548">
        <ele>169.6</ele>
      </trkpt>
      <trkpt lat="36.27013" lon="-121.33531">
        <ele>169.6</ele>
      </trkpt>
      <trkpt lat="36.27022" lon="-121.33512">
        <ele>169.5</ele>
      </trkpt>
      <trkpt lat="36.27032" lon="-121.33495">
        <ele>169.5</ele>
      </trkpt>
      <trkpt lat="36.27043" lon="-121.33478">
        <ele>169.4</ele>
      </trkpt>
      <trkpt lat="36.27055" lon="-121.33462">
        <ele>169.4</ele>
      </trkpt>
      <trkpt lat="36.27069" lon="-121.33447">
        <ele>169.2</ele>
      </trkpt>
      <trkpt lat="36.27086" lon="-121.33431">
        <ele>169.0</ele>
      </trkpt>
      <trkpt lat="36.271" lon="-121.33421">
        <ele>168.9</ele>
      </trkpt>
      <trkpt lat="36.27116" lon="-121.33411">
        <ele>168.7</ele>
      </trkpt>
      <trkpt lat="36.27135" lon="-121.33402">
        <ele>168.4</ele>
      </trkpt>
      <trkpt lat="36.27152" lon="-121.33395">
        <ele>168.1</ele>
      </trkpt>
      <trkpt lat="36.2717" lon="-121.3339">
        <ele>168.0</ele>
      </trkpt>
      <trkpt lat="36.27197" lon="-121.33386">
        <ele>167.6</ele>
      </trkpt>
      <trkpt lat="36.27279" lon="-121.33372">
        <ele>152.8</ele>
      </trkpt>
      <trkpt lat="36.27361" lon="-121.33358">
        <ele>149.6</ele>
      </trkpt>
      <trkpt lat="36.27443" lon="-121.33344">
        <ele>152.5</ele>
      </trkpt>
      <trkpt lat="36.27525" lon="-121.3333">
        <ele>155.0</ele>
      </trkpt>
      <trkpt lat="36.27608" lon="-121.33316">
        <ele>151.2</ele>
      </trkpt>
      <trkpt lat="36.27663" lon="-121.33306">
        <ele>150.2</ele>
      </trkpt>
      <trkpt lat="36.2769" lon="-121.33299">
        <ele>150.2</ele>
      </trkpt>
      <trkpt lat="36.27713" lon="-121.33288">
        <ele>150.0</ele>
      </trkpt>
      <trkpt lat="36.27725" lon="-121.33282">
        <ele>150.1</ele>
      </trkpt>
      <trkpt lat="36.27739" lon="-121.33272">
        <ele>149.9</ele>
      </trkpt>
      <trkpt lat="36.27752" lon="-121.33262">
        <ele>149.8</ele>
      </trkpt>
      <trkpt lat="36.27766" lon="-121.33249">
        <ele>149.4</ele>
      </trkpt>
      <trkpt lat="36.2778" lon="-121.33233">
        <ele>148.9</ele>
      </trkpt>
      <trkpt lat="36.27793" lon="-121.33217">
        <ele>149.2</ele>
      </trkpt>
      <trkpt lat="36.27803" lon="-121.33202">
        <ele>149.8</ele>
      </trkpt>
      <trkpt lat="36.27812" lon="-121.33186">
        <ele>150.2</ele>
      </trkpt>
      <trkpt lat="36.27821" lon="-121.33167">
        <ele>150.5</ele>
      </trkpt>
      <trkpt lat="36.27828" lon="-121.3315">
        <ele>150.7</ele>
      </trkpt>
      <trkpt lat="36.27834" lon="-121.33135">
        <ele>150.9</ele>
      </trkpt>
      <trkpt lat="36.27842" lon="-121.33099">
        <ele>150.3</ele>
      </trkpt>
      <trkpt lat="36.27859" lon="-121.33">
        <ele>147.0</ele>
      </trkpt>
      <trkpt lat="36.27876" lon="-121.32901">
        <ele>143.5</ele>
      </trkpt>
      <trkpt lat="36.2788" lon="-121.32883">
        <ele>141.7</ele>
      </trkpt>
      <trkpt lat="36.27889" lon="-121.32847">
        <ele>138.7</ele>
      </trkpt>
      <trkpt lat="36.27896" lon="-121.32827">
        <ele>137.4</ele>
      </trkpt>
      <trkpt lat="36.27915" lon="-121.32784">
        <ele>136.1</ele>
      </trkpt>
      <trkpt lat="36.27926" lon="-121.32763">
        <ele>135.5</ele>
      </trkpt>
      <trkpt lat="36.27941" lon="-121.3274">
        <ele>134.7</ele>
      </trkpt>
      <trkpt lat="36.27991" lon="-121.32674">
        <ele>136.6</ele>
      </trkpt>
      <trkpt lat="36.28003" lon="-121.32647">
        <ele>136.3</ele>
      </trkpt>
      <trkpt lat="36.28025" lon="-121.32604">
        <ele>128.7</ele>
      </trkpt>
      <trkpt lat="36.28043" lon="-121.32575">
        <ele>128.7</ele>
      </trkpt>
      <trkpt lat="36.28057" lon="-121.32547">
        <ele>128.6</ele>
      </trkpt>
      <trkpt lat="36.28062" lon="-121.32534">
        <ele>128.3</ele>
      </trkpt>
      <trkpt lat="36.28091" lon="-121.32455">
        <ele>126.3</ele>
      </trkpt>
      <trkpt lat="36.28099" lon="-121.32426">
        <ele>118.8</ele>
      </trkpt>
      <trkpt lat="36.28105" lon="-121.32389">
        <ele>119.1</ele>
      </trkpt>
      <trkpt lat="36.28107" lon="-121.32366">
        <ele>119.2</ele>
      </trkpt>
      <trkpt lat="36.28108" lon="-121.32338">
        <ele>119.2</ele>
      </trkpt>
      <trkpt lat="36.28108" lon="-121.32322">
        <ele>119.0</ele>
      </trkpt>
      <trkpt lat="36.28107" lon="-121.32305">
        <ele>118.3</ele>
      </trkpt>
      <trkpt lat="36.28104" lon="-121.32282">
        <ele>118.0</ele>
      </trkpt>
      <trkpt lat="36.281" lon="-121.3227">
        <ele>117.9</ele>
      </trkpt>
      <trkpt lat="36.28094" lon="-121.32269">
        <ele>117.8</ele>
      </trkpt>
      <trkpt lat="36.28021" lon="-121.3225">
        <ele>116.9</ele>
      </trkpt>
      <trkpt lat="36.28017" lon="-121.32247">
        <ele>116.8</ele>
      </trkpt>
      <trkpt lat="36.28015" lon="-121.32244">
        <ele>116.8</ele>
      </trkpt>
      <trkpt lat="36.28012" lon="-121.32222">
        <ele>116.6</ele>
      </trkpt>
      <trkpt lat="36.28009" lon="-121.32192">
        <ele>115.7</ele>
      </trkpt>
      <trkpt lat="36.28008" lon="-121.32183">
        <ele>115.3</ele>
      </trkpt>
      <trkpt lat="36.28005" lon="-121.32175">
        <ele>115.5</ele>
      </trkpt>
      <trkpt lat="36.28002" lon="-121.32166">
        <ele>115.6</ele>
      </trkpt>
      <trkpt lat="36.27976" lon="-121.32107">
        <ele>122.4</ele>
      </trkpt>
      <trkpt lat="36.27964" lon="-121.32079">
        <ele>123.1</ele>
      </trkpt>
      <trkpt lat="36.27959" lon="-121.32065">
        <ele>123.2</ele>
      </trkpt>
      <trkpt lat="36.27956" lon="-121.32053">
        <ele>123.3</ele>
      </trkpt>
      <trkpt lat="36.27954" lon="-121.3204">
        <ele>123.6</ele>
      </trkpt>
      <trkpt lat="36.27946" lon="-121.31977">
        <ele>123.4</ele>
      </trkpt>
      <trkpt lat="36.27939" lon="-121.31914">
        <ele>124.4</ele>
      </trkpt>
      <trkpt lat="36.27929" lon="-121.31842">
        <ele>128.4</ele>
      </trkpt>
      <trkpt lat="36.27929" lon="-121.31822">
        <ele>129.1</ele>
      </trkpt>
      <trkpt lat="36.27933" lon="-121.31796">
        <ele>129.6</ele>
      </trkpt>
      <trkpt lat="36.27949" lon="-121.31707">
        <ele>131.7</ele>
      </trkpt>
      <trkpt lat="36.27952" lon="-121.31679">
        <ele>132.3</ele>
      </trkpt>
      <trkpt lat="36.27953" lon="-121.31642">
        <ele>134.0</ele>
      </trkpt>
      <trkpt lat="36.27952" lon="-121.31613">
        <ele>136.5</ele>
      </trkpt>
      <trkpt lat="36.2795" lon="-121.31595">
        <ele>137.1</ele>
      </trkpt>
      <trkpt lat="36.2794" lon="-121.3152">
        <ele>138.0</ele>
      </trkpt>
      <trkpt lat="36.2793" lon="-121.31446">
        <ele>139.9</ele>
      </trkpt>
      <trkpt lat="36.27923" lon="-121.31385">
        <ele>142.8</ele>
      </trkpt>
      <trkpt lat="36.27915" lon="-121.31324">
        <ele>144.2</ele>
      </trkpt>
      <trkpt lat="36.27912" lon="-121.3129">
        <ele>144.3</ele>
      </trkpt>
      <trkpt lat="36.27911" lon="-121.31256">
        <ele>144.8</ele>
      </trkpt>
      <trkpt lat="36.27912" lon="-121.31222">
        <ele>146.3</ele>
      </trkpt>
      <trkpt lat="36.27915" lon="-121.31188">
        <ele>148.3</ele>
      </trkpt>
      <trkpt lat="36.27923" lon="-121.31127">
        <ele>150.8</ele>
      </trkpt>
      <trkpt lat="36.27931" lon="-121.31066">
        <ele>151.8</ele>
      </trkpt>
      <trkpt lat="36.27945" lon="-121.30975">
        <ele>149.7</ele>
      </trkpt>
      <trkpt lat="36.27959" lon="-121.30885">
        <ele>144.7</ele>
      </trkpt>
      <trkpt lat="36.27987" lon="-121.30791">
        <ele>142.1</ele>
      </trkpt>
      <trkpt lat="36.28015" lon="-121.30696">
        <ele>134.4</ele>
      </trkpt>
      <trkpt lat="36.28043" lon="-121.30602">
        <ele>132.6</ele>
      </trkpt>
      <trkpt lat="36.28045" lon="-121.30574">
        <ele>132.5</ele>
      </trkpt>
      <trkpt lat="36.28042" lon="-121.30554">
        <ele>132.7</ele>
      </trkpt>
      <trkpt lat="36.2805" lon="-121.30451">
        <ele>133.0</ele>
      </trkpt>
      <trkpt lat="36.28057" lon="-121.30348">
        <ele>132.7</ele>
      </trkpt>
      <trkpt lat="36.28058" lon="-121.30308">
        <ele>132.6</ele>
      </trkpt>
      <trkpt lat="36.28063" lon="-121.30272">
        <ele>133.1</ele>
      </trkpt>
      <trkpt lat="36.28076" lon="-121.30235">
        <ele>134.1</ele>
      </trkpt>
      <trkpt lat="36.28087" lon="-121.30214">
        <ele>134.6</ele>
      </trkpt>
      <trkpt lat="36.28099" lon="-121.30194">
        <ele>135.0</ele>
      </trkpt>
      <trkpt lat="36.28117" lon="-121.3017">
        <ele>136.5</ele>
      </trkpt>
      <trkpt lat="36.28135" lon="-121.30152">
        <ele>137.6</ele>
      </trkpt>
      <trkpt lat="36.2816" lon="-121.30133">
        <ele>139.8</ele>
      </trkpt>
      <trkpt lat="36.28178" lon="-121.30122">
        <ele>140.8</ele>
      </trkpt>
      <trkpt lat="36.28204" lon="-121.30112">
        <ele>140.7</ele>
      </trkpt>
      <trkpt lat="36.28236" lon="-121.30105">
        <ele>139.6</ele>
      </trkpt>
      <trkpt lat="36.2831" lon="-121.301">
        <ele>138.0</ele>
      </trkpt>
      <trkpt lat="36.28342" lon="-121.30096">
        <ele>137.8</ele>
      </trkpt>
      <trkpt lat="36.28363" lon="-121.30093">
        <ele>135.6</ele>
      </trkpt>
      <trkpt lat="36.28398" lon="-121.30084">
        <ele>134.7</ele>
      </trkpt>
      <trkpt lat="36.28432" lon="-121.30072">
        <ele>134.2</ele>
      </trkpt>
      <trkpt lat="36.28465" lon="-121.30054">
        <ele>133.1</ele>
      </trkpt>
      <trkpt lat="36.28489" lon="-121.30037">
        <ele>131.9</ele>
      </trkpt>
      <trkpt lat="36.28509" lon="-121.30017">
        <ele>130.7</ele>
      </trkpt>
      <trkpt lat="36.28529" lon="-121.29993">
        <ele>130.0</ele>
      </trkpt>
      <trkpt lat="36.2856" lon="-121.29948">
        <ele>129.1</ele>
      </trkpt>
      <trkpt lat="36.28572" lon="-121.2993">
        <ele>128.9</ele>
      </trkpt>
      <trkpt lat="36.28588" lon="-121.29902">
        <ele>131.0</ele>
      </trkpt>
      <trkpt lat="36.28598" lon="-121.29883">
        <ele>131.1</ele>
      </trkpt>
      <trkpt lat="36.28612" lon="-121.29852">
        <ele>129.7</ele>
      </trkpt>
      <trkpt lat="36.28627" lon="-121.2981">
        <ele>128.4</ele>
      </trkpt>
      <trkpt lat="36.28637" lon="-121.29778">
        <ele>127.7</ele>
      </trkpt>
      <trkpt lat="36.28651" lon="-121.2972">
        <ele>126.2</ele>
      </trkpt>
      <trkpt lat="36.2866" lon="-121.2969">
        <ele>125.9</ele>
      </trkpt>
      <trkpt lat="36.28671" lon="-121.29661">
        <ele>128.1</ele>
      </trkpt>
      <trkpt lat="36.28679" lon="-121.29642">
        <ele>129.7</ele>
      </trkpt>
      <trkpt lat="36.28693" lon="-121.29616">
        <ele>129.2</ele>
      </trkpt>
      <trkpt lat="36.28743" lon="-121.29526">
        <ele>124.4</ele>
      </trkpt>
      <trkpt lat="36.28792" lon="-121.29437">
        <ele>122.2</ele>
      </trkpt>
      <trkpt lat="36.28842" lon="-121.29347">
        <ele>121.2</ele>
      </trkpt>
      <trkpt lat="36.28892" lon="-121.29258">
        <ele>120.2</ele>
      </trkpt>
      <trkpt lat="36.28941" lon="-121.29169">
        <ele>119.2</ele>
      </trkpt>
      <trkpt lat="36.28983" lon="-121.29093">
        <ele>118.6</ele>
      </trkpt>
      <trkpt lat="36.29025" lon="-121.29017">
        <ele>118.0</ele>
      </trkpt>
      <trkpt lat="36.29067" lon="-121.28941">
        <ele>117.3</ele>
      </trkpt>
      <trkpt lat="36.29099" lon="-121.28887">
        <ele>116.8</ele>
      </trkpt>
      <trkpt lat="36.29131" lon="-121.28833">
        <ele>116.4</ele>
      </trkpt>
      <trkpt lat="36.2917" lon="-121.28764">
        <ele>115.9</ele>
      </trkpt>
      <trkpt lat="36.29208" lon="-121.28695">
        <ele>115.5</ele>
      </trkpt>
      <trkpt lat="36.29247" lon="-121.28626">
        <ele>114.9</ele>
      </trkpt>
      <trkpt lat="36.29286" lon="-121.28556">
        <ele>114.4</ele>
      </trkpt>
      <trkpt lat="36.29328" lon="-121.28479">
        <ele>113.9</ele>
      </trkpt>
      <trkpt lat="36.29372" lon="-121.28401">
        <ele>113.2</ele>
      </trkpt>
      <trkpt lat="36.29416" lon="-121.28323">
        <ele>112.6</ele>
      </trkpt>
      <trkpt lat="36.29446" lon="-121.28268">
        <ele>112.2</ele>
      </trkpt>
      <trkpt lat="36.29476" lon="-121.28213">
        <ele>111.8</ele>
      </trkpt>
      <trkpt lat="36.29521" lon="-121.28133">
        <ele>111.1</ele>
      </trkpt>
      <trkpt lat="36.29567" lon="-121.28053">
        <ele>110.5</ele>
      </trkpt>
      <trkpt lat="36.29612" lon="-121.27973">
        <ele>110.0</ele>
      </trkpt>
      <trkpt lat="36.2966" lon="-121.27888">
        <ele>109.4</ele>
      </trkpt>
      <trkpt lat="36.29708" lon="-121.27802">
        <ele>108.8</ele>
      </trkpt>
      <trkpt lat="36.29755" lon="-121.27717">
        <ele>108.2</ele>
      </trkpt>
      <trkpt lat="36.29803" lon="-121.27631">
        <ele>107.6</ele>
      </trkpt>
      <trkpt lat="36.29851" lon="-121.27546">
        <ele>107.0</ele>
      </trkpt>
      <trkpt lat="36.29899" lon="-121.2746">
        <ele>106.4</ele>
      </trkpt>
      <trkpt lat="36.29946" lon="-121.27374">
        <ele>105.8</ele>
      </trkpt>
      <trkpt lat="36.29994" lon="-121.27289">
        <ele>105.2</ele>
      </trkpt>
      <trkpt lat="36.30042" lon="-121.27203">
        <ele>104.5</ele>
      </trkpt>
      <trkpt lat="36.30089" lon="-121.27118">
        <ele>104.0</ele>
      </trkpt>
      <trkpt lat="36.30137" lon="-121.27032">
        <ele>103.5</ele>
      </trkpt>
      <trkpt lat="36.30185" lon="-121.26947">
        <ele>102.9</ele>
      </trkpt>
      <trkpt lat="36.30232" lon="-121.26866">
        <ele>102.4</ele>
      </trkpt>
      <trkpt lat="36.30278" lon="-121.26785">
        <ele>101.9</ele>
      </trkpt>
      <trkpt lat="36.30321" lon="-121.26707">
        <ele>101.5</ele>
      </trkpt>
      <trkpt lat="36.30363" lon="-121.2663">
        <ele>100.9</ele>
      </trkpt>
      <trkpt lat="36.30409" lon="-121.26546">
        <ele>100.2</ele>
      </trkpt>
      <trkpt lat="36.30456" lon="-121.26463">
        <ele>99.6</ele>
      </trkpt>
      <trkpt lat="36.30502" lon="-121.2638">
        <ele>98.9</ele>
      </trkpt>
      <trkpt lat="36.30548" lon="-121.26297">
        <ele>98.2</ele>
      </trkpt>
      <trkpt lat="36.30595" lon="-121.26214">
        <ele>97.6</ele>
      </trkpt>
      <trkpt lat="36.30641" lon="-121.26131">
        <ele>96.9</ele>
      </trkpt>
      <trkpt lat="36.30687" lon="-121.26048">
        <ele>96.2</ele>
      </trkpt>
      <trkpt lat="36.30734" lon="-121.25965">
        <ele>95.5</ele>
      </trkpt>
      <trkpt lat="36.30775" lon="-121.25892">
        <ele>94.9</ele>
      </trkpt>
      <trkpt lat="36.30816" lon="-121.25819">
        <ele>94.4</ele>
      </trkpt>
      <trkpt lat="36.30858" lon="-121.25746">
        <ele>93.7</ele>
      </trkpt>
      <trkpt lat="36.30892" lon="-121.25685">
        <ele>93.0</ele>
      </trkpt>
      <trkpt lat="36.30927" lon="-121.25623">
        <ele>92.4</ele>
      </trkpt>
      <trkpt lat="36.30962" lon="-121.25562">
        <ele>92.0</ele>
      </trkpt>
      <trkpt lat="36.31011" lon="-121.25471">
        <ele>91.6</ele>
      </trkpt>
      <trkpt lat="36.31061" lon="-121.2538">
        <ele>91.2</ele>
      </trkpt>
      <trkpt lat="36.31111" lon="-121.25289">
        <ele>90.6</ele>
      </trkpt>
      <trkpt lat="36.31153" lon="-121.2522">
        <ele>90.2</ele>
      </trkpt>
      <trkpt lat="36.31199" lon="-121.25138">
        <ele>89.7</ele>
      </trkpt>
      <trkpt lat="36.31245" lon="-121.25057">
        <ele>89.3</ele>
      </trkpt>
      <trkpt lat="36.31278" lon="-121.24994">
        <ele>89.1</ele>
      </trkpt>
      <trkpt lat="36.3131" lon="-121.24931">
        <ele>89.0</ele>
      </trkpt>
      <trkpt lat="36.31341" lon="-121.24875">
        <ele>88.9</ele>
      </trkpt>
      <trkpt lat="36.31372" lon="-121.2482">
        <ele>88.9</ele>
      </trkpt>
      <trkpt lat="36.31423" lon="-121.2473">
        <ele>88.7</ele>
      </trkpt>
      <trkpt lat="36.31473" lon="-121.24641">
        <ele>88.9</ele>
      </trkpt>
      <trkpt lat="36.31524" lon="-121.24551">
        <ele>89.6</ele>
      </trkpt>
      <trkpt lat="36.31568" lon="-121.24472">
        <ele>90.3</ele>
      </trkpt>
      <trkpt lat="36.31612" lon="-121.24392">
        <ele>89.2</ele>
      </trkpt>
      <trkpt lat="36.31656" lon="-121.24313">
        <ele>88.7</ele>
      </trkpt>
      <trkpt lat="36.31699" lon="-121.24234">
        <ele>88.0</ele>
      </trkpt>
      <trkpt lat="36.31743" lon="-121.24154">
        <ele>87.3</ele>
      </trkpt>
      <trkpt lat="36.31787" lon="-121.24075">
        <ele>87.2</ele>
      </trkpt>
      <trkpt lat="36.31832" lon="-121.23995">
        <ele>87.1</ele>
      </trkpt>
      <trkpt lat="36.31878" lon="-121.23915">
        <ele>86.7</ele>
      </trkpt>
      <trkpt lat="36.31912" lon="-121.23851">
        <ele>86.3</ele>
      </trkpt>
      <trkpt lat="36.31947" lon="-121.23788">
        <ele>86.2</ele>
      </trkpt>
      <trkpt lat="36.31994" lon="-121.23706">
        <ele>85.6</ele>
      </trkpt>
      <trkpt lat="36.32042" lon="-121.23618">
        <ele>85.0</ele>
      </trkpt>
      <trkpt lat="36.32078" lon="-121.23554">
        <ele>84.6</ele>
      </trkpt>
      <trkpt lat="36.32093" lon="-121.23527">
        <ele>84.5</ele>
      </trkpt>
      <trkpt lat="36.32135" lon="-121.23454">
        <ele>83.9</ele>
      </trkpt>
      <trkpt lat="36.32176" lon="-121.2338">
        <ele>83.3</ele>
      </trkpt>
      <trkpt lat="36.32217" lon="-121.23307">
        <ele>82.2</ele>
      </trkpt>
      <trkpt lat="36.32258" lon="-121.23233">
        <ele>81.2</ele>
      </trkpt>
      <trkpt lat="36.323" lon="-121.2316">
        <ele>80.8</ele>
      </trkpt>
      <trkpt lat="36.32335" lon="-121.23095">
        <ele>80.4</ele>
      </trkpt>
      <trkpt lat="36.32369" lon="-121.23029">
        <ele>79.2</ele>
      </trkpt>
      <trkpt lat="36.32408" lon="-121.2296">
        <ele>79.0</ele>
      </trkpt>
      <trkpt lat="36.32447" lon="-121.22891">
        <ele>77.4</ele>
      </trkpt>
      <trkpt lat="36.32482" lon="-121.22828">
        <ele>77.0</ele>
      </trkpt>
      <trkpt lat="36.32516" lon="-121.22765">
        <ele>76.9</ele>
      </trkpt>
      <trkpt lat="36.32551" lon="-121.22703">
        <ele>76.7</ele>
      </trkpt>
      <trkpt lat="36.32591" lon="-121.22632">
        <ele>76.5</ele>
      </trkpt>
      <trkpt lat="36.32631" lon="-121.22561">
        <ele>75.8</ele>
      </trkpt>
      <trkpt lat="36.32671" lon="-121.2249">
        <ele>75.0</ele>
      </trkpt>
      <trkpt lat="36.32711" lon="-121.22419">
        <ele>75.0</ele>
      </trkpt>
      <trkpt lat="36.32761" lon="-121.22327">
        <ele>75.0</ele>
      </trkpt>
      <trkpt lat="36.32812" lon="-121.22235">
        <ele>75.0</ele>
      </trkpt>
      <trkpt lat="36.32863" lon="-121.22143">
        <ele>75.6</ele>
      </trkpt>
      <trkpt lat="36.32914" lon="-121.22051">
        <ele>75.7</ele>
      </trkpt>
      <trkpt lat="36.32953" lon="-121.21982">
        <ele>75.6</ele>
      </trkpt>
      <trkpt lat="36.32992" lon="-121.21912">
        <ele>75.2</ele>
      </trkpt>
      <trkpt lat="36.33001" lon="-121.21899">
        <ele>75.2</ele>
      </trkpt>
      <trkpt lat="36.33009" lon="-121.21882">
        <ele>75.1</ele>
      </trkpt>
      <trkpt lat="36.33038" lon="-121.21831">
        <ele>74.9</ele>
      </trkpt>
      <trkpt lat="36.33066" lon="-121.21779">
        <ele>74.7</ele>
      </trkpt>
      <trkpt lat="36.33079" lon="-121.21761">
        <ele>74.6</ele>
      </trkpt>
      <trkpt lat="36.33127" lon="-121.21672">
        <ele>74.3</ele>
      </trkpt>
      <trkpt lat="36.33176" lon="-121.21584">
        <ele>74.1</ele>
      </trkpt>
      <trkpt lat="36.33225" lon="-121.21495">
        <ele>74.1</ele>
      </trkpt>
      <trkpt lat="36.33274" lon="-121.21407">
        <ele>74.2</ele>
      </trkpt>
      <trkpt lat="36.33323" lon="-121.21318">
        <ele>74.3</ele>
      </trkpt>
      <trkpt lat="36.33372" lon="-121.2123">
        <ele>74.1</ele>
      </trkpt>
      <trkpt lat="36.3342" lon="-121.21142">
        <ele>70.8</ele>
      </trkpt>
      <trkpt lat="36.33468" lon="-121.21054">
        <ele>70.3</ele>
      </trkpt>
      <trkpt lat="36.33516" lon="-121.20966">
        <ele>69.9</ele>
      </trkpt>
      <trkpt lat="36.33557" lon="-121.20892">
        <ele>69.6</ele>
      </trkpt>
      <trkpt lat="36.33598" lon="-121.20819">
        <ele>69.2</ele>
      </trkpt>
      <trkpt lat="36.3364" lon="-121.20745">
        <ele>68.8</ele>
      </trkpt>
      <trkpt lat="36.33681" lon="-121.20671">
        <ele>68.5</ele>
      </trkpt>
      <trkpt lat="36.33725" lon="-121.20596">
        <ele>68.1</ele>
      </trkpt>
      <trkpt lat="36.33769" lon="-121.20521">
        <ele>68.0</ele>
      </trkpt>
      <trkpt lat="36.33794" lon="-121.20476">
        <ele>67.9</ele>
      </trkpt>
      <trkpt lat="36.33838" lon="-121.20397">
        <ele>67.9</ele>
      </trkpt>
      <trkpt lat="36.33882" lon="-121.20319">
        <ele>68.0</ele>
      </trkpt>
      <trkpt lat="36.33926" lon="-121.2024">
        <ele>68.0</ele>
      </trkpt>
      <trkpt lat="36.33954" lon="-121.20182">
        <ele>68.0</ele>
      </trkpt>
      <trkpt lat="36.33985" lon="-121.20104">
        <ele>68.8</ele>
      </trkpt>
      <trkpt lat="36.34012" lon="-121.20032">
        <ele>71.9</ele>
      </trkpt>
      <trkpt lat="36.3404" lon="-121.1996">
        <ele>82.1</ele>
      </trkpt>
      <trkpt lat="36.33969" lon="-121.1993">
        <ele>80.7</ele>
      </trkpt>
      <trkpt lat="36.33899" lon="-121.199">
        <ele>83.5</ele>
      </trkpt>
      <trkpt lat="36.33866" lon="-121.1989">
        <ele>84.2</ele>
      </trkpt>
      <trkpt lat="36.33844" lon="-121.19878">
        <ele>85.5</ele>
      </trkpt>
      <trkpt lat="36.33831" lon="-121.19869">
        <ele>87.7</ele>
      </trkpt>
      <trkpt lat="36.33818" lon="-121.19859">
        <ele>88.7</ele>
      </trkpt>
      <trkpt lat="36.33795" lon="-121.19832">
        <ele>90.0</ele>
      </trkpt>
      <trkpt lat="36.33783" lon="-121.19815">
        <ele>90.8</ele>
      </trkpt>
      <trkpt lat="36.33758" lon="-121.19769">
        <ele>92.2</ele>
      </trkpt>
      <trkpt lat="36.33746" lon="-121.1974">
        <ele>92.7</ele>
      </trkpt>
      <trkpt lat="36.3371" lon="-121.19641">
        <ele>93.0</ele>
      </trkpt>
      <trkpt lat="36.33673" lon="-121.19542">
        <ele>93.9</ele>
      </trkpt>
      <trkpt lat="36.33637" lon="-121.19444">
        <ele>92.6</ele>
      </trkpt>
      <trkpt lat="36.33618" lon="-121.1938">
        <ele>91.4</ele>
      </trkpt>
      <trkpt lat="36.33613" lon="-121.19351">
        <ele>91.9</ele>
      </trkpt>
      <trkpt lat="36.33598" lon="-121.19305">
        <ele>93.0</ele>
      </trkpt>
      <trkpt lat="36.33588" lon="-121.19281">
        <ele>93.1</ele>
      </trkpt>
      <trkpt lat="36.33548" lon="-121.19223">
        <ele>90.3</ele>
      </trkpt>
      <trkpt lat="36.33527" lon="-121.19174">
        <ele>85.9</ele>
      </trkpt>
      <trkpt lat="36.33503" lon="-121.19102">
        <ele>82.0</ele>
      </trkpt>
      <trkpt lat="36.33499" lon="-121.19081">
        <ele>81.6</ele>
      </trkpt>
      <trkpt lat="36.33485" lon="-121.19051">
        <ele>79.3</ele>
      </trkpt>
      <trkpt lat="36.33465" lon="-121.19016">
        <ele>76.5</ele>
      </trkpt>
      <trkpt lat="36.33436" lon="-121.1898">
        <ele>76.2</ele>
      </trkpt>
      <trkpt lat="36.33413" lon="-121.18963">
        <ele>79.4</ele>
      </trkpt>
      <trkpt lat="36.33382" lon="-121.18936">
        <ele>81.2</ele>
      </trkpt>
      <trkpt lat="36.33349" lon="-121.18904">
        <ele>80.6</ele>
      </trkpt>
      <trkpt lat="36.33328" lon="-121.18878">
        <ele>80.9</ele>
      </trkpt>
      <trkpt lat="36.33308" lon="-121.18855">
        <ele>80.0</ele>
      </trkpt>
      <trkpt lat="36.33293" lon="-121.1884">
        <ele>78.9</ele>
      </trkpt>
      <trkpt lat="36.33268" lon="-121.18819">
        <ele>77.4</ele>
      </trkpt>
      <trkpt lat="36.33243" lon="-121.18794">
        <ele>78.8</ele>
      </trkpt>
      <trkpt lat="36.33215" lon="-121.18769">
        <ele>82.1</ele>
      </trkpt>
      <trkpt lat="36.332" lon="-121.18758">
        <ele>82.0</ele>
      </trkpt>
      <trkpt lat="36.33143" lon="-121.18719">
        <ele>81.8</ele>
      </trkpt>
      <trkpt lat="36.33084" lon="-121.18685">
        <ele>81.6</ele>
      </trkpt>
      <trkpt lat="36.33048" lon="-121.18668">
        <ele>81.4</ele>
      </trkpt>
      <trkpt lat="36.33011" lon="-121.18647">
        <ele>82.2</ele>
      </trkpt>
      <trkpt lat="36.32954" lon="-121.18621">
        <ele>82.2</ele>
      </trkpt>
      <trkpt lat="36.32897" lon="-121.18595">
        <ele>82.3</ele>
      </trkpt>
      <trkpt lat="36.32851" lon="-121.18571">
        <ele>82.8</ele>
      </trkpt>
      <trkpt lat="36.3277" lon="-121.18524">
        <ele>82.9</ele>
      </trkpt>
      <trkpt lat="36.3269" lon="-121.18477">
        <ele>82.0</ele>
      </trkpt>
      <trkpt lat="36.32609" lon="-121.1843">
        <ele>82.9</ele>
      </trkpt>
      <trkpt lat="36.32529" lon="-121.18384">
        <ele>81.8</ele>
      </trkpt>
      <trkpt lat="36.32449" lon="-121.18337">
        <ele>84.1</ele>
      </trkpt>
      <trkpt lat="36.32392" lon="-121.18304">
        <ele>84.9</ele>
      </trkpt>
      <trkpt lat="36.32334" lon="-121.18272">
        <ele>92.2</ele>
      </trkpt>
      <trkpt lat="36.32275" lon="-121.1824">
        <ele>94.5</ele>
      </trkpt>
      <trkpt lat="36.32258" lon="-121.18234">
        <ele>94.9</ele>
      </trkpt>
      <trkpt lat="36.32196" lon="-121.18234">
        <ele>105.3</ele>
      </trkpt>
      <trkpt lat="36.32135" lon="-121.18233">
        <ele>104.4</ele>
      </trkpt>
      <trkpt lat="36.32083" lon="-121.18225">
        <ele>103.1</ele>
      </trkpt>
      <trkpt lat="36.32061" lon="-121.18215">
        <ele>103.7</ele>
      </trkpt>
      <trkpt lat="36.3204" lon="-121.18204">
        <ele>104.1</ele>
      </trkpt>
      <trkpt lat="36.32021" lon="-121.18188">
        <ele>104.5</ele>
      </trkpt>
      <trkpt lat="36.32" lon="-121.18168">
        <ele>103.2</ele>
      </trkpt>
      <trkpt lat="36.31989" lon="-121.18147">
        <ele>102.8</ele>
      </trkpt>
      <trkpt lat="36.31982" lon="-121.1813">
        <ele>101.8</ele>
      </trkpt>
      <trkpt lat="36.31978" lon="-121.18111">
        <ele>99.5</ele>
      </trkpt>
      <trkpt lat="36.31979" lon="-121.18092">
        <ele>95.1</ele>
      </trkpt>
      <trkpt lat="36.31984" lon="-121.18065">
        <ele>94.3</ele>
      </trkpt>
      <trkpt lat="36.32" lon="-121.17992">
        <ele>93.2</ele>
      </trkpt>
      <trkpt lat="36.32007" lon="-121.1797">
        <ele>93.8</ele>
      </trkpt>
      <trkpt lat="36.32006" lon="-121.17952">
        <ele>92.4</ele>
      </trkpt>
      <trkpt lat="36.32002" lon="-121.17929">
        <ele>92.3</ele>
      </trkpt>
      <trkpt lat="36.31987" lon="-121.1788">
        <ele>91.5</ele>
      </trkpt>
      <trkpt lat="36.31972" lon="-121.17856">
        <ele>91.6</ele>
      </trkpt>
      <trkpt lat="36.31927" lon="-121.17798">
        <ele>90.9</ele>
      </trkpt>
      <trkpt lat="36.31905" lon="-121.17773">
        <ele>90.5</ele>
      </trkpt>
      <trkpt lat="36.31866" lon="-121.17719">
        <ele>91.2</ele>
      </trkpt>
      <trkpt lat="36.31821" lon="-121.17664">
        <ele>90.1</ele>
      </trkpt>
      <trkpt lat="36.31795" lon="-121.17618">
        <ele>90.5</ele>
      </trkpt>
      <trkpt lat="36.31763" lon="-121.17553">
        <ele>91.4</ele>
      </trkpt>
      <trkpt lat="36.31723" lon="-121.17484">
        <ele>93.4</ele>
      </trkpt>
      <trkpt lat="36.31684" lon="-121.17426">
        <ele>93.5</ele>
      </trkpt>
      <trkpt lat="36.31648" lon="-121.17368">
        <ele>93.9</ele>
      </trkpt>
      <trkpt lat="36.31611" lon="-121.17311">
        <ele>95.4</ele>
      </trkpt>
      <trkpt lat="36.31574" lon="-121.17261">
        <ele>89.4</ele>
      </trkpt>
      <trkpt lat="36.31538" lon="-121.17212">
        <ele>92.1</ele>
      </trkpt>
      <trkpt lat="36.31492" lon="-121.17159">
        <ele>94.6</ele>
      </trkpt>
      <trkpt lat="36.31435" lon="-121.17099">
        <ele>94.7</ele>
      </trkpt>
      <trkpt lat="36.3137" lon="-121.17039">
        <ele>89.3</ele>
      </trkpt>
      <trkpt lat="36.31334" lon="-121.17021">
        <ele>87.7</ele>
      </trkpt>
      <trkpt lat="36.31298" lon="-121.16998">
        <ele>87.1</ele>
      </trkpt>
      <trkpt lat="36.31261" lon="-121.16977">
        <ele>86.4</ele>
      </trkpt>
      <trkpt lat="36.31231" lon="-121.16955">
        <ele>86.5</ele>
      </trkpt>
      <trkpt lat="36.31207" lon="-121.16932">
        <ele>86.5</ele>
      </trkpt>
      <trkpt lat="36.31179" lon="-121.16908">
        <ele>85.3</ele>
      </trkpt>
      <trkpt lat="36.3114" lon="-121.16877">
        <ele>84.5</ele>
      </trkpt>
      <trkpt lat="36.31094" lon="-121.16836">
        <ele>84.7</ele>
      </trkpt>
      <trkpt lat="36.31025" lon="-121.16778">
        <ele>85.1</ele>
      </trkpt>
      <trkpt lat="36.30956" lon="-121.16719">
        <ele>84.9</ele>
      </trkpt>
      <trkpt lat="36.3091" lon="-121.16681">
        <ele>84.8</ele>
      </trkpt>
      <trkpt lat="36.30864" lon="-121.16644">
        <ele>84.9</ele>
      </trkpt>
      <trkpt lat="36.30793" lon="-121.1658">
        <ele>85.1</ele>
      </trkpt>
      <trkpt lat="36.30723" lon="-121.1652">
        <ele>85.2</ele>
      </trkpt>
      <trkpt lat="36.30653" lon="-121.1646">
        <ele>85.4</ele>
      </trkpt>
      <trkpt lat="36.30582" lon="-121.16404">
        <ele>85.2</ele>
      </trkpt>
      <trkpt lat="36.30523" lon="-121.16353">
        <ele>85.3</ele>
      </trkpt>
      <trkpt lat="36.30464" lon="-121.16302">
        <ele>85.4</ele>
      </trkpt>
      <trkpt lat="36.30436" lon="-121.16276">
        <ele>85.5</ele>
      </trkpt>
      <trkpt lat="36.30391" lon="-121.16238">
        <ele>85.5</ele>
      </trkpt>
      <trkpt lat="36.30346" lon="-121.16199">
        <ele>85.6</ele>
      </trkpt>
      <trkpt lat="36.30274" lon="-121.16139">
        <ele>85.6</ele>
      </trkpt>
      <trkpt lat="36.30224" lon="-121.16097">
        <ele>85.5</ele>
      </trkpt>
      <trkpt lat="36.30175" lon="-121.16054">
        <ele>85.3</ele>
      </trkpt>
      <trkpt lat="36.30126" lon="-121.16012">
        <ele>85.0</ele>
      </trkpt>
      <trkpt lat="36.30069" lon="-121.15967">
        <ele>83.3</ele>
      </trkpt>
      <trkpt lat="36.30001" lon="-121.15909">
        <ele>81.1</ele>
      </trkpt>
      <trkpt lat="36.29933" lon="-121.15851">
        <ele>81.3</ele>
      </trkpt>
      <trkpt lat="36.29866" lon="-121.15793">
        <ele>81.5</ele>
      </trkpt>
      <trkpt lat="36.29798" lon="-121.15735">
        <ele>81.5</ele>
      </trkpt>
      <trkpt lat="36.29731" lon="-121.15678">
        <ele>81.6</ele>
      </trkpt>
      <trkpt lat="36.29687" lon="-121.15642">
        <ele>81.5</ele>
      </trkpt>
      <trkpt lat="36.29643" lon="-121.15606">
        <ele>80.8</ele>
      </trkpt>
      <trkpt lat="36.29573" lon="-121.15555">
        <ele>80.2</ele>
      </trkpt>
      <trkpt lat="36.29512" lon="-121.15523">
        <ele>80.2</ele>
      </trkpt>
      <trkpt lat="36.29429" lon="-121.15488">
        <ele>84.6</ele>
      </trkpt>
      <trkpt lat="36.29371" lon="-121.15468">
        <ele>85.5</ele>
      </trkpt>
      <trkpt lat="36.29314" lon="-121.15449">
        <ele>85.8</ele>
      </trkpt>
      <trkpt lat="36.29259" lon="-121.15426">
        <ele>85.9</ele>
      </trkpt>
      <trkpt lat="36.29214" lon="-121.15412">
        <ele>86.0</ele>
      </trkpt>
      <trkpt lat="36.29134" lon="-121.15388">
        <ele>86.0</ele>
      </trkpt>
      <trkpt lat="36.29054" lon="-121.15363">
        <ele>86.1</ele>
      </trkpt>
      <trkpt lat="36.28992" lon="-121.15341">
        <ele>86.1</ele>
      </trkpt>
      <trkpt lat="36.2893" lon="-121.1532">
        <ele>86.1</ele>
      </trkpt>
      <trkpt lat="36.28865" lon="-121.15296">
        <ele>86.2</ele>
      </trkpt>
      <trkpt lat="36.28801" lon="-121.15271">
        <ele>85.9</ele>
      </trkpt>
      <trkpt lat="36.2876" lon="-121.15258">
        <ele>83.7</ele>
      </trkpt>
      <trkpt lat="36.28702" lon="-121.15229">
        <ele>86.1</ele>
      </trkpt>
      <trkpt lat="36.28644" lon="-121.15201">
        <ele>83.9</ele>
      </trkpt>
      <trkpt lat="36.28614" lon="-121.15188">
        <ele>82.6</ele>
      </trkpt>
      <trkpt lat="36.28576" lon="-121.15167">
        <ele>83.1</ele>
      </trkpt>
      <trkpt lat="36.2852" lon="-121.15139">
        <ele>85.4</ele>
      </trkpt>
      <trkpt lat="36.28449" lon="-121.15105">
        <ele>86.1</ele>
      </trkpt>
      <trkpt lat="36.28387" lon="-121.15077">
        <ele>86.1</ele>
      </trkpt>
      <trkpt lat="36.28316" lon="-121.1504">
        <ele>86.1</ele>
      </trkpt>
      <trkpt lat="36.28259" lon="-121.14999">
        <ele>86.1</ele>
      </trkpt>
      <trkpt lat="36.28216" lon="-121.14972">
        <ele>86.2</ele>
      </trkpt>
      <trkpt lat="36.28147" lon="-121.14936">
        <ele>86.1</ele>
      </trkpt>
      <trkpt lat="36.28078" lon="-121.14903">
        <ele>86.1</ele>
      </trkpt>
      <trkpt lat="36.28022" lon="-121.14879">
        <ele>85.3</ele>
      </trkpt>
      <trkpt lat="36.27962" lon="-121.14864">
        <ele>86.1</ele>
      </trkpt>
      <trkpt lat="36.27892" lon="-121.14843">
        <ele>86.2</ele>
      </trkpt>
      <trkpt lat="36.27846" lon="-121.14825">
        <ele>86.1</ele>
      </trkpt>
      <trkpt lat="36.27799" lon="-121.14807">
        <ele>86.1</ele>
      </trkpt>
      <trkpt lat="36.27713" lon="-121.14778">
        <ele>86.1</ele>
      </trkpt>
      <trkpt lat="36.27627" lon="-121.14754">
        <ele>85.7</ele>
      </trkpt>
      <trkpt lat="36.27552" lon="-121.1473">
        <ele>84.8</ele>
      </trkpt>
      <trkpt lat="36.27475" lon="-121.1471">
        <ele>84.2</ele>
      </trkpt>
      <trkpt lat="36.27407" lon="-121.14688">
        <ele>83.5</ele>
      </trkpt>
      <trkpt lat="36.27337" lon="-121.14668">
        <ele>83.3</ele>
      </trkpt>
      <trkpt lat="36.27267" lon="-121.14652">
        <ele>83.2</ele>
      </trkpt>
      <trkpt lat="36.27188" lon="-121.14626">
        <ele>85.5</ele>
      </trkpt>
      <trkpt lat="36.27132" lon="-121.14612">
        <ele>85.9</ele>
      </trkpt>
      <trkpt lat="36.2707" lon="-121.14593">
        <ele>86.2</ele>
      </trkpt>
      <trkpt lat="36.27015" lon="-121.14575">
        <ele>86.1</ele>
      </trkpt>
      <trkpt lat="36.26961" lon="-121.14558">
        <ele>85.9</ele>
      </trkpt>
      <trkpt lat="36.26937" lon="-121.14545">
        <ele>86.1</ele>
      </trkpt>
      <trkpt lat="36.26919" lon="-121.14532">
        <ele>86.1</ele>
      </trkpt>
      <trkpt lat="36.26891" lon="-121.14506">
        <ele>86.4</ele>
      </trkpt>
      <trkpt lat="36.26872" lon="-121.14486">
        <ele>86.6</ele>
      </trkpt>
      <trkpt lat="36.26842" lon="-121.14458">
        <ele>86.6</ele>
      </trkpt>
      <trkpt lat="36.26807" lon="-121.14434">
        <ele>86.8</ele>
      </trkpt>
      <trkpt lat="36.26764" lon="-121.14411">
        <ele>86.5</ele>
      </trkpt>
      <trkpt lat="36.26684" lon="-121.14381">
        <ele>86.5</ele>
      </trkpt>
      <trkpt lat="36.26628" lon="-121.14362">
        <ele>87.4</ele>
      </trkpt>
      <trkpt lat="36.26572" lon="-121.14344">
        <ele>89.9</ele>
      </trkpt>
      <trkpt lat="36.26504" lon="-121.14323">
        <ele>86.5</ele>
      </trkpt>
      <trkpt lat="36.26435" lon="-121.14301">
        <ele>86.4</ele>
      </trkpt>
      <trkpt lat="36.26379" lon="-121.14284">
        <ele>88.0</ele>
      </trkpt>
      <trkpt lat="36.26322" lon="-121.14268">
        <ele>86.3</ele>
      </trkpt>
      <trkpt lat="36.2627" lon="-121.14249">
        <ele>86.2</ele>
      </trkpt>
      <trkpt lat="36.26218" lon="-121.14231">
        <ele>88.4</ele>
      </trkpt>
      <trkpt lat="36.26175" lon="-121.14213">
        <ele>94.1</ele>
      </trkpt>
      <trkpt lat="36.26132" lon="-121.14195">
        <ele>95.6</ele>
      </trkpt>
      <trkpt lat="36.2607" lon="-121.14166">
        <ele>96.0</ele>
      </trkpt>
      <trkpt lat="36.26027" lon="-121.14137">
        <ele>96.2</ele>
      </trkpt>
      <trkpt lat="36.26" lon="-121.1411">
        <ele>96.4</ele>
      </trkpt>
      <trkpt lat="36.25958" lon="-121.14054">
        <ele>96.7</ele>
      </trkpt>
      <trkpt lat="36.25928" lon="-121.14018">
        <ele>97.0</ele>
      </trkpt>
      <trkpt lat="36.25883" lon="-121.13973">
        <ele>97.4</ele>
      </trkpt>
      <trkpt lat="36.25837" lon="-121.13928">
        <ele>97.7</ele>
      </trkpt>
      <trkpt lat="36.25807" lon="-121.13904">
        <ele>97.4</ele>
      </trkpt>
      <trkpt lat="36.25787" lon="-121.13892">
        <ele>97.5</ele>
      </trkpt>
      <trkpt lat="36.25742" lon="-121.13876">
        <ele>97.2</ele>
      </trkpt>
      <trkpt lat="36.25698" lon="-121.13862">
        <ele>97.1</ele>
      </trkpt>
      <trkpt lat="36.25654" lon="-121.13848">
        <ele>97.1</ele>
      </trkpt>
      <trkpt lat="36.25588" lon="-121.13823">
        <ele>97.1</ele>
      </trkpt>
      <trkpt lat="36.25523" lon="-121.13799">
        <ele>97.5</ele>
      </trkpt>
      <trkpt lat="36.25458" lon="-121.13775">
        <ele>97.9</ele>
      </trkpt>
      <trkpt lat="36.25393" lon="-121.13751">
        <ele>97.6</ele>
      </trkpt>
      <trkpt lat="36.25326" lon="-121.13725">
        <ele>98.0</ele>
      </trkpt>
      <trkpt lat="36.25248" lon="-121.13703">
        <ele>97.9</ele>
      </trkpt>
      <trkpt lat="36.25199" lon="-121.13687">
        <ele>97.7</ele>
      </trkpt>
      <trkpt lat="36.25151" lon="-121.13671">
        <ele>97.8</ele>
      </trkpt>
      <trkpt lat="36.25099" lon="-121.1365">
        <ele>97.7</ele>
      </trkpt>
      <trkpt lat="36.25027" lon="-121.13624">
        <ele>97.4</ele>
      </trkpt>
      <trkpt lat="36.24993" lon="-121.13614">
        <ele>95.5</ele>
      </trkpt>
      <trkpt lat="36.24946" lon="-121.13607">
        <ele>92.8</ele>
      </trkpt>
      <trkpt lat="36.24895" lon="-121.13604">
        <ele>92.4</ele>
      </trkpt>
      <trkpt lat="36.24833" lon="-121.13602">
        <ele>92.3</ele>
      </trkpt>
      <trkpt lat="36.24762" lon="-121.13608">
        <ele>92.3</ele>
      </trkpt>
      <trkpt lat="36.24718" lon="-121.13604">
        <ele>92.2</ele>
      </trkpt>
      <trkpt lat="36.24668" lon="-121.13593">
        <ele>92.3</ele>
      </trkpt>
      <trkpt lat="36.24604" lon="-121.13571">
        <ele>92.3</ele>
      </trkpt>
      <trkpt lat="36.24559" lon="-121.13541">
        <ele>92.4</ele>
      </trkpt>
      <trkpt lat="36.24514" lon="-121.13511">
        <ele>92.3</ele>
      </trkpt>
      <trkpt lat="36.2447" lon="-121.13458">
        <ele>94.4</ele>
      </trkpt>
      <trkpt lat="36.2441" lon="-121.13403">
        <ele>94.3</ele>
      </trkpt>
      <trkpt lat="36.24349" lon="-121.13348">
        <ele>98.5</ele>
      </trkpt>
      <trkpt lat="36.24289" lon="-121.13283">
        <ele>98.4</ele>
      </trkpt>
      <trkpt lat="36.24246" lon="-121.13246">
        <ele>99.9</ele>
      </trkpt>
      <trkpt lat="36.24218" lon="-121.1322">
        <ele>98.7</ele>
      </trkpt>
      <trkpt lat="36.24173" lon="-121.13139">
        <ele>99.4</ele>
      </trkpt>
      <trkpt lat="36.24135" lon="-121.13087">
        <ele>98.5</ele>
      </trkpt>
      <trkpt lat="36.24084" lon="-121.1303">
        <ele>98.7</ele>
      </trkpt>
      <trkpt lat="36.24064" lon="-121.1301">
        <ele>98.7</ele>
      </trkpt>
      <trkpt lat="36.24044" lon="-121.12991">
        <ele>98.3</ele>
      </trkpt>
      <trkpt lat="36.24023" lon="-121.12976">
        <ele>98.3</ele>
      </trkpt>
      <trkpt lat="36.23984" lon="-121.12953">
        <ele>98.4</ele>
      </trkpt>
      <trkpt lat="36.23949" lon="-121.12942">
        <ele>98.5</ele>
      </trkpt>
      <trkpt lat="36.23894" lon="-121.12928">
        <ele>98.3</ele>
      </trkpt>
      <trkpt lat="36.23866" lon="-121.12915">
        <ele>98.3</ele>
      </trkpt>
      <trkpt lat="36.23845" lon="-121.12907">
        <ele>98.3</ele>
      </trkpt>
      <trkpt lat="36.23772" lon="-121.12887">
        <ele>98.4</ele>
      </trkpt>
      <trkpt lat="36.23738" lon="-121.12891">
        <ele>98.3</ele>
      </trkpt>
      <trkpt lat="36.23717" lon="-121.12888">
        <ele>98.4</ele>
      </trkpt>
      <trkpt lat="36.23676" lon="-121.12871">
        <ele>99.7</ele>
      </trkpt>
      <trkpt lat="36.23632" lon="-121.12849">
        <ele>100.5</ele>
      </trkpt>
      <trkpt lat="36.23608" lon="-121.12841">
        <ele>100.5</ele>
      </trkpt>
      <trkpt lat="36.23578" lon="-121.12837">
        <ele>99.9</ele>
      </trkpt>
      <trkpt lat="36.23553" lon="-121.12839">
        <ele>100.2</ele>
      </trkpt>
      <trkpt lat="36.23509" lon="-121.12855">
        <ele>102.1</ele>
      </trkpt>
      <trkpt lat="36.23466" lon="-121.1287">
        <ele>103.6</ele>
      </trkpt>
      <trkpt lat="36.23393" lon="-121.12881">
        <ele>104.0</ele>
      </trkpt>
      <trkpt lat="36.23367" lon="-121.1289">
        <ele>104.1</ele>
      </trkpt>
      <trkpt lat="36.23347" lon="-121.12894">
        <ele>104.2</ele>
      </trkpt>
      <trkpt lat="36.23332" lon="-121.12895">
        <ele>104.3</ele>
      </trkpt>
      <trkpt lat="36.23307" lon="-121.12895">
        <ele>104.4</ele>
      </trkpt>
      <trkpt lat="36.23277" lon="-121.12897">
        <ele>104.3</ele>
      </trkpt>
      <trkpt lat="36.2323" lon="-121.12895">
        <ele>104.5</ele>
      </trkpt>
      <trkpt lat="36.23183" lon="-121.12893">
        <ele>104.5</ele>
      </trkpt>
      <trkpt lat="36.23114" lon="-121.12896">
        <ele>104.4</ele>
      </trkpt>
      <trkpt lat="36.23046" lon="-121.12899">
        <ele>104.4</ele>
      </trkpt>
      <trkpt lat="36.22984" lon="-121.12907">
        <ele>104.4</ele>
      </trkpt>
      <trkpt lat="36.22921" lon="-121.12916">
        <ele>104.3</ele>
      </trkpt>
      <trkpt lat="36.22859" lon="-121.12925">
        <ele>104.4</ele>
      </trkpt>
      <trkpt lat="36.22796" lon="-121.12938">
        <ele>104.5</ele>
      </trkpt>
      <trkpt lat="36.22753" lon="-121.12952">
        <ele>104.5</ele>
      </trkpt>
      <trkpt lat="36.22731" lon="-121.12954">
        <ele>104.2</ele>
      </trkpt>
      <trkpt lat="36.22706" lon="-121.12953">
        <ele>104.4</ele>
      </trkpt>
      <trkpt lat="36.22675" lon="-121.12946">
        <ele>104.4</ele>
      </trkpt>
      <trkpt lat="36.22614" lon="-121.12923">
        <ele>104.2</ele>
      </trkpt>
      <trkpt lat="36.226" lon="-121.12918">
        <ele>104.1</ele>
      </trkpt>
      <trkpt lat="36.2252" lon="-121.12889">
        <ele>103.8</ele>
      </trkpt>
      <trkpt lat="36.2244" lon="-121.1286">
        <ele>103.5</ele>
      </trkpt>
      <trkpt lat="36.22379" lon="-121.12836">
        <ele>103.3</ele>
      </trkpt>
      <trkpt lat="36.22318" lon="-121.12812">
        <ele>103.1</ele>
      </trkpt>
      <trkpt lat="36.22256" lon="-121.12788">
        <ele>103.1</ele>
      </trkpt>
      <trkpt lat="36.22179" lon="-121.12759">
        <ele>103.2</ele>
      </trkpt>
      <trkpt lat="36.22102" lon="-121.1273">
        <ele>103.2</ele>
      </trkpt>
      <trkpt lat="36.2206" lon="-121.12711">
        <ele>103.2</ele>
      </trkpt>
      <trkpt lat="36.2199" lon="-121.12676">
        <ele>103.1</ele>
      </trkpt>
      <trkpt lat="36.21918" lon="-121.12634">
        <ele>103.1</ele>
      </trkpt>
      <trkpt lat="36.21868" lon="-121.12604">
        <ele>103.0</ele>
      </trkpt>
      <trkpt lat="36.21821" lon="-121.1257">
        <ele>102.9</ele>
      </trkpt>
      <trkpt lat="36.21774" lon="-121.12537">
        <ele>102.9</ele>
      </trkpt>
      <trkpt lat="36.21723" lon="-121.12489">
        <ele>103.2</ele>
      </trkpt>
      <trkpt lat="36.21709" lon="-121.12504">
        <ele>103.1</ele>
      </trkpt>
      <trkpt lat="36.21685" lon="-121.12533">
        <ele>102.9</ele>
      </trkpt>
      <trkpt lat="36.21679" lon="-121.12538">
        <ele>102.8</ele>
      </trkpt>
      <trkpt lat="36.21671" lon="-121.12542">
        <ele>102.8</ele>
      </trkpt>
      <trkpt lat="36.21665" lon="-121.12543">
        <ele>102.8</ele>
      </trkpt>
      <trkpt lat="36.21658" lon="-121.12541">
        <ele>102.8</ele>
      </trkpt>
      <trkpt lat="36.21651" lon="-121.12538">
        <ele>102.9</ele>
      </trkpt>
      <trkpt lat="36.21602" lon="-121.12501">
        <ele>103.1</ele>
      </trkpt>
      <trkpt lat="36.21562" lon="-121.12469">
        <ele>103.3</ele>
      </trkpt>
      <trkpt lat="36.21523" lon="-121.12437">
        <ele>103.6</ele>
      </trkpt>
      <trkpt lat="36.21473" lon="-121.12528">
        <ele>102.8</ele>
      </trkpt>
      <trkpt lat="36.21426" lon="-121.12617">
        <ele>102.0</ele>
      </trkpt>
      <trkpt lat="36.21379" lon="-121.12707">
        <ele>101.3</ele>
      </trkpt>
      <trkpt lat="36.21343" lon="-121.12774">
        <ele>100.7</ele>
      </trkpt>
      <trkpt lat="36.21307" lon="-121.12841">
        <ele>100.2</ele>
      </trkpt>
      <trkpt lat="36.21272" lon="-121.12908">
        <ele>99.6</ele>
      </trkpt>
      <trkpt lat="36.21236" lon="-121.12976">
        <ele>99.0</ele>
      </trkpt>
      <trkpt lat="36.21231" lon="-121.12985">
        <ele>98.9</ele>
      </trkpt>
      <trkpt lat="36.21198" lon="-121.13047">
        <ele>98.5</ele>
      </trkpt>
      <trkpt lat="36.21165" lon="-121.1311">
        <ele>98.1</ele>
      </trkpt>
      <trkpt lat="36.21117" lon="-121.13072">
        <ele>98.2</ele>
      </trkpt>
      <trkpt lat="36.21069" lon="-121.13033">
        <ele>98.8</ele>
      </trkpt>
      <trkpt lat="36.21077" lon="-121.13018">
        <ele>98.8</ele>
      </trkpt>
      <trkpt lat="36.21073" lon="-121.13024">
        <ele>100.8</ele>
      </trkpt>
      <trkpt lat="36.21072" lon="-121.13026">
        <ele>100.5</ele>
      </trkpt>
      <trkpt lat="36.21069" lon="-121.13033">
        <ele>100.5</ele>
      </trkpt>
      <trkpt lat="36.21057" lon="-121.13023">
        <ele>100.8</ele>
      </trkpt>
      <trkpt lat="36.21034" lon="-121.13004">
        <ele>101.2</ele>
      </trkpt>
      <trkpt lat="36.21014" lon="-121.12988">
        <ele>101.5</ele>
      </trkpt>
      <trkpt lat="36.20995" lon="-121.12972">
        <ele>101.8</ele>
      </trkpt>
      <trkpt lat="36.20988" lon="-121.12967">
        <ele>101.8</ele>
      </trkpt>
      <trkpt lat="36.20980" lon="-121.12960">
        <ele>101.5</ele>
      </trkpt>
      <trkpt lat="36.20957" lon="-121.12942">
        <ele>101.2</ele>
      </trkpt>
      <trkpt lat="36.20933" lon="-121.12923">
        <ele>101.0</ele>
      </trkpt>
      <trkpt lat="36.20910" lon="-121.12904">
        <ele>100.8</ele>
      </trkpt>
      <trkpt lat="36.20903" lon="-121.12898">
        <ele>100.8</ele>
      </trkpt>
      <trkpt lat="36.20896" lon="-121.12892">
        <ele>100.5</ele>
      </trkpt>
      <trkpt lat="36.20878" lon="-121.12878">
        <ele>99.9</ele>
      </trkpt>
      <trkpt lat="36.20860" lon="-121.12864">
        <ele>99.2</ele>
      </trkpt>
      <trkpt lat="36.20836" lon="-121.12844">
        <ele>99.2</ele>
      </trkpt>
      <trkpt lat="36.20812" lon="-121.12824">
        <ele>99.1</ele>
      </trkpt>
      <trkpt lat="36.20788" lon="-121.12804">
        <ele>99.0</ele>
      </trkpt>
      <trkpt lat="36.20764" lon="-121.12784">
        <ele>99.4</ele>
      </trkpt>
      <trkpt lat="36.20740" lon="-121.12765">
        <ele>99.8</ele>
      </trkpt>
      <trkpt lat="36.20716" lon="-121.12745">
        <ele>100.1</ele>
      </trkpt>
      <trkpt lat="36.20692" lon="-121.12725">
        <ele>100.5</ele>
      </trkpt>
      <trkpt lat="36.20683" lon="-121.12719">
        <ele>100.8</ele>
      </trkpt>
      <trkpt lat="36.20679" lon="-121.12728">
        <ele>100.5</ele>
      </trkpt>
      <trkpt lat="36.20669" lon="-121.12746">
        <ele>100.0</ele>
      </trkpt>
      <trkpt lat="36.20659" lon="-121.12765">
        <ele>99.5</ele>
      </trkpt>
      <trkpt lat="36.20648" lon="-121.12785">
        <ele>99.0</ele>
      </trkpt>
      <trkpt lat="36.20637" lon="-121.12805">
        <ele>98.5</ele>
      </trkpt>
      <trkpt lat="36.20626" lon="-121.12825">
        <ele>98.2</ele>
      </trkpt>
      <trkpt lat="36.20615" lon="-121.12846">
        <ele>98.0</ele>
      </trkpt>
      <trkpt lat="36.20613" lon="-121.12850">
        <ele>98.0</ele>
      </trkpt>
      <trkpt lat="36.20604" lon="-121.12867">
        <ele>98.0</ele>
      </trkpt>
      <trkpt lat="36.20596" lon="-121.12883">
        <ele>98.0</ele>
      </trkpt>
      <trkpt lat="36.20595" lon="-121.12884">
        <ele>98.0</ele>
      </trkpt>
      <trkpt lat="36.20591" lon="-121.12894">
        <ele>98.0</ele>
      </trkpt>
      <trkpt lat="36.20585" lon="-121.12905">
        <ele>98.0</ele>
      </trkpt>
      <trkpt lat="36.20570" lon="-121.12933">
        <ele>97.9</ele>
      </trkpt>
      <trkpt lat="36.20555" lon="-121.12961">
        <ele>97.8</ele>
      </trkpt>
      <trkpt lat="36.20540" lon="-121.12989">
        <ele>97.6</ele>
      </trkpt>
      <trkpt lat="36.20524" lon="-121.13017">
        <ele>97.5</ele>
      </trkpt>
      <trkpt lat="36.20513" lon="-121.13039">
        <ele>97.5</ele>
      </trkpt>
      <trkpt lat="36.20504" lon="-121.13055">
        <ele>97.2</ele>
      </trkpt>
      <trkpt lat="36.20499" lon="-121.13063">
        <ele>97.2</ele>
      </trkpt>
      <trkpt lat="36.20491" lon="-121.13058">
        <ele>97.2</ele>
      </trkpt>
      <trkpt lat="36.20476" lon="-121.13047">
        <ele>97.5</ele>
      </trkpt>
      <trkpt lat="36.20461" lon="-121.13036">
        <ele>97.8</ele>
      </trkpt>
      <trkpt lat="36.20439" lon="-121.13021">
        <ele>98.0</ele>
      </trkpt>
      <trkpt lat="36.20421" lon="-121.13009">
        <ele>98.0</ele>
      </trkpt>
      <trkpt lat="36.20403" lon="-121.12996">
        <ele>98.0</ele>
      </trkpt>
      <trkpt lat="36.20387" lon="-121.12987">
        <ele>98.2</ele>
      </trkpt>
      <trkpt lat="36.20372" lon="-121.12977">
        <ele>98.5</ele>
      </trkpt>
      <trkpt lat="36.20350" lon="-121.12966">
        <ele>98.4</ele>
      </trkpt>
      <trkpt lat="36.20328" lon="-121.12954">
        <ele>98.4</ele>
      </trkpt>
      <trkpt lat="36.20306" lon="-121.12942">
        <ele>98.3</ele>
      </trkpt>
      <trkpt lat="36.20284" lon="-121.12931">
        <ele>98.2</ele>
      </trkpt>
      <trkpt lat="36.20265" lon="-121.12922">
        <ele>98.1</ele>
      </trkpt>
      <trkpt lat="36.20245" lon="-121.12912">
        <ele>98.0</ele>
      </trkpt>
      <trkpt lat="36.20238" lon="-121.12909">
        <ele>98.0</ele>
      </trkpt>
      <trkpt lat="36.20222" lon="-121.12901">
        <ele>98.2</ele>
      </trkpt>
      <trkpt lat="36.20207" lon="-121.12894">
        <ele>98.0</ele>
      </trkpt>
      <trkpt lat="36.20189" lon="-121.12884">
        <ele>97.6</ele>
      </trkpt>
      <trkpt lat="36.20170" lon="-121.12874">
        <ele>97.2</ele>
      </trkpt>
      <trkpt lat="36.20173" lon="-121.12868">
        <ele>97.2</ele>
      </trkpt>
      <trkpt lat="36.20175" lon="-121.12863">
        <ele>97.0</ele>
      </trkpt>
      <trkpt lat="36.20186" lon="-121.12842">
        <ele>97.0</ele>
      </trkpt>
      <trkpt lat="36.20197" lon="-121.12821">
        <ele>97.0</ele>
      </trkpt>
    </trkseg>
  </trk>
</gpx>