<?xml version="1.0" encoding="UTF-8"?>
<gpx xmlns:xsi="http://www.w3.org/2001/XMLSchema-instance" xmlns="http://www.topografix.com/GPX/1/1" version="1.1" creator="BRouter trekking (from Apple Maps cycling directions)" xsi:schemaLocation="http://www.topografix.com/GPX/1/1 http://www.topografix.com/GPX/1/1/gpx.xsd">
  <metadata>
    <name>Paso Robles to Oceano</name>
    <desc>Day 5 reroute (Big Sur fire detour). Paso Robles - Morro Bay - Los Osos - San Luis Obispo - Arroyo Grande - Oceano.</desc>
    <time>2026-08-30T13:46:22Z</time>
  </metadata>
  <trk>
    <name>Day 5: Paso Robles to Oceano</name>
    <trkseg>
      <trkpt lat="35.638980" lon="-120.692429">
        <ele>231.8</ele>
      </trkpt>
      <trkpt lat="35.638946" lon="-120.692426">
        <ele>231.8</ele>
      </trkpt>
      <trkpt lat="35.638708" lon="-120.692407">
        <ele>231.8</ele>
      </trkpt>
      <trkpt lat="35.638664" lon="-120.692403">
        <ele>231.8</ele>
      </trkpt>
      <trkpt lat="35.638515" lon="-120.692391">
        <ele>231.8</ele>
      </trkpt>
      <trkpt lat="35.638324" lon="-120.692376">
        <ele>232.0</ele>
      </trkpt>
      <trkpt lat="35.638253" lon="-120.692370">
        <ele>232.0</ele>
      </trkpt>
      <trkpt lat="35.638147" lon="-120.692361">
        <ele>232.0</ele>
      </trkpt>
      <trkpt lat="35.637522" lon="-120.692308">
        <ele>232.2</ele>
      </trkpt>
      <trkpt lat="35.637455" lon="-120.692302">
        <ele>232.2</ele>
      </trkpt>
      <trkpt lat="35.637187" lon="-120.692279">
        <ele>231.0</ele>
      </trkpt>
      <trkpt lat="35.637080" lon="-120.692270">
        <ele>230.5</ele>
      </trkpt>
      <trkpt lat="35.637072" lon="-120.692402">
        <ele>230.5</ele>
      </trkpt>
      <trkpt lat="35.637047" lon="-120.692822">
        <ele>231.0</ele>
      </trkpt>
      <trkpt lat="35.637043" lon="-120.692895">
        <ele>231.0</ele>
      </trkpt>
      <trkpt lat="35.637012" lon="-120.693548">
        <ele>233.0</ele>
      </trkpt>
      <trkpt lat="35.636983" lon="-120.694178">
        <ele>236.8</ele>
      </trkpt>
      <trkpt lat="35.636945" lon="-120.694844">
        <ele>243.8</ele>
      </trkpt>
      <trkpt lat="35.635900" lon="-120.694738">
        <ele>236.2</ele>
      </trkpt>
      <trkpt lat="35.634855" lon="-120.694633">
        <ele>234.5</ele>
      </trkpt>
      <trkpt lat="35.633818" lon="-120.694547">
        <ele>234.8</ele>
      </trkpt>
      <trkpt lat="35.632764" lon="-120.694461">
        <ele>235.5</ele>
      </trkpt>
      <trkpt lat="35.631731" lon="-120.694371">
        <ele>233.8</ele>
      </trkpt>
      <trkpt lat="35.630687" lon="-120.694286">
        <ele>234.2</ele>
      </trkpt>
      <trkpt lat="35.630453" lon="-120.694267">
        <ele>234.2</ele>
      </trkpt>
      <trkpt lat="35.630416" lon="-120.694264">
        <ele>234.2</ele>
      </trkpt>
      <trkpt lat="35.630284" lon="-120.694253">
        <ele>234.2</ele>
      </trkpt>
      <trkpt lat="35.629646" lon="-120.694200">
        <ele>233.5</ele>
      </trkpt>
      <trkpt lat="35.628618" lon="-120.694112">
        <ele>233.2</ele>
      </trkpt>
      <trkpt lat="35.628095" lon="-120.694067">
        <ele>234.0</ele>
      </trkpt>
      <trkpt lat="35.627571" lon="-120.694023">
        <ele>235.0</ele>
      </trkpt>
      <trkpt lat="35.626532" lon="-120.693935">
        <ele>233.5</ele>
      </trkpt>
      <trkpt lat="35.625479" lon="-120.693848">
        <ele>233.5</ele>
      </trkpt>
      <trkpt lat="35.624444" lon="-120.693758">
        <ele>237.2</ele>
      </trkpt>
      <trkpt lat="35.623402" lon="-120.693673">
        <ele>237.2</ele>
      </trkpt>
      <trkpt lat="35.622355" lon="-120.693587">
        <ele>238.0</ele>
      </trkpt>
      <trkpt lat="35.621656" lon="-120.693526">
        <ele>240.0</ele>
      </trkpt>
      <trkpt lat="35.621328" lon="-120.693504">
        <ele>240.0</ele>
      </trkpt>
      <trkpt lat="35.620278" lon="-120.693408">
        <ele>241.0</ele>
      </trkpt>
      <trkpt lat="35.619721" lon="-120.693365">
        <ele>242.2</ele>
      </trkpt>
      <trkpt lat="35.619240" lon="-120.693327">
        <ele>242.8</ele>
      </trkpt>
      <trkpt lat="35.618220" lon="-120.693260">
        <ele>245.2</ele>
      </trkpt>
      <trkpt lat="35.617835" lon="-120.693225">
        <ele>244.2</ele>
      </trkpt>
      <trkpt lat="35.617532" lon="-120.693198">
        <ele>243.5</ele>
      </trkpt>
      <trkpt lat="35.617451" lon="-120.693191">
        <ele>243.5</ele>
      </trkpt>
      <trkpt lat="35.617233" lon="-120.693171">
        <ele>244.2</ele>
      </trkpt>
      <trkpt lat="35.616244" lon="-120.693081">
        <ele>244.5</ele>
      </trkpt>
      <trkpt lat="35.615849" lon="-120.693046">
        <ele>243.2</ele>
      </trkpt>
      <trkpt lat="35.615802" lon="-120.693041">
        <ele>243.0</ele>
      </trkpt>
      <trkpt lat="35.615238" lon="-120.692990">
        <ele>240.2</ele>
      </trkpt>
      <trkpt lat="35.615112" lon="-120.692978">
        <ele>239.8</ele>
      </trkpt>
      <trkpt lat="35.615029" lon="-120.692970">
        <ele>239.2</ele>
      </trkpt>
      <trkpt lat="35.614658" lon="-120.692936">
        <ele>240.5</ele>
      </trkpt>
      <trkpt lat="35.614091" lon="-120.692875">
        <ele>242.0</ele>
      </trkpt>
      <trkpt lat="35.613854" lon="-120.692849">
        <ele>241.8</ele>
      </trkpt>
      <trkpt lat="35.612864" lon="-120.692773">
        <ele>243.5</ele>
      </trkpt>
      <trkpt lat="35.612557" lon="-120.692749">
        <ele>245.0</ele>
      </trkpt>
      <trkpt lat="35.612221" lon="-120.692721">
        <ele>245.5</ele>
      </trkpt>
      <trkpt lat="35.611991" lon="-120.692738">
        <ele>245.8</ele>
      </trkpt>
      <trkpt lat="35.611478" lon="-120.692809">
        <ele>247.2</ele>
      </trkpt>
      <trkpt lat="35.611327" lon="-120.692830">
        <ele>247.8</ele>
      </trkpt>
      <trkpt lat="35.611093" lon="-120.692838">
        <ele>248.5</ele>
      </trkpt>
      <trkpt lat="35.610941" lon="-120.692825">
        <ele>249.0</ele>
      </trkpt>
      <trkpt lat="35.610832" lon="-120.692806">
        <ele>249.0</ele>
      </trkpt>
      <trkpt lat="35.610742" lon="-120.692779">
        <ele>249.2</ele>
      </trkpt>
      <trkpt lat="35.610692" lon="-120.692763">
        <ele>249.5</ele>
      </trkpt>
      <trkpt lat="35.610643" lon="-120.692748">
        <ele>249.5</ele>
      </trkpt>
      <trkpt lat="35.610478" lon="-120.692657">
        <ele>249.2</ele>
      </trkpt>
      <trkpt lat="35.609925" lon="-120.692306">
        <ele>247.5</ele>
      </trkpt>
      <trkpt lat="35.609756" lon="-120.692246">
        <ele>246.8</ele>
      </trkpt>
      <trkpt lat="35.609641" lon="-120.692205">
        <ele>246.2</ele>
      </trkpt>
      <trkpt lat="35.609554" lon="-120.692186">
        <ele>246.0</ele>
      </trkpt>
      <trkpt lat="35.609371" lon="-120.692159">
        <ele>245.5</ele>
      </trkpt>
      <trkpt lat="35.609200" lon="-120.692167">
        <ele>245.2</ele>
      </trkpt>
      <trkpt lat="35.608906" lon="-120.692208">
        <ele>246.0</ele>
      </trkpt>
      <trkpt lat="35.607871" lon="-120.692422">
        <ele>248.8</ele>
      </trkpt>
      <trkpt lat="35.606361" lon="-120.692749">
        <ele>242.8</ele>
      </trkpt>
      <trkpt lat="35.606024" lon="-120.692801">
        <ele>239.5</ele>
      </trkpt>
      <trkpt lat="35.605574" lon="-120.692847">
        <ele>237.2</ele>
      </trkpt>
      <trkpt lat="35.605070" lon="-120.692869">
        <ele>237.0</ele>
      </trkpt>
      <trkpt lat="35.605000" lon="-120.692869">
        <ele>236.8</ele>
      </trkpt>
      <trkpt lat="35.604416" lon="-120.692861">
        <ele>236.0</ele>
      </trkpt>
      <trkpt lat="35.603473" lon="-120.692834">
        <ele>232.8</ele>
      </trkpt>
      <trkpt lat="35.603425" lon="-120.692832">
        <ele>232.5</ele>
      </trkpt>
      <trkpt lat="35.603377" lon="-120.692831">
        <ele>232.5</ele>
      </trkpt>
      <trkpt lat="35.603157" lon="-120.692825">
        <ele>232.5</ele>
      </trkpt>
      <trkpt lat="35.602772" lon="-120.692832">
        <ele>233.8</ele>
      </trkpt>
      <trkpt lat="35.602376" lon="-120.692860">
        <ele>235.0</ele>
      </trkpt>
      <trkpt lat="35.601852" lon="-120.692959">
        <ele>235.0</ele>
      </trkpt>
      <trkpt lat="35.601320" lon="-120.693130">
        <ele>235.0</ele>
      </trkpt>
      <trkpt lat="35.598359" lon="-120.694598">
        <ele>233.0</ele>
      </trkpt>
      <trkpt lat="35.596719" lon="-120.695418">
        <ele>229.2</ele>
      </trkpt>
      <trkpt lat="35.596338" lon="-120.695554">
        <ele>229.5</ele>
      </trkpt>
      <trkpt lat="35.595940" lon="-120.695636">
        <ele>230.0</ele>
      </trkpt>
      <trkpt lat="35.595548" lon="-120.695707">
        <ele>229.5</ele>
      </trkpt>
      <trkpt lat="35.595148" lon="-120.695713">
        <ele>228.0</ele>
      </trkpt>
      <trkpt lat="35.593479" lon="-120.695735">
        <ele>227.8</ele>
      </trkpt>
      <trkpt lat="35.593134" lon="-120.695745">
        <ele>229.0</ele>
      </trkpt>
      <trkpt lat="35.592758" lon="-120.695772">
        <ele>231.2</ele>
      </trkpt>
      <trkpt lat="35.591360" lon="-120.695899">
        <ele>234.8</ele>
      </trkpt>
      <trkpt lat="35.591146" lon="-120.695923">
        <ele>234.5</ele>
      </trkpt>
      <trkpt lat="35.590929" lon="-120.695961">
        <ele>234.2</ele>
      </trkpt>
      <trkpt lat="35.590696" lon="-120.696013">
        <ele>234.0</ele>
      </trkpt>
      <trkpt lat="35.590496" lon="-120.696072">
        <ele>233.8</ele>
      </trkpt>
      <trkpt lat="35.589767" lon="-120.696330">
        <ele>234.0</ele>
      </trkpt>
      <trkpt lat="35.589613" lon="-120.696375">
        <ele>234.2</ele>
      </trkpt>
      <trkpt lat="35.589566" lon="-120.696526">
        <ele>234.8</ele>
      </trkpt>
      <trkpt lat="35.589464" lon="-120.696543">
        <ele>234.8</ele>
      </trkpt>
      <trkpt lat="35.589367" lon="-120.696558">
        <ele>234.8</ele>
      </trkpt>
      <trkpt lat="35.589326" lon="-120.696533">
        <ele>234.8</ele>
      </trkpt>
      <trkpt lat="35.589084" lon="-120.696538">
        <ele>235.0</ele>
      </trkpt>
      <trkpt lat="35.589022" lon="-120.696556">
        <ele>235.5</ele>
      </trkpt>
      <trkpt lat="35.588601" lon="-120.696490">
        <ele>237.2</ele>
      </trkpt>
      <trkpt lat="35.588572" lon="-120.696400">
        <ele>237.2</ele>
      </trkpt>
      <trkpt lat="35.588489" lon="-120.696363">
        <ele>237.5</ele>
      </trkpt>
      <trkpt lat="35.588169" lon="-120.696316">
        <ele>238.5</ele>
      </trkpt>
      <trkpt lat="35.587935" lon="-120.696292">
        <ele>239.0</ele>
      </trkpt>
      <trkpt lat="35.587658" lon="-120.696286">
        <ele>239.5</ele>
      </trkpt>
      <trkpt lat="35.587306" lon="-120.696315">
        <ele>240.2</ele>
      </trkpt>
      <trkpt lat="35.587139" lon="-120.696369">
        <ele>240.8</ele>
      </trkpt>
      <trkpt lat="35.586327" lon="-120.696447">
        <ele>240.5</ele>
      </trkpt>
      <trkpt lat="35.586216" lon="-120.696455">
        <ele>239.8</ele>
      </trkpt>
      <trkpt lat="35.585434" lon="-120.696516">
        <ele>238.8</ele>
      </trkpt>
      <trkpt lat="35.584550" lon="-120.696584">
        <ele>239.5</ele>
      </trkpt>
      <trkpt lat="35.584453" lon="-120.696596">
        <ele>239.2</ele>
      </trkpt>
      <trkpt lat="35.583647" lon="-120.696709">
        <ele>238.8</ele>
      </trkpt>
      <trkpt lat="35.582795" lon="-120.696826">
        <ele>237.8</ele>
      </trkpt>
      <trkpt lat="35.582668" lon="-120.696843">
        <ele>237.5</ele>
      </trkpt>
      <trkpt lat="35.582262" lon="-120.696896">
        <ele>238.2</ele>
      </trkpt>
      <trkpt lat="35.581825" lon="-120.696953">
        <ele>240.0</ele>
      </trkpt>
      <trkpt lat="35.580855" lon="-120.697091">
        <ele>238.5</ele>
      </trkpt>
      <trkpt lat="35.580319" lon="-120.697166">
        <ele>239.0</ele>
      </trkpt>
      <trkpt lat="35.579649" lon="-120.697261">
        <ele>240.2</ele>
      </trkpt>
      <trkpt lat="35.579120" lon="-120.697337">
        <ele>242.2</ele>
      </trkpt>
      <trkpt lat="35.578543" lon="-120.697420">
        <ele>241.2</ele>
      </trkpt>
      <trkpt lat="35.576632" lon="-120.697712">
        <ele>240.5</ele>
      </trkpt>
      <trkpt lat="35.576531" lon="-120.697727">
        <ele>240.5</ele>
      </trkpt>
      <trkpt lat="35.575843" lon="-120.697833">
        <ele>241.0</ele>
      </trkpt>
      <trkpt lat="35.575762" lon="-120.697846">
        <ele>241.0</ele>
      </trkpt>
      <trkpt lat="35.575016" lon="-120.697974">
        <ele>241.2</ele>
      </trkpt>
      <trkpt lat="35.574552" lon="-120.698073">
        <ele>240.5</ele>
      </trkpt>
      <trkpt lat="35.574050" lon="-120.698223">
        <ele>240.0</ele>
      </trkpt>
      <trkpt lat="35.573595" lon="-120.698374">
        <ele>239.8</ele>
      </trkpt>
      <trkpt lat="35.572400" lon="-120.698907">
        <ele>241.2</ele>
      </trkpt>
      <trkpt lat="35.570838" lon="-120.699740">
        <ele>238.2</ele>
      </trkpt>
      <trkpt lat="35.570581" lon="-120.699867">
        <ele>238.0</ele>
      </trkpt>
      <trkpt lat="35.569429" lon="-120.700463">
        <ele>238.8</ele>
      </trkpt>
      <trkpt lat="35.568631" lon="-120.700949">
        <ele>239.2</ele>
      </trkpt>
      <trkpt lat="35.567848" lon="-120.701454">
        <ele>238.5</ele>
      </trkpt>
      <trkpt lat="35.567445" lon="-120.701745">
        <ele>240.0</ele>
      </trkpt>
      <trkpt lat="35.567321" lon="-120.701856">
        <ele>239.8</ele>
      </trkpt>
      <trkpt lat="35.567067" lon="-120.702138">
        <ele>240.2</ele>
      </trkpt>
      <trkpt lat="35.566915" lon="-120.702332">
        <ele>241.0</ele>
      </trkpt>
      <trkpt lat="35.566742" lon="-120.702539">
        <ele>242.0</ele>
      </trkpt>
      <trkpt lat="35.566614" lon="-120.702671">
        <ele>242.8</ele>
      </trkpt>
      <trkpt lat="35.566484" lon="-120.702786">
        <ele>243.5</ele>
      </trkpt>
      <trkpt lat="35.566430" lon="-120.702714">
        <ele>243.5</ele>
      </trkpt>
      <trkpt lat="35.566228" lon="-120.702476">
        <ele>242.8</ele>
      </trkpt>
      <trkpt lat="35.566031" lon="-120.702237">
        <ele>241.8</ele>
      </trkpt>
      <trkpt lat="35.565659" lon="-120.701786">
        <ele>239.8</ele>
      </trkpt>
      <trkpt lat="35.565455" lon="-120.701528">
        <ele>239.0</ele>
      </trkpt>
      <trkpt lat="35.565240" lon="-120.701252">
        <ele>238.5</ele>
      </trkpt>
      <trkpt lat="35.565156" lon="-120.701168">
        <ele>238.5</ele>
      </trkpt>
      <trkpt lat="35.565033" lon="-120.701065">
        <ele>238.5</ele>
      </trkpt>
      <trkpt lat="35.564911" lon="-120.700978">
        <ele>238.2</ele>
      </trkpt>
      <trkpt lat="35.564792" lon="-120.700909">
        <ele>238.0</ele>
      </trkpt>
      <trkpt lat="35.564645" lon="-120.700839">
        <ele>237.5</ele>
      </trkpt>
      <trkpt lat="35.564495" lon="-120.700786">
        <ele>237.0</ele>
      </trkpt>
      <trkpt lat="35.564300" lon="-120.700732">
        <ele>236.8</ele>
      </trkpt>
      <trkpt lat="35.563815" lon="-120.700619">
        <ele>236.0</ele>
      </trkpt>
      <trkpt lat="35.563588" lon="-120.700581">
        <ele>235.8</ele>
      </trkpt>
      <trkpt lat="35.563258" lon="-120.700542">
        <ele>234.8</ele>
      </trkpt>
      <trkpt lat="35.562947" lon="-120.700521">
        <ele>233.2</ele>
      </trkpt>
      <trkpt lat="35.562776" lon="-120.700514">
        <ele>232.5</ele>
      </trkpt>
      <trkpt lat="35.562494" lon="-120.700512">
        <ele>231.0</ele>
      </trkpt>
      <trkpt lat="35.562280" lon="-120.700525">
        <ele>231.5</ele>
      </trkpt>
      <trkpt lat="35.561750" lon="-120.700570">
        <ele>232.5</ele>
      </trkpt>
      <trkpt lat="35.561548" lon="-120.700595">
        <ele>232.8</ele>
      </trkpt>
      <trkpt lat="35.559990" lon="-120.700820">
        <ele>236.0</ele>
      </trkpt>
      <trkpt lat="35.559542" lon="-120.700880">
        <ele>236.8</ele>
      </trkpt>
      <trkpt lat="35.558268" lon="-120.701035">
        <ele>240.5</ele>
      </trkpt>
      <trkpt lat="35.557862" lon="-120.701092">
        <ele>240.8</ele>
      </trkpt>
      <trkpt lat="35.557674" lon="-120.701120">
        <ele>241.0</ele>
      </trkpt>
      <trkpt lat="35.557265" lon="-120.701176">
        <ele>241.0</ele>
      </trkpt>
      <trkpt lat="35.557176" lon="-120.701189">
        <ele>241.0</ele>
      </trkpt>
      <trkpt lat="35.556752" lon="-120.701251">
        <ele>240.8</ele>
      </trkpt>
      <trkpt lat="35.556055" lon="-120.701348">
        <ele>243.5</ele>
      </trkpt>
      <trkpt lat="35.555930" lon="-120.701365">
        <ele>244.0</ele>
      </trkpt>
      <trkpt lat="35.555437" lon="-120.701451">
        <ele>243.8</ele>
      </trkpt>
      <trkpt lat="35.555011" lon="-120.701525">
        <ele>242.8</ele>
      </trkpt>
      <trkpt lat="35.554885" lon="-120.701542">
        <ele>243.0</ele>
      </trkpt>
      <trkpt lat="35.554742" lon="-120.701561">
        <ele>243.5</ele>
      </trkpt>
      <trkpt lat="35.554504" lon="-120.701593">
        <ele>244.0</ele>
      </trkpt>
      <trkpt lat="35.554374" lon="-120.701612">
        <ele>244.2</ele>
      </trkpt>
      <trkpt lat="35.554290" lon="-120.701625">
        <ele>244.5</ele>
      </trkpt>
      <trkpt lat="35.554120" lon="-120.701649">
        <ele>244.8</ele>
      </trkpt>
      <trkpt lat="35.553859" lon="-120.701699">
        <ele>245.0</ele>
      </trkpt>
      <trkpt lat="35.553703" lon="-120.701743">
        <ele>245.0</ele>
      </trkpt>
      <trkpt lat="35.553565" lon="-120.701789">
        <ele>245.2</ele>
      </trkpt>
      <trkpt lat="35.553417" lon="-120.701851">
        <ele>245.5</ele>
      </trkpt>
      <trkpt lat="35.553290" lon="-120.701909">
        <ele>245.8</ele>
      </trkpt>
      <trkpt lat="35.553156" lon="-120.701989">
        <ele>245.8</ele>
      </trkpt>
      <trkpt lat="35.552830" lon="-120.702238">
        <ele>245.8</ele>
      </trkpt>
      <trkpt lat="35.552646" lon="-120.702394">
        <ele>245.2</ele>
      </trkpt>
      <trkpt lat="35.552257" lon="-120.702732">
        <ele>244.8</ele>
      </trkpt>
      <trkpt lat="35.551905" lon="-120.703043">
        <ele>245.2</ele>
      </trkpt>
      <trkpt lat="35.551491" lon="-120.703409">
        <ele>245.8</ele>
      </trkpt>
      <trkpt lat="35.551432" lon="-120.703462">
        <ele>245.8</ele>
      </trkpt>
      <trkpt lat="35.551056" lon="-120.703791">
        <ele>246.0</ele>
      </trkpt>
      <trkpt lat="35.550618" lon="-120.704192">
        <ele>246.8</ele>
      </trkpt>
      <trkpt lat="35.550259" lon="-120.704514">
        <ele>246.8</ele>
      </trkpt>
      <trkpt lat="35.550096" lon="-120.704663">
        <ele>246.8</ele>
      </trkpt>
      <trkpt lat="35.549855" lon="-120.704886">
        <ele>246.8</ele>
      </trkpt>
      <trkpt lat="35.549802" lon="-120.704934">
        <ele>247.0</ele>
      </trkpt>
      <trkpt lat="35.549520" lon="-120.705189">
        <ele>247.8</ele>
      </trkpt>
      <trkpt lat="35.549301" lon="-120.705385">
        <ele>247.8</ele>
      </trkpt>
      <trkpt lat="35.548980" lon="-120.705668">
        <ele>247.2</ele>
      </trkpt>
      <trkpt lat="35.548922" lon="-120.705719">
        <ele>247.2</ele>
      </trkpt>
      <trkpt lat="35.548592" lon="-120.706009">
        <ele>246.8</ele>
      </trkpt>
      <trkpt lat="35.548239" lon="-120.706328">
        <ele>247.0</ele>
      </trkpt>
      <trkpt lat="35.548158" lon="-120.706401">
        <ele>247.0</ele>
      </trkpt>
      <trkpt lat="35.548095" lon="-120.706461">
        <ele>247.2</ele>
      </trkpt>
      <trkpt lat="35.547898" lon="-120.706637">
        <ele>247.8</ele>
      </trkpt>
      <trkpt lat="35.547777" lon="-120.706744">
        <ele>248.0</ele>
      </trkpt>
      <trkpt lat="35.547490" lon="-120.707000">
        <ele>248.8</ele>
      </trkpt>
      <trkpt lat="35.547340" lon="-120.707135">
        <ele>248.8</ele>
      </trkpt>
      <trkpt lat="35.546973" lon="-120.707463">
        <ele>249.2</ele>
      </trkpt>
      <trkpt lat="35.546524" lon="-120.707869">
        <ele>248.5</ele>
      </trkpt>
      <trkpt lat="35.546454" lon="-120.707930">
        <ele>248.2</ele>
      </trkpt>
      <trkpt lat="35.546151" lon="-120.708192">
        <ele>247.5</ele>
      </trkpt>
      <trkpt lat="35.545697" lon="-120.708567">
        <ele>247.0</ele>
      </trkpt>
      <trkpt lat="35.545371" lon="-120.708817">
        <ele>246.0</ele>
      </trkpt>
      <trkpt lat="35.545001" lon="-120.709090">
        <ele>244.0</ele>
      </trkpt>
      <trkpt lat="35.544679" lon="-120.709309">
        <ele>242.8</ele>
      </trkpt>
      <trkpt lat="35.544218" lon="-120.709582">
        <ele>241.0</ele>
      </trkpt>
      <trkpt lat="35.544072" lon="-120.709660">
        <ele>240.8</ele>
      </trkpt>
      <trkpt lat="35.543781" lon="-120.709807">
        <ele>240.8</ele>
      </trkpt>
      <trkpt lat="35.543837" lon="-120.710122">
        <ele>240.2</ele>
      </trkpt>
      <trkpt lat="35.543886" lon="-120.710398">
        <ele>240.2</ele>
      </trkpt>
      <trkpt lat="35.543984" lon="-120.710918">
        <ele>241.2</ele>
      </trkpt>
      <trkpt lat="35.544065" lon="-120.711390">
        <ele>244.0</ele>
      </trkpt>
      <trkpt lat="35.544082" lon="-120.711536">
        <ele>245.0</ele>
      </trkpt>
      <trkpt lat="35.544094" lon="-120.711694">
        <ele>246.0</ele>
      </trkpt>
      <trkpt lat="35.544098" lon="-120.711851">
        <ele>247.5</ele>
      </trkpt>
      <trkpt lat="35.544094" lon="-120.711999">
        <ele>248.8</ele>
      </trkpt>
      <trkpt lat="35.544061" lon="-120.712314">
        <ele>251.8</ele>
      </trkpt>
      <trkpt lat="35.543965" lon="-120.712942">
        <ele>254.2</ele>
      </trkpt>
      <trkpt lat="35.543823" lon="-120.713855">
        <ele>256.0</ele>
      </trkpt>
      <trkpt lat="35.543764" lon="-120.714227">
        <ele>257.5</ele>
      </trkpt>
      <trkpt lat="35.543716" lon="-120.714538">
        <ele>258.8</ele>
      </trkpt>
      <trkpt lat="35.543695" lon="-120.714670">
        <ele>259.2</ele>
      </trkpt>
      <trkpt lat="35.543665" lon="-120.714865">
        <ele>260.2</ele>
      </trkpt>
      <trkpt lat="35.543557" lon="-120.715588">
        <ele>260.2</ele>
      </trkpt>
      <trkpt lat="35.543457" lon="-120.716204">
        <ele>261.2</ele>
      </trkpt>
      <trkpt lat="35.543425" lon="-120.716541">
        <ele>262.0</ele>
      </trkpt>
      <trkpt lat="35.543354" lon="-120.717635">
        <ele>264.0</ele>
      </trkpt>
      <trkpt lat="35.543337" lon="-120.718175">
        <ele>264.8</ele>
      </trkpt>
      <trkpt lat="35.543329" lon="-120.718500">
        <ele>265.2</ele>
      </trkpt>
      <trkpt lat="35.543317" lon="-120.719455">
        <ele>267.2</ele>
      </trkpt>
      <trkpt lat="35.543314" lon="-120.719657">
        <ele>267.5</ele>
      </trkpt>
      <trkpt lat="35.543303" lon="-120.720530">
        <ele>267.2</ele>
      </trkpt>
      <trkpt lat="35.543303" lon="-120.722694">
        <ele>267.0</ele>
      </trkpt>
      <trkpt lat="35.541458" lon="-120.722675">
        <ele>269.0</ele>
      </trkpt>
      <trkpt lat="35.541301" lon="-120.722683">
        <ele>269.0</ele>
      </trkpt>
      <trkpt lat="35.540506" lon="-120.722682">
        <ele>269.2</ele>
      </trkpt>
      <trkpt lat="35.540214" lon="-120.722682">
        <ele>269.8</ele>
      </trkpt>
      <trkpt lat="35.539632" lon="-120.722682">
        <ele>270.0</ele>
      </trkpt>
      <trkpt lat="35.539580" lon="-120.722681">
        <ele>270.0</ele>
      </trkpt>
      <trkpt lat="35.539228" lon="-120.722681">
        <ele>270.0</ele>
      </trkpt>
      <trkpt lat="35.539103" lon="-120.722681">
        <ele>270.0</ele>
      </trkpt>
      <trkpt lat="35.538235" lon="-120.722694">
        <ele>269.8</ele>
      </trkpt>
      <trkpt lat="35.538243" lon="-120.724143">
        <ele>269.2</ele>
      </trkpt>
      <trkpt lat="35.538256" lon="-120.724284">
        <ele>267.8</ele>
      </trkpt>
      <trkpt lat="35.538289" lon="-120.724364">
        <ele>266.8</ele>
      </trkpt>
      <trkpt lat="35.538334" lon="-120.724433">
        <ele>266.2</ele>
      </trkpt>
      <trkpt lat="35.538640" lon="-120.724753">
        <ele>265.2</ele>
      </trkpt>
      <trkpt lat="35.538874" lon="-120.725019">
        <ele>265.8</ele>
      </trkpt>
      <trkpt lat="35.539031" lon="-120.725260">
        <ele>265.5</ele>
      </trkpt>
      <trkpt lat="35.539096" lon="-120.725589">
        <ele>263.0</ele>
      </trkpt>
      <trkpt lat="35.539173" lon="-120.725883">
        <ele>261.8</ele>
      </trkpt>
      <trkpt lat="35.539207" lon="-120.726163">
        <ele>260.8</ele>
      </trkpt>
      <trkpt lat="35.539228" lon="-120.726506">
        <ele>259.8</ele>
      </trkpt>
      <trkpt lat="35.539256" lon="-120.726641">
        <ele>259.8</ele>
      </trkpt>
      <trkpt lat="35.539330" lon="-120.726898">
        <ele>260.2</ele>
      </trkpt>
      <trkpt lat="35.539334" lon="-120.727007">
        <ele>260.0</ele>
      </trkpt>
      <trkpt lat="35.539256" lon="-120.727506">
        <ele>256.8</ele>
      </trkpt>
      <trkpt lat="35.539213" lon="-120.727639">
        <ele>255.5</ele>
      </trkpt>
      <trkpt lat="35.539145" lon="-120.727907">
        <ele>253.8</ele>
      </trkpt>
      <trkpt lat="35.539043" lon="-120.728073">
        <ele>252.2</ele>
      </trkpt>
      <trkpt lat="35.538919" lon="-120.728248">
        <ele>251.0</ele>
      </trkpt>
      <trkpt lat="35.538713" lon="-120.728440">
        <ele>249.2</ele>
      </trkpt>
      <trkpt lat="35.538575" lon="-120.728212">
        <ele>248.0</ele>
      </trkpt>
      <trkpt lat="35.538393" lon="-120.728040">
        <ele>246.5</ele>
      </trkpt>
      <trkpt lat="35.538179" lon="-120.727882">
        <ele>245.8</ele>
      </trkpt>
      <trkpt lat="35.537876" lon="-120.727799">
        <ele>245.2</ele>
      </trkpt>
      <trkpt lat="35.537834" lon="-120.727787">
        <ele>245.2</ele>
      </trkpt>
      <trkpt lat="35.537574" lon="-120.727749">
        <ele>245.0</ele>
      </trkpt>
      <trkpt lat="35.537346" lon="-120.727715">
        <ele>245.2</ele>
      </trkpt>
      <trkpt lat="35.537232" lon="-120.727686">
        <ele>245.2</ele>
      </trkpt>
      <trkpt lat="35.536841" lon="-120.727617">
        <ele>246.2</ele>
      </trkpt>
      <trkpt lat="35.536699" lon="-120.727621">
        <ele>246.5</ele>
      </trkpt>
      <trkpt lat="35.536567" lon="-120.727653">
        <ele>246.8</ele>
      </trkpt>
      <trkpt lat="35.536452" lon="-120.727727">
        <ele>246.8</ele>
      </trkpt>
      <trkpt lat="35.536328" lon="-120.727831">
        <ele>247.2</ele>
      </trkpt>
      <trkpt lat="35.535240" lon="-120.729370">
        <ele>257.0</ele>
      </trkpt>
      <trkpt lat="35.535035" lon="-120.729761">
        <ele>260.0</ele>
      </trkpt>
      <trkpt lat="35.534950" lon="-120.729935">
        <ele>260.8</ele>
      </trkpt>
      <trkpt lat="35.534893" lon="-120.730069">
        <ele>260.5</ele>
      </trkpt>
      <trkpt lat="35.534795" lon="-120.730741">
        <ele>259.2</ele>
      </trkpt>
      <trkpt lat="35.534742" lon="-120.731042">
        <ele>259.2</ele>
      </trkpt>
      <trkpt lat="35.534691" lon="-120.731287">
        <ele>259.8</ele>
      </trkpt>
      <trkpt lat="35.534488" lon="-120.732110">
        <ele>261.8</ele>
      </trkpt>
      <trkpt lat="35.534475" lon="-120.732213">
        <ele>262.0</ele>
      </trkpt>
      <trkpt lat="35.534472" lon="-120.732323">
        <ele>262.0</ele>
      </trkpt>
      <trkpt lat="35.534509" lon="-120.732515">
        <ele>261.5</ele>
      </trkpt>
      <trkpt lat="35.534544" lon="-120.732785">
        <ele>262.5</ele>
      </trkpt>
      <trkpt lat="35.534541" lon="-120.732898">
        <ele>263.2</ele>
      </trkpt>
      <trkpt lat="35.534518" lon="-120.733135">
        <ele>265.0</ele>
      </trkpt>
      <trkpt lat="35.534468" lon="-120.733355">
        <ele>266.8</ele>
      </trkpt>
      <trkpt lat="35.534398" lon="-120.733557">
        <ele>266.5</ele>
      </trkpt>
      <trkpt lat="35.534139" lon="-120.734140">
        <ele>266.2</ele>
      </trkpt>
      <trkpt lat="35.533924" lon="-120.734586">
        <ele>267.8</ele>
      </trkpt>
      <trkpt lat="35.533772" lon="-120.734804">
        <ele>268.8</ele>
      </trkpt>
      <trkpt lat="35.533734" lon="-120.734925">
        <ele>268.8</ele>
      </trkpt>
      <trkpt lat="35.533475" lon="-120.735584">
        <ele>270.8</ele>
      </trkpt>
      <trkpt lat="35.533434" lon="-120.735707">
        <ele>271.0</ele>
      </trkpt>
      <trkpt lat="35.533418" lon="-120.736132">
        <ele>271.0</ele>
      </trkpt>
      <trkpt lat="35.533429" lon="-120.736293">
        <ele>270.8</ele>
      </trkpt>
      <trkpt lat="35.533392" lon="-120.736540">
        <ele>271.2</ele>
      </trkpt>
      <trkpt lat="35.533266" lon="-120.737004">
        <ele>271.2</ele>
      </trkpt>
      <trkpt lat="35.533157" lon="-120.737849">
        <ele>268.0</ele>
      </trkpt>
      <trkpt lat="35.533097" lon="-120.738309">
        <ele>265.5</ele>
      </trkpt>
      <trkpt lat="35.532978" lon="-120.739493">
        <ele>264.0</ele>
      </trkpt>
      <trkpt lat="35.532908" lon="-120.739977">
        <ele>264.5</ele>
      </trkpt>
      <trkpt lat="35.532804" lon="-120.740759">
        <ele>267.5</ele>
      </trkpt>
      <trkpt lat="35.532667" lon="-120.741413">
        <ele>269.0</ele>
      </trkpt>
      <trkpt lat="35.532734" lon="-120.741792">
        <ele>267.5</ele>
      </trkpt>
      <trkpt lat="35.532773" lon="-120.741942">
        <ele>267.0</ele>
      </trkpt>
      <trkpt lat="35.532911" lon="-120.742241">
        <ele>265.8</ele>
      </trkpt>
      <trkpt lat="35.532958" lon="-120.742498">
        <ele>266.2</ele>
      </trkpt>
      <trkpt lat="35.532980" lon="-120.742620">
        <ele>266.5</ele>
      </trkpt>
      <trkpt lat="35.533160" lon="-120.743852">
        <ele>269.8</ele>
      </trkpt>
      <trkpt lat="35.533399" lon="-120.745369">
        <ele>274.5</ele>
      </trkpt>
      <trkpt lat="35.533578" lon="-120.746356">
        <ele>280.8</ele>
      </trkpt>
      <trkpt lat="35.533610" lon="-120.746555">
        <ele>281.8</ele>
      </trkpt>
      <trkpt lat="35.533738" lon="-120.747443">
        <ele>282.2</ele>
      </trkpt>
      <trkpt lat="35.533914" lon="-120.748787">
        <ele>287.8</ele>
      </trkpt>
      <trkpt lat="35.533995" lon="-120.749308">
        <ele>289.8</ele>
      </trkpt>
      <trkpt lat="35.534014" lon="-120.749478">
        <ele>290.0</ele>
      </trkpt>
      <trkpt lat="35.534013" lon="-120.749647">
        <ele>290.5</ele>
      </trkpt>
      <trkpt lat="35.534000" lon="-120.749784">
        <ele>290.8</ele>
      </trkpt>
      <trkpt lat="35.533961" lon="-120.750032">
        <ele>291.0</ele>
      </trkpt>
      <trkpt lat="35.533931" lon="-120.750140">
        <ele>290.5</ele>
      </trkpt>
      <trkpt lat="35.533898" lon="-120.750229">
        <ele>289.8</ele>
      </trkpt>
      <trkpt lat="35.533863" lon="-120.750326">
        <ele>289.2</ele>
      </trkpt>
      <trkpt lat="35.533829" lon="-120.750388">
        <ele>289.0</ele>
      </trkpt>
      <trkpt lat="35.533737" lon="-120.750553">
        <ele>288.2</ele>
      </trkpt>
      <trkpt lat="35.533559" lon="-120.750776">
        <ele>287.8</ele>
      </trkpt>
      <trkpt lat="35.533318" lon="-120.751035">
        <ele>285.2</ele>
      </trkpt>
      <trkpt lat="35.533158" lon="-120.751185">
        <ele>285.0</ele>
      </trkpt>
      <trkpt lat="35.532975" lon="-120.751374">
        <ele>285.2</ele>
      </trkpt>
      <trkpt lat="35.532828" lon="-120.751548">
        <ele>285.8</ele>
      </trkpt>
      <trkpt lat="35.532727" lon="-120.751687">
        <ele>286.2</ele>
      </trkpt>
      <trkpt lat="35.532312" lon="-120.752381">
        <ele>282.0</ele>
      </trkpt>
      <trkpt lat="35.532101" lon="-120.752693">
        <ele>280.0</ele>
      </trkpt>
      <trkpt lat="35.531121" lon="-120.753585">
        <ele>278.0</ele>
      </trkpt>
      <trkpt lat="35.530766" lon="-120.753890">
        <ele>276.2</ele>
      </trkpt>
      <trkpt lat="35.530598" lon="-120.754070">
        <ele>274.5</ele>
      </trkpt>
      <trkpt lat="35.530486" lon="-120.754189">
        <ele>273.5</ele>
      </trkpt>
      <trkpt lat="35.530078" lon="-120.754856">
        <ele>273.8</ele>
      </trkpt>
      <trkpt lat="35.529436" lon="-120.755727">
        <ele>272.0</ele>
      </trkpt>
      <trkpt lat="35.529316" lon="-120.755915">
        <ele>271.0</ele>
      </trkpt>
      <trkpt lat="35.529113" lon="-120.756284">
        <ele>269.8</ele>
      </trkpt>
      <trkpt lat="35.529090" lon="-120.756345">
        <ele>269.5</ele>
      </trkpt>
      <trkpt lat="35.529060" lon="-120.756422">
        <ele>269.0</ele>
      </trkpt>
      <trkpt lat="35.528941" lon="-120.756857">
        <ele>267.5</ele>
      </trkpt>
      <trkpt lat="35.528840" lon="-120.757165">
        <ele>268.5</ele>
      </trkpt>
      <trkpt lat="35.528692" lon="-120.757499">
        <ele>270.0</ele>
      </trkpt>
      <trkpt lat="35.528561" lon="-120.757697">
        <ele>270.5</ele>
      </trkpt>
      <trkpt lat="35.528370" lon="-120.757906">
        <ele>271.0</ele>
      </trkpt>
      <trkpt lat="35.527888" lon="-120.758394">
        <ele>273.2</ele>
      </trkpt>
      <trkpt lat="35.527472" lon="-120.758848">
        <ele>276.5</ele>
      </trkpt>
      <trkpt lat="35.527397" lon="-120.758942">
        <ele>277.0</ele>
      </trkpt>
      <trkpt lat="35.527181" lon="-120.759210">
        <ele>278.0</ele>
      </trkpt>
      <trkpt lat="35.527085" lon="-120.759348">
        <ele>278.2</ele>
      </trkpt>
      <trkpt lat="35.527012" lon="-120.759476">
        <ele>278.5</ele>
      </trkpt>
      <trkpt lat="35.526975" lon="-120.759590">
        <ele>278.5</ele>
      </trkpt>
      <trkpt lat="35.526903" lon="-120.760445">
        <ele>278.5</ele>
      </trkpt>
      <trkpt lat="35.526874" lon="-120.760625">
        <ele>279.5</ele>
      </trkpt>
      <trkpt lat="35.526812" lon="-120.760878">
        <ele>280.2</ele>
      </trkpt>
      <trkpt lat="35.526708" lon="-120.761157">
        <ele>279.0</ele>
      </trkpt>
      <trkpt lat="35.526667" lon="-120.761232">
        <ele>278.5</ele>
      </trkpt>
      <trkpt lat="35.526540" lon="-120.761430">
        <ele>279.0</ele>
      </trkpt>
      <trkpt lat="35.526463" lon="-120.761519">
        <ele>279.5</ele>
      </trkpt>
      <trkpt lat="35.526369" lon="-120.761604">
        <ele>280.0</ele>
      </trkpt>
      <trkpt lat="35.526124" lon="-120.761776">
        <ele>281.8</ele>
      </trkpt>
      <trkpt lat="35.525809" lon="-120.761957">
        <ele>282.2</ele>
      </trkpt>
      <trkpt lat="35.525599" lon="-120.762043">
        <ele>282.0</ele>
      </trkpt>
      <trkpt lat="35.525481" lon="-120.762059">
        <ele>282.2</ele>
      </trkpt>
      <trkpt lat="35.524990" lon="-120.762063">
        <ele>284.8</ele>
      </trkpt>
      <trkpt lat="35.524905" lon="-120.762046">
        <ele>284.8</ele>
      </trkpt>
      <trkpt lat="35.524622" lon="-120.761915">
        <ele>286.0</ele>
      </trkpt>
      <trkpt lat="35.523959" lon="-120.761425">
        <ele>288.2</ele>
      </trkpt>
      <trkpt lat="35.523758" lon="-120.761321">
        <ele>286.8</ele>
      </trkpt>
      <trkpt lat="35.523523" lon="-120.761238">
        <ele>283.5</ele>
      </trkpt>
      <trkpt lat="35.523421" lon="-120.761229">
        <ele>281.5</ele>
      </trkpt>
      <trkpt lat="35.523265" lon="-120.761238">
        <ele>280.5</ele>
      </trkpt>
      <trkpt lat="35.522928" lon="-120.761353">
        <ele>283.2</ele>
      </trkpt>
      <trkpt lat="35.522735" lon="-120.761443">
        <ele>284.8</ele>
      </trkpt>
      <trkpt lat="35.522546" lon="-120.761554">
        <ele>285.8</ele>
      </trkpt>
      <trkpt lat="35.522333" lon="-120.761678">
        <ele>290.8</ele>
      </trkpt>
      <trkpt lat="35.522186" lon="-120.761789">
        <ele>294.0</ele>
      </trkpt>
      <trkpt lat="35.522046" lon="-120.761930">
        <ele>296.2</ele>
      </trkpt>
      <trkpt lat="35.521975" lon="-120.762045">
        <ele>296.2</ele>
      </trkpt>
      <trkpt lat="35.521916" lon="-120.762218">
        <ele>294.5</ele>
      </trkpt>
      <trkpt lat="35.521893" lon="-120.762345">
        <ele>292.5</ele>
      </trkpt>
      <trkpt lat="35.521898" lon="-120.762752">
        <ele>289.2</ele>
      </trkpt>
      <trkpt lat="35.521921" lon="-120.762990">
        <ele>288.8</ele>
      </trkpt>
      <trkpt lat="35.521964" lon="-120.763205">
        <ele>288.0</ele>
      </trkpt>
      <trkpt lat="35.522070" lon="-120.763464">
        <ele>287.5</ele>
      </trkpt>
      <trkpt lat="35.522149" lon="-120.763613">
        <ele>287.8</ele>
      </trkpt>
      <trkpt lat="35.522250" lon="-120.763765">
        <ele>287.2</ele>
      </trkpt>
      <trkpt lat="35.522419" lon="-120.763949">
        <ele>286.0</ele>
      </trkpt>
      <trkpt lat="35.522849" lon="-120.764355">
        <ele>283.5</ele>
      </trkpt>
      <trkpt lat="35.522917" lon="-120.764441">
        <ele>282.8</ele>
      </trkpt>
      <trkpt lat="35.523010" lon="-120.764604">
        <ele>281.8</ele>
      </trkpt>
      <trkpt lat="35.523090" lon="-120.764821">
        <ele>280.5</ele>
      </trkpt>
      <trkpt lat="35.523127" lon="-120.764963">
        <ele>280.0</ele>
      </trkpt>
      <trkpt lat="35.523260" lon="-120.765700">
        <ele>283.2</ele>
      </trkpt>
      <trkpt lat="35.523368" lon="-120.766092">
        <ele>286.2</ele>
      </trkpt>
      <trkpt lat="35.523424" lon="-120.766226">
        <ele>287.0</ele>
      </trkpt>
      <trkpt lat="35.523767" lon="-120.766911">
        <ele>287.0</ele>
      </trkpt>
      <trkpt lat="35.523897" lon="-120.767220">
        <ele>286.2</ele>
      </trkpt>
      <trkpt lat="35.523914" lon="-120.767419">
        <ele>287.0</ele>
      </trkpt>
      <trkpt lat="35.523931" lon="-120.767534">
        <ele>287.0</ele>
      </trkpt>
      <trkpt lat="35.523995" lon="-120.768787">
        <ele>287.0</ele>
      </trkpt>
      <trkpt lat="35.523966" lon="-120.769025">
        <ele>288.2</ele>
      </trkpt>
      <trkpt lat="35.523867" lon="-120.769431">
        <ele>291.0</ele>
      </trkpt>
      <trkpt lat="35.523812" lon="-120.769577">
        <ele>292.2</ele>
      </trkpt>
      <trkpt lat="35.523737" lon="-120.769718">
        <ele>293.5</ele>
      </trkpt>
      <trkpt lat="35.523591" lon="-120.769945">
        <ele>295.2</ele>
      </trkpt>
      <trkpt lat="35.523540" lon="-120.770126">
        <ele>295.0</ele>
      </trkpt>
      <trkpt lat="35.523445" lon="-120.770379">
        <ele>294.2</ele>
      </trkpt>
      <trkpt lat="35.523426" lon="-120.770463">
        <ele>293.8</ele>
      </trkpt>
      <trkpt lat="35.523414" lon="-120.770683">
        <ele>292.2</ele>
      </trkpt>
      <trkpt lat="35.523396" lon="-120.770813">
        <ele>291.2</ele>
      </trkpt>
      <trkpt lat="35.523364" lon="-120.770948">
        <ele>290.5</ele>
      </trkpt>
      <trkpt lat="35.523301" lon="-120.771116">
        <ele>290.5</ele>
      </trkpt>
      <trkpt lat="35.522779" lon="-120.772080">
        <ele>299.2</ele>
      </trkpt>
      <trkpt lat="35.522314" lon="-120.772976">
        <ele>304.5</ele>
      </trkpt>
      <trkpt lat="35.522279" lon="-120.773193">
        <ele>303.8</ele>
      </trkpt>
      <trkpt lat="35.522281" lon="-120.773523">
        <ele>304.0</ele>
      </trkpt>
      <trkpt lat="35.522310" lon="-120.773714">
        <ele>304.8</ele>
      </trkpt>
      <trkpt lat="35.522349" lon="-120.773834">
        <ele>304.2</ele>
      </trkpt>
      <trkpt lat="35.522497" lon="-120.774111">
        <ele>300.5</ele>
      </trkpt>
      <trkpt lat="35.522658" lon="-120.774355">
        <ele>303.8</ele>
      </trkpt>
      <trkpt lat="35.522800" lon="-120.774592">
        <ele>306.2</ele>
      </trkpt>
      <trkpt lat="35.522843" lon="-120.774697">
        <ele>307.2</ele>
      </trkpt>
      <trkpt lat="35.522882" lon="-120.774846">
        <ele>308.2</ele>
      </trkpt>
      <trkpt lat="35.522897" lon="-120.775001">
        <ele>309.8</ele>
      </trkpt>
      <trkpt lat="35.522881" lon="-120.775151">
        <ele>311.0</ele>
      </trkpt>
      <trkpt lat="35.522867" lon="-120.775392">
        <ele>312.8</ele>
      </trkpt>
      <trkpt lat="35.522837" lon="-120.775614">
        <ele>314.5</ele>
      </trkpt>
      <trkpt lat="35.522689" lon="-120.776454">
        <ele>313.2</ele>
      </trkpt>
      <trkpt lat="35.522568" lon="-120.777065">
        <ele>310.0</ele>
      </trkpt>
      <trkpt lat="35.522577" lon="-120.777219">
        <ele>310.0</ele>
      </trkpt>
      <trkpt lat="35.522588" lon="-120.777377">
        <ele>309.8</ele>
      </trkpt>
      <trkpt lat="35.522640" lon="-120.777578">
        <ele>311.0</ele>
      </trkpt>
      <trkpt lat="35.522915" lon="-120.778317">
        <ele>315.8</ele>
      </trkpt>
      <trkpt lat="35.523056" lon="-120.778663">
        <ele>314.2</ele>
      </trkpt>
      <trkpt lat="35.523072" lon="-120.778732">
        <ele>314.2</ele>
      </trkpt>
      <trkpt lat="35.523079" lon="-120.778845">
        <ele>314.5</ele>
      </trkpt>
      <trkpt lat="35.523069" lon="-120.778907">
        <ele>314.5</ele>
      </trkpt>
      <trkpt lat="35.523032" lon="-120.779022">
        <ele>315.0</ele>
      </trkpt>
      <trkpt lat="35.522967" lon="-120.779151">
        <ele>315.2</ele>
      </trkpt>
      <trkpt lat="35.522903" lon="-120.779237">
        <ele>316.2</ele>
      </trkpt>
      <trkpt lat="35.522628" lon="-120.779502">
        <ele>314.8</ele>
      </trkpt>
      <trkpt lat="35.522414" lon="-120.779687">
        <ele>311.5</ele>
      </trkpt>
      <trkpt lat="35.522268" lon="-120.779797">
        <ele>310.5</ele>
      </trkpt>
      <trkpt lat="35.522159" lon="-120.779848">
        <ele>309.8</ele>
      </trkpt>
      <trkpt lat="35.522002" lon="-120.779901">
        <ele>308.5</ele>
      </trkpt>
      <trkpt lat="35.521820" lon="-120.779932">
        <ele>307.5</ele>
      </trkpt>
      <trkpt lat="35.521702" lon="-120.779932">
        <ele>307.2</ele>
      </trkpt>
      <trkpt lat="35.521453" lon="-120.779969">
        <ele>306.5</ele>
      </trkpt>
      <trkpt lat="35.520818" lon="-120.780165">
        <ele>307.5</ele>
      </trkpt>
      <trkpt lat="35.520728" lon="-120.780239">
        <ele>310.2</ele>
      </trkpt>
      <trkpt lat="35.520605" lon="-120.780363">
        <ele>313.5</ele>
      </trkpt>
      <trkpt lat="35.520523" lon="-120.780474">
        <ele>315.2</ele>
      </trkpt>
      <trkpt lat="35.520470" lon="-120.780583">
        <ele>316.0</ele>
      </trkpt>
      <trkpt lat="35.520420" lon="-120.780730">
        <ele>316.2</ele>
      </trkpt>
      <trkpt lat="35.520404" lon="-120.780853">
        <ele>315.8</ele>
      </trkpt>
      <trkpt lat="35.520412" lon="-120.780955">
        <ele>316.2</ele>
      </trkpt>
      <trkpt lat="35.520460" lon="-120.781204">
        <ele>316.8</ele>
      </trkpt>
      <trkpt lat="35.520565" lon="-120.781534">
        <ele>316.8</ele>
      </trkpt>
      <trkpt lat="35.520623" lon="-120.781654">
        <ele>316.2</ele>
      </trkpt>
      <trkpt lat="35.520696" lon="-120.781767">
        <ele>318.0</ele>
      </trkpt>
      <trkpt lat="35.520939" lon="-120.782022">
        <ele>323.0</ele>
      </trkpt>
      <trkpt lat="35.521782" lon="-120.782766">
        <ele>322.5</ele>
      </trkpt>
      <trkpt lat="35.522066" lon="-120.782969">
        <ele>324.5</ele>
      </trkpt>
      <trkpt lat="35.522281" lon="-120.783138">
        <ele>322.5</ele>
      </trkpt>
      <trkpt lat="35.522973" lon="-120.783641">
        <ele>321.0</ele>
      </trkpt>
      <trkpt lat="35.523032" lon="-120.783668">
        <ele>320.8</ele>
      </trkpt>
      <trkpt lat="35.523130" lon="-120.783675">
        <ele>319.0</ele>
      </trkpt>
      <trkpt lat="35.523198" lon="-120.783688">
        <ele>318.0</ele>
      </trkpt>
      <trkpt lat="35.523337" lon="-120.783751">
        <ele>316.5</ele>
      </trkpt>
      <trkpt lat="35.523423" lon="-120.783809">
        <ele>318.2</ele>
      </trkpt>
      <trkpt lat="35.523586" lon="-120.783965">
        <ele>320.8</ele>
      </trkpt>
      <trkpt lat="35.523716" lon="-120.784142">
        <ele>321.0</ele>
      </trkpt>
      <trkpt lat="35.523819" lon="-120.784355">
        <ele>322.5</ele>
      </trkpt>
      <trkpt lat="35.523839" lon="-120.784435">
        <ele>323.2</ele>
      </trkpt>
      <trkpt lat="35.523847" lon="-120.784506">
        <ele>323.8</ele>
      </trkpt>
      <trkpt lat="35.523847" lon="-120.784717">
        <ele>325.8</ele>
      </trkpt>
      <trkpt lat="35.523814" lon="-120.785078">
        <ele>329.0</ele>
      </trkpt>
      <trkpt lat="35.523787" lon="-120.785227">
        <ele>329.2</ele>
      </trkpt>
      <trkpt lat="35.523736" lon="-120.785391">
        <ele>329.2</ele>
      </trkpt>
      <trkpt lat="35.523474" lon="-120.785937">
        <ele>327.5</ele>
      </trkpt>
      <trkpt lat="35.523323" lon="-120.786306">
        <ele>325.0</ele>
      </trkpt>
      <trkpt lat="35.523225" lon="-120.786604">
        <ele>328.0</ele>
      </trkpt>
      <trkpt lat="35.523205" lon="-120.786707">
        <ele>328.5</ele>
      </trkpt>
      <trkpt lat="35.523186" lon="-120.786880">
        <ele>329.0</ele>
      </trkpt>
      <trkpt lat="35.523179" lon="-120.787108">
        <ele>328.5</ele>
      </trkpt>
      <trkpt lat="35.523194" lon="-120.787383">
        <ele>327.2</ele>
      </trkpt>
      <trkpt lat="35.523213" lon="-120.787545">
        <ele>326.5</ele>
      </trkpt>
      <trkpt lat="35.523326" lon="-120.787868">
        <ele>323.5</ele>
      </trkpt>
      <trkpt lat="35.523336" lon="-120.787961">
        <ele>323.5</ele>
      </trkpt>
      <trkpt lat="35.523325" lon="-120.788049">
        <ele>324.2</ele>
      </trkpt>
      <trkpt lat="35.523410" lon="-120.788672">
        <ele>330.0</ele>
      </trkpt>
      <trkpt lat="35.523464" lon="-120.788980">
        <ele>333.5</ele>
      </trkpt>
      <trkpt lat="35.523522" lon="-120.789167">
        <ele>334.8</ele>
      </trkpt>
      <trkpt lat="35.523602" lon="-120.789371">
        <ele>338.8</ele>
      </trkpt>
      <trkpt lat="35.523644" lon="-120.789440">
        <ele>339.5</ele>
      </trkpt>
      <trkpt lat="35.523720" lon="-120.789507">
        <ele>339.2</ele>
      </trkpt>
      <trkpt lat="35.523861" lon="-120.789575">
        <ele>337.5</ele>
      </trkpt>
      <trkpt lat="35.524200" lon="-120.789690">
        <ele>331.2</ele>
      </trkpt>
      <trkpt lat="35.524560" lon="-120.789785">
        <ele>329.2</ele>
      </trkpt>
      <trkpt lat="35.524809" lon="-120.789860">
        <ele>326.5</ele>
      </trkpt>
      <trkpt lat="35.524858" lon="-120.789889">
        <ele>325.8</ele>
      </trkpt>
      <trkpt lat="35.524943" lon="-120.789957">
        <ele>324.2</ele>
      </trkpt>
      <trkpt lat="35.525008" lon="-120.790033">
        <ele>323.5</ele>
      </trkpt>
      <trkpt lat="35.525070" lon="-120.790146">
        <ele>326.5</ele>
      </trkpt>
      <trkpt lat="35.525145" lon="-120.790341">
        <ele>330.0</ele>
      </trkpt>
      <trkpt lat="35.525178" lon="-120.790521">
        <ele>332.5</ele>
      </trkpt>
      <trkpt lat="35.525199" lon="-120.790748">
        <ele>335.2</ele>
      </trkpt>
      <trkpt lat="35.525208" lon="-120.791354">
        <ele>337.0</ele>
      </trkpt>
      <trkpt lat="35.525199" lon="-120.791544">
        <ele>337.5</ele>
      </trkpt>
      <trkpt lat="35.525167" lon="-120.791734">
        <ele>337.2</ele>
      </trkpt>
      <trkpt lat="35.525147" lon="-120.791926">
        <ele>336.2</ele>
      </trkpt>
      <trkpt lat="35.525123" lon="-120.792068">
        <ele>335.5</ele>
      </trkpt>
      <trkpt lat="35.525090" lon="-120.792371">
        <ele>333.8</ele>
      </trkpt>
      <trkpt lat="35.525018" lon="-120.792936">
        <ele>335.2</ele>
      </trkpt>
      <trkpt lat="35.524990" lon="-120.793217">
        <ele>337.8</ele>
      </trkpt>
      <trkpt lat="35.524987" lon="-120.793383">
        <ele>339.0</ele>
      </trkpt>
      <trkpt lat="35.525005" lon="-120.793528">
        <ele>339.0</ele>
      </trkpt>
      <trkpt lat="35.525095" lon="-120.793894">
        <ele>340.8</ele>
      </trkpt>
      <trkpt lat="35.525317" lon="-120.794527">
        <ele>347.5</ele>
      </trkpt>
      <trkpt lat="35.525428" lon="-120.794789">
        <ele>349.8</ele>
      </trkpt>
      <trkpt lat="35.525511" lon="-120.794902">
        <ele>349.0</ele>
      </trkpt>
      <trkpt lat="35.525574" lon="-120.794961">
        <ele>347.8</ele>
      </trkpt>
      <trkpt lat="35.525689" lon="-120.795031">
        <ele>345.5</ele>
      </trkpt>
      <trkpt lat="35.525872" lon="-120.795096">
        <ele>342.8</ele>
      </trkpt>
      <trkpt lat="35.525992" lon="-120.795108">
        <ele>342.0</ele>
      </trkpt>
      <trkpt lat="35.526506" lon="-120.795110">
        <ele>337.2</ele>
      </trkpt>
      <trkpt lat="35.526740" lon="-120.795120">
        <ele>336.0</ele>
      </trkpt>
      <trkpt lat="35.526855" lon="-120.795142">
        <ele>336.5</ele>
      </trkpt>
      <trkpt lat="35.526983" lon="-120.795202">
        <ele>336.8</ele>
      </trkpt>
      <trkpt lat="35.527060" lon="-120.795278">
        <ele>337.0</ele>
      </trkpt>
      <trkpt lat="35.527121" lon="-120.795389">
        <ele>337.0</ele>
      </trkpt>
      <trkpt lat="35.527133" lon="-120.795444">
        <ele>337.0</ele>
      </trkpt>
      <trkpt lat="35.527144" lon="-120.795636">
        <ele>337.0</ele>
      </trkpt>
      <trkpt lat="35.527131" lon="-120.795893">
        <ele>338.0</ele>
      </trkpt>
      <trkpt lat="35.527034" lon="-120.797010">
        <ele>345.8</ele>
      </trkpt>
      <trkpt lat="35.527001" lon="-120.797308">
        <ele>347.0</ele>
      </trkpt>
      <trkpt lat="35.526947" lon="-120.797621">
        <ele>347.8</ele>
      </trkpt>
      <trkpt lat="35.526872" lon="-120.797896">
        <ele>347.0</ele>
      </trkpt>
      <trkpt lat="35.526790" lon="-120.798136">
        <ele>345.2</ele>
      </trkpt>
      <trkpt lat="35.526517" lon="-120.798835">
        <ele>347.5</ele>
      </trkpt>
      <trkpt lat="35.526452" lon="-120.798954">
        <ele>350.0</ele>
      </trkpt>
      <trkpt lat="35.526345" lon="-120.799097">
        <ele>353.5</ele>
      </trkpt>
      <trkpt lat="35.526310" lon="-120.799165">
        <ele>354.2</ele>
      </trkpt>
      <trkpt lat="35.526294" lon="-120.799245">
        <ele>355.2</ele>
      </trkpt>
      <trkpt lat="35.526286" lon="-120.799388">
        <ele>356.0</ele>
      </trkpt>
      <trkpt lat="35.526312" lon="-120.799702">
        <ele>355.8</ele>
      </trkpt>
      <trkpt lat="35.526428" lon="-120.800590">
        <ele>349.2</ele>
      </trkpt>
      <trkpt lat="35.526469" lon="-120.801050">
        <ele>344.0</ele>
      </trkpt>
      <trkpt lat="35.526466" lon="-120.801249">
        <ele>341.5</ele>
      </trkpt>
      <trkpt lat="35.526448" lon="-120.801352">
        <ele>340.8</ele>
      </trkpt>
      <trkpt lat="35.526399" lon="-120.801521">
        <ele>339.8</ele>
      </trkpt>
      <trkpt lat="35.526299" lon="-120.801706">
        <ele>339.5</ele>
      </trkpt>
      <trkpt lat="35.526254" lon="-120.801759">
        <ele>340.0</ele>
      </trkpt>
      <trkpt lat="35.526049" lon="-120.801931">
        <ele>341.0</ele>
      </trkpt>
      <trkpt lat="35.525463" lon="-120.802516">
        <ele>336.0</ele>
      </trkpt>
      <trkpt lat="35.525328" lon="-120.802607">
        <ele>336.8</ele>
      </trkpt>
      <trkpt lat="35.525276" lon="-120.802628">
        <ele>337.0</ele>
      </trkpt>
      <trkpt lat="35.524995" lon="-120.802676">
        <ele>339.5</ele>
      </trkpt>
      <trkpt lat="35.524885" lon="-120.802658">
        <ele>339.8</ele>
      </trkpt>
      <trkpt lat="35.524659" lon="-120.802558">
        <ele>341.0</ele>
      </trkpt>
      <trkpt lat="35.524560" lon="-120.802499">
        <ele>341.2</ele>
      </trkpt>
      <trkpt lat="35.524342" lon="-120.802408">
        <ele>343.5</ele>
      </trkpt>
      <trkpt lat="35.524121" lon="-120.802346">
        <ele>344.5</ele>
      </trkpt>
      <trkpt lat="35.523785" lon="-120.802320">
        <ele>345.5</ele>
      </trkpt>
      <trkpt lat="35.523694" lon="-120.802296">
        <ele>346.0</ele>
      </trkpt>
      <trkpt lat="35.522888" lon="-120.801853">
        <ele>348.8</ele>
      </trkpt>
      <trkpt lat="35.522732" lon="-120.801731">
        <ele>346.8</ele>
      </trkpt>
      <trkpt lat="35.522610" lon="-120.801524">
        <ele>347.5</ele>
      </trkpt>
      <trkpt lat="35.522558" lon="-120.801467">
        <ele>347.5</ele>
      </trkpt>
      <trkpt lat="35.522173" lon="-120.801109">
        <ele>350.8</ele>
      </trkpt>
      <trkpt lat="35.521840" lon="-120.800833">
        <ele>349.2</ele>
      </trkpt>
      <trkpt lat="35.521659" lon="-120.800727">
        <ele>350.2</ele>
      </trkpt>
      <trkpt lat="35.521520" lon="-120.800678">
        <ele>352.0</ele>
      </trkpt>
      <trkpt lat="35.521364" lon="-120.800652">
        <ele>352.8</ele>
      </trkpt>
      <trkpt lat="35.521262" lon="-120.800669">
        <ele>352.2</ele>
      </trkpt>
      <trkpt lat="35.521181" lon="-120.800710">
        <ele>351.0</ele>
      </trkpt>
      <trkpt lat="35.521121" lon="-120.800764">
        <ele>349.5</ele>
      </trkpt>
      <trkpt lat="35.520933" lon="-120.800996">
        <ele>348.0</ele>
      </trkpt>
      <trkpt lat="35.520878" lon="-120.801050">
        <ele>348.0</ele>
      </trkpt>
      <trkpt lat="35.520831" lon="-120.801079">
        <ele>348.2</ele>
      </trkpt>
      <trkpt lat="35.520786" lon="-120.801094">
        <ele>348.2</ele>
      </trkpt>
      <trkpt lat="35.520691" lon="-120.801105">
        <ele>348.0</ele>
      </trkpt>
      <trkpt lat="35.520604" lon="-120.801091">
        <ele>348.0</ele>
      </trkpt>
      <trkpt lat="35.520466" lon="-120.801050">
        <ele>347.8</ele>
      </trkpt>
      <trkpt lat="35.520310" lon="-120.800969">
        <ele>347.5</ele>
      </trkpt>
      <trkpt lat="35.520260" lon="-120.800931">
        <ele>347.2</ele>
      </trkpt>
      <trkpt lat="35.520219" lon="-120.800916">
        <ele>347.2</ele>
      </trkpt>
      <trkpt lat="35.520124" lon="-120.800905">
        <ele>347.0</ele>
      </trkpt>
      <trkpt lat="35.520060" lon="-120.800915">
        <ele>347.0</ele>
      </trkpt>
      <trkpt lat="35.519984" lon="-120.800947">
        <ele>347.0</ele>
      </trkpt>
      <trkpt lat="35.519720" lon="-120.801130">
        <ele>347.8</ele>
      </trkpt>
      <trkpt lat="35.519660" lon="-120.801182">
        <ele>347.8</ele>
      </trkpt>
      <trkpt lat="35.519526" lon="-120.801319">
        <ele>347.5</ele>
      </trkpt>
      <trkpt lat="35.519320" lon="-120.801568">
        <ele>346.0</ele>
      </trkpt>
      <trkpt lat="35.518917" lon="-120.802017">
        <ele>351.0</ele>
      </trkpt>
      <trkpt lat="35.518716" lon="-120.802341">
        <ele>352.0</ele>
      </trkpt>
      <trkpt lat="35.518552" lon="-120.802771">
        <ele>352.2</ele>
      </trkpt>
      <trkpt lat="35.518477" lon="-120.802916">
        <ele>352.2</ele>
      </trkpt>
      <trkpt lat="35.518404" lon="-120.803008">
        <ele>351.5</ele>
      </trkpt>
      <trkpt lat="35.518131" lon="-120.803260">
        <ele>351.5</ele>
      </trkpt>
      <trkpt lat="35.517718" lon="-120.803510">
        <ele>354.0</ele>
      </trkpt>
      <trkpt lat="35.517597" lon="-120.803614">
        <ele>354.2</ele>
      </trkpt>
      <trkpt lat="35.517490" lon="-120.803754">
        <ele>354.5</ele>
      </trkpt>
      <trkpt lat="35.517448" lon="-120.803830">
        <ele>354.8</ele>
      </trkpt>
      <trkpt lat="35.517386" lon="-120.803977">
        <ele>355.2</ele>
      </trkpt>
      <trkpt lat="35.517301" lon="-120.804250">
        <ele>356.8</ele>
      </trkpt>
      <trkpt lat="35.517265" lon="-120.804314">
        <ele>357.5</ele>
      </trkpt>
      <trkpt lat="35.517198" lon="-120.804379">
        <ele>358.0</ele>
      </trkpt>
      <trkpt lat="35.517125" lon="-120.804417">
        <ele>358.2</ele>
      </trkpt>
      <trkpt lat="35.517099" lon="-120.804418">
        <ele>358.2</ele>
      </trkpt>
      <trkpt lat="35.517031" lon="-120.804392">
        <ele>357.5</ele>
      </trkpt>
      <trkpt lat="35.516887" lon="-120.804284">
        <ele>355.8</ele>
      </trkpt>
      <trkpt lat="35.516818" lon="-120.804283">
        <ele>355.5</ele>
      </trkpt>
      <trkpt lat="35.516652" lon="-120.804403">
        <ele>356.2</ele>
      </trkpt>
      <trkpt lat="35.516552" lon="-120.804435">
        <ele>358.8</ele>
      </trkpt>
      <trkpt lat="35.516461" lon="-120.804418">
        <ele>360.8</ele>
      </trkpt>
      <trkpt lat="35.516367" lon="-120.804377">
        <ele>362.5</ele>
      </trkpt>
      <trkpt lat="35.516280" lon="-120.804317">
        <ele>364.0</ele>
      </trkpt>
      <trkpt lat="35.516186" lon="-120.804198">
        <ele>364.8</ele>
      </trkpt>
      <trkpt lat="35.516019" lon="-120.803936">
        <ele>366.2</ele>
      </trkpt>
      <trkpt lat="35.515608" lon="-120.803211">
        <ele>370.5</ele>
      </trkpt>
      <trkpt lat="35.515593" lon="-120.803153">
        <ele>370.2</ele>
      </trkpt>
      <trkpt lat="35.515593" lon="-120.803008">
        <ele>368.5</ele>
      </trkpt>
      <trkpt lat="35.515650" lon="-120.802806">
        <ele>364.5</ele>
      </trkpt>
      <trkpt lat="35.515653" lon="-120.802724">
        <ele>363.5</ele>
      </trkpt>
      <trkpt lat="35.515623" lon="-120.802593">
        <ele>362.8</ele>
      </trkpt>
      <trkpt lat="35.515574" lon="-120.802488">
        <ele>362.5</ele>
      </trkpt>
      <trkpt lat="35.515535" lon="-120.802443">
        <ele>363.2</ele>
      </trkpt>
      <trkpt lat="35.515436" lon="-120.802398">
        <ele>365.0</ele>
      </trkpt>
      <trkpt lat="35.515406" lon="-120.802369">
        <ele>365.2</ele>
      </trkpt>
      <trkpt lat="35.515078" lon="-120.801915">
        <ele>364.5</ele>
      </trkpt>
      <trkpt lat="35.515011" lon="-120.801850">
        <ele>363.5</ele>
      </trkpt>
      <trkpt lat="35.514966" lon="-120.801830">
        <ele>363.8</ele>
      </trkpt>
      <trkpt lat="35.514887" lon="-120.801818">
        <ele>364.5</ele>
      </trkpt>
      <trkpt lat="35.514814" lon="-120.801834">
        <ele>365.5</ele>
      </trkpt>
      <trkpt lat="35.514758" lon="-120.801871">
        <ele>367.0</ele>
      </trkpt>
      <trkpt lat="35.514679" lon="-120.801972">
        <ele>370.0</ele>
      </trkpt>
      <trkpt lat="35.514606" lon="-120.802018">
        <ele>372.0</ele>
      </trkpt>
      <trkpt lat="35.514566" lon="-120.802027">
        <ele>372.8</ele>
      </trkpt>
      <trkpt lat="35.514451" lon="-120.802006">
        <ele>374.0</ele>
      </trkpt>
      <trkpt lat="35.514304" lon="-120.801922">
        <ele>374.0</ele>
      </trkpt>
      <trkpt lat="35.514220" lon="-120.801844">
        <ele>373.0</ele>
      </trkpt>
      <trkpt lat="35.514148" lon="-120.801742">
        <ele>371.0</ele>
      </trkpt>
      <trkpt lat="35.513987" lon="-120.801738">
        <ele>372.0</ele>
      </trkpt>
      <trkpt lat="35.513060" lon="-120.801845">
        <ele>377.5</ele>
      </trkpt>
      <trkpt lat="35.513018" lon="-120.801864">
        <ele>377.8</ele>
      </trkpt>
      <trkpt lat="35.513002" lon="-120.801881">
        <ele>378.0</ele>
      </trkpt>
      <trkpt lat="35.512977" lon="-120.801948">
        <ele>379.5</ele>
      </trkpt>
      <trkpt lat="35.512920" lon="-120.802068">
        <ele>382.0</ele>
      </trkpt>
      <trkpt lat="35.512828" lon="-120.802177">
        <ele>383.8</ele>
      </trkpt>
      <trkpt lat="35.512684" lon="-120.802294">
        <ele>384.5</ele>
      </trkpt>
      <trkpt lat="35.512594" lon="-120.802329">
        <ele>384.0</ele>
      </trkpt>
      <trkpt lat="35.512395" lon="-120.802333">
        <ele>382.2</ele>
      </trkpt>
      <trkpt lat="35.511977" lon="-120.802490">
        <ele>380.2</ele>
      </trkpt>
      <trkpt lat="35.511887" lon="-120.802587">
        <ele>381.5</ele>
      </trkpt>
      <trkpt lat="35.511860" lon="-120.802646">
        <ele>382.5</ele>
      </trkpt>
      <trkpt lat="35.511852" lon="-120.802722">
        <ele>384.2</ele>
      </trkpt>
      <trkpt lat="35.511865" lon="-120.802802">
        <ele>386.2</ele>
      </trkpt>
      <trkpt lat="35.511981" lon="-120.803060">
        <ele>394.0</ele>
      </trkpt>
      <trkpt lat="35.511984" lon="-120.803095">
        <ele>394.8</ele>
      </trkpt>
      <trkpt lat="35.511971" lon="-120.803161">
        <ele>396.2</ele>
      </trkpt>
      <trkpt lat="35.511942" lon="-120.803224">
        <ele>397.5</ele>
      </trkpt>
      <trkpt lat="35.511920" lon="-120.803243">
        <ele>397.8</ele>
      </trkpt>
      <trkpt lat="35.511863" lon="-120.803245">
        <ele>397.0</ele>
      </trkpt>
      <trkpt lat="35.511743" lon="-120.803169">
        <ele>393.8</ele>
      </trkpt>
      <trkpt lat="35.511588" lon="-120.803047">
        <ele>390.0</ele>
      </trkpt>
      <trkpt lat="35.511503" lon="-120.802994">
        <ele>389.0</ele>
      </trkpt>
      <trkpt lat="35.511395" lon="-120.802967">
        <ele>388.5</ele>
      </trkpt>
      <trkpt lat="35.511341" lon="-120.802969">
        <ele>388.5</ele>
      </trkpt>
      <trkpt lat="35.511182" lon="-120.803015">
        <ele>389.8</ele>
      </trkpt>
      <trkpt lat="35.511047" lon="-120.803097">
        <ele>392.0</ele>
      </trkpt>
      <trkpt lat="35.510975" lon="-120.803255">
        <ele>395.8</ele>
      </trkpt>
      <trkpt lat="35.510911" lon="-120.803365">
        <ele>398.5</ele>
      </trkpt>
      <trkpt lat="35.510886" lon="-120.803460">
        <ele>400.8</ele>
      </trkpt>
      <trkpt lat="35.510807" lon="-120.803652">
        <ele>405.2</ele>
      </trkpt>
      <trkpt lat="35.510740" lon="-120.803727">
        <ele>408.0</ele>
      </trkpt>
      <trkpt lat="35.510689" lon="-120.803720">
        <ele>408.8</ele>
      </trkpt>
      <trkpt lat="35.510545" lon="-120.803574">
        <ele>407.8</ele>
      </trkpt>
      <trkpt lat="35.510494" lon="-120.803477">
        <ele>406.0</ele>
      </trkpt>
      <trkpt lat="35.510435" lon="-120.803285">
        <ele>402.0</ele>
      </trkpt>
      <trkpt lat="35.510419" lon="-120.803076">
        <ele>396.5</ele>
      </trkpt>
      <trkpt lat="35.510380" lon="-120.803021">
        <ele>395.5</ele>
      </trkpt>
      <trkpt lat="35.510295" lon="-120.802942">
        <ele>394.5</ele>
      </trkpt>
      <trkpt lat="35.510234" lon="-120.802932">
        <ele>394.8</ele>
      </trkpt>
      <trkpt lat="35.510017" lon="-120.803015">
        <ele>399.5</ele>
      </trkpt>
      <trkpt lat="35.509935" lon="-120.803004">
        <ele>400.0</ele>
      </trkpt>
      <trkpt lat="35.509778" lon="-120.802974">
        <ele>400.5</ele>
      </trkpt>
      <trkpt lat="35.509714" lon="-120.802841">
        <ele>397.0</ele>
      </trkpt>
      <trkpt lat="35.509585" lon="-120.802818">
        <ele>397.5</ele>
      </trkpt>
      <trkpt lat="35.509163" lon="-120.802912">
        <ele>403.8</ele>
      </trkpt>
      <trkpt lat="35.509079" lon="-120.802908">
        <ele>403.5</ele>
      </trkpt>
      <trkpt lat="35.509001" lon="-120.802934">
        <ele>404.0</ele>
      </trkpt>
      <trkpt lat="35.508960" lon="-120.803046">
        <ele>407.0</ele>
      </trkpt>
      <trkpt lat="35.508933" lon="-120.803155">
        <ele>409.8</ele>
      </trkpt>
      <trkpt lat="35.508902" lon="-120.803371">
        <ele>415.0</ele>
      </trkpt>
      <trkpt lat="35.508905" lon="-120.803592">
        <ele>419.2</ele>
      </trkpt>
      <trkpt lat="35.508951" lon="-120.803762">
        <ele>422.5</ele>
      </trkpt>
      <trkpt lat="35.508982" lon="-120.803952">
        <ele>426.0</ele>
      </trkpt>
      <trkpt lat="35.509046" lon="-120.804204">
        <ele>430.2</ele>
      </trkpt>
      <trkpt lat="35.509056" lon="-120.804369">
        <ele>432.0</ele>
      </trkpt>
      <trkpt lat="35.509016" lon="-120.804561">
        <ele>434.0</ele>
      </trkpt>
      <trkpt lat="35.508990" lon="-120.804648">
        <ele>435.0</ele>
      </trkpt>
      <trkpt lat="35.508911" lon="-120.804692">
        <ele>436.0</ele>
      </trkpt>
      <trkpt lat="35.508808" lon="-120.804707">
        <ele>436.5</ele>
      </trkpt>
      <trkpt lat="35.508736" lon="-120.804691">
        <ele>436.5</ele>
      </trkpt>
      <trkpt lat="35.508560" lon="-120.804458">
        <ele>434.0</ele>
      </trkpt>
      <trkpt lat="35.508170" lon="-120.803979">
        <ele>428.8</ele>
      </trkpt>
      <trkpt lat="35.508049" lon="-120.803875">
        <ele>428.2</ele>
      </trkpt>
      <trkpt lat="35.507681" lon="-120.803663">
        <ele>427.8</ele>
      </trkpt>
      <trkpt lat="35.507433" lon="-120.803558">
        <ele>427.0</ele>
      </trkpt>
      <trkpt lat="35.507280" lon="-120.803558">
        <ele>428.0</ele>
      </trkpt>
      <trkpt lat="35.507213" lon="-120.803569">
        <ele>428.8</ele>
      </trkpt>
      <trkpt lat="35.507158" lon="-120.803588">
        <ele>429.8</ele>
      </trkpt>
      <trkpt lat="35.507067" lon="-120.803663">
        <ele>432.2</ele>
      </trkpt>
      <trkpt lat="35.506919" lon="-120.803914">
        <ele>440.0</ele>
      </trkpt>
      <trkpt lat="35.506879" lon="-120.803956">
        <ele>441.2</ele>
      </trkpt>
      <trkpt lat="35.506802" lon="-120.803969">
        <ele>441.8</ele>
      </trkpt>
      <trkpt lat="35.506713" lon="-120.803964">
        <ele>441.8</ele>
      </trkpt>
      <trkpt lat="35.506477" lon="-120.803934">
        <ele>443.8</ele>
      </trkpt>
      <trkpt lat="35.506364" lon="-120.803966">
        <ele>446.2</ele>
      </trkpt>
      <trkpt lat="35.506281" lon="-120.803935">
        <ele>446.8</ele>
      </trkpt>
      <trkpt lat="35.505942" lon="-120.803250">
        <ele>439.0</ele>
      </trkpt>
      <trkpt lat="35.505903" lon="-120.803191">
        <ele>438.2</ele>
      </trkpt>
      <trkpt lat="35.505846" lon="-120.803155">
        <ele>438.2</ele>
      </trkpt>
      <trkpt lat="35.505761" lon="-120.803121">
        <ele>436.8</ele>
      </trkpt>
      <trkpt lat="35.505628" lon="-120.803180">
        <ele>436.8</ele>
      </trkpt>
      <trkpt lat="35.505576" lon="-120.803243">
        <ele>437.8</ele>
      </trkpt>
      <trkpt lat="35.505540" lon="-120.803337">
        <ele>439.8</ele>
      </trkpt>
      <trkpt lat="35.505540" lon="-120.803443">
        <ele>441.5</ele>
      </trkpt>
      <trkpt lat="35.505555" lon="-120.803537">
        <ele>443.5</ele>
      </trkpt>
      <trkpt lat="35.505568" lon="-120.803602">
        <ele>444.8</ele>
      </trkpt>
      <trkpt lat="35.505603" lon="-120.803702">
        <ele>446.8</ele>
      </trkpt>
      <trkpt lat="35.505613" lon="-120.803759">
        <ele>448.0</ele>
      </trkpt>
      <trkpt lat="35.505601" lon="-120.803839">
        <ele>449.0</ele>
      </trkpt>
      <trkpt lat="35.505532" lon="-120.804018">
        <ele>451.5</ele>
      </trkpt>
      <trkpt lat="35.505468" lon="-120.804095">
        <ele>452.0</ele>
      </trkpt>
      <trkpt lat="35.505357" lon="-120.804261">
        <ele>455.0</ele>
      </trkpt>
      <trkpt lat="35.505227" lon="-120.804339">
        <ele>456.2</ele>
      </trkpt>
      <trkpt lat="35.504797" lon="-120.804507">
        <ele>461.8</ele>
      </trkpt>
      <trkpt lat="35.504651" lon="-120.804498">
        <ele>462.8</ele>
      </trkpt>
      <trkpt lat="35.504381" lon="-120.804382">
        <ele>461.0</ele>
      </trkpt>
      <trkpt lat="35.504119" lon="-120.804393">
        <ele>463.8</ele>
      </trkpt>
      <trkpt lat="35.504006" lon="-120.804390">
        <ele>465.2</ele>
      </trkpt>
      <trkpt lat="35.503885" lon="-120.804346">
        <ele>466.2</ele>
      </trkpt>
      <trkpt lat="35.503804" lon="-120.804227">
        <ele>465.0</ele>
      </trkpt>
      <trkpt lat="35.503644" lon="-120.804042">
        <ele>464.5</ele>
      </trkpt>
      <trkpt lat="35.503556" lon="-120.803955">
        <ele>464.5</ele>
      </trkpt>
      <trkpt lat="35.503407" lon="-120.803854">
        <ele>466.0</ele>
      </trkpt>
      <trkpt lat="35.503306" lon="-120.803798">
        <ele>466.8</ele>
      </trkpt>
      <trkpt lat="35.503105" lon="-120.803701">
        <ele>465.2</ele>
      </trkpt>
      <trkpt lat="35.502924" lon="-120.803501">
        <ele>463.8</ele>
      </trkpt>
      <trkpt lat="35.502862" lon="-120.803411">
        <ele>463.5</ele>
      </trkpt>
      <trkpt lat="35.502757" lon="-120.803315">
        <ele>464.2</ele>
      </trkpt>
      <trkpt lat="35.502656" lon="-120.803241">
        <ele>465.5</ele>
      </trkpt>
      <trkpt lat="35.502484" lon="-120.803115">
        <ele>467.8</ele>
      </trkpt>
      <trkpt lat="35.502246" lon="-120.802894">
        <ele>464.2</ele>
      </trkpt>
      <trkpt lat="35.502112" lon="-120.802751">
        <ele>462.8</ele>
      </trkpt>
      <trkpt lat="35.501935" lon="-120.802543">
        <ele>461.8</ele>
      </trkpt>
      <trkpt lat="35.501725" lon="-120.802324">
        <ele>461.0</ele>
      </trkpt>
      <trkpt lat="35.501468" lon="-120.802079">
        <ele>457.8</ele>
      </trkpt>
      <trkpt lat="35.501282" lon="-120.801848">
        <ele>455.8</ele>
      </trkpt>
      <trkpt lat="35.501048" lon="-120.801488">
        <ele>454.5</ele>
      </trkpt>
      <trkpt lat="35.500950" lon="-120.801359">
        <ele>454.0</ele>
      </trkpt>
      <trkpt lat="35.500837" lon="-120.801264">
        <ele>452.8</ele>
      </trkpt>
      <trkpt lat="35.500499" lon="-120.800846">
        <ele>451.2</ele>
      </trkpt>
      <trkpt lat="35.499997" lon="-120.800169">
        <ele>446.0</ele>
      </trkpt>
      <trkpt lat="35.499799" lon="-120.799871">
        <ele>444.2</ele>
      </trkpt>
      <trkpt lat="35.499648" lon="-120.799593">
        <ele>445.8</ele>
      </trkpt>
      <trkpt lat="35.499562" lon="-120.799501">
        <ele>445.0</ele>
      </trkpt>
      <trkpt lat="35.499425" lon="-120.799413">
        <ele>443.0</ele>
      </trkpt>
      <trkpt lat="35.499292" lon="-120.799380">
        <ele>439.5</ele>
      </trkpt>
      <trkpt lat="35.499162" lon="-120.799378">
        <ele>435.8</ele>
      </trkpt>
      <trkpt lat="35.498925" lon="-120.799413">
        <ele>429.5</ele>
      </trkpt>
      <trkpt lat="35.498766" lon="-120.799386">
        <ele>426.5</ele>
      </trkpt>
      <trkpt lat="35.498639" lon="-120.799341">
        <ele>424.8</ele>
      </trkpt>
      <trkpt lat="35.498564" lon="-120.799276">
        <ele>424.8</ele>
      </trkpt>
      <trkpt lat="35.498531" lon="-120.799202">
        <ele>426.2</ele>
      </trkpt>
      <trkpt lat="35.498490" lon="-120.798988">
        <ele>430.0</ele>
      </trkpt>
      <trkpt lat="35.498447" lon="-120.798891">
        <ele>431.2</ele>
      </trkpt>
      <trkpt lat="35.498374" lon="-120.798792">
        <ele>431.8</ele>
      </trkpt>
      <trkpt lat="35.498174" lon="-120.798587">
        <ele>433.0</ele>
      </trkpt>
      <trkpt lat="35.498069" lon="-120.798508">
        <ele>433.2</ele>
      </trkpt>
      <trkpt lat="35.497979" lon="-120.798407">
        <ele>433.8</ele>
      </trkpt>
      <trkpt lat="35.497946" lon="-120.798352">
        <ele>434.5</ele>
      </trkpt>
      <trkpt lat="35.497870" lon="-120.798174">
        <ele>436.8</ele>
      </trkpt>
      <trkpt lat="35.497817" lon="-120.798096">
        <ele>437.2</ele>
      </trkpt>
      <trkpt lat="35.497731" lon="-120.798048">
        <ele>437.0</ele>
      </trkpt>
      <trkpt lat="35.497699" lon="-120.798038">
        <ele>436.8</ele>
      </trkpt>
      <trkpt lat="35.497590" lon="-120.798037">
        <ele>435.2</ele>
      </trkpt>
      <trkpt lat="35.497521" lon="-120.798069">
        <ele>433.5</ele>
      </trkpt>
      <trkpt lat="35.497467" lon="-120.798127">
        <ele>433.2</ele>
      </trkpt>
      <trkpt lat="35.497407" lon="-120.798235">
        <ele>433.0</ele>
      </trkpt>
      <trkpt lat="35.497358" lon="-120.798372">
        <ele>432.2</ele>
      </trkpt>
      <trkpt lat="35.497243" lon="-120.799077">
        <ele>426.0</ele>
      </trkpt>
      <trkpt lat="35.497146" lon="-120.799510">
        <ele>421.5</ele>
      </trkpt>
      <trkpt lat="35.496894" lon="-120.800306">
        <ele>412.8</ele>
      </trkpt>
      <trkpt lat="35.496848" lon="-120.800425">
        <ele>411.2</ele>
      </trkpt>
      <trkpt lat="35.496769" lon="-120.800556">
        <ele>410.5</ele>
      </trkpt>
      <trkpt lat="35.496668" lon="-120.800682">
        <ele>410.2</ele>
      </trkpt>
      <trkpt lat="35.496532" lon="-120.800829">
        <ele>409.8</ele>
      </trkpt>
      <trkpt lat="35.496329" lon="-120.801043">
        <ele>411.0</ele>
      </trkpt>
      <trkpt lat="35.495963" lon="-120.801334">
        <ele>416.8</ele>
      </trkpt>
      <trkpt lat="35.495921" lon="-120.801416">
        <ele>416.5</ele>
      </trkpt>
      <trkpt lat="35.495897" lon="-120.801538">
        <ele>415.0</ele>
      </trkpt>
      <trkpt lat="35.495905" lon="-120.801634">
        <ele>413.0</ele>
      </trkpt>
      <trkpt lat="35.496057" lon="-120.802030">
        <ele>403.0</ele>
      </trkpt>
      <trkpt lat="35.496111" lon="-120.802530">
        <ele>395.2</ele>
      </trkpt>
      <trkpt lat="35.496107" lon="-120.802631">
        <ele>394.5</ele>
      </trkpt>
      <trkpt lat="35.496096" lon="-120.802682">
        <ele>394.8</ele>
      </trkpt>
      <trkpt lat="35.496070" lon="-120.802740">
        <ele>395.2</ele>
      </trkpt>
      <trkpt lat="35.496036" lon="-120.802787">
        <ele>396.5</ele>
      </trkpt>
      <trkpt lat="35.495815" lon="-120.803040">
        <ele>404.2</ele>
      </trkpt>
      <trkpt lat="35.495798" lon="-120.803146">
        <ele>404.0</ele>
      </trkpt>
      <trkpt lat="35.495816" lon="-120.803229">
        <ele>403.0</ele>
      </trkpt>
      <trkpt lat="35.495872" lon="-120.803394">
        <ele>400.0</ele>
      </trkpt>
      <trkpt lat="35.495986" lon="-120.803655">
        <ele>394.5</ele>
      </trkpt>
      <trkpt lat="35.496294" lon="-120.804081">
        <ele>378.8</ele>
      </trkpt>
      <trkpt lat="35.496326" lon="-120.804159">
        <ele>377.0</ele>
      </trkpt>
      <trkpt lat="35.496346" lon="-120.804272">
        <ele>375.2</ele>
      </trkpt>
      <trkpt lat="35.496349" lon="-120.804761">
        <ele>371.0</ele>
      </trkpt>
      <trkpt lat="35.496335" lon="-120.804871">
        <ele>370.5</ele>
      </trkpt>
      <trkpt lat="35.496262" lon="-120.805107">
        <ele>370.0</ele>
      </trkpt>
      <trkpt lat="35.496234" lon="-120.805240">
        <ele>368.5</ele>
      </trkpt>
      <trkpt lat="35.496233" lon="-120.805383">
        <ele>366.0</ele>
      </trkpt>
      <trkpt lat="35.496246" lon="-120.805517">
        <ele>363.2</ele>
      </trkpt>
      <trkpt lat="35.496239" lon="-120.805618">
        <ele>361.5</ele>
      </trkpt>
      <trkpt lat="35.496221" lon="-120.805690">
        <ele>360.5</ele>
      </trkpt>
      <trkpt lat="35.496127" lon="-120.805805">
        <ele>360.5</ele>
      </trkpt>
      <trkpt lat="35.495888" lon="-120.806061">
        <ele>356.0</ele>
      </trkpt>
      <trkpt lat="35.495778" lon="-120.806110">
        <ele>353.5</ele>
      </trkpt>
      <trkpt lat="35.495729" lon="-120.806119">
        <ele>351.8</ele>
      </trkpt>
      <trkpt lat="35.495606" lon="-120.806061">
        <ele>349.8</ele>
      </trkpt>
      <trkpt lat="35.495516" lon="-120.805915">
        <ele>351.5</ele>
      </trkpt>
      <trkpt lat="35.495469" lon="-120.805746">
        <ele>355.0</ele>
      </trkpt>
      <trkpt lat="35.495454" lon="-120.805644">
        <ele>357.8</ele>
      </trkpt>
      <trkpt lat="35.495384" lon="-120.805519">
        <ele>359.8</ele>
      </trkpt>
      <trkpt lat="35.495327" lon="-120.805459">
        <ele>360.0</ele>
      </trkpt>
      <trkpt lat="35.495225" lon="-120.805396">
        <ele>359.2</ele>
      </trkpt>
      <trkpt lat="35.495040" lon="-120.805327">
        <ele>356.5</ele>
      </trkpt>
      <trkpt lat="35.494893" lon="-120.805261">
        <ele>356.5</ele>
      </trkpt>
      <trkpt lat="35.494742" lon="-120.805179">
        <ele>357.2</ele>
      </trkpt>
      <trkpt lat="35.494645" lon="-120.805138">
        <ele>357.2</ele>
      </trkpt>
      <trkpt lat="35.494312" lon="-120.805085">
        <ele>353.8</ele>
      </trkpt>
      <trkpt lat="35.494157" lon="-120.805133">
        <ele>349.2</ele>
      </trkpt>
      <trkpt lat="35.494114" lon="-120.805263">
        <ele>343.2</ele>
      </trkpt>
      <trkpt lat="35.494031" lon="-120.805303">
        <ele>340.2</ele>
      </trkpt>
      <trkpt lat="35.493836" lon="-120.805283">
        <ele>337.5</ele>
      </trkpt>
      <trkpt lat="35.493611" lon="-120.805248">
        <ele>334.8</ele>
      </trkpt>
      <trkpt lat="35.493489" lon="-120.805241">
        <ele>332.8</ele>
      </trkpt>
      <trkpt lat="35.493410" lon="-120.805149">
        <ele>333.8</ele>
      </trkpt>
      <trkpt lat="35.493355" lon="-120.805034">
        <ele>335.5</ele>
      </trkpt>
      <trkpt lat="35.493287" lon="-120.804864">
        <ele>338.2</ele>
      </trkpt>
      <trkpt lat="35.493244" lon="-120.804473">
        <ele>345.0</ele>
      </trkpt>
      <trkpt lat="35.493196" lon="-120.804222">
        <ele>349.0</ele>
      </trkpt>
      <trkpt lat="35.492906" lon="-120.803484">
        <ele>353.5</ele>
      </trkpt>
      <trkpt lat="35.492857" lon="-120.803305">
        <ele>355.2</ele>
      </trkpt>
      <trkpt lat="35.492818" lon="-120.803223">
        <ele>356.5</ele>
      </trkpt>
      <trkpt lat="35.492768" lon="-120.803176">
        <ele>357.2</ele>
      </trkpt>
      <trkpt lat="35.492742" lon="-120.803171">
        <ele>357.2</ele>
      </trkpt>
      <trkpt lat="35.492648" lon="-120.803205">
        <ele>356.0</ele>
      </trkpt>
      <trkpt lat="35.492627" lon="-120.803246">
        <ele>355.2</ele>
      </trkpt>
      <trkpt lat="35.492679" lon="-120.803351">
        <ele>353.5</ele>
      </trkpt>
      <trkpt lat="35.492733" lon="-120.803629">
        <ele>351.2</ele>
      </trkpt>
      <trkpt lat="35.492783" lon="-120.804120">
        <ele>347.2</ele>
      </trkpt>
      <trkpt lat="35.492789" lon="-120.804392">
        <ele>344.0</ele>
      </trkpt>
      <trkpt lat="35.492749" lon="-120.804610">
        <ele>341.0</ele>
      </trkpt>
      <trkpt lat="35.492695" lon="-120.804860">
        <ele>337.5</ele>
      </trkpt>
      <trkpt lat="35.492686" lon="-120.805060">
        <ele>335.2</ele>
      </trkpt>
      <trkpt lat="35.492675" lon="-120.805157">
        <ele>334.2</ele>
      </trkpt>
      <trkpt lat="35.492565" lon="-120.805374">
        <ele>333.0</ele>
      </trkpt>
      <trkpt lat="35.492584" lon="-120.805516">
        <ele>331.8</ele>
      </trkpt>
      <trkpt lat="35.492644" lon="-120.805672">
        <ele>329.5</ele>
      </trkpt>
      <trkpt lat="35.492690" lon="-120.805823">
        <ele>327.2</ele>
      </trkpt>
      <trkpt lat="35.492670" lon="-120.806048">
        <ele>330.5</ele>
      </trkpt>
      <trkpt lat="35.492672" lon="-120.806196">
        <ele>332.2</ele>
      </trkpt>
      <trkpt lat="35.492681" lon="-120.806331">
        <ele>333.8</ele>
      </trkpt>
      <trkpt lat="35.492695" lon="-120.806367">
        <ele>333.8</ele>
      </trkpt>
      <trkpt lat="35.492750" lon="-120.806414">
        <ele>332.8</ele>
      </trkpt>
      <trkpt lat="35.493150" lon="-120.806553">
        <ele>322.2</ele>
      </trkpt>
      <trkpt lat="35.493238" lon="-120.806602">
        <ele>319.8</ele>
      </trkpt>
      <trkpt lat="35.493330" lon="-120.806672">
        <ele>317.2</ele>
      </trkpt>
      <trkpt lat="35.493496" lon="-120.806834">
        <ele>317.2</ele>
      </trkpt>
      <trkpt lat="35.493646" lon="-120.807049">
        <ele>317.0</ele>
      </trkpt>
      <trkpt lat="35.493777" lon="-120.807313">
        <ele>315.8</ele>
      </trkpt>
      <trkpt lat="35.493830" lon="-120.807395">
        <ele>314.2</ele>
      </trkpt>
      <trkpt lat="35.494000" lon="-120.807596">
        <ele>307.5</ele>
      </trkpt>
      <trkpt lat="35.494176" lon="-120.807850">
        <ele>299.8</ele>
      </trkpt>
      <trkpt lat="35.494351" lon="-120.808173">
        <ele>295.8</ele>
      </trkpt>
      <trkpt lat="35.494398" lon="-120.808395">
        <ele>293.0</ele>
      </trkpt>
      <trkpt lat="35.494412" lon="-120.808524">
        <ele>291.0</ele>
      </trkpt>
      <trkpt lat="35.494412" lon="-120.808656">
        <ele>289.2</ele>
      </trkpt>
      <trkpt lat="35.494394" lon="-120.808770">
        <ele>288.0</ele>
      </trkpt>
      <trkpt lat="35.494378" lon="-120.808821">
        <ele>287.8</ele>
      </trkpt>
      <trkpt lat="35.494252" lon="-120.808998">
        <ele>287.8</ele>
      </trkpt>
      <trkpt lat="35.494066" lon="-120.809194">
        <ele>291.0</ele>
      </trkpt>
      <trkpt lat="35.494051" lon="-120.809221">
        <ele>291.5</ele>
      </trkpt>
      <trkpt lat="35.494048" lon="-120.809283">
        <ele>290.8</ele>
      </trkpt>
      <trkpt lat="35.494059" lon="-120.809325">
        <ele>290.0</ele>
      </trkpt>
      <trkpt lat="35.494137" lon="-120.809489">
        <ele>285.0</ele>
      </trkpt>
      <trkpt lat="35.494148" lon="-120.809537">
        <ele>284.0</ele>
      </trkpt>
      <trkpt lat="35.494118" lon="-120.809640">
        <ele>284.2</ele>
      </trkpt>
      <trkpt lat="35.494037" lon="-120.809734">
        <ele>286.2</ele>
      </trkpt>
      <trkpt lat="35.493943" lon="-120.809823">
        <ele>288.8</ele>
      </trkpt>
      <trkpt lat="35.493872" lon="-120.809911">
        <ele>290.2</ele>
      </trkpt>
      <trkpt lat="35.493901" lon="-120.810105">
        <ele>288.2</ele>
      </trkpt>
      <trkpt lat="35.494058" lon="-120.810361">
        <ele>282.8</ele>
      </trkpt>
      <trkpt lat="35.494130" lon="-120.810509">
        <ele>280.2</ele>
      </trkpt>
      <trkpt lat="35.494173" lon="-120.810643">
        <ele>278.8</ele>
      </trkpt>
      <trkpt lat="35.494216" lon="-120.810840">
        <ele>278.5</ele>
      </trkpt>
      <trkpt lat="35.494254" lon="-120.811111">
        <ele>278.5</ele>
      </trkpt>
      <trkpt lat="35.494304" lon="-120.811305">
        <ele>277.8</ele>
      </trkpt>
      <trkpt lat="35.494371" lon="-120.811519">
        <ele>276.8</ele>
      </trkpt>
      <trkpt lat="35.494430" lon="-120.811674">
        <ele>275.5</ele>
      </trkpt>
      <trkpt lat="35.494563" lon="-120.811925">
        <ele>270.5</ele>
      </trkpt>
      <trkpt lat="35.494628" lon="-120.812205">
        <ele>267.2</ele>
      </trkpt>
      <trkpt lat="35.494640" lon="-120.812373">
        <ele>265.8</ele>
      </trkpt>
      <trkpt lat="35.494565" lon="-120.812521">
        <ele>265.2</ele>
      </trkpt>
      <trkpt lat="35.494511" lon="-120.812593">
        <ele>265.0</ele>
      </trkpt>
      <trkpt lat="35.494205" lon="-120.812902">
        <ele>262.8</ele>
      </trkpt>
      <trkpt lat="35.494180" lon="-120.812938">
        <ele>262.2</ele>
      </trkpt>
      <trkpt lat="35.494169" lon="-120.812971">
        <ele>261.8</ele>
      </trkpt>
      <trkpt lat="35.494176" lon="-120.813069">
        <ele>260.0</ele>
      </trkpt>
      <trkpt lat="35.494183" lon="-120.813098">
        <ele>259.2</ele>
      </trkpt>
      <trkpt lat="35.494227" lon="-120.813176">
        <ele>257.5</ele>
      </trkpt>
      <trkpt lat="35.494350" lon="-120.813364">
        <ele>254.0</ele>
      </trkpt>
      <trkpt lat="35.494363" lon="-120.813542">
        <ele>252.2</ele>
      </trkpt>
      <trkpt lat="35.494355" lon="-120.813617">
        <ele>251.5</ele>
      </trkpt>
      <trkpt lat="35.494318" lon="-120.813651">
        <ele>251.2</ele>
      </trkpt>
      <trkpt lat="35.494277" lon="-120.813664">
        <ele>251.2</ele>
      </trkpt>
      <trkpt lat="35.494239" lon="-120.813660">
        <ele>251.5</ele>
      </trkpt>
      <trkpt lat="35.494203" lon="-120.813644">
        <ele>251.8</ele>
      </trkpt>
      <trkpt lat="35.493923" lon="-120.813373">
        <ele>257.8</ele>
      </trkpt>
      <trkpt lat="35.493834" lon="-120.813356">
        <ele>259.2</ele>
      </trkpt>
      <trkpt lat="35.493761" lon="-120.813374">
        <ele>260.0</ele>
      </trkpt>
      <trkpt lat="35.493727" lon="-120.813406">
        <ele>259.8</ele>
      </trkpt>
      <trkpt lat="35.493691" lon="-120.813466">
        <ele>259.2</ele>
      </trkpt>
      <trkpt lat="35.493662" lon="-120.813598">
        <ele>257.0</ele>
      </trkpt>
      <trkpt lat="35.493577" lon="-120.813722">
        <ele>255.0</ele>
      </trkpt>
      <trkpt lat="35.493474" lon="-120.813838">
        <ele>253.0</ele>
      </trkpt>
      <trkpt lat="35.493295" lon="-120.813973">
        <ele>250.0</ele>
      </trkpt>
      <trkpt lat="35.493183" lon="-120.814009">
        <ele>248.8</ele>
      </trkpt>
      <trkpt lat="35.492995" lon="-120.814053">
        <ele>247.5</ele>
      </trkpt>
      <trkpt lat="35.492865" lon="-120.814093">
        <ele>246.2</ele>
      </trkpt>
      <trkpt lat="35.492661" lon="-120.814123">
        <ele>245.2</ele>
      </trkpt>
      <trkpt lat="35.492562" lon="-120.814108">
        <ele>245.5</ele>
      </trkpt>
      <trkpt lat="35.492262" lon="-120.814113">
        <ele>245.5</ele>
      </trkpt>
      <trkpt lat="35.491999" lon="-120.814087">
        <ele>246.2</ele>
      </trkpt>
      <trkpt lat="35.491866" lon="-120.814138">
        <ele>245.2</ele>
      </trkpt>
      <trkpt lat="35.491625" lon="-120.814293">
        <ele>244.2</ele>
      </trkpt>
      <trkpt lat="35.491533" lon="-120.814347">
        <ele>244.2</ele>
      </trkpt>
      <trkpt lat="35.491440" lon="-120.814422">
        <ele>244.0</ele>
      </trkpt>
      <trkpt lat="35.491270" lon="-120.814509">
        <ele>243.5</ele>
      </trkpt>
      <trkpt lat="35.491209" lon="-120.814487">
        <ele>244.0</ele>
      </trkpt>
      <trkpt lat="35.491026" lon="-120.814507">
        <ele>244.0</ele>
      </trkpt>
      <trkpt lat="35.490713" lon="-120.814425">
        <ele>245.5</ele>
      </trkpt>
      <trkpt lat="35.490472" lon="-120.814287">
        <ele>247.5</ele>
      </trkpt>
      <trkpt lat="35.490232" lon="-120.814220">
        <ele>248.2</ele>
      </trkpt>
      <trkpt lat="35.490081" lon="-120.814189">
        <ele>248.5</ele>
      </trkpt>
      <trkpt lat="35.489864" lon="-120.814187">
        <ele>249.0</ele>
      </trkpt>
      <trkpt lat="35.489691" lon="-120.814200">
        <ele>249.5</ele>
      </trkpt>
      <trkpt lat="35.489219" lon="-120.814413">
        <ele>246.0</ele>
      </trkpt>
      <trkpt lat="35.488983" lon="-120.814431">
        <ele>244.2</ele>
      </trkpt>
      <trkpt lat="35.488601" lon="-120.814646">
        <ele>237.0</ele>
      </trkpt>
      <trkpt lat="35.488533" lon="-120.814641">
        <ele>236.8</ele>
      </trkpt>
      <trkpt lat="35.488469" lon="-120.814577">
        <ele>237.8</ele>
      </trkpt>
      <trkpt lat="35.488176" lon="-120.814479">
        <ele>239.2</ele>
      </trkpt>
      <trkpt lat="35.487542" lon="-120.814119">
        <ele>245.2</ele>
      </trkpt>
      <trkpt lat="35.487222" lon="-120.814137">
        <ele>240.8</ele>
      </trkpt>
      <trkpt lat="35.487032" lon="-120.814126">
        <ele>238.8</ele>
      </trkpt>
      <trkpt lat="35.486182" lon="-120.813761">
        <ele>237.2</ele>
      </trkpt>
      <trkpt lat="35.486046" lon="-120.813635">
        <ele>235.2</ele>
      </trkpt>
      <trkpt lat="35.485885" lon="-120.813446">
        <ele>230.5</ele>
      </trkpt>
      <trkpt lat="35.485751" lon="-120.813179">
        <ele>229.5</ele>
      </trkpt>
      <trkpt lat="35.485726" lon="-120.813061">
        <ele>230.8</ele>
      </trkpt>
      <trkpt lat="35.485719" lon="-120.812909">
        <ele>232.8</ele>
      </trkpt>
      <trkpt lat="35.485692" lon="-120.812713">
        <ele>235.2</ele>
      </trkpt>
      <trkpt lat="35.485617" lon="-120.812685">
        <ele>235.2</ele>
      </trkpt>
      <trkpt lat="35.485486" lon="-120.812699">
        <ele>234.2</ele>
      </trkpt>
      <trkpt lat="35.485365" lon="-120.812797">
        <ele>232.2</ele>
      </trkpt>
      <trkpt lat="35.485250" lon="-120.812765">
        <ele>231.8</ele>
      </trkpt>
      <trkpt lat="35.485212" lon="-120.812737">
        <ele>232.0</ele>
      </trkpt>
      <trkpt lat="35.485136" lon="-120.812708">
        <ele>232.0</ele>
      </trkpt>
      <trkpt lat="35.485026" lon="-120.812646">
        <ele>232.0</ele>
      </trkpt>
      <trkpt lat="35.484660" lon="-120.812681">
        <ele>229.5</ele>
      </trkpt>
      <trkpt lat="35.484425" lon="-120.812725">
        <ele>228.0</ele>
      </trkpt>
      <trkpt lat="35.484327" lon="-120.812706">
        <ele>227.5</ele>
      </trkpt>
      <trkpt lat="35.484173" lon="-120.812655">
        <ele>227.0</ele>
      </trkpt>
      <trkpt lat="35.483986" lon="-120.812534">
        <ele>228.5</ele>
      </trkpt>
      <trkpt lat="35.483913" lon="-120.812490">
        <ele>229.5</ele>
      </trkpt>
      <trkpt lat="35.483702" lon="-120.812512">
        <ele>230.0</ele>
      </trkpt>
      <trkpt lat="35.483444" lon="-120.812557">
        <ele>231.0</ele>
      </trkpt>
      <trkpt lat="35.483236" lon="-120.812655">
        <ele>229.8</ele>
      </trkpt>
      <trkpt lat="35.482945" lon="-120.812572">
        <ele>227.2</ele>
      </trkpt>
      <trkpt lat="35.482306" lon="-120.812526">
        <ele>222.0</ele>
      </trkpt>
      <trkpt lat="35.481930" lon="-120.812419">
        <ele>222.5</ele>
      </trkpt>
      <trkpt lat="35.481871" lon="-120.812437">
        <ele>222.0</ele>
      </trkpt>
      <trkpt lat="35.481803" lon="-120.812472">
        <ele>221.0</ele>
      </trkpt>
      <trkpt lat="35.481522" lon="-120.812713">
        <ele>221.5</ele>
      </trkpt>
      <trkpt lat="35.481312" lon="-120.812935">
        <ele>222.8</ele>
      </trkpt>
      <trkpt lat="35.481139" lon="-120.813093">
        <ele>222.5</ele>
      </trkpt>
      <trkpt lat="35.480727" lon="-120.813547">
        <ele>221.5</ele>
      </trkpt>
      <trkpt lat="35.480663" lon="-120.813669">
        <ele>222.0</ele>
      </trkpt>
      <trkpt lat="35.480454" lon="-120.814191">
        <ele>218.8</ele>
      </trkpt>
      <trkpt lat="35.480387" lon="-120.814312">
        <ele>218.8</ele>
      </trkpt>
      <trkpt lat="35.480217" lon="-120.814541">
        <ele>217.8</ele>
      </trkpt>
      <trkpt lat="35.480143" lon="-120.814651">
        <ele>216.2</ele>
      </trkpt>
      <trkpt lat="35.479981" lon="-120.814863">
        <ele>212.8</ele>
      </trkpt>
      <trkpt lat="35.479810" lon="-120.815187">
        <ele>211.0</ele>
      </trkpt>
      <trkpt lat="35.479663" lon="-120.815447">
        <ele>209.8</ele>
      </trkpt>
      <trkpt lat="35.479495" lon="-120.815619">
        <ele>209.0</ele>
      </trkpt>
      <trkpt lat="35.479287" lon="-120.815898">
        <ele>206.2</ele>
      </trkpt>
      <trkpt lat="35.479253" lon="-120.815988">
        <ele>205.8</ele>
      </trkpt>
      <trkpt lat="35.479072" lon="-120.816403">
        <ele>205.5</ele>
      </trkpt>
      <trkpt lat="35.478975" lon="-120.816527">
        <ele>207.5</ele>
      </trkpt>
      <trkpt lat="35.478860" lon="-120.816768">
        <ele>209.2</ele>
      </trkpt>
      <trkpt lat="35.478822" lon="-120.816935">
        <ele>209.8</ele>
      </trkpt>
      <trkpt lat="35.478764" lon="-120.817143">
        <ele>210.2</ele>
      </trkpt>
      <trkpt lat="35.478731" lon="-120.817262">
        <ele>210.5</ele>
      </trkpt>
      <trkpt lat="35.478681" lon="-120.817495">
        <ele>210.0</ele>
      </trkpt>
      <trkpt lat="35.478605" lon="-120.817774">
        <ele>208.5</ele>
      </trkpt>
      <trkpt lat="35.478544" lon="-120.817970">
        <ele>206.8</ele>
      </trkpt>
      <trkpt lat="35.478437" lon="-120.818162">
        <ele>204.2</ele>
      </trkpt>
      <trkpt lat="35.478363" lon="-120.818238">
        <ele>202.8</ele>
      </trkpt>
      <trkpt lat="35.478153" lon="-120.818246">
        <ele>205.8</ele>
      </trkpt>
      <trkpt lat="35.477914" lon="-120.818279">
        <ele>209.5</ele>
      </trkpt>
      <trkpt lat="35.477796" lon="-120.818316">
        <ele>210.5</ele>
      </trkpt>
      <trkpt lat="35.477678" lon="-120.818409">
        <ele>210.8</ele>
      </trkpt>
      <trkpt lat="35.477608" lon="-120.818448">
        <ele>211.0</ele>
      </trkpt>
      <trkpt lat="35.477489" lon="-120.818569">
        <ele>209.8</ele>
      </trkpt>
      <trkpt lat="35.477252" lon="-120.818787">
        <ele>206.0</ele>
      </trkpt>
      <trkpt lat="35.477153" lon="-120.818900">
        <ele>203.5</ele>
      </trkpt>
      <trkpt lat="35.476859" lon="-120.819130">
        <ele>198.0</ele>
      </trkpt>
      <trkpt lat="35.476741" lon="-120.819241">
        <ele>196.8</ele>
      </trkpt>
      <trkpt lat="35.476580" lon="-120.819338">
        <ele>195.2</ele>
      </trkpt>
      <trkpt lat="35.476429" lon="-120.819445">
        <ele>193.5</ele>
      </trkpt>
      <trkpt lat="35.476201" lon="-120.819593">
        <ele>191.2</ele>
      </trkpt>
      <trkpt lat="35.476007" lon="-120.819800">
        <ele>189.8</ele>
      </trkpt>
      <trkpt lat="35.475884" lon="-120.819994">
        <ele>189.0</ele>
      </trkpt>
      <trkpt lat="35.475755" lon="-120.820257">
        <ele>191.8</ele>
      </trkpt>
      <trkpt lat="35.475732" lon="-120.820335">
        <ele>193.0</ele>
      </trkpt>
      <trkpt lat="35.475721" lon="-120.820493">
        <ele>194.0</ele>
      </trkpt>
      <trkpt lat="35.475733" lon="-120.820638">
        <ele>194.5</ele>
      </trkpt>
      <trkpt lat="35.475771" lon="-120.820802">
        <ele>194.0</ele>
      </trkpt>
      <trkpt lat="35.475806" lon="-120.820922">
        <ele>193.0</ele>
      </trkpt>
      <trkpt lat="35.475929" lon="-120.821173">
        <ele>192.2</ele>
      </trkpt>
      <trkpt lat="35.475987" lon="-120.821323">
        <ele>192.0</ele>
      </trkpt>
      <trkpt lat="35.476000" lon="-120.821375">
        <ele>191.8</ele>
      </trkpt>
      <trkpt lat="35.476024" lon="-120.821657">
        <ele>191.5</ele>
      </trkpt>
      <trkpt lat="35.476022" lon="-120.821767">
        <ele>191.8</ele>
      </trkpt>
      <trkpt lat="35.476014" lon="-120.822267">
        <ele>192.8</ele>
      </trkpt>
      <trkpt lat="35.475957" lon="-120.822980">
        <ele>198.0</ele>
      </trkpt>
      <trkpt lat="35.475982" lon="-120.823160">
        <ele>198.5</ele>
      </trkpt>
      <trkpt lat="35.476005" lon="-120.823238">
        <ele>198.5</ele>
      </trkpt>
      <trkpt lat="35.476032" lon="-120.823287">
        <ele>198.0</ele>
      </trkpt>
      <trkpt lat="35.476076" lon="-120.823332">
        <ele>197.2</ele>
      </trkpt>
      <trkpt lat="35.476225" lon="-120.823419">
        <ele>194.0</ele>
      </trkpt>
      <trkpt lat="35.476318" lon="-120.823454">
        <ele>191.8</ele>
      </trkpt>
      <trkpt lat="35.476513" lon="-120.823490">
        <ele>186.8</ele>
      </trkpt>
      <trkpt lat="35.476790" lon="-120.823529">
        <ele>183.5</ele>
      </trkpt>
      <trkpt lat="35.476914" lon="-120.823578">
        <ele>184.2</ele>
      </trkpt>
      <trkpt lat="35.477012" lon="-120.823657">
        <ele>184.8</ele>
      </trkpt>
      <trkpt lat="35.477124" lon="-120.823797">
        <ele>184.5</ele>
      </trkpt>
      <trkpt lat="35.477281" lon="-120.824043">
        <ele>182.5</ele>
      </trkpt>
      <trkpt lat="35.477306" lon="-120.824124">
        <ele>181.5</ele>
      </trkpt>
      <trkpt lat="35.477322" lon="-120.824345">
        <ele>180.2</ele>
      </trkpt>
      <trkpt lat="35.477316" lon="-120.824529">
        <ele>179.5</ele>
      </trkpt>
      <trkpt lat="35.477281" lon="-120.824685">
        <ele>179.5</ele>
      </trkpt>
      <trkpt lat="35.477254" lon="-120.824761">
        <ele>180.0</ele>
      </trkpt>
      <trkpt lat="35.476847" lon="-120.825722">
        <ele>189.8</ele>
      </trkpt>
      <trkpt lat="35.476812" lon="-120.825914">
        <ele>191.0</ele>
      </trkpt>
      <trkpt lat="35.476817" lon="-120.826100">
        <ele>192.0</ele>
      </trkpt>
      <trkpt lat="35.476843" lon="-120.826198">
        <ele>191.8</ele>
      </trkpt>
      <trkpt lat="35.476931" lon="-120.826315">
        <ele>190.0</ele>
      </trkpt>
      <trkpt lat="35.476982" lon="-120.826358">
        <ele>189.0</ele>
      </trkpt>
      <trkpt lat="35.477133" lon="-120.826435">
        <ele>185.5</ele>
      </trkpt>
      <trkpt lat="35.477232" lon="-120.826465">
        <ele>183.0</ele>
      </trkpt>
      <trkpt lat="35.477318" lon="-120.826474">
        <ele>180.8</ele>
      </trkpt>
      <trkpt lat="35.477441" lon="-120.826445">
        <ele>177.2</ele>
      </trkpt>
      <trkpt lat="35.477531" lon="-120.826384">
        <ele>175.2</ele>
      </trkpt>
      <trkpt lat="35.477618" lon="-120.826297">
        <ele>174.5</ele>
      </trkpt>
      <trkpt lat="35.477684" lon="-120.826275">
        <ele>174.5</ele>
      </trkpt>
      <trkpt lat="35.477753" lon="-120.826290">
        <ele>174.8</ele>
      </trkpt>
      <trkpt lat="35.477842" lon="-120.826326">
        <ele>175.0</ele>
      </trkpt>
      <trkpt lat="35.477987" lon="-120.826407">
        <ele>175.0</ele>
      </trkpt>
      <trkpt lat="35.478050" lon="-120.826481">
        <ele>174.8</ele>
      </trkpt>
      <trkpt lat="35.478083" lon="-120.826573">
        <ele>174.5</ele>
      </trkpt>
      <trkpt lat="35.478111" lon="-120.826803">
        <ele>174.5</ele>
      </trkpt>
      <trkpt lat="35.478200" lon="-120.827136">
        <ele>174.2</ele>
      </trkpt>
      <trkpt lat="35.478235" lon="-120.827368">
        <ele>174.2</ele>
      </trkpt>
      <trkpt lat="35.478261" lon="-120.827706">
        <ele>173.0</ele>
      </trkpt>
      <trkpt lat="35.478253" lon="-120.827793">
        <ele>172.8</ele>
      </trkpt>
      <trkpt lat="35.478235" lon="-120.827870">
        <ele>172.5</ele>
      </trkpt>
      <trkpt lat="35.478157" lon="-120.828038">
        <ele>172.2</ele>
      </trkpt>
      <trkpt lat="35.478006" lon="-120.828319">
        <ele>171.2</ele>
      </trkpt>
      <trkpt lat="35.477962" lon="-120.828378">
        <ele>171.2</ele>
      </trkpt>
      <trkpt lat="35.477874" lon="-120.828460">
        <ele>171.5</ele>
      </trkpt>
      <trkpt lat="35.477774" lon="-120.828506">
        <ele>171.5</ele>
      </trkpt>
      <trkpt lat="35.477657" lon="-120.828547">
        <ele>171.5</ele>
      </trkpt>
      <trkpt lat="35.477429" lon="-120.828553">
        <ele>172.8</ele>
      </trkpt>
      <trkpt lat="35.477347" lon="-120.828569">
        <ele>174.0</ele>
      </trkpt>
      <trkpt lat="35.477204" lon="-120.828658">
        <ele>175.2</ele>
      </trkpt>
      <trkpt lat="35.477127" lon="-120.828722">
        <ele>175.5</ele>
      </trkpt>
      <trkpt lat="35.477004" lon="-120.828853">
        <ele>175.0</ele>
      </trkpt>
      <trkpt lat="35.476840" lon="-120.829079">
        <ele>172.8</ele>
      </trkpt>
      <trkpt lat="35.476692" lon="-120.829334">
        <ele>170.5</ele>
      </trkpt>
      <trkpt lat="35.476595" lon="-120.829532">
        <ele>172.8</ele>
      </trkpt>
      <trkpt lat="35.476575" lon="-120.829611">
        <ele>173.2</ele>
      </trkpt>
      <trkpt lat="35.476568" lon="-120.829877">
        <ele>171.0</ele>
      </trkpt>
      <trkpt lat="35.476583" lon="-120.830031">
        <ele>169.2</ele>
      </trkpt>
      <trkpt lat="35.476582" lon="-120.830145">
        <ele>169.2</ele>
      </trkpt>
      <trkpt lat="35.476551" lon="-120.830367">
        <ele>170.8</ele>
      </trkpt>
      <trkpt lat="35.476521" lon="-120.830511">
        <ele>172.2</ele>
      </trkpt>
      <trkpt lat="35.476456" lon="-120.830684">
        <ele>175.8</ele>
      </trkpt>
      <trkpt lat="35.476431" lon="-120.830778">
        <ele>177.2</ele>
      </trkpt>
      <trkpt lat="35.476421" lon="-120.830863">
        <ele>177.5</ele>
      </trkpt>
      <trkpt lat="35.476425" lon="-120.830930">
        <ele>176.5</ele>
      </trkpt>
      <trkpt lat="35.476520" lon="-120.831359">
        <ele>167.5</ele>
      </trkpt>
      <trkpt lat="35.476525" lon="-120.831441">
        <ele>166.5</ele>
      </trkpt>
      <trkpt lat="35.476506" lon="-120.831616">
        <ele>165.8</ele>
      </trkpt>
      <trkpt lat="35.476460" lon="-120.831839">
        <ele>166.5</ele>
      </trkpt>
      <trkpt lat="35.476457" lon="-120.831924">
        <ele>166.2</ele>
      </trkpt>
      <trkpt lat="35.476496" lon="-120.832214">
        <ele>163.5</ele>
      </trkpt>
      <trkpt lat="35.476586" lon="-120.832568">
        <ele>159.5</ele>
      </trkpt>
      <trkpt lat="35.476602" lon="-120.832687">
        <ele>159.8</ele>
      </trkpt>
      <trkpt lat="35.476615" lon="-120.832879">
        <ele>160.5</ele>
      </trkpt>
      <trkpt lat="35.476617" lon="-120.833103">
        <ele>161.8</ele>
      </trkpt>
      <trkpt lat="35.476625" lon="-120.833153">
        <ele>161.8</ele>
      </trkpt>
      <trkpt lat="35.476642" lon="-120.833199">
        <ele>161.2</ele>
      </trkpt>
      <trkpt lat="35.476796" lon="-120.833291">
        <ele>159.8</ele>
      </trkpt>
      <trkpt lat="35.476992" lon="-120.833437">
        <ele>159.8</ele>
      </trkpt>
      <trkpt lat="35.477099" lon="-120.833560">
        <ele>159.8</ele>
      </trkpt>
      <trkpt lat="35.477222" lon="-120.833746">
        <ele>158.5</ele>
      </trkpt>
      <trkpt lat="35.477486" lon="-120.834080">
        <ele>149.0</ele>
      </trkpt>
      <trkpt lat="35.477594" lon="-120.834249">
        <ele>150.8</ele>
      </trkpt>
      <trkpt lat="35.477638" lon="-120.834353">
        <ele>152.0</ele>
      </trkpt>
      <trkpt lat="35.477663" lon="-120.834501">
        <ele>152.8</ele>
      </trkpt>
      <trkpt lat="35.477662" lon="-120.834874">
        <ele>153.5</ele>
      </trkpt>
      <trkpt lat="35.477632" lon="-120.835321">
        <ele>153.5</ele>
      </trkpt>
      <trkpt lat="35.477630" lon="-120.835505">
        <ele>153.2</ele>
      </trkpt>
      <trkpt lat="35.477635" lon="-120.835569">
        <ele>153.0</ele>
      </trkpt>
      <trkpt lat="35.477660" lon="-120.835659">
        <ele>152.8</ele>
      </trkpt>
      <trkpt lat="35.477718" lon="-120.835750">
        <ele>151.8</ele>
      </trkpt>
      <trkpt lat="35.477773" lon="-120.835806">
        <ele>150.8</ele>
      </trkpt>
      <trkpt lat="35.478003" lon="-120.835944">
        <ele>147.8</ele>
      </trkpt>
      <trkpt lat="35.478119" lon="-120.836024">
        <ele>146.0</ele>
      </trkpt>
      <trkpt lat="35.478241" lon="-120.836139">
        <ele>143.8</ele>
      </trkpt>
      <trkpt lat="35.478301" lon="-120.836218">
        <ele>142.5</ele>
      </trkpt>
      <trkpt lat="35.478369" lon="-120.836356">
        <ele>142.8</ele>
      </trkpt>
      <trkpt lat="35.478421" lon="-120.836532">
        <ele>143.2</ele>
      </trkpt>
      <trkpt lat="35.478439" lon="-120.836647">
        <ele>143.2</ele>
      </trkpt>
      <trkpt lat="35.478436" lon="-120.836818">
        <ele>141.8</ele>
      </trkpt>
      <trkpt lat="35.478389" lon="-120.837007">
        <ele>140.0</ele>
      </trkpt>
      <trkpt lat="35.478335" lon="-120.837145">
        <ele>139.0</ele>
      </trkpt>
      <trkpt lat="35.478184" lon="-120.837477">
        <ele>142.0</ele>
      </trkpt>
      <trkpt lat="35.478134" lon="-120.837623">
        <ele>144.5</ele>
      </trkpt>
      <trkpt lat="35.478122" lon="-120.837769">
        <ele>145.8</ele>
      </trkpt>
      <trkpt lat="35.478135" lon="-120.837842">
        <ele>145.8</ele>
      </trkpt>
      <trkpt lat="35.478190" lon="-120.837963">
        <ele>144.8</ele>
      </trkpt>
      <trkpt lat="35.478277" lon="-120.838056">
        <ele>142.2</ele>
      </trkpt>
      <trkpt lat="35.478395" lon="-120.838115">
        <ele>140.2</ele>
      </trkpt>
      <trkpt lat="35.478467" lon="-120.838130">
        <ele>139.8</ele>
      </trkpt>
      <trkpt lat="35.478598" lon="-120.838127">
        <ele>139.0</ele>
      </trkpt>
      <trkpt lat="35.478786" lon="-120.838072">
        <ele>137.5</ele>
      </trkpt>
      <trkpt lat="35.478994" lon="-120.837982">
        <ele>135.2</ele>
      </trkpt>
      <trkpt lat="35.479108" lon="-120.837941">
        <ele>134.0</ele>
      </trkpt>
      <trkpt lat="35.479175" lon="-120.837971">
        <ele>134.0</ele>
      </trkpt>
      <trkpt lat="35.479435" lon="-120.838230">
        <ele>133.5</ele>
      </trkpt>
      <trkpt lat="35.479895" lon="-120.838605">
        <ele>132.5</ele>
      </trkpt>
      <trkpt lat="35.480115" lon="-120.838765">
        <ele>133.0</ele>
      </trkpt>
      <trkpt lat="35.480233" lon="-120.838864">
        <ele>133.0</ele>
      </trkpt>
      <trkpt lat="35.480354" lon="-120.839071">
        <ele>132.5</ele>
      </trkpt>
      <trkpt lat="35.480438" lon="-120.839247">
        <ele>131.0</ele>
      </trkpt>
      <trkpt lat="35.480481" lon="-120.839406">
        <ele>130.2</ele>
      </trkpt>
      <trkpt lat="35.480525" lon="-120.839699">
        <ele>129.2</ele>
      </trkpt>
      <trkpt lat="35.480565" lon="-120.840185">
        <ele>127.2</ele>
      </trkpt>
      <trkpt lat="35.480554" lon="-120.840556">
        <ele>125.5</ele>
      </trkpt>
      <trkpt lat="35.480532" lon="-120.840740">
        <ele>125.0</ele>
      </trkpt>
      <trkpt lat="35.480448" lon="-120.841025">
        <ele>123.8</ele>
      </trkpt>
      <trkpt lat="35.480368" lon="-120.841211">
        <ele>122.5</ele>
      </trkpt>
      <trkpt lat="35.480266" lon="-120.841371">
        <ele>121.5</ele>
      </trkpt>
      <trkpt lat="35.480121" lon="-120.841527">
        <ele>120.5</ele>
      </trkpt>
      <trkpt lat="35.480051" lon="-120.841590">
        <ele>120.0</ele>
      </trkpt>
      <trkpt lat="35.479810" lon="-120.841762">
        <ele>120.8</ele>
      </trkpt>
      <trkpt lat="35.479511" lon="-120.841937">
        <ele>122.0</ele>
      </trkpt>
      <trkpt lat="35.479386" lon="-120.842025">
        <ele>122.0</ele>
      </trkpt>
      <trkpt lat="35.479297" lon="-120.842132">
        <ele>121.0</ele>
      </trkpt>
      <trkpt lat="35.479205" lon="-120.842292">
        <ele>118.8</ele>
      </trkpt>
      <trkpt lat="35.478950" lon="-120.842835">
        <ele>122.0</ele>
      </trkpt>
      <trkpt lat="35.478916" lon="-120.842953">
        <ele>123.0</ele>
      </trkpt>
      <trkpt lat="35.478909" lon="-120.843081">
        <ele>123.0</ele>
      </trkpt>
      <trkpt lat="35.478926" lon="-120.843273">
        <ele>122.0</ele>
      </trkpt>
      <trkpt lat="35.478982" lon="-120.843455">
        <ele>119.5</ele>
      </trkpt>
      <trkpt lat="35.479123" lon="-120.843746">
        <ele>115.0</ele>
      </trkpt>
      <trkpt lat="35.479141" lon="-120.843827">
        <ele>114.5</ele>
      </trkpt>
      <trkpt lat="35.479147" lon="-120.843900">
        <ele>114.2</ele>
      </trkpt>
      <trkpt lat="35.479143" lon="-120.844066">
        <ele>114.2</ele>
      </trkpt>
      <trkpt lat="35.479104" lon="-120.844260">
        <ele>114.5</ele>
      </trkpt>
      <trkpt lat="35.479074" lon="-120.844336">
        <ele>114.5</ele>
      </trkpt>
      <trkpt lat="35.478993" lon="-120.844484">
        <ele>114.2</ele>
      </trkpt>
      <trkpt lat="35.478881" lon="-120.844598">
        <ele>114.0</ele>
      </trkpt>
      <trkpt lat="35.478761" lon="-120.844686">
        <ele>113.5</ele>
      </trkpt>
      <trkpt lat="35.478678" lon="-120.844723">
        <ele>113.2</ele>
      </trkpt>
      <trkpt lat="35.478602" lon="-120.844743">
        <ele>113.0</ele>
      </trkpt>
      <trkpt lat="35.478521" lon="-120.844748">
        <ele>113.0</ele>
      </trkpt>
      <trkpt lat="35.478080" lon="-120.844733">
        <ele>114.8</ele>
      </trkpt>
      <trkpt lat="35.477708" lon="-120.844755">
        <ele>115.8</ele>
      </trkpt>
      <trkpt lat="35.477529" lon="-120.844774">
        <ele>115.8</ele>
      </trkpt>
      <trkpt lat="35.477380" lon="-120.844802">
        <ele>115.8</ele>
      </trkpt>
      <trkpt lat="35.477206" lon="-120.844850">
        <ele>115.8</ele>
      </trkpt>
      <trkpt lat="35.476939" lon="-120.844950">
        <ele>116.0</ele>
      </trkpt>
      <trkpt lat="35.476832" lon="-120.845009">
        <ele>116.0</ele>
      </trkpt>
      <trkpt lat="35.476788" lon="-120.845042">
        <ele>116.0</ele>
      </trkpt>
      <trkpt lat="35.476748" lon="-120.845093">
        <ele>115.5</ele>
      </trkpt>
      <trkpt lat="35.476546" lon="-120.845427">
        <ele>113.0</ele>
      </trkpt>
      <trkpt lat="35.476456" lon="-120.845549">
        <ele>112.5</ele>
      </trkpt>
      <trkpt lat="35.476241" lon="-120.845797">
        <ele>111.8</ele>
      </trkpt>
      <trkpt lat="35.475857" lon="-120.846151">
        <ele>113.2</ele>
      </trkpt>
      <trkpt lat="35.475665" lon="-120.846369">
        <ele>115.0</ele>
      </trkpt>
      <trkpt lat="35.475524" lon="-120.846545">
        <ele>116.2</ele>
      </trkpt>
      <trkpt lat="35.475375" lon="-120.846774">
        <ele>117.0</ele>
      </trkpt>
      <trkpt lat="35.475294" lon="-120.846933">
        <ele>116.2</ele>
      </trkpt>
      <trkpt lat="35.475253" lon="-120.847112">
        <ele>114.5</ele>
      </trkpt>
      <trkpt lat="35.475185" lon="-120.847470">
        <ele>109.8</ele>
      </trkpt>
      <trkpt lat="35.475161" lon="-120.847561">
        <ele>108.8</ele>
      </trkpt>
      <trkpt lat="35.475124" lon="-120.847661">
        <ele>107.5</ele>
      </trkpt>
      <trkpt lat="35.475074" lon="-120.847764">
        <ele>106.5</ele>
      </trkpt>
      <trkpt lat="35.474899" lon="-120.848066">
        <ele>103.5</ele>
      </trkpt>
      <trkpt lat="35.474739" lon="-120.848305">
        <ele>101.8</ele>
      </trkpt>
      <trkpt lat="35.474633" lon="-120.848433">
        <ele>102.5</ele>
      </trkpt>
      <trkpt lat="35.474511" lon="-120.848561">
        <ele>103.8</ele>
      </trkpt>
      <trkpt lat="35.474407" lon="-120.848702">
        <ele>104.2</ele>
      </trkpt>
      <trkpt lat="35.474374" lon="-120.848766">
        <ele>104.5</ele>
      </trkpt>
      <trkpt lat="35.474361" lon="-120.848849">
        <ele>104.0</ele>
      </trkpt>
      <trkpt lat="35.474358" lon="-120.849139">
        <ele>102.0</ele>
      </trkpt>
      <trkpt lat="35.474348" lon="-120.849259">
        <ele>101.2</ele>
      </trkpt>
      <trkpt lat="35.474330" lon="-120.849377">
        <ele>100.8</ele>
      </trkpt>
      <trkpt lat="35.474260" lon="-120.849637">
        <ele>99.8</ele>
      </trkpt>
      <trkpt lat="35.474115" lon="-120.849990">
        <ele>98.8</ele>
      </trkpt>
      <trkpt lat="35.474012" lon="-120.850193">
        <ele>99.0</ele>
      </trkpt>
      <trkpt lat="35.473935" lon="-120.850321">
        <ele>99.0</ele>
      </trkpt>
      <trkpt lat="35.473766" lon="-120.850544">
        <ele>98.8</ele>
      </trkpt>
      <trkpt lat="35.473672" lon="-120.850648">
        <ele>98.5</ele>
      </trkpt>
      <trkpt lat="35.473519" lon="-120.850783">
        <ele>98.2</ele>
      </trkpt>
      <trkpt lat="35.473382" lon="-120.850857">
        <ele>98.2</ele>
      </trkpt>
      <trkpt lat="35.473299" lon="-120.850880">
        <ele>98.2</ele>
      </trkpt>
      <trkpt lat="35.472648" lon="-120.850957">
        <ele>95.0</ele>
      </trkpt>
      <trkpt lat="35.472536" lon="-120.850983">
        <ele>94.2</ele>
      </trkpt>
      <trkpt lat="35.472485" lon="-120.851011">
        <ele>93.8</ele>
      </trkpt>
      <trkpt lat="35.472443" lon="-120.851046">
        <ele>93.5</ele>
      </trkpt>
      <trkpt lat="35.472409" lon="-120.851094">
        <ele>93.0</ele>
      </trkpt>
      <trkpt lat="35.472385" lon="-120.851170">
        <ele>92.0</ele>
      </trkpt>
      <trkpt lat="35.472371" lon="-120.851264">
        <ele>91.0</ele>
      </trkpt>
      <trkpt lat="35.472304" lon="-120.851985">
        <ele>87.2</ele>
      </trkpt>
      <trkpt lat="35.472184" lon="-120.852830">
        <ele>89.5</ele>
      </trkpt>
      <trkpt lat="35.472167" lon="-120.852996">
        <ele>89.8</ele>
      </trkpt>
      <trkpt lat="35.472151" lon="-120.853273">
        <ele>90.5</ele>
      </trkpt>
      <trkpt lat="35.472156" lon="-120.854114">
        <ele>94.0</ele>
      </trkpt>
      <trkpt lat="35.472177" lon="-120.854702">
        <ele>93.2</ele>
      </trkpt>
      <trkpt lat="35.472175" lon="-120.854978">
        <ele>92.5</ele>
      </trkpt>
      <trkpt lat="35.472144" lon="-120.855980">
        <ele>86.2</ele>
      </trkpt>
      <trkpt lat="35.472141" lon="-120.856228">
        <ele>84.8</ele>
      </trkpt>
      <trkpt lat="35.472175" lon="-120.856568">
        <ele>83.2</ele>
      </trkpt>
      <trkpt lat="35.472156" lon="-120.856843">
        <ele>82.2</ele>
      </trkpt>
      <trkpt lat="35.471982" lon="-120.856892">
        <ele>81.0</ele>
      </trkpt>
      <trkpt lat="35.471740" lon="-120.856923">
        <ele>79.5</ele>
      </trkpt>
      <trkpt lat="35.471591" lon="-120.856969">
        <ele>80.0</ele>
      </trkpt>
      <trkpt lat="35.471375" lon="-120.857048">
        <ele>83.2</ele>
      </trkpt>
      <trkpt lat="35.471126" lon="-120.857192">
        <ele>86.5</ele>
      </trkpt>
      <trkpt lat="35.470951" lon="-120.857328">
        <ele>87.8</ele>
      </trkpt>
      <trkpt lat="35.470819" lon="-120.857451">
        <ele>88.8</ele>
      </trkpt>
      <trkpt lat="35.470594" lon="-120.857795">
        <ele>95.2</ele>
      </trkpt>
      <trkpt lat="35.470537" lon="-120.857905">
        <ele>96.8</ele>
      </trkpt>
      <trkpt lat="35.470463" lon="-120.858084">
        <ele>98.2</ele>
      </trkpt>
      <trkpt lat="35.470378" lon="-120.858364">
        <ele>99.5</ele>
      </trkpt>
      <trkpt lat="35.470329" lon="-120.858598">
        <ele>101.2</ele>
      </trkpt>
      <trkpt lat="35.470309" lon="-120.858800">
        <ele>102.0</ele>
      </trkpt>
      <trkpt lat="35.470304" lon="-120.859045">
        <ele>102.5</ele>
      </trkpt>
      <trkpt lat="35.470322" lon="-120.859269">
        <ele>102.8</ele>
      </trkpt>
      <trkpt lat="35.470360" lon="-120.859498">
        <ele>103.0</ele>
      </trkpt>
      <trkpt lat="35.470587" lon="-120.860463">
        <ele>104.5</ele>
      </trkpt>
      <trkpt lat="35.470641" lon="-120.860809">
        <ele>106.0</ele>
      </trkpt>
      <trkpt lat="35.470652" lon="-120.861021">
        <ele>107.0</ele>
      </trkpt>
      <trkpt lat="35.470628" lon="-120.861445">
        <ele>109.8</ele>
      </trkpt>
      <trkpt lat="35.470596" lon="-120.861661">
        <ele>111.8</ele>
      </trkpt>
      <trkpt lat="35.470545" lon="-120.861855">
        <ele>112.5</ele>
      </trkpt>
      <trkpt lat="35.470476" lon="-120.862014">
        <ele>113.8</ele>
      </trkpt>
      <trkpt lat="35.470365" lon="-120.862195">
        <ele>115.2</ele>
      </trkpt>
      <trkpt lat="35.470285" lon="-120.862288">
        <ele>116.5</ele>
      </trkpt>
      <trkpt lat="35.470163" lon="-120.862381">
        <ele>118.0</ele>
      </trkpt>
      <trkpt lat="35.470011" lon="-120.862452">
        <ele>120.2</ele>
      </trkpt>
      <trkpt lat="35.469741" lon="-120.862532">
        <ele>122.5</ele>
      </trkpt>
      <trkpt lat="35.469475" lon="-120.862591">
        <ele>124.2</ele>
      </trkpt>
      <trkpt lat="35.469358" lon="-120.862595">
        <ele>125.8</ele>
      </trkpt>
      <trkpt lat="35.469212" lon="-120.862566">
        <ele>128.8</ele>
      </trkpt>
      <trkpt lat="35.469077" lon="-120.862506">
        <ele>130.8</ele>
      </trkpt>
      <trkpt lat="35.468929" lon="-120.862394">
        <ele>132.0</ele>
      </trkpt>
      <trkpt lat="35.468714" lon="-120.862175">
        <ele>135.2</ele>
      </trkpt>
      <trkpt lat="35.468610" lon="-120.862084">
        <ele>136.8</ele>
      </trkpt>
      <trkpt lat="35.468484" lon="-120.862009">
        <ele>137.5</ele>
      </trkpt>
      <trkpt lat="35.468316" lon="-120.861946">
        <ele>138.0</ele>
      </trkpt>
      <trkpt lat="35.468080" lon="-120.861923">
        <ele>141.5</ele>
      </trkpt>
      <trkpt lat="35.467996" lon="-120.861931">
        <ele>142.2</ele>
      </trkpt>
      <trkpt lat="35.467816" lon="-120.861968">
        <ele>143.5</ele>
      </trkpt>
      <trkpt lat="35.467064" lon="-120.862210">
        <ele>148.8</ele>
      </trkpt>
      <trkpt lat="35.466897" lon="-120.862237">
        <ele>150.2</ele>
      </trkpt>
      <trkpt lat="35.466726" lon="-120.862230">
        <ele>152.5</ele>
      </trkpt>
      <trkpt lat="35.466592" lon="-120.862205">
        <ele>154.2</ele>
      </trkpt>
      <trkpt lat="35.466457" lon="-120.862156">
        <ele>155.8</ele>
      </trkpt>
      <trkpt lat="35.466257" lon="-120.862038">
        <ele>158.5</ele>
      </trkpt>
      <trkpt lat="35.465986" lon="-120.861834">
        <ele>161.5</ele>
      </trkpt>
      <trkpt lat="35.465587" lon="-120.861497">
        <ele>162.8</ele>
      </trkpt>
      <trkpt lat="35.465341" lon="-120.861301">
        <ele>161.2</ele>
      </trkpt>
      <trkpt lat="35.464895" lon="-120.860949">
        <ele>155.0</ele>
      </trkpt>
      <trkpt lat="35.464641" lon="-120.860732">
        <ele>152.8</ele>
      </trkpt>
      <trkpt lat="35.463860" lon="-120.860032">
        <ele>158.5</ele>
      </trkpt>
      <trkpt lat="35.463132" lon="-120.859433">
        <ele>156.2</ele>
      </trkpt>
      <trkpt lat="35.462876" lon="-120.859266">
        <ele>156.2</ele>
      </trkpt>
      <trkpt lat="35.462746" lon="-120.859202">
        <ele>156.0</ele>
      </trkpt>
      <trkpt lat="35.462580" lon="-120.859148">
        <ele>155.2</ele>
      </trkpt>
      <trkpt lat="35.462413" lon="-120.859120">
        <ele>154.2</ele>
      </trkpt>
      <trkpt lat="35.462201" lon="-120.859114">
        <ele>153.0</ele>
      </trkpt>
      <trkpt lat="35.461965" lon="-120.859132">
        <ele>151.2</ele>
      </trkpt>
      <trkpt lat="35.461853" lon="-120.859152">
        <ele>150.2</ele>
      </trkpt>
      <trkpt lat="35.461656" lon="-120.859213">
        <ele>148.2</ele>
      </trkpt>
      <trkpt lat="35.460506" lon="-120.859687">
        <ele>149.0</ele>
      </trkpt>
      <trkpt lat="35.459433" lon="-120.860161">
        <ele>143.2</ele>
      </trkpt>
      <trkpt lat="35.459274" lon="-120.860257">
        <ele>141.5</ele>
      </trkpt>
      <trkpt lat="35.459070" lon="-120.860410">
        <ele>138.8</ele>
      </trkpt>
      <trkpt lat="35.458702" lon="-120.860752">
        <ele>136.2</ele>
      </trkpt>
      <trkpt lat="35.458067" lon="-120.861413">
        <ele>133.5</ele>
      </trkpt>
      <trkpt lat="35.457207" lon="-120.862014">
        <ele>136.2</ele>
      </trkpt>
      <trkpt lat="35.456692" lon="-120.862720">
        <ele>134.2</ele>
      </trkpt>
      <trkpt lat="35.456303" lon="-120.863196">
        <ele>130.2</ele>
      </trkpt>
      <trkpt lat="35.455859" lon="-120.863605">
        <ele>130.0</ele>
      </trkpt>
      <trkpt lat="35.455497" lon="-120.863957">
        <ele>129.5</ele>
      </trkpt>
      <trkpt lat="35.455105" lon="-120.864377">
        <ele>129.5</ele>
      </trkpt>
      <trkpt lat="35.454521" lon="-120.865072">
        <ele>126.0</ele>
      </trkpt>
      <trkpt lat="35.454103" lon="-120.865596">
        <ele>126.2</ele>
      </trkpt>
      <trkpt lat="35.453996" lon="-120.865704">
        <ele>125.2</ele>
      </trkpt>
      <trkpt lat="35.453786" lon="-120.865870">
        <ele>123.8</ele>
      </trkpt>
      <trkpt lat="35.453609" lon="-120.865965">
        <ele>122.8</ele>
      </trkpt>
      <trkpt lat="35.453336" lon="-120.866056">
        <ele>122.5</ele>
      </trkpt>
      <trkpt lat="35.452382" lon="-120.866293">
        <ele>120.8</ele>
      </trkpt>
      <trkpt lat="35.451384" lon="-120.866542">
        <ele>116.5</ele>
      </trkpt>
      <trkpt lat="35.451223" lon="-120.866602">
        <ele>115.5</ele>
      </trkpt>
      <trkpt lat="35.451025" lon="-120.866712">
        <ele>114.2</ele>
      </trkpt>
      <trkpt lat="35.450742" lon="-120.866918">
        <ele>111.2</ele>
      </trkpt>
      <trkpt lat="35.449633" lon="-120.867875">
        <ele>104.2</ele>
      </trkpt>
      <trkpt lat="35.449355" lon="-120.868136">
        <ele>101.5</ele>
      </trkpt>
      <trkpt lat="35.449243" lon="-120.868266">
        <ele>101.2</ele>
      </trkpt>
      <trkpt lat="35.449042" lon="-120.868540">
        <ele>98.0</ele>
      </trkpt>
      <trkpt lat="35.448854" lon="-120.868848">
        <ele>94.2</ele>
      </trkpt>
      <trkpt lat="35.448257" lon="-120.870021">
        <ele>89.8</ele>
      </trkpt>
      <trkpt lat="35.448141" lon="-120.870201">
        <ele>87.2</ele>
      </trkpt>
      <trkpt lat="35.448010" lon="-120.870362">
        <ele>85.2</ele>
      </trkpt>
      <trkpt lat="35.447881" lon="-120.870488">
        <ele>83.8</ele>
      </trkpt>
      <trkpt lat="35.447709" lon="-120.870621">
        <ele>82.0</ele>
      </trkpt>
      <trkpt lat="35.447644" lon="-120.870664">
        <ele>81.5</ele>
      </trkpt>
      <trkpt lat="35.447428" lon="-120.870777">
        <ele>80.5</ele>
      </trkpt>
      <trkpt lat="35.447281" lon="-120.870833">
        <ele>80.0</ele>
      </trkpt>
      <trkpt lat="35.447106" lon="-120.870879">
        <ele>79.2</ele>
      </trkpt>
      <trkpt lat="35.446937" lon="-120.870898">
        <ele>78.8</ele>
      </trkpt>
      <trkpt lat="35.446729" lon="-120.870883">
        <ele>78.2</ele>
      </trkpt>
      <trkpt lat="35.445903" lon="-120.870718">
        <ele>75.8</ele>
      </trkpt>
      <trkpt lat="35.445444" lon="-120.870665">
        <ele>70.8</ele>
      </trkpt>
      <trkpt lat="35.445155" lon="-120.870662">
        <ele>67.8</ele>
      </trkpt>
      <trkpt lat="35.444986" lon="-120.870675">
        <ele>66.0</ele>
      </trkpt>
      <trkpt lat="35.444456" lon="-120.870742">
        <ele>61.5</ele>
      </trkpt>
      <trkpt lat="35.442979" lon="-120.870993">
        <ele>62.2</ele>
      </trkpt>
      <trkpt lat="35.442468" lon="-120.871091">
        <ele>61.0</ele>
      </trkpt>
      <trkpt lat="35.442245" lon="-120.871155">
        <ele>60.5</ele>
      </trkpt>
      <trkpt lat="35.442003" lon="-120.871243">
        <ele>60.2</ele>
      </trkpt>
      <trkpt lat="35.441648" lon="-120.871416">
        <ele>60.0</ele>
      </trkpt>
      <trkpt lat="35.441507" lon="-120.871498">
        <ele>59.5</ele>
      </trkpt>
      <trkpt lat="35.441191" lon="-120.871704">
        <ele>57.5</ele>
      </trkpt>
      <trkpt lat="35.440414" lon="-120.872237">
        <ele>55.5</ele>
      </trkpt>
      <trkpt lat="35.440162" lon="-120.872377">
        <ele>55.5</ele>
      </trkpt>
      <trkpt lat="35.439997" lon="-120.872445">
        <ele>55.2</ele>
      </trkpt>
      <trkpt lat="35.439809" lon="-120.872493">
        <ele>53.8</ele>
      </trkpt>
      <trkpt lat="35.439474" lon="-120.872531">
        <ele>51.0</ele>
      </trkpt>
      <trkpt lat="35.438954" lon="-120.872536">
        <ele>47.2</ele>
      </trkpt>
      <trkpt lat="35.438536" lon="-120.872564">
        <ele>46.8</ele>
      </trkpt>
      <trkpt lat="35.438394" lon="-120.872592">
        <ele>46.5</ele>
      </trkpt>
      <trkpt lat="35.438289" lon="-120.872653">
        <ele>46.8</ele>
      </trkpt>
      <trkpt lat="35.438025" lon="-120.872843">
        <ele>47.5</ele>
      </trkpt>
      <trkpt lat="35.437311" lon="-120.873522">
        <ele>46.0</ele>
      </trkpt>
      <trkpt lat="35.436193" lon="-120.874602">
        <ele>44.0</ele>
      </trkpt>
      <trkpt lat="35.435990" lon="-120.874823">
        <ele>42.5</ele>
      </trkpt>
      <trkpt lat="35.435871" lon="-120.875013">
        <ele>40.8</ele>
      </trkpt>
      <trkpt lat="35.435697" lon="-120.875408">
        <ele>40.5</ele>
      </trkpt>
      <trkpt lat="35.435446" lon="-120.876089">
        <ele>41.0</ele>
      </trkpt>
      <trkpt lat="35.435374" lon="-120.876257">
        <ele>42.0</ele>
      </trkpt>
      <trkpt lat="35.435328" lon="-120.876344">
        <ele>42.2</ele>
      </trkpt>
      <trkpt lat="35.435203" lon="-120.876578">
        <ele>42.5</ele>
      </trkpt>
      <trkpt lat="35.434972" lon="-120.876931">
        <ele>40.8</ele>
      </trkpt>
      <trkpt lat="35.434857" lon="-120.877088">
        <ele>40.2</ele>
      </trkpt>
      <trkpt lat="35.434353" lon="-120.877777">
        <ele>37.8</ele>
      </trkpt>
      <trkpt lat="35.434184" lon="-120.877954">
        <ele>38.2</ele>
      </trkpt>
      <trkpt lat="35.434050" lon="-120.878061">
        <ele>38.5</ele>
      </trkpt>
      <trkpt lat="35.433876" lon="-120.878163">
        <ele>38.0</ele>
      </trkpt>
      <trkpt lat="35.433009" lon="-120.878577">
        <ele>31.5</ele>
      </trkpt>
      <trkpt lat="35.430989" lon="-120.879570">
        <ele>28.8</ele>
      </trkpt>
      <trkpt lat="35.430789" lon="-120.879682">
        <ele>27.0</ele>
      </trkpt>
      <trkpt lat="35.430564" lon="-120.879837">
        <ele>25.5</ele>
      </trkpt>
      <trkpt lat="35.430404" lon="-120.879956">
        <ele>23.8</ele>
      </trkpt>
      <trkpt lat="35.430180" lon="-120.880148">
        <ele>21.2</ele>
      </trkpt>
      <trkpt lat="35.429721" lon="-120.880555">
        <ele>18.5</ele>
      </trkpt>
      <trkpt lat="35.429283" lon="-120.880976">
        <ele>16.5</ele>
      </trkpt>
      <trkpt lat="35.429158" lon="-120.881154">
        <ele>16.2</ele>
      </trkpt>
      <trkpt lat="35.429124" lon="-120.881212">
        <ele>16.2</ele>
      </trkpt>
      <trkpt lat="35.429045" lon="-120.881379">
        <ele>16.2</ele>
      </trkpt>
      <trkpt lat="35.428993" lon="-120.881529">
        <ele>16.2</ele>
      </trkpt>
      <trkpt lat="35.428949" lon="-120.881711">
        <ele>16.0</ele>
      </trkpt>
      <trkpt lat="35.428940" lon="-120.881747">
        <ele>16.0</ele>
      </trkpt>
      <trkpt lat="35.428896" lon="-120.881931">
        <ele>15.5</ele>
      </trkpt>
      <trkpt lat="35.428864" lon="-120.882066">
        <ele>15.2</ele>
      </trkpt>
      <trkpt lat="35.428439" lon="-120.881697">
        <ele>14.2</ele>
      </trkpt>
      <trkpt lat="35.428168" lon="-120.881485">
        <ele>14.2</ele>
      </trkpt>
      <trkpt lat="35.427965" lon="-120.881338">
        <ele>14.8</ele>
      </trkpt>
      <trkpt lat="35.427428" lon="-120.880978">
        <ele>15.5</ele>
      </trkpt>
      <trkpt lat="35.427217" lon="-120.880849">
        <ele>15.8</ele>
      </trkpt>
      <trkpt lat="35.424985" lon="-120.879563">
        <ele>18.5</ele>
      </trkpt>
      <trkpt lat="35.424659" lon="-120.879384">
        <ele>18.5</ele>
      </trkpt>
      <trkpt lat="35.422964" lon="-120.878417">
        <ele>18.5</ele>
      </trkpt>
      <trkpt lat="35.422408" lon="-120.878141">
        <ele>17.8</ele>
      </trkpt>
      <trkpt lat="35.421266" lon="-120.877633">
        <ele>15.2</ele>
      </trkpt>
      <trkpt lat="35.421071" lon="-120.877557">
        <ele>14.8</ele>
      </trkpt>
      <trkpt lat="35.420406" lon="-120.877259">
        <ele>12.5</ele>
      </trkpt>
      <trkpt lat="35.419754" lon="-120.876945">
        <ele>11.0</ele>
      </trkpt>
      <trkpt lat="35.419006" lon="-120.876515">
        <ele>11.8</ele>
      </trkpt>
      <trkpt lat="35.418573" lon="-120.876279">
        <ele>11.8</ele>
      </trkpt>
      <trkpt lat="35.416040" lon="-120.874839">
        <ele>10.2</ele>
      </trkpt>
      <trkpt lat="35.415111" lon="-120.874305">
        <ele>10.5</ele>
      </trkpt>
      <trkpt lat="35.414089" lon="-120.873730">
        <ele>7.5</ele>
      </trkpt>
      <trkpt lat="35.413406" lon="-120.873398">
        <ele>4.8</ele>
      </trkpt>
      <trkpt lat="35.413002" lon="-120.873213">
        <ele>5.5</ele>
      </trkpt>
      <trkpt lat="35.412705" lon="-120.873094">
        <ele>6.2</ele>
      </trkpt>
      <trkpt lat="35.412386" lon="-120.872989">
        <ele>7.2</ele>
      </trkpt>
      <trkpt lat="35.411398" lon="-120.872696">
        <ele>10.5</ele>
      </trkpt>
      <trkpt lat="35.410094" lon="-120.872354">
        <ele>15.0</ele>
      </trkpt>
      <trkpt lat="35.409723" lon="-120.872248">
        <ele>16.2</ele>
      </trkpt>
      <trkpt lat="35.409139" lon="-120.872027">
        <ele>18.2</ele>
      </trkpt>
      <trkpt lat="35.408857" lon="-120.871886">
        <ele>19.2</ele>
      </trkpt>
      <trkpt lat="35.408563" lon="-120.871706">
        <ele>20.2</ele>
      </trkpt>
      <trkpt lat="35.408401" lon="-120.871595">
        <ele>20.8</ele>
      </trkpt>
      <trkpt lat="35.407950" lon="-120.871234">
        <ele>21.0</ele>
      </trkpt>
      <trkpt lat="35.407392" lon="-120.870737">
        <ele>23.8</ele>
      </trkpt>
      <trkpt lat="35.406024" lon="-120.869498">
        <ele>22.2</ele>
      </trkpt>
      <trkpt lat="35.405436" lon="-120.868971">
        <ele>19.5</ele>
      </trkpt>
      <trkpt lat="35.404216" lon="-120.867848">
        <ele>16.2</ele>
      </trkpt>
      <trkpt lat="35.404034" lon="-120.867673">
        <ele>16.0</ele>
      </trkpt>
      <trkpt lat="35.403463" lon="-120.867043">
        <ele>16.2</ele>
      </trkpt>
      <trkpt lat="35.402132" lon="-120.865485">
        <ele>15.5</ele>
      </trkpt>
      <trkpt lat="35.401755" lon="-120.865065">
        <ele>14.2</ele>
      </trkpt>
      <trkpt lat="35.401460" lon="-120.864756">
        <ele>13.8</ele>
      </trkpt>
      <trkpt lat="35.401066" lon="-120.864381">
        <ele>14.2</ele>
      </trkpt>
      <trkpt lat="35.400492" lon="-120.863873">
        <ele>14.5</ele>
      </trkpt>
      <trkpt lat="35.400094" lon="-120.863558">
        <ele>14.8</ele>
      </trkpt>
      <trkpt lat="35.399558" lon="-120.863180">
        <ele>14.5</ele>
      </trkpt>
      <trkpt lat="35.398666" lon="-120.862616">
        <ele>14.2</ele>
      </trkpt>
      <trkpt lat="35.398493" lon="-120.862513">
        <ele>14.0</ele>
      </trkpt>
      <trkpt lat="35.398181" lon="-120.862345">
        <ele>14.0</ele>
      </trkpt>
      <trkpt lat="35.397930" lon="-120.862221">
        <ele>14.2</ele>
      </trkpt>
      <trkpt lat="35.397494" lon="-120.862027">
        <ele>14.5</ele>
      </trkpt>
      <trkpt lat="35.397075" lon="-120.861852">
        <ele>14.2</ele>
      </trkpt>
      <trkpt lat="35.396630" lon="-120.861688">
        <ele>13.8</ele>
      </trkpt>
      <trkpt lat="35.395472" lon="-120.861254">
        <ele>14.0</ele>
      </trkpt>
      <trkpt lat="35.394979" lon="-120.861058">
        <ele>13.2</ele>
      </trkpt>
      <trkpt lat="35.394292" lon="-120.860792">
        <ele>13.8</ele>
      </trkpt>
      <trkpt lat="35.393997" lon="-120.860687">
        <ele>13.8</ele>
      </trkpt>
      <trkpt lat="35.393782" lon="-120.860598">
        <ele>13.5</ele>
      </trkpt>
      <trkpt lat="35.393807" lon="-120.860428">
        <ele>13.5</ele>
      </trkpt>
      <trkpt lat="35.393823" lon="-120.860053">
        <ele>13.5</ele>
      </trkpt>
      <trkpt lat="35.393566" lon="-120.859987">
        <ele>13.2</ele>
      </trkpt>
      <trkpt lat="35.393357" lon="-120.859972">
        <ele>13.0</ele>
      </trkpt>
      <trkpt lat="35.393148" lon="-120.859981">
        <ele>12.8</ele>
      </trkpt>
      <trkpt lat="35.392950" lon="-120.859949">
        <ele>12.5</ele>
      </trkpt>
      <trkpt lat="35.392738" lon="-120.859889">
        <ele>12.5</ele>
      </trkpt>
      <trkpt lat="35.391903" lon="-120.859565">
        <ele>13.0</ele>
      </trkpt>
      <trkpt lat="35.391294" lon="-120.859338">
        <ele>13.5</ele>
      </trkpt>
      <trkpt lat="35.390066" lon="-120.858862">
        <ele>11.5</ele>
      </trkpt>
      <trkpt lat="35.389552" lon="-120.858682">
        <ele>11.5</ele>
      </trkpt>
      <trkpt lat="35.389257" lon="-120.858572">
        <ele>11.5</ele>
      </trkpt>
      <trkpt lat="35.389010" lon="-120.858476">
        <ele>11.8</ele>
      </trkpt>
      <trkpt lat="35.388889" lon="-120.858429">
        <ele>11.8</ele>
      </trkpt>
      <trkpt lat="35.388412" lon="-120.858243">
        <ele>11.2</ele>
      </trkpt>
      <trkpt lat="35.387729" lon="-120.857986">
        <ele>10.8</ele>
      </trkpt>
      <trkpt lat="35.387501" lon="-120.857900">
        <ele>10.5</ele>
      </trkpt>
      <trkpt lat="35.387324" lon="-120.857832">
        <ele>10.2</ele>
      </trkpt>
      <trkpt lat="35.386055" lon="-120.857349">
        <ele>9.5</ele>
      </trkpt>
      <trkpt lat="35.385454" lon="-120.857125">
        <ele>10.5</ele>
      </trkpt>
      <trkpt lat="35.384949" lon="-120.856948">
        <ele>10.5</ele>
      </trkpt>
      <trkpt lat="35.382512" lon="-120.855993">
        <ele>12.2</ele>
      </trkpt>
      <trkpt lat="35.381901" lon="-120.855744">
        <ele>11.5</ele>
      </trkpt>
      <trkpt lat="35.381262" lon="-120.855516">
        <ele>10.8</ele>
      </trkpt>
      <trkpt lat="35.381032" lon="-120.855394">
        <ele>10.2</ele>
      </trkpt>
      <trkpt lat="35.380329" lon="-120.854929">
        <ele>9.8</ele>
      </trkpt>
      <trkpt lat="35.380312" lon="-120.854917">
        <ele>9.8</ele>
      </trkpt>
      <trkpt lat="35.380215" lon="-120.854851">
        <ele>9.5</ele>
      </trkpt>
      <trkpt lat="35.380120" lon="-120.854826">
        <ele>9.2</ele>
      </trkpt>
      <trkpt lat="35.380098" lon="-120.854820">
        <ele>9.2</ele>
      </trkpt>
      <trkpt lat="35.380013" lon="-120.854802">
        <ele>9.2</ele>
      </trkpt>
      <trkpt lat="35.379861" lon="-120.854790">
        <ele>9.0</ele>
      </trkpt>
      <trkpt lat="35.379677" lon="-120.854775">
        <ele>8.8</ele>
      </trkpt>
      <trkpt lat="35.379428" lon="-120.854756">
        <ele>8.5</ele>
      </trkpt>
      <trkpt lat="35.379149" lon="-120.854704">
        <ele>8.2</ele>
      </trkpt>
      <trkpt lat="35.379015" lon="-120.854674">
        <ele>8.8</ele>
      </trkpt>
      <trkpt lat="35.378772" lon="-120.854588">
        <ele>9.2</ele>
      </trkpt>
      <trkpt lat="35.378414" lon="-120.854457">
        <ele>10.0</ele>
      </trkpt>
      <trkpt lat="35.378168" lon="-120.854375">
        <ele>9.8</ele>
      </trkpt>
      <trkpt lat="35.377455" lon="-120.854114">
        <ele>8.0</ele>
      </trkpt>
      <trkpt lat="35.376930" lon="-120.853912">
        <ele>8.0</ele>
      </trkpt>
      <trkpt lat="35.376733" lon="-120.853818">
        <ele>8.0</ele>
      </trkpt>
      <trkpt lat="35.376544" lon="-120.853665">
        <ele>8.0</ele>
      </trkpt>
      <trkpt lat="35.376189" lon="-120.853295">
        <ele>8.5</ele>
      </trkpt>
      <trkpt lat="35.376032" lon="-120.853145">
        <ele>8.5</ele>
      </trkpt>
      <trkpt lat="35.375986" lon="-120.853084">
        <ele>8.5</ele>
      </trkpt>
      <trkpt lat="35.375728" lon="-120.852842">
        <ele>8.2</ele>
      </trkpt>
      <trkpt lat="35.375600" lon="-120.852710">
        <ele>8.2</ele>
      </trkpt>
      <trkpt lat="35.375535" lon="-120.852652">
        <ele>8.0</ele>
      </trkpt>
      <trkpt lat="35.375376" lon="-120.852490">
        <ele>8.0</ele>
      </trkpt>
      <trkpt lat="35.375163" lon="-120.852296">
        <ele>8.0</ele>
      </trkpt>
      <trkpt lat="35.374857" lon="-120.851942">
        <ele>8.2</ele>
      </trkpt>
      <trkpt lat="35.374592" lon="-120.851689">
        <ele>9.2</ele>
      </trkpt>
      <trkpt lat="35.374351" lon="-120.851546">
        <ele>10.5</ele>
      </trkpt>
      <trkpt lat="35.374235" lon="-120.851503">
        <ele>11.0</ele>
      </trkpt>
      <trkpt lat="35.373969" lon="-120.851468">
        <ele>11.8</ele>
      </trkpt>
      <trkpt lat="35.373110" lon="-120.851423">
        <ele>16.0</ele>
      </trkpt>
      <trkpt lat="35.372937" lon="-120.851400">
        <ele>17.2</ele>
      </trkpt>
      <trkpt lat="35.372787" lon="-120.851369">
        <ele>18.2</ele>
      </trkpt>
      <trkpt lat="35.372555" lon="-120.851249">
        <ele>19.5</ele>
      </trkpt>
      <trkpt lat="35.372396" lon="-120.851143">
        <ele>20.0</ele>
      </trkpt>
      <trkpt lat="35.372092" lon="-120.850792">
        <ele>21.0</ele>
      </trkpt>
      <trkpt lat="35.371881" lon="-120.850589">
        <ele>21.0</ele>
      </trkpt>
      <trkpt lat="35.371783" lon="-120.850514">
        <ele>21.0</ele>
      </trkpt>
      <trkpt lat="35.371434" lon="-120.850248">
        <ele>20.2</ele>
      </trkpt>
      <trkpt lat="35.371359" lon="-120.850203">
        <ele>20.2</ele>
      </trkpt>
      <trkpt lat="35.371378" lon="-120.850126">
        <ele>19.5</ele>
      </trkpt>
      <trkpt lat="35.371393" lon="-120.850008">
        <ele>18.2</ele>
      </trkpt>
      <trkpt lat="35.371380" lon="-120.849852">
        <ele>18.2</ele>
      </trkpt>
      <trkpt lat="35.371331" lon="-120.849665">
        <ele>18.8</ele>
      </trkpt>
      <trkpt lat="35.371247" lon="-120.849334">
        <ele>19.5</ele>
      </trkpt>
      <trkpt lat="35.371183" lon="-120.849076">
        <ele>20.2</ele>
      </trkpt>
      <trkpt lat="35.371120" lon="-120.848823">
        <ele>21.5</ele>
      </trkpt>
      <trkpt lat="35.371092" lon="-120.848707">
        <ele>22.0</ele>
      </trkpt>
      <trkpt lat="35.371044" lon="-120.848515">
        <ele>23.0</ele>
      </trkpt>
      <trkpt lat="35.370954" lon="-120.848151">
        <ele>23.8</ele>
      </trkpt>
      <trkpt lat="35.370841" lon="-120.847695">
        <ele>23.2</ele>
      </trkpt>
      <trkpt lat="35.370778" lon="-120.847440">
        <ele>23.8</ele>
      </trkpt>
      <trkpt lat="35.370661" lon="-120.847083">
        <ele>26.2</ele>
      </trkpt>
      <trkpt lat="35.370105" lon="-120.845806">
        <ele>32.0</ele>
      </trkpt>
      <trkpt lat="35.369996" lon="-120.845547">
        <ele>33.0</ele>
      </trkpt>
      <trkpt lat="35.369869" lon="-120.845286">
        <ele>34.2</ele>
      </trkpt>
      <trkpt lat="35.369700" lon="-120.845005">
        <ele>36.0</ele>
      </trkpt>
      <trkpt lat="35.369548" lon="-120.844734">
        <ele>37.0</ele>
      </trkpt>
      <trkpt lat="35.369384" lon="-120.844448">
        <ele>37.2</ele>
      </trkpt>
      <trkpt lat="35.369077" lon="-120.843909">
        <ele>37.0</ele>
      </trkpt>
      <trkpt lat="35.369036" lon="-120.843838">
        <ele>37.2</ele>
      </trkpt>
      <trkpt lat="35.368730" lon="-120.843301">
        <ele>38.5</ele>
      </trkpt>
      <trkpt lat="35.368588" lon="-120.843052">
        <ele>39.8</ele>
      </trkpt>
      <trkpt lat="35.368476" lon="-120.842927">
        <ele>40.5</ele>
      </trkpt>
      <trkpt lat="35.368368" lon="-120.842859">
        <ele>40.8</ele>
      </trkpt>
      <trkpt lat="35.367985" lon="-120.842708">
        <ele>41.2</ele>
      </trkpt>
      <trkpt lat="35.367736" lon="-120.842595">
        <ele>41.5</ele>
      </trkpt>
      <trkpt lat="35.367647" lon="-120.842549">
        <ele>41.8</ele>
      </trkpt>
      <trkpt lat="35.367549" lon="-120.842471">
        <ele>41.8</ele>
      </trkpt>
      <trkpt lat="35.367285" lon="-120.842095">
        <ele>42.5</ele>
      </trkpt>
      <trkpt lat="35.367174" lon="-120.841933">
        <ele>42.8</ele>
      </trkpt>
      <trkpt lat="35.366800" lon="-120.841356">
        <ele>43.2</ele>
      </trkpt>
      <trkpt lat="35.366775" lon="-120.841317">
        <ele>43.2</ele>
      </trkpt>
      <trkpt lat="35.366662" lon="-120.841227">
        <ele>43.2</ele>
      </trkpt>
      <trkpt lat="35.366599" lon="-120.841203">
        <ele>43.5</ele>
      </trkpt>
      <trkpt lat="35.366524" lon="-120.841189">
        <ele>43.5</ele>
      </trkpt>
      <trkpt lat="35.366485" lon="-120.841207">
        <ele>43.8</ele>
      </trkpt>
      <trkpt lat="35.366440" lon="-120.841209">
        <ele>43.8</ele>
      </trkpt>
      <trkpt lat="35.366396" lon="-120.841193">
        <ele>43.8</ele>
      </trkpt>
      <trkpt lat="35.366359" lon="-120.841161">
        <ele>43.8</ele>
      </trkpt>
      <trkpt lat="35.366332" lon="-120.841116">
        <ele>44.0</ele>
      </trkpt>
      <trkpt lat="35.366317" lon="-120.841053">
        <ele>43.8</ele>
      </trkpt>
      <trkpt lat="35.366322" lon="-120.840987">
        <ele>43.8</ele>
      </trkpt>
      <trkpt lat="35.366348" lon="-120.840928">
        <ele>43.8</ele>
      </trkpt>
      <trkpt lat="35.366390" lon="-120.840886">
        <ele>43.5</ele>
      </trkpt>
      <trkpt lat="35.366431" lon="-120.840868">
        <ele>43.5</ele>
      </trkpt>
      <trkpt lat="35.366481" lon="-120.840751">
        <ele>43.2</ele>
      </trkpt>
      <trkpt lat="35.366505" lon="-120.840696">
        <ele>43.2</ele>
      </trkpt>
      <trkpt lat="35.366471" lon="-120.840500">
        <ele>43.5</ele>
      </trkpt>
      <trkpt lat="35.366453" lon="-120.840410">
        <ele>43.5</ele>
      </trkpt>
      <trkpt lat="35.366447" lon="-120.840051">
        <ele>43.8</ele>
      </trkpt>
      <trkpt lat="35.366438" lon="-120.839830">
        <ele>43.8</ele>
      </trkpt>
      <trkpt lat="35.366322" lon="-120.837663">
        <ele>47.2</ele>
      </trkpt>
      <trkpt lat="35.366283" lon="-120.837338">
        <ele>47.5</ele>
      </trkpt>
      <trkpt lat="35.366242" lon="-120.837145">
        <ele>47.5</ele>
      </trkpt>
      <trkpt lat="35.365847" lon="-120.835020">
        <ele>48.0</ele>
      </trkpt>
      <trkpt lat="35.365461" lon="-120.832867">
        <ele>44.8</ele>
      </trkpt>
      <trkpt lat="35.365256" lon="-120.831792">
        <ele>41.8</ele>
      </trkpt>
      <trkpt lat="35.365179" lon="-120.831357">
        <ele>39.5</ele>
      </trkpt>
      <trkpt lat="35.364930" lon="-120.829713">
        <ele>32.0</ele>
      </trkpt>
      <trkpt lat="35.364611" lon="-120.828243">
        <ele>26.0</ele>
      </trkpt>
      <trkpt lat="35.364472" lon="-120.827693">
        <ele>22.8</ele>
      </trkpt>
      <trkpt lat="35.364411" lon="-120.827534">
        <ele>21.5</ele>
      </trkpt>
      <trkpt lat="35.364385" lon="-120.827488">
        <ele>21.2</ele>
      </trkpt>
      <trkpt lat="35.364318" lon="-120.827364">
        <ele>20.5</ele>
      </trkpt>
      <trkpt lat="35.363828" lon="-120.826582">
        <ele>19.5</ele>
      </trkpt>
      <trkpt lat="35.363565" lon="-120.826125">
        <ele>18.8</ele>
      </trkpt>
      <trkpt lat="35.363460" lon="-120.825999">
        <ele>18.5</ele>
      </trkpt>
      <trkpt lat="35.363418" lon="-120.825948">
        <ele>18.2</ele>
      </trkpt>
      <trkpt lat="35.363314" lon="-120.825846">
        <ele>18.0</ele>
      </trkpt>
      <trkpt lat="35.362973" lon="-120.825500">
        <ele>18.8</ele>
      </trkpt>
      <trkpt lat="35.362783" lon="-120.825265">
        <ele>17.0</ele>
      </trkpt>
      <trkpt lat="35.362431" lon="-120.824718">
        <ele>12.2</ele>
      </trkpt>
      <trkpt lat="35.362198" lon="-120.824272">
        <ele>10.2</ele>
      </trkpt>
      <trkpt lat="35.362189" lon="-120.824244">
        <ele>10.0</ele>
      </trkpt>
      <trkpt lat="35.361944" lon="-120.824388">
        <ele>10.0</ele>
      </trkpt>
      <trkpt lat="35.361393" lon="-120.824728">
        <ele>10.8</ele>
      </trkpt>
      <trkpt lat="35.361042" lon="-120.824957">
        <ele>10.0</ele>
      </trkpt>
      <trkpt lat="35.360892" lon="-120.825072">
        <ele>9.8</ele>
      </trkpt>
      <trkpt lat="35.360763" lon="-120.825222">
        <ele>10.2</ele>
      </trkpt>
      <trkpt lat="35.360650" lon="-120.825411">
        <ele>10.8</ele>
      </trkpt>
      <trkpt lat="35.360483" lon="-120.825752">
        <ele>11.5</ele>
      </trkpt>
      <trkpt lat="35.360353" lon="-120.825966">
        <ele>12.0</ele>
      </trkpt>
      <trkpt lat="35.360217" lon="-120.826131">
        <ele>12.2</ele>
      </trkpt>
      <trkpt lat="35.360053" lon="-120.826266">
        <ele>12.5</ele>
      </trkpt>
      <trkpt lat="35.359850" lon="-120.826376">
        <ele>12.8</ele>
      </trkpt>
      <trkpt lat="35.359650" lon="-120.826454">
        <ele>13.0</ele>
      </trkpt>
      <trkpt lat="35.359428" lon="-120.826556">
        <ele>13.0</ele>
      </trkpt>
      <trkpt lat="35.359292" lon="-120.826635">
        <ele>13.0</ele>
      </trkpt>
      <trkpt lat="35.359079" lon="-120.826811">
        <ele>13.8</ele>
      </trkpt>
      <trkpt lat="35.358977" lon="-120.826910">
        <ele>13.8</ele>
      </trkpt>
      <trkpt lat="35.358670" lon="-120.827268">
        <ele>12.8</ele>
      </trkpt>
      <trkpt lat="35.358499" lon="-120.827444">
        <ele>11.2</ele>
      </trkpt>
      <trkpt lat="35.358351" lon="-120.827548">
        <ele>10.5</ele>
      </trkpt>
      <trkpt lat="35.358159" lon="-120.827654">
        <ele>12.8</ele>
      </trkpt>
      <trkpt lat="35.357996" lon="-120.827716">
        <ele>13.8</ele>
      </trkpt>
      <trkpt lat="35.357735" lon="-120.827785">
        <ele>14.2</ele>
      </trkpt>
      <trkpt lat="35.355967" lon="-120.828077">
        <ele>14.5</ele>
      </trkpt>
      <trkpt lat="35.355666" lon="-120.828115">
        <ele>13.8</ele>
      </trkpt>
      <trkpt lat="35.355401" lon="-120.828120">
        <ele>11.8</ele>
      </trkpt>
      <trkpt lat="35.355243" lon="-120.828099">
        <ele>10.2</ele>
      </trkpt>
      <trkpt lat="35.355019" lon="-120.828050">
        <ele>8.2</ele>
      </trkpt>
      <trkpt lat="35.354636" lon="-120.827867">
        <ele>7.0</ele>
      </trkpt>
      <trkpt lat="35.353849" lon="-120.827506">
        <ele>6.0</ele>
      </trkpt>
      <trkpt lat="35.353680" lon="-120.827453">
        <ele>6.0</ele>
      </trkpt>
      <trkpt lat="35.353534" lon="-120.827422">
        <ele>6.2</ele>
      </trkpt>
      <trkpt lat="35.353288" lon="-120.827408">
        <ele>7.2</ele>
      </trkpt>
      <trkpt lat="35.353018" lon="-120.827455">
        <ele>10.0</ele>
      </trkpt>
      <trkpt lat="35.352802" lon="-120.827533">
        <ele>11.2</ele>
      </trkpt>
      <trkpt lat="35.352693" lon="-120.827590">
        <ele>11.8</ele>
      </trkpt>
      <trkpt lat="35.352498" lon="-120.827731">
        <ele>11.5</ele>
      </trkpt>
      <trkpt lat="35.352159" lon="-120.828019">
        <ele>9.8</ele>
      </trkpt>
      <trkpt lat="35.352023" lon="-120.828099">
        <ele>9.2</ele>
      </trkpt>
      <trkpt lat="35.351860" lon="-120.828167">
        <ele>8.8</ele>
      </trkpt>
      <trkpt lat="35.351709" lon="-120.828201">
        <ele>8.8</ele>
      </trkpt>
      <trkpt lat="35.351429" lon="-120.828243">
        <ele>8.2</ele>
      </trkpt>
      <trkpt lat="35.351059" lon="-120.828273">
        <ele>8.0</ele>
      </trkpt>
      <trkpt lat="35.350802" lon="-120.828272">
        <ele>8.0</ele>
      </trkpt>
      <trkpt lat="35.350620" lon="-120.828220">
        <ele>8.0</ele>
      </trkpt>
      <trkpt lat="35.350185" lon="-120.828058">
        <ele>8.5</ele>
      </trkpt>
      <trkpt lat="35.350042" lon="-120.827983">
        <ele>8.8</ele>
      </trkpt>
      <trkpt lat="35.349918" lon="-120.827898">
        <ele>9.0</ele>
      </trkpt>
      <trkpt lat="35.349715" lon="-120.827699">
        <ele>9.5</ele>
      </trkpt>
      <trkpt lat="35.349482" lon="-120.827337">
        <ele>10.5</ele>
      </trkpt>
      <trkpt lat="35.349338" lon="-120.827138">
        <ele>10.8</ele>
      </trkpt>
      <trkpt lat="35.349207" lon="-120.827000">
        <ele>10.0</ele>
      </trkpt>
      <trkpt lat="35.349049" lon="-120.826874">
        <ele>10.0</ele>
      </trkpt>
      <trkpt lat="35.348924" lon="-120.826790">
        <ele>10.0</ele>
      </trkpt>
      <trkpt lat="35.348724" lon="-120.826687">
        <ele>9.5</ele>
      </trkpt>
      <trkpt lat="35.348050" lon="-120.826472">
        <ele>7.5</ele>
      </trkpt>
      <trkpt lat="35.347855" lon="-120.826399">
        <ele>7.0</ele>
      </trkpt>
      <trkpt lat="35.347590" lon="-120.826262">
        <ele>6.5</ele>
      </trkpt>
      <trkpt lat="35.346967" lon="-120.825884">
        <ele>6.8</ele>
      </trkpt>
      <trkpt lat="35.346823" lon="-120.825813">
        <ele>6.5</ele>
      </trkpt>
      <trkpt lat="35.346583" lon="-120.825732">
        <ele>6.2</ele>
      </trkpt>
      <trkpt lat="35.346319" lon="-120.825696">
        <ele>6.8</ele>
      </trkpt>
      <trkpt lat="35.345295" lon="-120.825658">
        <ele>7.8</ele>
      </trkpt>
      <trkpt lat="35.344806" lon="-120.825611">
        <ele>8.5</ele>
      </trkpt>
      <trkpt lat="35.344393" lon="-120.825517">
        <ele>10.2</ele>
      </trkpt>
      <trkpt lat="35.344093" lon="-120.825438">
        <ele>11.2</ele>
      </trkpt>
      <trkpt lat="35.343819" lon="-120.825356">
        <ele>11.2</ele>
      </trkpt>
      <trkpt lat="35.343357" lon="-120.825167">
        <ele>10.8</ele>
      </trkpt>
      <trkpt lat="35.343057" lon="-120.825028">
        <ele>9.2</ele>
      </trkpt>
      <trkpt lat="35.342684" lon="-120.824824">
        <ele>8.5</ele>
      </trkpt>
      <trkpt lat="35.341411" lon="-120.824018">
        <ele>8.5</ele>
      </trkpt>
      <trkpt lat="35.340966" lon="-120.823766">
        <ele>9.0</ele>
      </trkpt>
      <trkpt lat="35.340671" lon="-120.823633">
        <ele>9.2</ele>
      </trkpt>
      <trkpt lat="35.340337" lon="-120.823506">
        <ele>9.0</ele>
      </trkpt>
      <trkpt lat="35.339877" lon="-120.823368">
        <ele>8.2</ele>
      </trkpt>
      <trkpt lat="35.339536" lon="-120.823312">
        <ele>7.2</ele>
      </trkpt>
      <trkpt lat="35.339382" lon="-120.823290">
        <ele>6.5</ele>
      </trkpt>
      <trkpt lat="35.339170" lon="-120.823300">
        <ele>5.8</ele>
      </trkpt>
      <trkpt lat="35.336559" lon="-120.823310">
        <ele>5.8</ele>
      </trkpt>
      <trkpt lat="35.335333" lon="-120.823313">
        <ele>5.0</ele>
      </trkpt>
      <trkpt lat="35.334796" lon="-120.823310">
        <ele>8.5</ele>
      </trkpt>
      <trkpt lat="35.334270" lon="-120.823329">
        <ele>15.5</ele>
      </trkpt>
      <trkpt lat="35.333322" lon="-120.823362">
        <ele>26.0</ele>
      </trkpt>
      <trkpt lat="35.330839" lon="-120.823365">
        <ele>31.0</ele>
      </trkpt>
      <trkpt lat="35.330268" lon="-120.823362">
        <ele>28.8</ele>
      </trkpt>
      <trkpt lat="35.329936" lon="-120.823352">
        <ele>27.8</ele>
      </trkpt>
      <trkpt lat="35.329713" lon="-120.823342">
        <ele>28.0</ele>
      </trkpt>
      <trkpt lat="35.329564" lon="-120.823324">
        <ele>27.8</ele>
      </trkpt>
      <trkpt lat="35.329378" lon="-120.823290">
        <ele>27.8</ele>
      </trkpt>
      <trkpt lat="35.329118" lon="-120.823230">
        <ele>28.0</ele>
      </trkpt>
      <trkpt lat="35.328759" lon="-120.823112">
        <ele>31.0</ele>
      </trkpt>
      <trkpt lat="35.328456" lon="-120.822982">
        <ele>33.5</ele>
      </trkpt>
      <trkpt lat="35.328234" lon="-120.822866">
        <ele>35.0</ele>
      </trkpt>
      <trkpt lat="35.327978" lon="-120.822711">
        <ele>37.0</ele>
      </trkpt>
      <trkpt lat="35.327207" lon="-120.822160">
        <ele>40.0</ele>
      </trkpt>
      <trkpt lat="35.326813" lon="-120.821870">
        <ele>39.0</ele>
      </trkpt>
      <trkpt lat="35.326613" lon="-120.821735">
        <ele>38.5</ele>
      </trkpt>
      <trkpt lat="35.326280" lon="-120.821538">
        <ele>36.2</ele>
      </trkpt>
      <trkpt lat="35.326108" lon="-120.821455">
        <ele>35.2</ele>
      </trkpt>
      <trkpt lat="35.326006" lon="-120.821409">
        <ele>34.5</ele>
      </trkpt>
      <trkpt lat="35.325804" lon="-120.821335">
        <ele>33.0</ele>
      </trkpt>
      <trkpt lat="35.325608" lon="-120.821273">
        <ele>31.5</ele>
      </trkpt>
      <trkpt lat="35.325381" lon="-120.821222">
        <ele>30.0</ele>
      </trkpt>
      <trkpt lat="35.325130" lon="-120.821177">
        <ele>28.0</ele>
      </trkpt>
      <trkpt lat="35.324918" lon="-120.821149">
        <ele>26.8</ele>
      </trkpt>
      <trkpt lat="35.324734" lon="-120.821130">
        <ele>26.0</ele>
      </trkpt>
      <trkpt lat="35.324567" lon="-120.821124">
        <ele>25.2</ele>
      </trkpt>
      <trkpt lat="35.324197" lon="-120.821141">
        <ele>23.8</ele>
      </trkpt>
      <trkpt lat="35.324026" lon="-120.821161">
        <ele>23.5</ele>
      </trkpt>
      <trkpt lat="35.323842" lon="-120.821193">
        <ele>23.8</ele>
      </trkpt>
      <trkpt lat="35.323506" lon="-120.821279">
        <ele>23.8</ele>
      </trkpt>
      <trkpt lat="35.323316" lon="-120.821343">
        <ele>23.8</ele>
      </trkpt>
      <trkpt lat="35.323162" lon="-120.821405">
        <ele>23.8</ele>
      </trkpt>
      <trkpt lat="35.322989" lon="-120.821479">
        <ele>23.8</ele>
      </trkpt>
      <trkpt lat="35.322844" lon="-120.821551">
        <ele>24.0</ele>
      </trkpt>
      <trkpt lat="35.322527" lon="-120.821736">
        <ele>25.0</ele>
      </trkpt>
      <trkpt lat="35.322379" lon="-120.821841">
        <ele>26.0</ele>
      </trkpt>
      <trkpt lat="35.322033" lon="-120.822121">
        <ele>28.2</ele>
      </trkpt>
      <trkpt lat="35.321340" lon="-120.822749">
        <ele>31.5</ele>
      </trkpt>
      <trkpt lat="35.321188" lon="-120.822878">
        <ele>31.8</ele>
      </trkpt>
      <trkpt lat="35.321069" lon="-120.822964">
        <ele>31.8</ele>
      </trkpt>
      <trkpt lat="35.320824" lon="-120.823122">
        <ele>31.5</ele>
      </trkpt>
      <trkpt lat="35.320691" lon="-120.823192">
        <ele>31.0</ele>
      </trkpt>
      <trkpt lat="35.320543" lon="-120.823255">
        <ele>30.8</ele>
      </trkpt>
      <trkpt lat="35.320298" lon="-120.823332">
        <ele>30.2</ele>
      </trkpt>
      <trkpt lat="35.320172" lon="-120.823363">
        <ele>30.2</ele>
      </trkpt>
      <trkpt lat="35.319874" lon="-120.823401">
        <ele>29.8</ele>
      </trkpt>
      <trkpt lat="35.319694" lon="-120.823412">
        <ele>29.8</ele>
      </trkpt>
      <trkpt lat="35.317399" lon="-120.823455">
        <ele>35.8</ele>
      </trkpt>
      <trkpt lat="35.316518" lon="-120.823436">
        <ele>35.0</ele>
      </trkpt>
      <trkpt lat="35.314547" lon="-120.823431">
        <ele>33.2</ele>
      </trkpt>
      <trkpt lat="35.314278" lon="-120.823434">
        <ele>33.8</ele>
      </trkpt>
      <trkpt lat="35.313961" lon="-120.823453">
        <ele>35.2</ele>
      </trkpt>
      <trkpt lat="35.313690" lon="-120.823484">
        <ele>37.0</ele>
      </trkpt>
      <trkpt lat="35.313001" lon="-120.823616">
        <ele>39.5</ele>
      </trkpt>
      <trkpt lat="35.312701" lon="-120.823695">
        <ele>39.8</ele>
      </trkpt>
      <trkpt lat="35.312507" lon="-120.823766">
        <ele>39.8</ele>
      </trkpt>
      <trkpt lat="35.312374" lon="-120.823807">
        <ele>40.2</ele>
      </trkpt>
      <trkpt lat="35.312271" lon="-120.823844">
        <ele>40.8</ele>
      </trkpt>
      <trkpt lat="35.312032" lon="-120.823959">
        <ele>41.8</ele>
      </trkpt>
      <trkpt lat="35.311570" lon="-120.824245">
        <ele>44.2</ele>
      </trkpt>
      <trkpt lat="35.311322" lon="-120.824419">
        <ele>45.0</ele>
      </trkpt>
      <trkpt lat="35.310762" lon="-120.824887">
        <ele>48.0</ele>
      </trkpt>
      <trkpt lat="35.310538" lon="-120.825082">
        <ele>49.2</ele>
      </trkpt>
      <trkpt lat="35.310138" lon="-120.825419">
        <ele>51.2</ele>
      </trkpt>
      <trkpt lat="35.309749" lon="-120.824692">
        <ele>53.0</ele>
      </trkpt>
      <trkpt lat="35.309619" lon="-120.824455">
        <ele>53.0</ele>
      </trkpt>
      <trkpt lat="35.309298" lon="-120.823898">
        <ele>54.0</ele>
      </trkpt>
      <trkpt lat="35.309129" lon="-120.823584">
        <ele>54.8</ele>
      </trkpt>
      <trkpt lat="35.308987" lon="-120.823297">
        <ele>55.2</ele>
      </trkpt>
      <trkpt lat="35.308861" lon="-120.822995">
        <ele>54.8</ele>
      </trkpt>
      <trkpt lat="35.308773" lon="-120.822682">
        <ele>54.0</ele>
      </trkpt>
      <trkpt lat="35.308646" lon="-120.822163">
        <ele>53.5</ele>
      </trkpt>
      <trkpt lat="35.308516" lon="-120.821634">
        <ele>54.0</ele>
      </trkpt>
      <trkpt lat="35.308131" lon="-120.820165">
        <ele>56.5</ele>
      </trkpt>
      <trkpt lat="35.308082" lon="-120.819960">
        <ele>57.0</ele>
      </trkpt>
      <trkpt lat="35.307980" lon="-120.819530">
        <ele>57.0</ele>
      </trkpt>
      <trkpt lat="35.307829" lon="-120.818938">
        <ele>56.2</ele>
      </trkpt>
      <trkpt lat="35.307497" lon="-120.817619">
        <ele>56.8</ele>
      </trkpt>
      <trkpt lat="35.307233" lon="-120.816575">
        <ele>51.8</ele>
      </trkpt>
      <trkpt lat="35.307023" lon="-120.815674">
        <ele>48.5</ele>
      </trkpt>
      <trkpt lat="35.306607" lon="-120.813980">
        <ele>47.8</ele>
      </trkpt>
      <trkpt lat="35.306468" lon="-120.813447">
        <ele>44.8</ele>
      </trkpt>
      <trkpt lat="35.306388" lon="-120.813117">
        <ele>41.0</ele>
      </trkpt>
      <trkpt lat="35.306033" lon="-120.811657">
        <ele>31.8</ele>
      </trkpt>
      <trkpt lat="35.305732" lon="-120.810526">
        <ele>30.0</ele>
      </trkpt>
      <trkpt lat="35.305411" lon="-120.809202">
        <ele>29.2</ele>
      </trkpt>
      <trkpt lat="35.305327" lon="-120.808857">
        <ele>30.0</ele>
      </trkpt>
      <trkpt lat="35.305195" lon="-120.808313">
        <ele>31.0</ele>
      </trkpt>
      <trkpt lat="35.305105" lon="-120.807941">
        <ele>30.2</ele>
      </trkpt>
      <trkpt lat="35.305083" lon="-120.807850">
        <ele>30.0</ele>
      </trkpt>
      <trkpt lat="35.304923" lon="-120.807191">
        <ele>28.2</ele>
      </trkpt>
      <trkpt lat="35.304837" lon="-120.806837">
        <ele>28.0</ele>
      </trkpt>
      <trkpt lat="35.304657" lon="-120.806145">
        <ele>27.5</ele>
      </trkpt>
      <trkpt lat="35.304468" lon="-120.805346">
        <ele>28.2</ele>
      </trkpt>
      <trkpt lat="35.304077" lon="-120.803704">
        <ele>40.2</ele>
      </trkpt>
      <trkpt lat="35.304059" lon="-120.803625">
        <ele>40.2</ele>
      </trkpt>
      <trkpt lat="35.303941" lon="-120.803103">
        <ele>39.5</ele>
      </trkpt>
      <trkpt lat="35.303512" lon="-120.801413">
        <ele>36.0</ele>
      </trkpt>
      <trkpt lat="35.303365" lon="-120.800784">
        <ele>34.8</ele>
      </trkpt>
      <trkpt lat="35.303340" lon="-120.800668">
        <ele>34.8</ele>
      </trkpt>
      <trkpt lat="35.303273" lon="-120.800370">
        <ele>35.0</ele>
      </trkpt>
      <trkpt lat="35.303234" lon="-120.800191">
        <ele>35.0</ele>
      </trkpt>
      <trkpt lat="35.302837" lon="-120.798020">
        <ele>31.5</ele>
      </trkpt>
      <trkpt lat="35.302591" lon="-120.796764">
        <ele>30.5</ele>
      </trkpt>
      <trkpt lat="35.302387" lon="-120.795601">
        <ele>29.2</ele>
      </trkpt>
      <trkpt lat="35.302283" lon="-120.795165">
        <ele>29.2</ele>
      </trkpt>
      <trkpt lat="35.302223" lon="-120.794915">
        <ele>28.8</ele>
      </trkpt>
      <trkpt lat="35.302028" lon="-120.794200">
        <ele>26.2</ele>
      </trkpt>
      <trkpt lat="35.301845" lon="-120.793633">
        <ele>22.8</ele>
      </trkpt>
      <trkpt lat="35.301744" lon="-120.793344">
        <ele>20.8</ele>
      </trkpt>
      <trkpt lat="35.301659" lon="-120.793152">
        <ele>19.8</ele>
      </trkpt>
      <trkpt lat="35.300483" lon="-120.790109">
        <ele>14.5</ele>
      </trkpt>
      <trkpt lat="35.300059" lon="-120.788976">
        <ele>15.5</ele>
      </trkpt>
      <trkpt lat="35.299986" lon="-120.788769">
        <ele>15.0</ele>
      </trkpt>
      <trkpt lat="35.299369" lon="-120.787138">
        <ele>14.8</ele>
      </trkpt>
      <trkpt lat="35.299200" lon="-120.786609">
        <ele>13.8</ele>
      </trkpt>
      <trkpt lat="35.299025" lon="-120.785923">
        <ele>14.5</ele>
      </trkpt>
      <trkpt lat="35.298943" lon="-120.785504">
        <ele>14.5</ele>
      </trkpt>
      <trkpt lat="35.298835" lon="-120.784783">
        <ele>14.0</ele>
      </trkpt>
      <trkpt lat="35.298775" lon="-120.784107">
        <ele>13.5</ele>
      </trkpt>
      <trkpt lat="35.298751" lon="-120.783533">
        <ele>13.8</ele>
      </trkpt>
      <trkpt lat="35.298753" lon="-120.783405">
        <ele>13.8</ele>
      </trkpt>
      <trkpt lat="35.298761" lon="-120.782838">
        <ele>14.2</ele>
      </trkpt>
      <trkpt lat="35.298771" lon="-120.782550">
        <ele>14.2</ele>
      </trkpt>
      <trkpt lat="35.298813" lon="-120.782090">
        <ele>15.0</ele>
      </trkpt>
      <trkpt lat="35.298888" lon="-120.781458">
        <ele>15.5</ele>
      </trkpt>
      <trkpt lat="35.298958" lon="-120.781006">
        <ele>14.8</ele>
      </trkpt>
      <trkpt lat="35.299110" lon="-120.780338">
        <ele>15.2</ele>
      </trkpt>
      <trkpt lat="35.299300" lon="-120.779655">
        <ele>16.0</ele>
      </trkpt>
      <trkpt lat="35.299614" lon="-120.778572">
        <ele>16.5</ele>
      </trkpt>
      <trkpt lat="35.299786" lon="-120.777973">
        <ele>16.2</ele>
      </trkpt>
      <trkpt lat="35.299927" lon="-120.777095">
        <ele>16.5</ele>
      </trkpt>
      <trkpt lat="35.299966" lon="-120.776610">
        <ele>17.0</ele>
      </trkpt>
      <trkpt lat="35.299973" lon="-120.776404">
        <ele>17.5</ele>
      </trkpt>
      <trkpt lat="35.299965" lon="-120.775762">
        <ele>19.2</ele>
      </trkpt>
      <trkpt lat="35.299907" lon="-120.775198">
        <ele>22.8</ele>
      </trkpt>
      <trkpt lat="35.299804" lon="-120.774654">
        <ele>23.0</ele>
      </trkpt>
      <trkpt lat="35.299662" lon="-120.774054">
        <ele>21.8</ele>
      </trkpt>
      <trkpt lat="35.299528" lon="-120.773646">
        <ele>22.0</ele>
      </trkpt>
      <trkpt lat="35.299021" lon="-120.772342">
        <ele>20.8</ele>
      </trkpt>
      <trkpt lat="35.298798" lon="-120.771748">
        <ele>20.0</ele>
      </trkpt>
      <trkpt lat="35.297204" lon="-120.767379">
        <ele>22.0</ele>
      </trkpt>
      <trkpt lat="35.297110" lon="-120.767123">
        <ele>22.0</ele>
      </trkpt>
      <trkpt lat="35.296590" lon="-120.765749">
        <ele>24.2</ele>
      </trkpt>
      <trkpt lat="35.296282" lon="-120.764891">
        <ele>25.2</ele>
      </trkpt>
      <trkpt lat="35.294130" lon="-120.759013">
        <ele>33.0</ele>
      </trkpt>
      <trkpt lat="35.293557" lon="-120.757480">
        <ele>35.5</ele>
      </trkpt>
      <trkpt lat="35.292943" lon="-120.755822">
        <ele>38.2</ele>
      </trkpt>
      <trkpt lat="35.292590" lon="-120.754862">
        <ele>39.8</ele>
      </trkpt>
      <trkpt lat="35.292166" lon="-120.753713">
        <ele>40.2</ele>
      </trkpt>
      <trkpt lat="35.292046" lon="-120.753393">
        <ele>40.0</ele>
      </trkpt>
      <trkpt lat="35.291468" lon="-120.751847">
        <ele>39.2</ele>
      </trkpt>
      <trkpt lat="35.291309" lon="-120.751395">
        <ele>39.2</ele>
      </trkpt>
      <trkpt lat="35.289525" lon="-120.746534">
        <ele>49.5</ele>
      </trkpt>
      <trkpt lat="35.289131" lon="-120.745461">
        <ele>51.8</ele>
      </trkpt>
      <trkpt lat="35.288208" lon="-120.742930">
        <ele>55.2</ele>
      </trkpt>
      <trkpt lat="35.287636" lon="-120.741394">
        <ele>57.0</ele>
      </trkpt>
      <trkpt lat="35.286464" lon="-120.738198">
        <ele>58.5</ele>
      </trkpt>
      <trkpt lat="35.286086" lon="-120.737157">
        <ele>59.0</ele>
      </trkpt>
      <trkpt lat="35.284597" lon="-120.733094">
        <ele>53.8</ele>
      </trkpt>
      <trkpt lat="35.284524" lon="-120.732882">
        <ele>53.5</ele>
      </trkpt>
      <trkpt lat="35.284325" lon="-120.732353">
        <ele>52.5</ele>
      </trkpt>
      <trkpt lat="35.283285" lon="-120.729514">
        <ele>49.0</ele>
      </trkpt>
      <trkpt lat="35.282456" lon="-120.727259">
        <ele>49.5</ele>
      </trkpt>
      <trkpt lat="35.282282" lon="-120.726769">
        <ele>51.0</ele>
      </trkpt>
      <trkpt lat="35.281895" lon="-120.725729">
        <ele>53.2</ele>
      </trkpt>
      <trkpt lat="35.279395" lon="-120.718903">
        <ele>45.0</ele>
      </trkpt>
      <trkpt lat="35.279083" lon="-120.718043">
        <ele>45.2</ele>
      </trkpt>
      <trkpt lat="35.278642" lon="-120.716819">
        <ele>46.5</ele>
      </trkpt>
      <trkpt lat="35.278208" lon="-120.715661">
        <ele>44.2</ele>
      </trkpt>
      <trkpt lat="35.277862" lon="-120.714698">
        <ele>43.2</ele>
      </trkpt>
      <trkpt lat="35.277792" lon="-120.714491">
        <ele>43.5</ele>
      </trkpt>
      <trkpt lat="35.277480" lon="-120.713536">
        <ele>45.8</ele>
      </trkpt>
      <trkpt lat="35.277299" lon="-120.713019">
        <ele>45.5</ele>
      </trkpt>
      <trkpt lat="35.277101" lon="-120.712554">
        <ele>45.5</ele>
      </trkpt>
      <trkpt lat="35.276889" lon="-120.712120">
        <ele>44.8</ele>
      </trkpt>
      <trkpt lat="35.276607" lon="-120.711622">
        <ele>44.2</ele>
      </trkpt>
      <trkpt lat="35.276454" lon="-120.711406">
        <ele>44.8</ele>
      </trkpt>
      <trkpt lat="35.275936" lon="-120.710811">
        <ele>45.8</ele>
      </trkpt>
      <trkpt lat="35.275678" lon="-120.710582">
        <ele>46.0</ele>
      </trkpt>
      <trkpt lat="35.274318" lon="-120.709374">
        <ele>46.2</ele>
      </trkpt>
      <trkpt lat="35.274209" lon="-120.709269">
        <ele>46.0</ele>
      </trkpt>
      <trkpt lat="35.272724" lon="-120.707947">
        <ele>44.8</ele>
      </trkpt>
      <trkpt lat="35.269685" lon="-120.705310">
        <ele>43.2</ele>
      </trkpt>
      <trkpt lat="35.268396" lon="-120.704165">
        <ele>47.2</ele>
      </trkpt>
      <trkpt lat="35.268297" lon="-120.704071">
        <ele>47.8</ele>
      </trkpt>
      <trkpt lat="35.267643" lon="-120.703304">
        <ele>48.2</ele>
      </trkpt>
      <trkpt lat="35.267207" lon="-120.702803">
        <ele>47.5</ele>
      </trkpt>
      <trkpt lat="35.267166" lon="-120.702768">
        <ele>47.2</ele>
      </trkpt>
      <trkpt lat="35.267060" lon="-120.702736">
        <ele>47.5</ele>
      </trkpt>
      <trkpt lat="35.266122" lon="-120.701599">
        <ele>49.2</ele>
      </trkpt>
      <trkpt lat="35.264799" lon="-120.700020">
        <ele>53.5</ele>
      </trkpt>
      <trkpt lat="35.263525" lon="-120.698534">
        <ele>55.0</ele>
      </trkpt>
      <trkpt lat="35.263485" lon="-120.698374">
        <ele>54.8</ele>
      </trkpt>
      <trkpt lat="35.263043" lon="-120.697851">
        <ele>53.0</ele>
      </trkpt>
      <trkpt lat="35.262519" lon="-120.697233">
        <ele>53.5</ele>
      </trkpt>
      <trkpt lat="35.262188" lon="-120.696840">
        <ele>51.5</ele>
      </trkpt>
      <trkpt lat="35.261921" lon="-120.696523">
        <ele>49.5</ele>
      </trkpt>
      <trkpt lat="35.260819" lon="-120.695204">
        <ele>44.5</ele>
      </trkpt>
      <trkpt lat="35.260427" lon="-120.694737">
        <ele>46.2</ele>
      </trkpt>
      <trkpt lat="35.260039" lon="-120.694272">
        <ele>47.0</ele>
      </trkpt>
      <trkpt lat="35.259830" lon="-120.694023">
        <ele>46.8</ele>
      </trkpt>
      <trkpt lat="35.258568" lon="-120.692547">
        <ele>49.0</ele>
      </trkpt>
      <trkpt lat="35.258197" lon="-120.692111">
        <ele>49.5</ele>
      </trkpt>
      <trkpt lat="35.258069" lon="-120.691978">
        <ele>49.2</ele>
      </trkpt>
      <trkpt lat="35.257801" lon="-120.691756">
        <ele>49.0</ele>
      </trkpt>
      <trkpt lat="35.257483" lon="-120.691492">
        <ele>48.2</ele>
      </trkpt>
      <trkpt lat="35.257028" lon="-120.691113">
        <ele>46.5</ele>
      </trkpt>
      <trkpt lat="35.256687" lon="-120.690829">
        <ele>45.8</ele>
      </trkpt>
      <trkpt lat="35.256597" lon="-120.690754">
        <ele>45.8</ele>
      </trkpt>
      <trkpt lat="35.256427" lon="-120.690722">
        <ele>46.0</ele>
      </trkpt>
      <trkpt lat="35.256403" lon="-120.690717">
        <ele>46.0</ele>
      </trkpt>
      <trkpt lat="35.255522" lon="-120.690090">
        <ele>44.2</ele>
      </trkpt>
      <trkpt lat="35.254778" lon="-120.689516">
        <ele>42.8</ele>
      </trkpt>
      <trkpt lat="35.254383" lon="-120.689164">
        <ele>43.0</ele>
      </trkpt>
      <trkpt lat="35.254248" lon="-120.689055">
        <ele>42.8</ele>
      </trkpt>
      <trkpt lat="35.253789" lon="-120.688681">
        <ele>43.0</ele>
      </trkpt>
      <trkpt lat="35.253179" lon="-120.688190">
        <ele>40.2</ele>
      </trkpt>
      <trkpt lat="35.252970" lon="-120.688012">
        <ele>39.8</ele>
      </trkpt>
      <trkpt lat="35.252909" lon="-120.688022">
        <ele>39.8</ele>
      </trkpt>
      <trkpt lat="35.252838" lon="-120.688004">
        <ele>39.8</ele>
      </trkpt>
      <trkpt lat="35.252802" lon="-120.687982">
        <ele>39.5</ele>
      </trkpt>
      <trkpt lat="35.252686" lon="-120.687883">
        <ele>39.8</ele>
      </trkpt>
      <trkpt lat="35.252649" lon="-120.687868">
        <ele>39.8</ele>
      </trkpt>
      <trkpt lat="35.252590" lon="-120.687851">
        <ele>39.8</ele>
      </trkpt>
      <trkpt lat="35.252490" lon="-120.687768">
        <ele>40.0</ele>
      </trkpt>
      <trkpt lat="35.252410" lon="-120.687698">
        <ele>40.2</ele>
      </trkpt>
      <trkpt lat="35.252399" lon="-120.687670">
        <ele>40.2</ele>
      </trkpt>
      <trkpt lat="35.252363" lon="-120.687607">
        <ele>40.5</ele>
      </trkpt>
      <trkpt lat="35.252316" lon="-120.687554">
        <ele>40.8</ele>
      </trkpt>
      <trkpt lat="35.251902" lon="-120.687185">
        <ele>41.2</ele>
      </trkpt>
      <trkpt lat="35.251866" lon="-120.687147">
        <ele>41.2</ele>
      </trkpt>
      <trkpt lat="35.251836" lon="-120.687103">
        <ele>41.5</ele>
      </trkpt>
      <trkpt lat="35.251796" lon="-120.687019">
        <ele>41.8</ele>
      </trkpt>
      <trkpt lat="35.251782" lon="-120.686973">
        <ele>41.8</ele>
      </trkpt>
      <trkpt lat="35.251058" lon="-120.686309">
        <ele>40.0</ele>
      </trkpt>
      <trkpt lat="35.250805" lon="-120.686077">
        <ele>40.2</ele>
      </trkpt>
      <trkpt lat="35.250650" lon="-120.685940">
        <ele>40.2</ele>
      </trkpt>
      <trkpt lat="35.250601" lon="-120.685795">
        <ele>40.5</ele>
      </trkpt>
      <trkpt lat="35.250430" lon="-120.685637">
        <ele>40.0</ele>
      </trkpt>
      <trkpt lat="35.249868" lon="-120.685154">
        <ele>37.8</ele>
      </trkpt>
      <trkpt lat="35.249274" lon="-120.684655">
        <ele>35.5</ele>
      </trkpt>
      <trkpt lat="35.248902" lon="-120.684360">
        <ele>36.2</ele>
      </trkpt>
      <trkpt lat="35.248385" lon="-120.683992">
        <ele>37.0</ele>
      </trkpt>
      <trkpt lat="35.248236" lon="-120.683892">
        <ele>37.2</ele>
      </trkpt>
      <trkpt lat="35.248026" lon="-120.683759">
        <ele>37.2</ele>
      </trkpt>
      <trkpt lat="35.247901" lon="-120.683680">
        <ele>37.2</ele>
      </trkpt>
      <trkpt lat="35.247732" lon="-120.683574">
        <ele>37.0</ele>
      </trkpt>
      <trkpt lat="35.247430" lon="-120.683409">
        <ele>36.8</ele>
      </trkpt>
      <trkpt lat="35.246744" lon="-120.683095">
        <ele>36.2</ele>
      </trkpt>
      <trkpt lat="35.246639" lon="-120.683046">
        <ele>35.8</ele>
      </trkpt>
      <trkpt lat="35.246558" lon="-120.683011">
        <ele>35.8</ele>
      </trkpt>
      <trkpt lat="35.246495" lon="-120.682984">
        <ele>35.8</ele>
      </trkpt>
      <trkpt lat="35.246269" lon="-120.682885">
        <ele>35.5</ele>
      </trkpt>
      <trkpt lat="35.245921" lon="-120.682759">
        <ele>36.0</ele>
      </trkpt>
      <trkpt lat="35.245783" lon="-120.682769">
        <ele>36.2</ele>
      </trkpt>
      <trkpt lat="35.245378" lon="-120.682630">
        <ele>37.0</ele>
      </trkpt>
      <trkpt lat="35.245091" lon="-120.682513">
        <ele>36.2</ele>
      </trkpt>
      <trkpt lat="35.244261" lon="-120.682127">
        <ele>34.5</ele>
      </trkpt>
      <trkpt lat="35.243989" lon="-120.682012">
        <ele>34.0</ele>
      </trkpt>
      <trkpt lat="35.243827" lon="-120.681952">
        <ele>34.0</ele>
      </trkpt>
      <trkpt lat="35.243655" lon="-120.681866">
        <ele>34.2</ele>
      </trkpt>
      <trkpt lat="35.243476" lon="-120.681749">
        <ele>34.5</ele>
      </trkpt>
      <trkpt lat="35.243391" lon="-120.681626">
        <ele>35.0</ele>
      </trkpt>
      <trkpt lat="35.243250" lon="-120.681492">
        <ele>35.5</ele>
      </trkpt>
      <trkpt lat="35.242896" lon="-120.681056">
        <ele>37.5</ele>
      </trkpt>
      <trkpt lat="35.242777" lon="-120.680845">
        <ele>38.5</ele>
      </trkpt>
      <trkpt lat="35.242682" lon="-120.680623">
        <ele>38.5</ele>
      </trkpt>
      <trkpt lat="35.242577" lon="-120.680305">
        <ele>38.2</ele>
      </trkpt>
      <trkpt lat="35.242497" lon="-120.679935">
        <ele>38.0</ele>
      </trkpt>
      <trkpt lat="35.242426" lon="-120.679430">
        <ele>38.0</ele>
      </trkpt>
      <trkpt lat="35.242398" lon="-120.678898">
        <ele>38.0</ele>
      </trkpt>
      <trkpt lat="35.242346" lon="-120.678752">
        <ele>38.2</ele>
      </trkpt>
      <trkpt lat="35.242320" lon="-120.678170">
        <ele>38.2</ele>
      </trkpt>
      <trkpt lat="35.242306" lon="-120.677798">
        <ele>38.0</ele>
      </trkpt>
      <trkpt lat="35.242278" lon="-120.677538">
        <ele>38.0</ele>
      </trkpt>
      <trkpt lat="35.242242" lon="-120.677356">
        <ele>38.2</ele>
      </trkpt>
      <trkpt lat="35.242180" lon="-120.677152">
        <ele>38.2</ele>
      </trkpt>
      <trkpt lat="35.242087" lon="-120.676940">
        <ele>38.5</ele>
      </trkpt>
      <trkpt lat="35.242008" lon="-120.676782">
        <ele>38.5</ele>
      </trkpt>
      <trkpt lat="35.242004" lon="-120.676636">
        <ele>38.5</ele>
      </trkpt>
      <trkpt lat="35.241895" lon="-120.676707">
        <ele>38.8</ele>
      </trkpt>
      <trkpt lat="35.241744" lon="-120.676805">
        <ele>39.0</ele>
      </trkpt>
      <trkpt lat="35.241547" lon="-120.676931">
        <ele>39.5</ele>
      </trkpt>
      <trkpt lat="35.241438" lon="-120.677001">
        <ele>39.5</ele>
      </trkpt>
      <trkpt lat="35.241135" lon="-120.677196">
        <ele>39.2</ele>
      </trkpt>
      <trkpt lat="35.241014" lon="-120.677272">
        <ele>39.2</ele>
      </trkpt>
      <trkpt lat="35.240520" lon="-120.677592">
        <ele>39.2</ele>
      </trkpt>
      <trkpt lat="35.240251" lon="-120.677779">
        <ele>39.8</ele>
      </trkpt>
      <trkpt lat="35.240070" lon="-120.677904">
        <ele>40.0</ele>
      </trkpt>
      <trkpt lat="35.239356" lon="-120.678398">
        <ele>38.8</ele>
      </trkpt>
      <trkpt lat="35.238327" lon="-120.679111">
        <ele>35.8</ele>
      </trkpt>
      <trkpt lat="35.237081" lon="-120.679937">
        <ele>31.8</ele>
      </trkpt>
      <trkpt lat="35.236645" lon="-120.680225">
        <ele>30.8</ele>
      </trkpt>
      <trkpt lat="35.236305" lon="-120.680513">
        <ele>31.8</ele>
      </trkpt>
      <trkpt lat="35.235878" lon="-120.680917">
        <ele>31.5</ele>
      </trkpt>
      <trkpt lat="35.235658" lon="-120.681179">
        <ele>30.5</ele>
      </trkpt>
      <trkpt lat="35.235438" lon="-120.681459">
        <ele>29.5</ele>
      </trkpt>
      <trkpt lat="35.235164" lon="-120.681885">
        <ele>29.5</ele>
      </trkpt>
      <trkpt lat="35.234823" lon="-120.682475">
        <ele>29.8</ele>
      </trkpt>
      <trkpt lat="35.232651" lon="-120.687664">
        <ele>27.8</ele>
      </trkpt>
      <trkpt lat="35.232368" lon="-120.688209">
        <ele>26.2</ele>
      </trkpt>
      <trkpt lat="35.232227" lon="-120.688436">
        <ele>26.5</ele>
      </trkpt>
      <trkpt lat="35.231695" lon="-120.689203">
        <ele>27.0</ele>
      </trkpt>
      <trkpt lat="35.231224" lon="-120.689913">
        <ele>28.5</ele>
      </trkpt>
      <trkpt lat="35.231111" lon="-120.690074">
        <ele>29.5</ele>
      </trkpt>
      <trkpt lat="35.230965" lon="-120.690250">
        <ele>31.5</ele>
      </trkpt>
      <trkpt lat="35.230879" lon="-120.690340">
        <ele>32.2</ele>
      </trkpt>
      <trkpt lat="35.230780" lon="-120.690416">
        <ele>32.5</ele>
      </trkpt>
      <trkpt lat="35.230697" lon="-120.690468">
        <ele>32.8</ele>
      </trkpt>
      <trkpt lat="35.230495" lon="-120.690550">
        <ele>32.5</ele>
      </trkpt>
      <trkpt lat="35.230381" lon="-120.690579">
        <ele>31.8</ele>
      </trkpt>
      <trkpt lat="35.230242" lon="-120.690603">
        <ele>31.0</ele>
      </trkpt>
      <trkpt lat="35.228987" lon="-120.690770">
        <ele>27.5</ele>
      </trkpt>
      <trkpt lat="35.228654" lon="-120.690806">
        <ele>27.2</ele>
      </trkpt>
      <trkpt lat="35.228208" lon="-120.690818">
        <ele>26.5</ele>
      </trkpt>
      <trkpt lat="35.227621" lon="-120.690783">
        <ele>25.2</ele>
      </trkpt>
      <trkpt lat="35.225619" lon="-120.690608">
        <ele>22.2</ele>
      </trkpt>
      <trkpt lat="35.225261" lon="-120.690631">
        <ele>25.2</ele>
      </trkpt>
      <trkpt lat="35.225121" lon="-120.690644">
        <ele>26.5</ele>
      </trkpt>
      <trkpt lat="35.224980" lon="-120.690683">
        <ele>27.8</ele>
      </trkpt>
      <trkpt lat="35.224859" lon="-120.690731">
        <ele>28.2</ele>
      </trkpt>
      <trkpt lat="35.224722" lon="-120.690804">
        <ele>29.0</ele>
      </trkpt>
      <trkpt lat="35.224593" lon="-120.690889">
        <ele>29.5</ele>
      </trkpt>
      <trkpt lat="35.224472" lon="-120.690992">
        <ele>30.0</ele>
      </trkpt>
      <trkpt lat="35.224353" lon="-120.691111">
        <ele>30.2</ele>
      </trkpt>
      <trkpt lat="35.224230" lon="-120.691253">
        <ele>30.5</ele>
      </trkpt>
      <trkpt lat="35.223915" lon="-120.691763">
        <ele>30.2</ele>
      </trkpt>
      <trkpt lat="35.223507" lon="-120.692530">
        <ele>27.0</ele>
      </trkpt>
      <trkpt lat="35.223430" lon="-120.692652">
        <ele>27.0</ele>
      </trkpt>
      <trkpt lat="35.223223" lon="-120.692930">
        <ele>27.2</ele>
      </trkpt>
      <trkpt lat="35.223264" lon="-120.693044">
        <ele>27.8</ele>
      </trkpt>
      <trkpt lat="35.223327" lon="-120.693224">
        <ele>28.5</ele>
      </trkpt>
      <trkpt lat="35.223280" lon="-120.693337">
        <ele>28.8</ele>
      </trkpt>
      <trkpt lat="35.223202" lon="-120.693439">
        <ele>28.8</ele>
      </trkpt>
      <trkpt lat="35.223072" lon="-120.693542">
        <ele>28.8</ele>
      </trkpt>
      <trkpt lat="35.222951" lon="-120.693586">
        <ele>29.0</ele>
      </trkpt>
      <trkpt lat="35.222787" lon="-120.693620">
        <ele>29.2</ele>
      </trkpt>
      <trkpt lat="35.222562" lon="-120.693625">
        <ele>29.2</ele>
      </trkpt>
      <trkpt lat="35.222363" lon="-120.693598">
        <ele>30.0</ele>
      </trkpt>
      <trkpt lat="35.221504" lon="-120.693345">
        <ele>30.2</ele>
      </trkpt>
      <trkpt lat="35.221289" lon="-120.693294">
        <ele>30.0</ele>
      </trkpt>
      <trkpt lat="35.221043" lon="-120.693267">
        <ele>30.2</ele>
      </trkpt>
      <trkpt lat="35.220829" lon="-120.693280">
        <ele>30.5</ele>
      </trkpt>
      <trkpt lat="35.220573" lon="-120.693343">
        <ele>29.8</ele>
      </trkpt>
      <trkpt lat="35.220363" lon="-120.693425">
        <ele>29.5</ele>
      </trkpt>
      <trkpt lat="35.220100" lon="-120.693580">
        <ele>29.0</ele>
      </trkpt>
      <trkpt lat="35.218759" lon="-120.694550">
        <ele>28.8</ele>
      </trkpt>
      <trkpt lat="35.218295" lon="-120.694895">
        <ele>27.2</ele>
      </trkpt>
      <trkpt lat="35.217558" lon="-120.695484">
        <ele>26.0</ele>
      </trkpt>
      <trkpt lat="35.217339" lon="-120.695663">
        <ele>26.0</ele>
      </trkpt>
      <trkpt lat="35.216025" lon="-120.696760">
        <ele>32.8</ele>
      </trkpt>
      <trkpt lat="35.215870" lon="-120.696875">
        <ele>35.2</ele>
      </trkpt>
      <trkpt lat="35.215631" lon="-120.697024">
        <ele>38.5</ele>
      </trkpt>
      <trkpt lat="35.215466" lon="-120.697101">
        <ele>39.8</ele>
      </trkpt>
      <trkpt lat="35.215186" lon="-120.697201">
        <ele>41.5</ele>
      </trkpt>
      <trkpt lat="35.214883" lon="-120.697262">
        <ele>42.2</ele>
      </trkpt>
      <trkpt lat="35.214645" lon="-120.697277">
        <ele>42.2</ele>
      </trkpt>
      <trkpt lat="35.213118" lon="-120.697233">
        <ele>39.2</ele>
      </trkpt>
      <trkpt lat="35.211500" lon="-120.697223">
        <ele>35.2</ele>
      </trkpt>
      <trkpt lat="35.211083" lon="-120.697241">
        <ele>32.8</ele>
      </trkpt>
      <trkpt lat="35.210483" lon="-120.697299">
        <ele>29.8</ele>
      </trkpt>
      <trkpt lat="35.209521" lon="-120.697436">
        <ele>29.2</ele>
      </trkpt>
      <trkpt lat="35.208830" lon="-120.697483">
        <ele>29.8</ele>
      </trkpt>
      <trkpt lat="35.208570" lon="-120.697467">
        <ele>29.0</ele>
      </trkpt>
      <trkpt lat="35.206559" lon="-120.697198">
        <ele>22.0</ele>
      </trkpt>
      <trkpt lat="35.206047" lon="-120.697145">
        <ele>20.5</ele>
      </trkpt>
      <trkpt lat="35.205460" lon="-120.697146">
        <ele>20.5</ele>
      </trkpt>
      <trkpt lat="35.205177" lon="-120.697166">
        <ele>21.2</ele>
      </trkpt>
      <trkpt lat="35.204821" lon="-120.697207">
        <ele>22.0</ele>
      </trkpt>
      <trkpt lat="35.204363" lon="-120.697277">
        <ele>23.0</ele>
      </trkpt>
      <trkpt lat="35.202458" lon="-120.697576">
        <ele>20.8</ele>
      </trkpt>
      <trkpt lat="35.202022" lon="-120.697655">
        <ele>21.0</ele>
      </trkpt>
      <trkpt lat="35.201650" lon="-120.697748">
        <ele>21.2</ele>
      </trkpt>
      <trkpt lat="35.201148" lon="-120.697925">
        <ele>20.2</ele>
      </trkpt>
      <trkpt lat="35.200520" lon="-120.698170">
        <ele>20.0</ele>
      </trkpt>
      <trkpt lat="35.200045" lon="-120.698369">
        <ele>20.2</ele>
      </trkpt>
      <trkpt lat="35.199926" lon="-120.698426">
        <ele>20.5</ele>
      </trkpt>
      <trkpt lat="35.199291" lon="-120.698731">
        <ele>22.8</ele>
      </trkpt>
      <trkpt lat="35.198168" lon="-120.699312">
        <ele>23.0</ele>
      </trkpt>
      <trkpt lat="35.198072" lon="-120.699360">
        <ele>23.5</ele>
      </trkpt>
      <trkpt lat="35.197778" lon="-120.699499">
        <ele>24.8</ele>
      </trkpt>
      <trkpt lat="35.197013" lon="-120.699921">
        <ele>27.2</ele>
      </trkpt>
      <trkpt lat="35.196748" lon="-120.700093">
        <ele>27.8</ele>
      </trkpt>
      <trkpt lat="35.196414" lon="-120.700341">
        <ele>28.0</ele>
      </trkpt>
      <trkpt lat="35.196174" lon="-120.700536">
        <ele>28.0</ele>
      </trkpt>
      <trkpt lat="35.196117" lon="-120.700568">
        <ele>27.8</ele>
      </trkpt>
      <trkpt lat="35.196036" lon="-120.700566">
        <ele>27.5</ele>
      </trkpt>
      <trkpt lat="35.195409" lon="-120.700545">
        <ele>24.8</ele>
      </trkpt>
      <trkpt lat="35.195039" lon="-120.700540">
        <ele>23.2</ele>
      </trkpt>
      <trkpt lat="35.194515" lon="-120.700563">
        <ele>21.8</ele>
      </trkpt>
      <trkpt lat="35.194125" lon="-120.700614">
        <ele>20.5</ele>
      </trkpt>
      <trkpt lat="35.193708" lon="-120.700699">
        <ele>18.2</ele>
      </trkpt>
      <trkpt lat="35.192367" lon="-120.701083">
        <ele>15.2</ele>
      </trkpt>
      <trkpt lat="35.192057" lon="-120.701165">
        <ele>17.5</ele>
      </trkpt>
      <trkpt lat="35.191899" lon="-120.701199">
        <ele>18.8</ele>
      </trkpt>
      <trkpt lat="35.191562" lon="-120.701256">
        <ele>21.0</ele>
      </trkpt>
      <trkpt lat="35.190459" lon="-120.701372">
        <ele>22.2</ele>
      </trkpt>
      <trkpt lat="35.189013" lon="-120.701536">
        <ele>24.8</ele>
      </trkpt>
      <trkpt lat="35.188682" lon="-120.701584">
        <ele>24.8</ele>
      </trkpt>
      <trkpt lat="35.188421" lon="-120.701631">
        <ele>24.5</ele>
      </trkpt>
      <trkpt lat="35.188211" lon="-120.701687">
        <ele>24.0</ele>
      </trkpt>
      <trkpt lat="35.187955" lon="-120.701782">
        <ele>22.8</ele>
      </trkpt>
      <trkpt lat="35.187748" lon="-120.701868">
        <ele>21.8</ele>
      </trkpt>
      <trkpt lat="35.187586" lon="-120.701953">
        <ele>21.0</ele>
      </trkpt>
      <trkpt lat="35.187400" lon="-120.702061">
        <ele>20.8</ele>
      </trkpt>
      <trkpt lat="35.187141" lon="-120.702226">
        <ele>20.5</ele>
      </trkpt>
      <trkpt lat="35.187090" lon="-120.702262">
        <ele>20.2</ele>
      </trkpt>
      <trkpt lat="35.186625" lon="-120.702618">
        <ele>19.0</ele>
      </trkpt>
      <trkpt lat="35.186397" lon="-120.702774">
        <ele>18.0</ele>
      </trkpt>
      <trkpt lat="35.186183" lon="-120.702907">
        <ele>17.0</ele>
      </trkpt>
      <trkpt lat="35.185977" lon="-120.703014">
        <ele>16.0</ele>
      </trkpt>
      <trkpt lat="35.185648" lon="-120.703152">
        <ele>15.2</ele>
      </trkpt>
      <trkpt lat="35.185518" lon="-120.703201">
        <ele>15.0</ele>
      </trkpt>
      <trkpt lat="35.185390" lon="-120.703234">
        <ele>14.8</ele>
      </trkpt>
      <trkpt lat="35.185269" lon="-120.703258">
        <ele>14.5</ele>
      </trkpt>
      <trkpt lat="35.185053" lon="-120.703313">
        <ele>14.0</ele>
      </trkpt>
      <trkpt lat="35.183184" lon="-120.703709">
        <ele>13.5</ele>
      </trkpt>
      <trkpt lat="35.182876" lon="-120.703774">
        <ele>15.2</ele>
      </trkpt>
      <trkpt lat="35.181794" lon="-120.704011">
        <ele>18.5</ele>
      </trkpt>
      <trkpt lat="35.181699" lon="-120.704021">
        <ele>18.8</ele>
      </trkpt>
      <trkpt lat="35.181363" lon="-120.704022">
        <ele>20.8</ele>
      </trkpt>
      <trkpt lat="35.181327" lon="-120.704023">
        <ele>21.0</ele>
      </trkpt>
      <trkpt lat="35.181257" lon="-120.704042">
        <ele>21.2</ele>
      </trkpt>
      <trkpt lat="35.181178" lon="-120.704098">
        <ele>21.2</ele>
      </trkpt>
      <trkpt lat="35.181145" lon="-120.704137">
        <ele>21.2</ele>
      </trkpt>
      <trkpt lat="35.181076" lon="-120.704236">
        <ele>22.8</ele>
      </trkpt>
      <trkpt lat="35.180426" lon="-120.703553">
        <ele>28.8</ele>
      </trkpt>
      <trkpt lat="35.180289" lon="-120.703419">
        <ele>28.8</ele>
      </trkpt>
      <trkpt lat="35.180229" lon="-120.703351">
        <ele>28.2</ele>
      </trkpt>
      <trkpt lat="35.180118" lon="-120.703203">
        <ele>28.5</ele>
      </trkpt>
      <trkpt lat="35.180003" lon="-120.703003">
        <ele>27.8</ele>
      </trkpt>
      <trkpt lat="35.179908" lon="-120.702783">
        <ele>29.8</ele>
      </trkpt>
      <trkpt lat="35.179869" lon="-120.702666">
        <ele>30.5</ele>
      </trkpt>
      <trkpt lat="35.179806" lon="-120.702415">
        <ele>31.5</ele>
      </trkpt>
      <trkpt lat="35.179765" lon="-120.702144">
        <ele>32.8</ele>
      </trkpt>
      <trkpt lat="35.179749" lon="-120.701868">
        <ele>33.0</ele>
      </trkpt>
      <trkpt lat="35.179747" lon="-120.701216">
        <ele>34.2</ele>
      </trkpt>
      <trkpt lat="35.179732" lon="-120.701148">
        <ele>34.8</ele>
      </trkpt>
      <trkpt lat="35.179718" lon="-120.701041">
        <ele>35.5</ele>
      </trkpt>
      <trkpt lat="35.179716" lon="-120.700675">
        <ele>36.0</ele>
      </trkpt>
      <trkpt lat="35.179716" lon="-120.700603">
        <ele>36.0</ele>
      </trkpt>
      <trkpt lat="35.179700" lon="-120.700515">
        <ele>36.2</ele>
      </trkpt>
      <trkpt lat="35.179653" lon="-120.700427">
        <ele>37.0</ele>
      </trkpt>
      <trkpt lat="35.179620" lon="-120.700400">
        <ele>37.2</ele>
      </trkpt>
      <trkpt lat="35.179594" lon="-120.700364">
        <ele>37.5</ele>
      </trkpt>
      <trkpt lat="35.179545" lon="-120.700313">
        <ele>38.0</ele>
      </trkpt>
      <trkpt lat="35.179475" lon="-120.700256">
        <ele>38.8</ele>
      </trkpt>
      <trkpt lat="35.179426" lon="-120.700222">
        <ele>39.2</ele>
      </trkpt>
      <trkpt lat="35.179354" lon="-120.700185">
        <ele>39.8</ele>
      </trkpt>
      <trkpt lat="35.179312" lon="-120.700152">
        <ele>40.0</ele>
      </trkpt>
      <trkpt lat="35.179242" lon="-120.700066">
        <ele>40.0</ele>
      </trkpt>
      <trkpt lat="35.179193" lon="-120.699958">
        <ele>39.8</ele>
      </trkpt>
      <trkpt lat="35.179165" lon="-120.699836">
        <ele>40.0</ele>
      </trkpt>
      <trkpt lat="35.179124" lon="-120.699758">
        <ele>41.0</ele>
      </trkpt>
      <trkpt lat="35.179058" lon="-120.699653">
        <ele>42.8</ele>
      </trkpt>
      <trkpt lat="35.178984" lon="-120.699554">
        <ele>44.0</ele>
      </trkpt>
      <trkpt lat="35.178905" lon="-120.699463">
        <ele>45.2</ele>
      </trkpt>
      <trkpt lat="35.178830" lon="-120.699391">
        <ele>46.0</ele>
      </trkpt>
      <trkpt lat="35.178406" lon="-120.699057">
        <ele>48.5</ele>
      </trkpt>
      <trkpt lat="35.178029" lon="-120.698786">
        <ele>53.5</ele>
      </trkpt>
      <trkpt lat="35.177640" lon="-120.698561">
        <ele>56.0</ele>
      </trkpt>
      <trkpt lat="35.177458" lon="-120.698471">
        <ele>55.8</ele>
      </trkpt>
      <trkpt lat="35.177309" lon="-120.698410">
        <ele>54.2</ele>
      </trkpt>
      <trkpt lat="35.177069" lon="-120.698326">
        <ele>53.0</ele>
      </trkpt>
      <trkpt lat="35.176894" lon="-120.698284">
        <ele>53.0</ele>
      </trkpt>
      <trkpt lat="35.176787" lon="-120.698269">
        <ele>53.2</ele>
      </trkpt>
      <trkpt lat="35.176560" lon="-120.698259">
        <ele>52.2</ele>
      </trkpt>
      <trkpt lat="35.176448" lon="-120.698264">
        <ele>51.2</ele>
      </trkpt>
      <trkpt lat="35.176251" lon="-120.698285">
        <ele>49.2</ele>
      </trkpt>
      <trkpt lat="35.176036" lon="-120.698300">
        <ele>47.2</ele>
      </trkpt>
      <trkpt lat="35.175848" lon="-120.698295">
        <ele>45.5</ele>
      </trkpt>
      <trkpt lat="35.175333" lon="-120.698229">
        <ele>43.0</ele>
      </trkpt>
      <trkpt lat="35.175131" lon="-120.698191">
        <ele>42.0</ele>
      </trkpt>
      <trkpt lat="35.174854" lon="-120.698118">
        <ele>40.8</ele>
      </trkpt>
      <trkpt lat="35.174664" lon="-120.698054">
        <ele>39.5</ele>
      </trkpt>
      <trkpt lat="35.174491" lon="-120.697984">
        <ele>38.8</ele>
      </trkpt>
      <trkpt lat="35.174371" lon="-120.697929">
        <ele>38.0</ele>
      </trkpt>
      <trkpt lat="35.174076" lon="-120.697773">
        <ele>36.8</ele>
      </trkpt>
      <trkpt lat="35.173862" lon="-120.697638">
        <ele>36.0</ele>
      </trkpt>
      <trkpt lat="35.173709" lon="-120.697530">
        <ele>35.2</ele>
      </trkpt>
      <trkpt lat="35.173568" lon="-120.697421">
        <ele>35.0</ele>
      </trkpt>
      <trkpt lat="35.173319" lon="-120.697204">
        <ele>35.0</ele>
      </trkpt>
      <trkpt lat="35.173243" lon="-120.697130">
        <ele>35.2</ele>
      </trkpt>
      <trkpt lat="35.173132" lon="-120.697017">
        <ele>35.5</ele>
      </trkpt>
      <trkpt lat="35.173098" lon="-120.696975">
        <ele>35.5</ele>
      </trkpt>
      <trkpt lat="35.173042" lon="-120.696882">
        <ele>35.8</ele>
      </trkpt>
      <trkpt lat="35.173015" lon="-120.696851">
        <ele>35.8</ele>
      </trkpt>
      <trkpt lat="35.172586" lon="-120.696385">
        <ele>35.8</ele>
      </trkpt>
      <trkpt lat="35.172085" lon="-120.695833">
        <ele>35.5</ele>
      </trkpt>
      <trkpt lat="35.171717" lon="-120.695457">
        <ele>35.0</ele>
      </trkpt>
      <trkpt lat="35.171394" lon="-120.695157">
        <ele>35.2</ele>
      </trkpt>
      <trkpt lat="35.170823" lon="-120.694557">
        <ele>34.0</ele>
      </trkpt>
      <trkpt lat="35.170205" lon="-120.693881">
        <ele>33.8</ele>
      </trkpt>
      <trkpt lat="35.169520" lon="-120.693137">
        <ele>35.2</ele>
      </trkpt>
      <trkpt lat="35.169064" lon="-120.692700">
        <ele>36.0</ele>
      </trkpt>
      <trkpt lat="35.168798" lon="-120.692461">
        <ele>35.2</ele>
      </trkpt>
      <trkpt lat="35.167889" lon="-120.691688">
        <ele>35.5</ele>
      </trkpt>
      <trkpt lat="35.167486" lon="-120.691344">
        <ele>34.8</ele>
      </trkpt>
      <trkpt lat="35.166833" lon="-120.690791">
        <ele>34.2</ele>
      </trkpt>
      <trkpt lat="35.166159" lon="-120.690201">
        <ele>34.2</ele>
      </trkpt>
      <trkpt lat="35.166002" lon="-120.690056">
        <ele>34.0</ele>
      </trkpt>
      <trkpt lat="35.165896" lon="-120.689958">
        <ele>33.8</ele>
      </trkpt>
      <trkpt lat="35.165518" lon="-120.689611">
        <ele>33.2</ele>
      </trkpt>
      <trkpt lat="35.165031" lon="-120.689166">
        <ele>31.2</ele>
      </trkpt>
      <trkpt lat="35.164957" lon="-120.689103">
        <ele>31.0</ele>
      </trkpt>
      <trkpt lat="35.164348" lon="-120.688601">
        <ele>28.8</ele>
      </trkpt>
      <trkpt lat="35.164264" lon="-120.688522">
        <ele>28.5</ele>
      </trkpt>
      <trkpt lat="35.164189" lon="-120.688435">
        <ele>28.5</ele>
      </trkpt>
      <trkpt lat="35.163848" lon="-120.687990">
        <ele>29.5</ele>
      </trkpt>
      <trkpt lat="35.163684" lon="-120.687741">
        <ele>30.2</ele>
      </trkpt>
      <trkpt lat="35.163627" lon="-120.687650">
        <ele>30.5</ele>
      </trkpt>
      <trkpt lat="35.163564" lon="-120.687533">
        <ele>31.0</ele>
      </trkpt>
      <trkpt lat="35.163509" lon="-120.687423">
        <ele>31.2</ele>
      </trkpt>
      <trkpt lat="35.163404" lon="-120.687185">
        <ele>31.8</ele>
      </trkpt>
      <trkpt lat="35.163324" lon="-120.686962">
        <ele>32.2</ele>
      </trkpt>
      <trkpt lat="35.163165" lon="-120.686471">
        <ele>33.2</ele>
      </trkpt>
      <trkpt lat="35.162899" lon="-120.685671">
        <ele>35.0</ele>
      </trkpt>
      <trkpt lat="35.162779" lon="-120.685330">
        <ele>35.8</ele>
      </trkpt>
      <trkpt lat="35.161840" lon="-120.682801">
        <ele>35.8</ele>
      </trkpt>
      <trkpt lat="35.161257" lon="-120.681289">
        <ele>38.5</ele>
      </trkpt>
      <trkpt lat="35.160959" lon="-120.680553">
        <ele>38.0</ele>
      </trkpt>
      <trkpt lat="35.160896" lon="-120.680401">
        <ele>37.5</ele>
      </trkpt>
      <trkpt lat="35.160498" lon="-120.679377">
        <ele>34.8</ele>
      </trkpt>
      <trkpt lat="35.159871" lon="-120.677762">
        <ele>35.0</ele>
      </trkpt>
      <trkpt lat="35.159777" lon="-120.677534">
        <ele>35.5</ele>
      </trkpt>
      <trkpt lat="35.159702" lon="-120.677373">
        <ele>36.0</ele>
      </trkpt>
      <trkpt lat="35.159668" lon="-120.677304">
        <ele>36.2</ele>
      </trkpt>
      <trkpt lat="35.159626" lon="-120.677214">
        <ele>36.2</ele>
      </trkpt>
      <trkpt lat="35.159246" lon="-120.676240">
        <ele>33.2</ele>
      </trkpt>
      <trkpt lat="35.159232" lon="-120.676204">
        <ele>33.2</ele>
      </trkpt>
      <trkpt lat="35.158981" lon="-120.675566">
        <ele>31.5</ele>
      </trkpt>
      <trkpt lat="35.158948" lon="-120.675481">
        <ele>31.2</ele>
      </trkpt>
      <trkpt lat="35.158657" lon="-120.674738">
        <ele>29.0</ele>
      </trkpt>
      <trkpt lat="35.158638" lon="-120.674689">
        <ele>29.0</ele>
      </trkpt>
      <trkpt lat="35.158394" lon="-120.674066">
        <ele>27.8</ele>
      </trkpt>
      <trkpt lat="35.158356" lon="-120.673968">
        <ele>27.8</ele>
      </trkpt>
      <trkpt lat="35.158156" lon="-120.673458">
        <ele>27.2</ele>
      </trkpt>
      <trkpt lat="35.158061" lon="-120.673218">
        <ele>27.2</ele>
      </trkpt>
      <trkpt lat="35.158044" lon="-120.673175">
        <ele>27.2</ele>
      </trkpt>
      <trkpt lat="35.157819" lon="-120.672598">
        <ele>27.0</ele>
      </trkpt>
      <trkpt lat="35.157802" lon="-120.672553">
        <ele>27.0</ele>
      </trkpt>
      <trkpt lat="35.157610" lon="-120.672065">
        <ele>25.2</ele>
      </trkpt>
      <trkpt lat="35.157592" lon="-120.672019">
        <ele>25.0</ele>
      </trkpt>
      <trkpt lat="35.157434" lon="-120.671613">
        <ele>24.0</ele>
      </trkpt>
      <trkpt lat="35.157402" lon="-120.671531">
        <ele>24.2</ele>
      </trkpt>
      <trkpt lat="35.157386" lon="-120.671490">
        <ele>24.5</ele>
      </trkpt>
      <trkpt lat="35.157229" lon="-120.671089">
        <ele>25.8</ele>
      </trkpt>
      <trkpt lat="35.157198" lon="-120.671011">
        <ele>26.0</ele>
      </trkpt>
      <trkpt lat="35.156990" lon="-120.670480">
        <ele>26.5</ele>
      </trkpt>
      <trkpt lat="35.156972" lon="-120.670432">
        <ele>26.5</ele>
      </trkpt>
      <trkpt lat="35.156887" lon="-120.670218">
        <ele>26.8</ele>
      </trkpt>
      <trkpt lat="35.156780" lon="-120.669945">
        <ele>27.0</ele>
      </trkpt>
      <trkpt lat="35.156763" lon="-120.669902">
        <ele>27.0</ele>
      </trkpt>
      <trkpt lat="35.156613" lon="-120.669516">
        <ele>27.2</ele>
      </trkpt>
      <trkpt lat="35.156595" lon="-120.669469">
        <ele>27.5</ele>
      </trkpt>
      <trkpt lat="35.156488" lon="-120.669197">
        <ele>27.8</ele>
      </trkpt>
      <trkpt lat="35.156444" lon="-120.669083">
        <ele>27.8</ele>
      </trkpt>
      <trkpt lat="35.156414" lon="-120.669005">
        <ele>28.0</ele>
      </trkpt>
      <trkpt lat="35.156395" lon="-120.668959">
        <ele>28.0</ele>
      </trkpt>
      <trkpt lat="35.156193" lon="-120.668445">
        <ele>28.2</ele>
      </trkpt>
      <trkpt lat="35.156164" lon="-120.668373">
        <ele>28.2</ele>
      </trkpt>
      <trkpt lat="35.156108" lon="-120.668226">
        <ele>27.8</ele>
      </trkpt>
      <trkpt lat="35.156022" lon="-120.668006">
        <ele>27.2</ele>
      </trkpt>
      <trkpt lat="35.155945" lon="-120.667809">
        <ele>26.8</ele>
      </trkpt>
      <trkpt lat="35.155916" lon="-120.667736">
        <ele>26.5</ele>
      </trkpt>
      <trkpt lat="35.155691" lon="-120.667165">
        <ele>26.5</ele>
      </trkpt>
      <trkpt lat="35.155664" lon="-120.667095">
        <ele>26.5</ele>
      </trkpt>
      <trkpt lat="35.155438" lon="-120.666515">
        <ele>27.8</ele>
      </trkpt>
      <trkpt lat="35.155407" lon="-120.666436">
        <ele>28.0</ele>
      </trkpt>
      <trkpt lat="35.155202" lon="-120.665908">
        <ele>29.0</ele>
      </trkpt>
      <trkpt lat="35.155165" lon="-120.665815">
        <ele>29.0</ele>
      </trkpt>
      <trkpt lat="35.155003" lon="-120.665420">
        <ele>29.0</ele>
      </trkpt>
      <trkpt lat="35.154918" lon="-120.665242">
        <ele>28.5</ele>
      </trkpt>
      <trkpt lat="35.154848" lon="-120.665123">
        <ele>27.8</ele>
      </trkpt>
      <trkpt lat="35.154559" lon="-120.664694">
        <ele>26.2</ele>
      </trkpt>
      <trkpt lat="35.154491" lon="-120.664584">
        <ele>26.0</ele>
      </trkpt>
      <trkpt lat="35.154375" lon="-120.664365">
        <ele>25.0</ele>
      </trkpt>
      <trkpt lat="35.154259" lon="-120.664106">
        <ele>23.5</ele>
      </trkpt>
      <trkpt lat="35.154159" lon="-120.663825">
        <ele>21.2</ele>
      </trkpt>
      <trkpt lat="35.154072" lon="-120.663477">
        <ele>19.8</ele>
      </trkpt>
      <trkpt lat="35.153995" lon="-120.663071">
        <ele>21.2</ele>
      </trkpt>
      <trkpt lat="35.153924" lon="-120.662690">
        <ele>23.8</ele>
      </trkpt>
      <trkpt lat="35.153879" lon="-120.662511">
        <ele>24.5</ele>
      </trkpt>
      <trkpt lat="35.153825" lon="-120.662351">
        <ele>25.0</ele>
      </trkpt>
      <trkpt lat="35.153722" lon="-120.662082">
        <ele>25.2</ele>
      </trkpt>
      <trkpt lat="35.153618" lon="-120.661830">
        <ele>25.8</ele>
      </trkpt>
      <trkpt lat="35.153430" lon="-120.661434">
        <ele>27.0</ele>
      </trkpt>
      <trkpt lat="35.153205" lon="-120.661005">
        <ele>30.2</ele>
      </trkpt>
      <trkpt lat="35.153039" lon="-120.660716">
        <ele>32.8</ele>
      </trkpt>
      <trkpt lat="35.152711" lon="-120.660122">
        <ele>34.2</ele>
      </trkpt>
      <trkpt lat="35.152439" lon="-120.659610">
        <ele>33.0</ele>
      </trkpt>
      <trkpt lat="35.152143" lon="-120.659018">
        <ele>32.0</ele>
      </trkpt>
      <trkpt lat="35.152058" lon="-120.658829">
        <ele>33.0</ele>
      </trkpt>
      <trkpt lat="35.151945" lon="-120.658532">
        <ele>35.2</ele>
      </trkpt>
      <trkpt lat="35.151808" lon="-120.658198">
        <ele>36.0</ele>
      </trkpt>
      <trkpt lat="35.151647" lon="-120.657742">
        <ele>35.5</ele>
      </trkpt>
      <trkpt lat="35.151214" lon="-120.656505">
        <ele>28.5</ele>
      </trkpt>
      <trkpt lat="35.151114" lon="-120.656227">
        <ele>29.5</ele>
      </trkpt>
      <trkpt lat="35.150968" lon="-120.655860">
        <ele>30.8</ele>
      </trkpt>
      <trkpt lat="35.150859" lon="-120.655615">
        <ele>31.2</ele>
      </trkpt>
      <trkpt lat="35.150621" lon="-120.655121">
        <ele>32.5</ele>
      </trkpt>
      <trkpt lat="35.150394" lon="-120.654705">
        <ele>32.0</ele>
      </trkpt>
      <trkpt lat="35.150338" lon="-120.654596">
        <ele>32.2</ele>
      </trkpt>
      <trkpt lat="35.150218" lon="-120.654361">
        <ele>33.2</ele>
      </trkpt>
      <trkpt lat="35.149694" lon="-120.653362">
        <ele>31.8</ele>
      </trkpt>
      <trkpt lat="35.149604" lon="-120.653161">
        <ele>31.5</ele>
      </trkpt>
      <trkpt lat="35.149545" lon="-120.652987">
        <ele>31.2</ele>
      </trkpt>
      <trkpt lat="35.149503" lon="-120.652833">
        <ele>31.5</ele>
      </trkpt>
      <trkpt lat="35.149478" lon="-120.652680">
        <ele>31.8</ele>
      </trkpt>
      <trkpt lat="35.149471" lon="-120.652570">
        <ele>31.8</ele>
      </trkpt>
      <trkpt lat="35.149477" lon="-120.652365">
        <ele>32.5</ele>
      </trkpt>
      <trkpt lat="35.149491" lon="-120.652110">
        <ele>33.5</ele>
      </trkpt>
      <trkpt lat="35.149504" lon="-120.651908">
        <ele>34.2</ele>
      </trkpt>
      <trkpt lat="35.149506" lon="-120.651748">
        <ele>34.8</ele>
      </trkpt>
      <trkpt lat="35.149488" lon="-120.651545">
        <ele>35.8</ele>
      </trkpt>
      <trkpt lat="35.149451" lon="-120.651357">
        <ele>36.5</ele>
      </trkpt>
      <trkpt lat="35.149404" lon="-120.651213">
        <ele>36.8</ele>
      </trkpt>
      <trkpt lat="35.149021" lon="-120.650232">
        <ele>35.2</ele>
      </trkpt>
      <trkpt lat="35.148684" lon="-120.649366">
        <ele>36.8</ele>
      </trkpt>
      <trkpt lat="35.148219" lon="-120.648173">
        <ele>36.8</ele>
      </trkpt>
      <trkpt lat="35.147944" lon="-120.647468">
        <ele>38.2</ele>
      </trkpt>
      <trkpt lat="35.147786" lon="-120.647064">
        <ele>37.8</ele>
      </trkpt>
      <trkpt lat="35.147654" lon="-120.646765">
        <ele>36.8</ele>
      </trkpt>
      <trkpt lat="35.147590" lon="-120.646641">
        <ele>36.2</ele>
      </trkpt>
      <trkpt lat="35.147486" lon="-120.646465">
        <ele>35.8</ele>
      </trkpt>
      <trkpt lat="35.147314" lon="-120.646215">
        <ele>35.8</ele>
      </trkpt>
      <trkpt lat="35.146937" lon="-120.645796">
        <ele>35.0</ele>
      </trkpt>
      <trkpt lat="35.146654" lon="-120.645477">
        <ele>34.0</ele>
      </trkpt>
      <trkpt lat="35.146568" lon="-120.645356">
        <ele>34.2</ele>
      </trkpt>
      <trkpt lat="35.146532" lon="-120.645299">
        <ele>34.2</ele>
      </trkpt>
      <trkpt lat="35.146450" lon="-120.645139">
        <ele>34.8</ele>
      </trkpt>
      <trkpt lat="35.146335" lon="-120.644891">
        <ele>35.2</ele>
      </trkpt>
      <trkpt lat="35.146235" lon="-120.644903">
        <ele>35.0</ele>
      </trkpt>
      <trkpt lat="35.146084" lon="-120.644899">
        <ele>34.5</ele>
      </trkpt>
      <trkpt lat="35.145995" lon="-120.644885">
        <ele>34.2</ele>
      </trkpt>
      <trkpt lat="35.145822" lon="-120.644835">
        <ele>33.5</ele>
      </trkpt>
      <trkpt lat="35.145523" lon="-120.644811">
        <ele>31.2</ele>
      </trkpt>
      <trkpt lat="35.145273" lon="-120.644792">
        <ele>29.2</ele>
      </trkpt>
      <trkpt lat="35.145163" lon="-120.644783">
        <ele>28.5</ele>
      </trkpt>
      <trkpt lat="35.145067" lon="-120.644775">
        <ele>27.8</ele>
      </trkpt>
      <trkpt lat="35.144512" lon="-120.644728">
        <ele>24.5</ele>
      </trkpt>
      <trkpt lat="35.144397" lon="-120.644712">
        <ele>23.8</ele>
      </trkpt>
      <trkpt lat="35.144269" lon="-120.644678">
        <ele>23.2</ele>
      </trkpt>
      <trkpt lat="35.144117" lon="-120.644611">
        <ele>22.5</ele>
      </trkpt>
      <trkpt lat="35.144032" lon="-120.644560">
        <ele>22.2</ele>
      </trkpt>
      <trkpt lat="35.143949" lon="-120.644499">
        <ele>22.0</ele>
      </trkpt>
      <trkpt lat="35.143871" lon="-120.644429">
        <ele>21.8</ele>
      </trkpt>
      <trkpt lat="35.143685" lon="-120.644221">
        <ele>21.5</ele>
      </trkpt>
      <trkpt lat="35.143627" lon="-120.644157">
        <ele>21.2</ele>
      </trkpt>
      <trkpt lat="35.143597" lon="-120.644124">
        <ele>21.0</ele>
      </trkpt>
      <trkpt lat="35.143084" lon="-120.643551">
        <ele>18.2</ele>
      </trkpt>
      <trkpt lat="35.142803" lon="-120.643235">
        <ele>17.5</ele>
      </trkpt>
      <trkpt lat="35.142731" lon="-120.643156">
        <ele>17.2</ele>
      </trkpt>
      <trkpt lat="35.142580" lon="-120.642991">
        <ele>17.0</ele>
      </trkpt>
      <trkpt lat="35.142537" lon="-120.642944">
        <ele>17.0</ele>
      </trkpt>
      <trkpt lat="35.142072" lon="-120.642410">
        <ele>16.0</ele>
      </trkpt>
      <trkpt lat="35.141986" lon="-120.642333">
        <ele>15.8</ele>
      </trkpt>
      <trkpt lat="35.141883" lon="-120.642262">
        <ele>15.8</ele>
      </trkpt>
      <trkpt lat="35.141754" lon="-120.642203">
        <ele>15.5</ele>
      </trkpt>
      <trkpt lat="35.141641" lon="-120.642176">
        <ele>15.2</ele>
      </trkpt>
      <trkpt lat="35.141515" lon="-120.642162">
        <ele>15.0</ele>
      </trkpt>
      <trkpt lat="35.141448" lon="-120.642144">
        <ele>14.8</ele>
      </trkpt>
      <trkpt lat="35.141386" lon="-120.642118">
        <ele>14.8</ele>
      </trkpt>
      <trkpt lat="35.141294" lon="-120.642058">
        <ele>14.5</ele>
      </trkpt>
      <trkpt lat="35.141221" lon="-120.641991">
        <ele>14.5</ele>
      </trkpt>
      <trkpt lat="35.140984" lon="-120.641725">
        <ele>14.2</ele>
      </trkpt>
      <trkpt lat="35.140661" lon="-120.641363">
        <ele>14.5</ele>
      </trkpt>
      <trkpt lat="35.140570" lon="-120.641261">
        <ele>14.5</ele>
      </trkpt>
      <trkpt lat="35.140424" lon="-120.641098">
        <ele>14.0</ele>
      </trkpt>
      <trkpt lat="35.140272" lon="-120.640928">
        <ele>13.5</ele>
      </trkpt>
      <trkpt lat="35.139961" lon="-120.640580">
        <ele>12.0</ele>
      </trkpt>
      <trkpt lat="35.139736" lon="-120.640330">
        <ele>11.8</ele>
      </trkpt>
      <trkpt lat="35.139267" lon="-120.639805">
        <ele>10.5</ele>
      </trkpt>
      <trkpt lat="35.138935" lon="-120.639434">
        <ele>9.5</ele>
      </trkpt>
      <trkpt lat="35.138682" lon="-120.639152">
        <ele>8.5</ele>
      </trkpt>
      <trkpt lat="35.138198" lon="-120.638612">
        <ele>6.8</ele>
      </trkpt>
      <trkpt lat="35.138058" lon="-120.638466">
        <ele>6.5</ele>
      </trkpt>
      <trkpt lat="35.138042" lon="-120.638450">
        <ele>6.5</ele>
      </trkpt>
      <trkpt lat="35.137940" lon="-120.638365">
        <ele>6.5</ele>
      </trkpt>
      <trkpt lat="35.137777" lon="-120.638252">
        <ele>6.0</ele>
      </trkpt>
      <trkpt lat="35.137630" lon="-120.638177">
        <ele>5.8</ele>
      </trkpt>
      <trkpt lat="35.137530" lon="-120.638141">
        <ele>5.8</ele>
      </trkpt>
      <trkpt lat="35.137428" lon="-120.638116">
        <ele>5.5</ele>
      </trkpt>
      <trkpt lat="35.137246" lon="-120.638091">
        <ele>5.5</ele>
      </trkpt>
      <trkpt lat="35.137099" lon="-120.638070">
        <ele>5.5</ele>
      </trkpt>
      <trkpt lat="35.136738" lon="-120.638018">
        <ele>5.5</ele>
      </trkpt>
      <trkpt lat="35.136623" lon="-120.638000">
        <ele>5.5</ele>
      </trkpt>
      <trkpt lat="35.136289" lon="-120.637943">
        <ele>5.5</ele>
      </trkpt>
      <trkpt lat="35.136150" lon="-120.637893">
        <ele>5.8</ele>
      </trkpt>
      <trkpt lat="35.136016" lon="-120.637823">
        <ele>5.8</ele>
      </trkpt>
      <trkpt lat="35.135952" lon="-120.637780">
        <ele>5.8</ele>
      </trkpt>
      <trkpt lat="35.135860" lon="-120.637709">
        <ele>5.8</ele>
      </trkpt>
      <trkpt lat="35.135683" lon="-120.637543">
        <ele>6.0</ele>
      </trkpt>
      <trkpt lat="35.135167" lon="-120.636962">
        <ele>6.5</ele>
      </trkpt>
      <trkpt lat="35.135044" lon="-120.636829">
        <ele>6.8</ele>
      </trkpt>
      <trkpt lat="35.134268" lon="-120.635950">
        <ele>7.5</ele>
      </trkpt>
      <trkpt lat="35.133420" lon="-120.635014">
        <ele>6.8</ele>
      </trkpt>
      <trkpt lat="35.133354" lon="-120.634932">
        <ele>6.8</ele>
      </trkpt>
      <trkpt lat="35.133015" lon="-120.634563">
        <ele>6.8</ele>
      </trkpt>
      <trkpt lat="35.132407" lon="-120.633926">
        <ele>6.2</ele>
      </trkpt>
      <trkpt lat="35.132248" lon="-120.633728">
        <ele>6.0</ele>
      </trkpt>
      <trkpt lat="35.131501" lon="-120.632877">
        <ele>5.8</ele>
      </trkpt>
      <trkpt lat="35.131315" lon="-120.632695">
        <ele>5.8</ele>
      </trkpt>
      <trkpt lat="35.131045" lon="-120.632468">
        <ele>6.0</ele>
      </trkpt>
      <trkpt lat="35.130810" lon="-120.632296">
        <ele>6.5</ele>
      </trkpt>
      <trkpt lat="35.130627" lon="-120.632166">
        <ele>8.8</ele>
      </trkpt>
      <trkpt lat="35.130233" lon="-120.632038">
        <ele>13.2</ele>
      </trkpt>
      <trkpt lat="35.130020" lon="-120.631998">
        <ele>15.8</ele>
      </trkpt>
      <trkpt lat="35.129479" lon="-120.631950">
        <ele>16.8</ele>
      </trkpt>
      <trkpt lat="35.128388" lon="-120.631885">
        <ele>9.5</ele>
      </trkpt>
      <trkpt lat="35.127116" lon="-120.631794">
        <ele>8.5</ele>
      </trkpt>
      <trkpt lat="35.126598" lon="-120.631729">
        <ele>9.5</ele>
      </trkpt>
      <trkpt lat="35.125903" lon="-120.631572">
        <ele>9.0</ele>
      </trkpt>
      <trkpt lat="35.125295" lon="-120.631363">
        <ele>8.5</ele>
      </trkpt>
      <trkpt lat="35.124934" lon="-120.631214">
        <ele>8.2</ele>
      </trkpt>
      <trkpt lat="35.124734" lon="-120.631128">
        <ele>8.2</ele>
      </trkpt>
      <trkpt lat="35.124143" lon="-120.630830">
        <ele>7.8</ele>
      </trkpt>
      <trkpt lat="35.122178" lon="-120.629926">
        <ele>6.5</ele>
      </trkpt>
      <trkpt lat="35.122090" lon="-120.629905">
        <ele>6.5</ele>
      </trkpt>
      <trkpt lat="35.121976" lon="-120.629880">
        <ele>6.5</ele>
      </trkpt>
      <trkpt lat="35.121271" lon="-120.629753">
        <ele>5.8</ele>
      </trkpt>
      <trkpt lat="35.121045" lon="-120.629699">
        <ele>5.2</ele>
      </trkpt>
      <trkpt lat="35.120874" lon="-120.629648">
        <ele>5.2</ele>
      </trkpt>
      <trkpt lat="35.120660" lon="-120.629553">
        <ele>5.2</ele>
      </trkpt>
      <trkpt lat="35.120574" lon="-120.629523">
        <ele>5.5</ele>
      </trkpt>
      <trkpt lat="35.119889" lon="-120.629185">
        <ele>5.8</ele>
      </trkpt>
      <trkpt lat="35.119833" lon="-120.629158">
        <ele>5.8</ele>
      </trkpt>
      <trkpt lat="35.118115" lon="-120.628385">
        <ele>7.5</ele>
      </trkpt>
      <trkpt lat="35.115102" lon="-120.626961">
        <ele>10.2</ele>
      </trkpt>
      <trkpt lat="35.114249" lon="-120.626561">
        <ele>9.2</ele>
      </trkpt>
      <trkpt lat="35.112639" lon="-120.625826">
        <ele>8.2</ele>
      </trkpt>
      <trkpt lat="35.112197" lon="-120.625612">
        <ele>8.8</ele>
      </trkpt>
      <trkpt lat="35.110603" lon="-120.624877">
        <ele>8.5</ele>
      </trkpt>
      <trkpt lat="35.110058" lon="-120.624629">
        <ele>9.8</ele>
      </trkpt>
      <trkpt lat="35.109495" lon="-120.624370">
        <ele>10.8</ele>
      </trkpt>
      <trkpt lat="35.109015" lon="-120.624144">
        <ele>11.5</ele>
      </trkpt>
      <trkpt lat="35.108682" lon="-120.623998">
        <ele>11.2</ele>
      </trkpt>
      <trkpt lat="35.108002" lon="-120.623693">
        <ele>11.2</ele>
      </trkpt>
      <trkpt lat="35.107585" lon="-120.623504">
        <ele>10.8</ele>
      </trkpt>
      <trkpt lat="35.107333" lon="-120.623390">
        <ele>10.8</ele>
      </trkpt>
      <trkpt lat="35.107261" lon="-120.623614">
        <ele>10.5</ele>
      </trkpt>
      <trkpt lat="35.107186" lon="-120.623860">
        <ele>10.2</ele>
      </trkpt>
      <trkpt lat="35.107001" lon="-120.623772">
        <ele>10.5</ele>
      </trkpt>
    </trkseg>
  </trk>
</gpx>
