<?xml version="1.0" encoding="UTF-8"?>
<gpx creator="Garmin Connect" version="1.1"
  xsi:schemaLocation="http://www.topografix.com/GPX/1/1 http://www.topografix.com/GPX/11.xsd"
  xmlns:ns3="http://www.garmin.com/xmlschemas/TrackPointExtension/v1"
  xmlns="http://www.topografix.com/GPX/1/1"
  xmlns:xsi="http://www.w3.org/2001/XMLSchema-instance" xmlns:ns2="http://www.garmin.com/xmlschemas/GpxExtensions/v3">
  <metadata>
    <name>SF-SB-Southbound</name>
    <link href="connect.garmin.com">
      <text>Garmin Connect</text>
    </link>
    <time>2026-06-23T14:44:17.000Z</time>
  </metadata>
  <trk>
    <name>SF-SB-Southbound</name>
    <desc></desc>
    <trkseg>
      <trkpt lat="37.807989958673716" lon="-122.47663996182382">
        <ele>54.3</ele>
      </trkpt>
      <trkpt lat="37.807969925925136" lon="-122.47661992907524">
        <ele>54.7</ele>
      </trkpt>
      <trkpt lat="37.80789993703365" lon="-122.47675999067724">
        <ele>56.7</ele>
      </trkpt>
      <trkpt lat="37.80779994092882" lon="-122.47685998678207">
        <ele>57.7</ele>
      </trkpt>
      <trkpt lat="37.80779994092882" lon="-122.4768999684602">
        <ele>56.9</ele>
      </trkpt>
      <trkpt lat="37.8076299559325" lon="-122.47691991738975">
        <ele>57.9</ele>
      </trkpt>
      <trkpt lat="37.80746994540095" lon="-122.47697993181646">
        <ele>59.3</ele>
      </trkpt>
      <trkpt lat="37.80735997483134" lon="-122.47697993181646">
        <ele>60.6</ele>
      </trkpt>
      <trkpt lat="37.807259978726506" lon="-122.4769499246031">
        <ele>61.7</ele>
      </trkpt>
      <trkpt lat="37.80689997598529" lon="-122.47703994624317">
        <ele>62.0</ele>
      </trkpt>
      <trkpt lat="37.806379962712526" lon="-122.47701999731362">
        <ele>56.1</ele>
      </trkpt>
      <trkpt lat="37.80615993775427" lon="-122.47695998288691">
        <ele>57.3</ele>
      </trkpt>
      <trkpt lat="37.80603999271989" lon="-122.4768999684602">
        <ele>59.4</ele>
      </trkpt>
      <trkpt lat="37.80588995665312" lon="-122.47675999067724">
        <ele>60.0</ele>
      </trkpt>
      <trkpt lat="37.80564998276532" lon="-122.4764599185437">
        <ele>61.3</ele>
      </trkpt>
      <trkpt lat="37.805579993873835" lon="-122.47641993686557">
        <ele>61.6</ele>
      </trkpt>
      <trkpt lat="37.805499946698546" lon="-122.47642999514937">
        <ele>61.9</ele>
      </trkpt>
      <trkpt lat="37.8050999622792" lon="-122.47669997625053">
        <ele>63.3</ele>
      </trkpt>
      <trkpt lat="37.804959984496236" lon="-122.47674993239343">
        <ele>65.4</ele>
      </trkpt>
      <trkpt lat="37.80470995232463" lon="-122.47678999789059">
        <ele>67.8</ele>
      </trkpt>
      <trkpt lat="37.80459998175502" lon="-122.47676996514201">
        <ele>68.3</ele>
      </trkpt>
      <trkpt lat="37.80443997122347" lon="-122.47669997625053">
        <ele>70.1</ele>
      </trkpt>
      <trkpt lat="37.804379956796765" lon="-122.4766499362886">
        <ele>71.6</ele>
      </trkpt>
      <trkpt lat="37.80434994958341" lon="-122.47657994739711">
        <ele>72.4</ele>
      </trkpt>
      <trkpt lat="37.80432991683483" lon="-122.47634994797409">
        <ele>71.8</ele>
      </trkpt>
      <trkpt lat="37.80430996790528" lon="-122.47629999183118">
        <ele>71.9</ele>
      </trkpt>
      <trkpt lat="37.8042399790138" lon="-122.47617996297777">
        <ele>72.2</ele>
      </trkpt>
      <trkpt lat="37.80412992462516" lon="-122.47606999240816">
        <ele>72.6</ele>
      </trkpt>
      <trkpt lat="37.80408994294703" lon="-122.47604995965958">
        <ele>72.6</ele>
      </trkpt>
      <trkpt lat="37.80389992520213" lon="-122.47601995244622">
        <ele>74.0</ele>
      </trkpt>
      <trkpt lat="37.8038099873811" lon="-122.4760399851948">
        <ele>74.8</ele>
      </trkpt>
      <trkpt lat="37.803669925779104" lon="-122.476029926911">
        <ele>75.4</ele>
      </trkpt>
      <trkpt lat="37.80356992967427" lon="-122.47605993412435">
        <ele>75.8</ele>
      </trkpt>
      <trkpt lat="37.803239934146404" lon="-122.47624995186925">
        <ele>77.1</ele>
      </trkpt>
      <trkpt lat="37.802509954199195" lon="-122.47672998346388">
        <ele>82.4</ele>
      </trkpt>
      <trkpt lat="37.802359918132424" lon="-122.47680994682014">
        <ele>83.0</ele>
      </trkpt>
      <trkpt lat="37.80228992924094" lon="-122.47687993571162">
        <ele>83.4</ele>
      </trkpt>
      <trkpt lat="37.80215992592275" lon="-122.47716994956136">
        <ele>84.2</ele>
      </trkpt>
      <trkpt lat="37.80208993703127" lon="-122.47724999673665">
        <ele>84.2</ele>
      </trkpt>
      <trkpt lat="37.80148996040225" lon="-122.47753992676735">
        <ele>84.1</ele>
      </trkpt>
      <trkpt lat="37.80111998319626" lon="-122.47767998836935">
        <ele>85.4</ele>
      </trkpt>
      <trkpt lat="37.80072997324169" lon="-122.4779499694705">
        <ele>85.8</ele>
      </trkpt>
      <trkpt lat="37.80042998492718" lon="-122.47819991782308">
        <ele>84.6</ele>
      </trkpt>
      <trkpt lat="37.80039997771382" lon="-122.47811995446682">
        <ele>86.4</ele>
      </trkpt>
      <trkpt lat="37.80032998882234" lon="-122.47816999442875">
        <ele>86.4</ele>
      </trkpt>
      <trkpt lat="37.80029998160899" lon="-122.47811995446682">
        <ele>87.2</ele>
      </trkpt>
      <trkpt lat="37.80024994164705" lon="-122.47808994725347">
        <ele>88.0</ele>
      </trkpt>
      <trkpt lat="37.79991994611919" lon="-122.47807997278869">
        <ele>89.0</ele>
      </trkpt>
      <trkpt lat="37.799589950591326" lon="-122.47798995114863">
        <ele>89.5</ele>
      </trkpt>
      <trkpt lat="37.79865997843444" lon="-122.47754998505116">
        <ele>90.4</ele>
      </trkpt>
      <trkpt lat="37.79804994352162" lon="-122.47699996456504">
        <ele>94.5</ele>
      </trkpt>
      <trkpt lat="37.79779999516904" lon="-122.47679997235537">
        <ele>95.4</ele>
      </trkpt>
      <trkpt lat="37.7976899407804" lon="-122.47673995792866">
        <ele>95.6</ele>
      </trkpt>
      <trkpt lat="37.79755993746221" lon="-122.47669997625053">
        <ele>95.7</ele>
      </trkpt>
      <trkpt lat="37.797309989109635" lon="-122.47671992518008">
        <ele>96.1</ele>
      </trkpt>
      <trkpt lat="37.7970199752599" lon="-122.4768399540335">
        <ele>96.4</ele>
      </trkpt>
      <trkpt lat="37.796829957515" lon="-122.47698999010026">
        <ele>96.5</ele>
      </trkpt>
      <trkpt lat="37.79625998809934" lon="-122.47758996672928">
        <ele>99.8</ele>
      </trkpt>
      <trkpt lat="37.79611992649734" lon="-122.4776999372989">
        <ele>102.0</ele>
      </trkpt>
      <trkpt lat="37.79595999978483" lon="-122.47771997004747">
        <ele>102.4</ele>
      </trkpt>
      <trkpt lat="37.79581993818283" lon="-122.4776999372989">
        <ele>102.3</ele>
      </trkpt>
      <trkpt lat="37.79559999704361" lon="-122.47759994119406">
        <ele>102.4</ele>
      </trkpt>
      <trkpt lat="37.79525994323194" lon="-122.4772699456662">
        <ele>102.6</ele>
      </trkpt>
      <trkpt lat="37.79486993327737" lon="-122.47668991796672">
        <ele>102.7</ele>
      </trkpt>
      <trkpt lat="37.79426995664835" lon="-122.47594996355474">
        <ele>103.9</ele>
      </trkpt>
      <trkpt lat="37.794129978865385" lon="-122.47585994191468">
        <ele>102.7</ele>
      </trkpt>
      <trkpt lat="37.79396896250546" lon="-122.47579196467996">
        <ele>102.3</ele>
      </trkpt>
      <trkpt lat="37.793959993869066" lon="-122.47579992748797">
        <ele>102.2</ele>
      </trkpt>
      <trkpt lat="37.79376997612417" lon="-122.47563991695642">
        <ele>101.8</ele>
      </trkpt>
      <trkpt lat="37.793699987232685" lon="-122.4754699319601">
        <ele>101.8</ele>
      </trkpt>
      <trkpt lat="37.79366998001933" lon="-122.47532995417714">
        <ele>101.9</ele>
      </trkpt>
      <trkpt lat="37.793679954484105" lon="-122.47521998360753">
        <ele>102.1</ele>
      </trkpt>
      <trkpt lat="37.79376997612417" lon="-122.47482997365296">
        <ele>102.9</ele>
      </trkpt>
      <trkpt lat="37.79388992115855" lon="-122.47453995980322">
        <ele>102.8</ele>
      </trkpt>
      <trkpt lat="37.79432997107506" lon="-122.47379992157221">
        <ele>102.0</ele>
      </trkpt>
      <trkpt lat="37.79437992721796" lon="-122.4736399948597">
        <ele>102.2</ele>
      </trkpt>
      <trkpt lat="37.794409934431314" lon="-122.47333992272615">
        <ele>102.0</ele>
      </trkpt>
      <trkpt lat="37.794349920004606" lon="-122.47251992113888">
        <ele>98.5</ele>
      </trkpt>
      <trkpt lat="37.794389985501766" lon="-122.47237994335592">
        <ele>97.9</ele>
      </trkpt>
      <trkpt lat="37.794669941067696" lon="-122.47192991897464">
        <ele>96.4</ele>
      </trkpt>
      <trkpt lat="37.79475996270776" lon="-122.47172992676497">
        <ele>96.0</ele>
      </trkpt>
      <trkpt lat="37.79480991885066" lon="-122.47154996730387">
        <ele>95.4</ele>
      </trkpt>
      <trkpt lat="37.794879991561174" lon="-122.4709199834615">
        <ele>93.6</ele>
      </trkpt>
      <trkpt lat="37.795179979875684" lon="-122.47030994854867">
        <ele>92.2</ele>
      </trkpt>
      <trkpt lat="37.79527997598052" lon="-122.47005991637707">
        <ele>90.8</ele>
      </trkpt>
      <trkpt lat="37.795309983193874" lon="-122.46983997523785">
        <ele>89.7</ele>
      </trkpt>
      <trkpt lat="37.79529992491007" lon="-122.4697299208492">
        <ele>89.5</ele>
      </trkpt>
      <trkpt lat="37.79523999430239" lon="-122.46952992863953">
        <ele>89.0</ele>
      </trkpt>
      <trkpt lat="37.795119965448976" lon="-122.46933999471366">
        <ele>90.3</ele>
      </trkpt>
      <trkpt lat="37.794969929382205" lon="-122.46916992589831">
        <ele>91.4</ele>
      </trkpt>
      <trkpt lat="37.79488996602595" lon="-122.46904998086393">
        <ele>92.0</ele>
      </trkpt>
      <trkpt lat="37.794859958812594" lon="-122.46897999197245">
        <ele>92.5</ele>
      </trkpt>
      <trkpt lat="37.794859958812594" lon="-122.46876994147897">
        <ele>93.2</ele>
      </trkpt>
      <trkpt lat="37.79490999877453" lon="-122.46858998201787">
        <ele>93.4</ele>
      </trkpt>
      <trkpt lat="37.79502994380891" lon="-122.46840993873775">
        <ele>93.2</ele>
      </trkpt>
      <trkpt lat="37.795139998197556" lon="-122.46829996816814">
        <ele>93.5</ele>
      </trkpt>
      <trkpt lat="37.79523999430239" lon="-122.46814993210137">
        <ele>93.7</ele>
      </trkpt>
      <trkpt lat="37.795419953763485" lon="-122.4674699921161">
        <ele>95.8</ele>
      </trkpt>
      <trkpt lat="37.79551994986832" lon="-122.46716991998255">
        <ele>97.3</ele>
      </trkpt>
      <trkpt lat="37.795679960399866" lon="-122.46694997884333">
        <ele>97.7</ele>
      </trkpt>
      <trkpt lat="37.7959699742496" lon="-122.46667999774218">
        <ele>96.3</ele>
      </trkpt>
      <trkpt lat="37.796129984781146" lon="-122.4664199911058">
        <ele>95.9</ele>
      </trkpt>
      <trkpt lat="37.796189999207854" lon="-122.46626995503902">
        <ele>95.5</ele>
      </trkpt>
      <trkpt lat="37.79622998088598" lon="-122.46607993729413">
        <ele>95.4</ele>
      </trkpt>
      <trkpt lat="37.79623995535076" lon="-122.46589997783303">
        <ele>95.6</ele>
      </trkpt>
      <trkpt lat="37.7962099481374" lon="-122.46555992402136">
        <ele>96.4</ele>
      </trkpt>
      <trkpt lat="37.796169966459274" lon="-122.46524996124208">
        <ele>96.8</ele>
      </trkpt>
      <trkpt lat="37.79611992649734" lon="-122.46509992517531">
        <ele>97.1</ele>
      </trkpt>
      <trkpt lat="37.795549957081676" lon="-122.46449994854629">
        <ele>93.1</ele>
      </trkpt>
      <trkpt lat="37.795349964872" lon="-122.46433993801475">
        <ele>93.8</ele>
      </trkpt>
      <trkpt lat="37.795159947127104" lon="-122.46422996744514">
        <ele>95.0</ele>
      </trkpt>
      <trkpt lat="37.794989962130785" lon="-122.46408998966217">
        <ele>95.4</ele>
      </trkpt>
      <trkpt lat="37.79486993327737" lon="-122.46385999023914">
        <ele>94.2</ele>
      </trkpt>
      <trkpt lat="37.79460992664099" lon="-122.46276992373168">
        <ele>92.4</ele>
      </trkpt>
      <trkpt lat="37.794539937749505" lon="-122.46262994594872">
        <ele>92.4</ele>
      </trkpt>
      <trkpt lat="37.79446994885802" lon="-122.46255995705724">
        <ele>92.0</ele>
      </trkpt>
      <trkpt lat="37.793919928371906" lon="-122.46228997595608">
        <ele>89.0</ele>
      </trkpt>
      <trkpt lat="37.79306991957128" lon="-122.46151993051171">
        <ele>89.7</ele>
      </trkpt>
      <trkpt lat="37.793009988963604" lon="-122.46149998158216">
        <ele>90.1</ele>
      </trkpt>
      <trkpt lat="37.79286992736161" lon="-122.46132999658585">
        <ele>89.7</ele>
      </trkpt>
      <trkpt lat="37.79283992014825" lon="-122.46122991666198">
        <ele>88.9</ele>
      </trkpt>
      <trkpt lat="37.79272994957864" lon="-122.46109999716282">
        <ele>89.0</ele>
      </trkpt>
      <trkpt lat="37.79261997900903" lon="-122.46092992834747">
        <ele>88.8</ele>
      </trkpt>
      <trkpt lat="37.792559964582324" lon="-122.4607899505645">
        <ele>88.6</ele>
      </trkpt>
      <trkpt lat="37.79248997569084" lon="-122.4605499766767">
        <ele>88.4</ele>
      </trkpt>
      <trkpt lat="37.79241998679936" lon="-122.45983994565904">
        <ele>88.1</ele>
      </trkpt>
      <trkpt lat="37.792069958522916" lon="-122.459009969607">
        <ele>87.2</ele>
      </trkpt>
      <trkpt lat="37.79201991856098" lon="-122.45892992243171">
        <ele>87.4</ele>
      </trkpt>
      <trkpt lat="37.79190994799137" lon="-122.45883998461068">
        <ele>88.3</ele>
      </trkpt>
      <trkpt lat="37.791809951886535" lon="-122.4588199518621">
        <ele>88.8</ele>
      </trkpt>
      <trkpt lat="37.791099920868874" lon="-122.45889999903738">
        <ele>91.0</ele>
      </trkpt>
      <trkpt lat="37.79096991755068" lon="-122.45889999903738">
        <ele>91.3</ele>
      </trkpt>
      <trkpt lat="37.79072994366288" lon="-122.45884995907545">
        <ele>91.1</ele>
      </trkpt>
      <trkpt lat="37.790369940921664" lon="-122.45867997407913">
        <ele>90.2</ele>
      </trkpt>
      <trkpt lat="37.790239937603474" lon="-122.45865994133055">
        <ele>90.6</ele>
      </trkpt>
      <trkpt lat="37.79007992707193" lon="-122.4586899485439">
        <ele>91.3</ele>
      </trkpt>
      <trkpt lat="37.78996995650232" lon="-122.4588799662888">
        <ele>91.3</ele>
      </trkpt>
      <trkpt lat="37.78981992043555" lon="-122.45929998345673">
        <ele>91.5</ele>
      </trkpt>
      <trkpt lat="37.78972998261452" lon="-122.45944993570447">
        <ele>91.3</ele>
      </trkpt>
      <trkpt lat="37.789659993723035" lon="-122.4594999756664">
        <ele>90.8</ele>
      </trkpt>
      <trkpt lat="37.77419999241829" lon="-122.45837998576462">
        <ele>75.6</ele>
      </trkpt>
      <trkpt lat="37.7740699891001" lon="-122.4583899602294">
        <ele>76.3</ele>
      </trkpt>
      <trkpt lat="37.77389992028475" lon="-122.45846992358565">
        <ele>77.2</ele>
      </trkpt>
      <trkpt lat="37.77329994365573" lon="-122.459009969607">
        <ele>86.7</ele>
      </trkpt>
      <trkpt lat="37.77322995476425" lon="-122.45903997682035">
        <ele>87.4</ele>
      </trkpt>
      <trkpt lat="37.77329994365573" lon="-122.459009969607">
        <ele>86.7</ele>
      </trkpt>
      <trkpt lat="37.7734499797225" lon="-122.45886999182403">
        <ele>84.1</ele>
      </trkpt>
      <trkpt lat="37.77329994365573" lon="-122.459009969607">
        <ele>86.7</ele>
      </trkpt>
      <trkpt lat="37.77322995476425" lon="-122.45903997682035">
        <ele>87.4</ele>
      </trkpt>
      <trkpt lat="37.773009929805994" lon="-122.46050999499857">
        <ele>77.4</ele>
      </trkpt>
      <trkpt lat="37.77291999198496" lon="-122.46079992502928">
        <ele>77.2</ele>
      </trkpt>
      <trkpt lat="37.77280993759632" lon="-122.46095993556082">
        <ele>77.2</ele>
      </trkpt>
      <trkpt lat="37.7723999787122" lon="-122.46125992387533">
        <ele>77.3</ele>
      </trkpt>
      <trkpt lat="37.77228992432356" lon="-122.46138992719352">
        <ele>77.0</ele>
      </trkpt>
      <trkpt lat="37.772169979289174" lon="-122.46156997047365">
        <ele>76.6</ele>
      </trkpt>
      <trkpt lat="37.771999994292855" lon="-122.46188999153674">
        <ele>75.8</ele>
      </trkpt>
      <trkpt lat="37.771869990974665" lon="-122.46200993657112">
        <ele>74.6</ele>
      </trkpt>
      <trkpt lat="37.7717799693346" lon="-122.46204991824925">
        <ele>73.8</ele>
      </trkpt>
      <trkpt lat="37.77207995764911" lon="-122.46324995532632">
        <ele>74.5</ele>
      </trkpt>
      <trkpt lat="37.772409953176975" lon="-122.46444999240339">
        <ele>76.1</ele>
      </trkpt>
      <trkpt lat="37.77256996370852" lon="-122.46526999399066">
        <ele>76.1</ele>
      </trkpt>
      <trkpt lat="37.7726399526" lon="-122.46542992070317">
        <ele>75.9</ele>
      </trkpt>
      <trkpt lat="37.772689992561936" lon="-122.4658499378711">
        <ele>74.2</ele>
      </trkpt>
      <trkpt lat="37.7726399526" lon="-122.4659899994731">
        <ele>74.2</ele>
      </trkpt>
      <trkpt lat="37.772599970921874" lon="-122.4664699472487">
        <ele>71.2</ele>
      </trkpt>
      <trkpt lat="37.77256996370852" lon="-122.46657991781831">
        <ele>70.9</ele>
      </trkpt>
      <trkpt lat="37.77252998203039" lon="-122.46799997985363">
        <ele>73.8</ele>
      </trkpt>
      <trkpt lat="37.77249997481704" lon="-122.46826996095479">
        <ele>75.4</ele>
      </trkpt>
      <trkpt lat="37.77241992764175" lon="-122.4686799198389">
        <ele>75.8</ele>
      </trkpt>
      <trkpt lat="37.77232998982072" lon="-122.46901997365057">
        <ele>75.4</ele>
      </trkpt>
      <trkpt lat="37.77221993543208" lon="-122.46925994753838">
        <ele>75.1</ele>
      </trkpt>
      <trkpt lat="37.771999994292855" lon="-122.46963998302817">
        <ele>74.5</ele>
      </trkpt>
      <trkpt lat="37.7713499777019" lon="-122.47057992964983">
        <ele>71.9</ele>
      </trkpt>
      <trkpt lat="37.77110991999507" lon="-122.4709699396044">
        <ele>73.1</ele>
      </trkpt>
      <trkpt lat="37.770799957215786" lon="-122.47161995619535">
        <ele>74.3</ele>
      </trkpt>
      <trkpt lat="37.770709935575724" lon="-122.47200996614993">
        <ele>74.1</ele>
      </trkpt>
      <trkpt lat="37.770709935575724" lon="-122.47219998389482">
        <ele>74.1</ele>
      </trkpt>
      <trkpt lat="37.77073994278908" lon="-122.47238991782069">
        <ele>74.9</ele>
      </trkpt>
      <trkpt lat="37.77086994610727" lon="-122.47283994220197">
        <ele>76.5</ele>
      </trkpt>
      <trkpt lat="37.771179992705584" lon="-122.47377997264266">
        <ele>77.0</ele>
      </trkpt>
      <trkpt lat="37.771589951589704" lon="-122.47483994811773">
        <ele>76.4</ele>
      </trkpt>
      <trkpt lat="37.77166999876499" lon="-122.47512996196747">
        <ele>76.4</ele>
      </trkpt>
      <trkpt lat="37.77170998044312" lon="-122.4754099175334">
        <ele>76.4</ele>
      </trkpt>
      <trkpt lat="37.77170998044312" lon="-122.47568995691836">
        <ele>76.6</ele>
      </trkpt>
      <trkpt lat="37.77168994769454" lon="-122.47600997798145">
        <ele>76.5</ele>
      </trkpt>
      <trkpt lat="37.77161995880306" lon="-122.47647995129228">
        <ele>76.8</ele>
      </trkpt>
      <trkpt lat="37.77147998102009" lon="-122.47716994956136">
        <ele>77.0</ele>
      </trkpt>
      <trkpt lat="37.77131997048855" lon="-122.4777599517256">
        <ele>77.1</ele>
      </trkpt>
      <trkpt lat="37.77078998275101" lon="-122.47907993383706">
        <ele>74.2</ele>
      </trkpt>
      <trkpt lat="37.77049996890128" lon="-122.47991996817291">
        <ele>68.0</ele>
      </trkpt>
      <trkpt lat="37.769679967314005" lon="-122.47934999875724">
        <ele>71.1</ele>
      </trkpt>
      <trkpt lat="37.76936992071569" lon="-122.47916995547712">
        <ele>71.9</ele>
      </trkpt>
      <trkpt lat="37.76920999400318" lon="-122.47910994105041">
        <ele>70.6</ele>
      </trkpt>
      <trkpt lat="37.768989969044924" lon="-122.47907993383706">
        <ele>69.1</ele>
      </trkpt>
      <trkpt lat="37.76878997683525" lon="-122.47911999933422">
        <ele>68.5</ele>
      </trkpt>
      <trkpt lat="37.768649999052286" lon="-122.47917992994189">
        <ele>68.0</ele>
      </trkpt>
      <trkpt lat="37.767939968034625" lon="-122.47960992157459">
        <ele>64.6</ele>
      </trkpt>
      <trkpt lat="37.76777995750308" lon="-122.4796699360013">
        <ele>64.7</ele>
      </trkpt>
      <trkpt lat="37.767659928649664" lon="-122.47964998707175">
        <ele>64.8</ele>
      </trkpt>
      <trkpt lat="37.767189955338836" lon="-122.47937992215157">
        <ele>67.2</ele>
      </trkpt>
      <trkpt lat="37.766869934275746" lon="-122.47915998101234">
        <ele>67.3</ele>
      </trkpt>
      <trkpt lat="37.766389986500144" lon="-122.47876997105777">
        <ele>67.6</ele>
      </trkpt>
      <trkpt lat="37.76605999097228" lon="-122.47836998663843">
        <ele>68.2</ele>
      </trkpt>
      <trkpt lat="37.766009951010346" lon="-122.47831994667649">
        <ele>68.1</ele>
      </trkpt>
      <trkpt lat="37.76592998765409" lon="-122.47827996499836">
        <ele>67.3</ele>
      </trkpt>
      <trkpt lat="37.76588992215693" lon="-122.47858992777765">
        <ele>65.3</ele>
      </trkpt>
      <trkpt lat="37.765919929370284" lon="-122.47872998937964">
        <ele>64.6</ele>
      </trkpt>
      <trkpt lat="37.7664199937135" lon="-122.47995994985104">
        <ele>60.8</ele>
      </trkpt>
      <trkpt lat="37.766609927639365" lon="-122.48050997033715">
        <ele>59.2</ele>
      </trkpt>
      <trkpt lat="37.76671998202801" lon="-122.48095999471843">
        <ele>57.0</ele>
      </trkpt>
      <trkpt lat="37.766759963706136" lon="-122.4812899902463">
        <ele>56.0</ele>
      </trkpt>
      <trkpt lat="37.766799945384264" lon="-122.48199993744493">
        <ele>54.9</ele>
      </trkpt>
      <trkpt lat="37.766779996454716" lon="-122.48241995461285">
        <ele>54.6</ele>
      </trkpt>
      <trkpt lat="37.76657992042601" lon="-122.4833899922669">
        <ele>55.3</ele>
      </trkpt>
      <trkpt lat="37.76655997149646" lon="-122.48380992561579">
        <ele>54.7</ele>
      </trkpt>
      <trkpt lat="37.76659995317459" lon="-122.484169928357">
        <ele>54.9</ele>
      </trkpt>
      <trkpt lat="37.7666599676013" lon="-122.48445994220674">
        <ele>54.7</ele>
      </trkpt>
      <trkpt lat="37.76671998202801" lon="-122.48463998548687">
        <ele>54.2</ele>
      </trkpt>
      <trkpt lat="37.766889967024326" lon="-122.48501993715763">
        <ele>51.1</ele>
      </trkpt>
      <trkpt lat="37.766949981451035" lon="-122.4853599909693">
        <ele>47.0</ele>
      </trkpt>
      <trkpt lat="37.766909999772906" lon="-122.4858399387449">
        <ele>47.8</ele>
      </trkpt>
      <trkpt lat="37.76685995981097" lon="-122.48604998923838">
        <ele>47.2</ele>
      </trkpt>
      <trkpt lat="37.76676993817091" lon="-122.48631997033954">
        <ele>47.7</ele>
      </trkpt>
      <trkpt lat="37.766389986500144" lon="-122.48702991753817">
        <ele>46.0</ele>
      </trkpt>
      <trkpt lat="37.766009951010346" lon="-122.48767993412912">
        <ele>47.3</ele>
      </trkpt>
      <trkpt lat="37.76583996601403" lon="-122.48803993687034">
        <ele>50.7</ele>
      </trkpt>
      <trkpt lat="37.76573996990919" lon="-122.48830991797149">
        <ele>52.2</ele>
      </trkpt>
      <trkpt lat="37.765599992126226" lon="-122.48902992345393">
        <ele>53.0</ele>
      </trkpt>
      <trkpt lat="37.765489937737584" lon="-122.48972998000681">
        <ele>52.7</ele>
      </trkpt>
      <trkpt lat="37.7654199488461" lon="-122.4903399311006">
        <ele>52.4</ele>
      </trkpt>
      <trkpt lat="37.76537996716797" lon="-122.49136998318136">
        <ele>51.3</ele>
      </trkpt>
      <trkpt lat="37.76538994163275" lon="-122.49205998145044">
        <ele>48.5</ele>
      </trkpt>
      <trkpt lat="37.76553997769952" lon="-122.49424992129207">
        <ele>44.9</ele>
      </trkpt>
      <trkpt lat="37.76555992662907" lon="-122.49479994177818">
        <ele>43.3</ele>
      </trkpt>
      <trkpt lat="37.76552991941571" lon="-122.49531995505095">
        <ele>40.0</ele>
      </trkpt>
      <trkpt lat="37.765339985489845" lon="-122.49712994322181">
        <ele>36.8</ele>
      </trkpt>
      <trkpt lat="37.76512993499637" lon="-122.49837993644178">
        <ele>31.4</ele>
      </trkpt>
      <trkpt lat="37.765059946104884" lon="-122.49864991754293">
        <ele>31.3</ele>
      </trkpt>
      <trkpt lat="37.76483992114663" lon="-122.49933999963105">
        <ele>28.4</ele>
      </trkpt>
      <trkpt lat="37.764779990538955" lon="-122.4996599368751">
        <ele>29.4</ele>
      </trkpt>
      <trkpt lat="37.76476993225515" lon="-122.49981994740665">
        <ele>29.6</ele>
      </trkpt>
      <trkpt lat="37.764779990538955" lon="-122.50013996846974">
        <ele>25.3</ele>
      </trkpt>
      <trkpt lat="37.76485995389521" lon="-122.50078998506069">
        <ele>26.1</ele>
      </trkpt>
      <trkpt lat="37.76484997943044" lon="-122.50087992288172">
        <ele>26.7</ele>
      </trkpt>
      <trkpt lat="37.7651799749583" lon="-122.50264992937446">
        <ele>29.3</ele>
      </trkpt>
      <trkpt lat="37.76543998159468" lon="-122.50370998866856">
        <ele>25.5</ele>
      </trkpt>
      <trkpt lat="37.76549999602139" lon="-122.50407996587455">
        <ele>25.1</ele>
      </trkpt>
      <trkpt lat="37.76552991941571" lon="-122.50434994697571">
        <ele>24.2</ele>
      </trkpt>
      <trkpt lat="37.765509970486164" lon="-122.50452999025583">
        <ele>23.7</ele>
      </trkpt>
      <trkpt lat="37.765469988808036" lon="-122.50563992187381">
        <ele>19.3</ele>
      </trkpt>
      <trkpt lat="37.76538994163275" lon="-122.50637996010482">
        <ele>14.9</ele>
      </trkpt>
      <trkpt lat="37.765209982171655" lon="-122.50714992173016">
        <ele>9.4</ele>
      </trkpt>
      <trkpt lat="37.76493991725147" lon="-122.50800998881459">
        <ele>6.8</ele>
      </trkpt>
      <trkpt lat="37.764499951153994" lon="-122.50920994207263">
        <ele>4.3</ele>
      </trkpt>
      <trkpt lat="37.764439936727285" lon="-122.50932997092605">
        <ele>4.2</ele>
      </trkpt>
      <trkpt lat="37.76435997337103" lon="-122.50941999256611">
        <ele>4.4</ele>
      </trkpt>
      <trkpt lat="37.76420993730426" lon="-122.50944999977946">
        <ele>4.4</ele>
      </trkpt>
      <trkpt lat="37.76422997005284" lon="-122.50960992649198">
        <ele>4.2</ele>
      </trkpt>
      <trkpt lat="37.764179930090904" lon="-122.50979994423687">
        <ele>3.9</ele>
      </trkpt>
      <trkpt lat="37.76416995562613" lon="-122.51019992865622">
        <ele>4.8</ele>
      </trkpt>
      <trkpt lat="37.763899974524975" lon="-122.51017997972667">
        <ele>3.5</ele>
      </trkpt>
      <trkpt lat="37.763879941776395" lon="-122.51010999083519">
        <ele>3.3</ele>
      </trkpt>
      <trkpt lat="37.76377994567156" lon="-122.51006992533803">
        <ele>3.3</ele>
      </trkpt>
      <trkpt lat="37.76338993571699" lon="-122.51007998362184">
        <ele>3.7</ele>
      </trkpt>
      <trkpt lat="37.76302993297577" lon="-122.51000999473035">
        <ele>5.0</ele>
      </trkpt>
      <trkpt lat="37.76270999573171" lon="-122.51000999473035">
        <ele>5.7</ele>
      </trkpt>
      <trkpt lat="37.76208998635411" lon="-122.50990999862552">
        <ele>4.4</ele>
      </trkpt>
      <trkpt lat="37.76164993643761" lon="-122.50987999141216">
        <ele>3.0</ele>
      </trkpt>
      <trkpt lat="37.76135992258787" lon="-122.50979994423687">
        <ele>2.7</ele>
      </trkpt>
      <trkpt lat="37.76087997481227" lon="-122.50974998809397">
        <ele>2.7</ele>
      </trkpt>
      <trkpt lat="37.76061996817589" lon="-122.50975996255875">
        <ele>2.7</ele>
      </trkpt>
      <trkpt lat="37.759819999337196" lon="-122.50964999198914">
        <ele>3.5</ele>
      </trkpt>
      <trkpt lat="37.75941993109882" lon="-122.5095399376005">
        <ele>2.8</ele>
      </trkpt>
      <trkpt lat="37.759089935570955" lon="-122.50948998145759">
        <ele>2.7</ele>
      </trkpt>
      <trkpt lat="37.75823992677033" lon="-122.50938998535275">
        <ele>2.7</ele>
      </trkpt>
      <trkpt lat="37.75791998952627" lon="-122.50937992706895">
        <ele>2.8</ele>
      </trkpt>
      <trkpt lat="37.75746996514499" lon="-122.50928998924792">
        <ele>2.6</ele>
      </trkpt>
      <trkpt lat="37.756979959085584" lon="-122.50924992375076">
        <ele>2.0</ele>
      </trkpt>
      <trkpt lat="37.75658994913101" lon="-122.50917993485928">
        <ele>2.0</ele>
      </trkpt>
      <trkpt lat="37.75626992806792" lon="-122.50914992764592">
        <ele>2.3</ele>
      </trkpt>
      <trkpt lat="37.756059961393476" lon="-122.50915998592973">
        <ele>2.6</ele>
      </trkpt>
      <trkpt lat="37.75569995865226" lon="-122.50908999703825">
        <ele>2.5</ele>
      </trkpt>
      <trkpt lat="37.75527994148433" lon="-122.50904993154109">
        <ele>2.3</ele>
      </trkpt>
      <trkpt lat="37.75468993932009" lon="-122.50894993543625">
        <ele>2.4</ele>
      </trkpt>
      <trkpt lat="37.754299929365516" lon="-122.5089299865067">
        <ele>2.9</ele>
      </trkpt>
      <trkpt lat="37.753869937732816" lon="-122.50884993933141">
        <ele>2.6</ele>
      </trkpt>
      <trkpt lat="37.75324992835522" lon="-122.50879998318851">
        <ele>2.6</ele>
      </trkpt>
      <trkpt lat="37.7528399694711" lon="-122.50870996154845">
        <ele>2.7</ele>
      </trkpt>
      <trkpt lat="37.75252992287278" lon="-122.50869998708367">
        <ele>2.9</ele>
      </trkpt>
      <trkpt lat="37.7520299423486" lon="-122.50859999097884">
        <ele>3.0</ele>
      </trkpt>
      <trkpt lat="37.751589976251125" lon="-122.50856998376548">
        <ele>3.9</ele>
      </trkpt>
      <trkpt lat="37.75103995576501" lon="-122.50845992937684">
        <ele>4.9</ele>
      </trkpt>
      <trkpt lat="37.750469986349344" lon="-122.50840997323394">
        <ele>4.3</ele>
      </trkpt>
      <trkpt lat="37.750039994716644" lon="-122.50833998434246">
        <ele>5.8</ele>
      </trkpt>
      <trkpt lat="37.74960991926491" lon="-122.5083099771291">
        <ele>7.8</ele>
      </trkpt>
      <trkpt lat="37.74918998591602" lon="-122.50820998102427">
        <ele>8.4</ele>
      </trkpt>
      <trkpt lat="37.74912997148931" lon="-122.50817997381091">
        <ele>8.4</ele>
      </trkpt>
      <trkpt lat="37.74867994710803" lon="-122.50817997381091">
        <ele>8.4</ele>
      </trkpt>
      <trkpt lat="37.74817996658385" lon="-122.50806991942227">
        <ele>8.5</ele>
      </trkpt>
      <trkpt lat="37.74757998995483" lon="-122.50803999602795">
        <ele>8.4</ele>
      </trkpt>
      <trkpt lat="37.74710993282497" lon="-122.50793999992311">
        <ele>8.4</ele>
      </trkpt>
      <trkpt lat="37.74594996124506" lon="-122.5078199710697">
        <ele>8.4</ele>
      </trkpt>
      <trkpt lat="37.74570998735726" lon="-122.50775995664299">
        <ele>8.4</ele>
      </trkpt>
      <trkpt lat="37.745399940758944" lon="-122.50771997496486">
        <ele>8.4</ele>
      </trkpt>
      <trkpt lat="37.74472997523844" lon="-122.50769994221628">
        <ele>8.4</ele>
      </trkpt>
      <trkpt lat="37.74443996138871" lon="-122.50763992778957">
        <ele>8.4</ele>
      </trkpt>
      <trkpt lat="37.74400996975601" lon="-122.50759994611144">
        <ele>8.4</ele>
      </trkpt>
      <trkpt lat="37.7435699198395" lon="-122.50750992447138">
        <ele>8.4</ele>
      </trkpt>
      <trkpt lat="37.74306993931532" lon="-122.50746994279325">
        <ele>8.4</ele>
      </trkpt>
      <trkpt lat="37.742609940469265" lon="-122.507389979437">
        <ele>8.4</ele>
      </trkpt>
      <trkpt lat="37.74213996715844" lon="-122.50734999775887">
        <ele>8.4</ele>
      </trkpt>
      <trkpt lat="37.74167996831238" lon="-122.50726995058358">
        <ele>8.4</ele>
      </trkpt>
      <trkpt lat="37.741299932822585" lon="-122.50723994337022">
        <ele>8.4</ele>
      </trkpt>
      <trkpt lat="37.74035998620093" lon="-122.50711999833584">
        <ele>8.4</ele>
      </trkpt>
      <trkpt lat="37.739819940179586" lon="-122.5070099439472">
        <ele>8.4</ele>
      </trkpt>
      <trkpt lat="37.739409981295466" lon="-122.50699996948242">
        <ele>8.4</ele>
      </trkpt>
      <trkpt lat="37.739019971340895" lon="-122.50691992230713">
        <ele>8.4</ele>
      </trkpt>
      <trkpt lat="37.738699950277805" lon="-122.50689997337759">
        <ele>8.4</ele>
      </trkpt>
      <trkpt lat="37.73797994479537" lon="-122.50674993731081">
        <ele>8.4</ele>
      </trkpt>
      <trkpt lat="37.7377799525857" lon="-122.50672998838127">
        <ele>8.4</ele>
      </trkpt>
      <trkpt lat="37.737349960953" lon="-122.50672998838127">
        <ele>8.4</ele>
      </trkpt>
      <trkpt lat="37.7364899776876" lon="-122.50661993399262">
        <ele>8.4</ele>
      </trkpt>
      <trkpt lat="37.73617993108928" lon="-122.50649998895824">
        <ele>8.4</ele>
      </trkpt>
      <trkpt lat="37.735989997163415" lon="-122.50645992346108">
        <ele>8.4</ele>
      </trkpt>
      <trkpt lat="37.735799979418516" lon="-122.50647995620966">
        <ele>8.4</ele>
      </trkpt>
      <trkpt lat="37.73565991781652" lon="-122.50656997784972">
        <ele>8.4</ele>
      </trkpt>
      <trkpt lat="37.73557995446026" lon="-122.50656997784972">
        <ele>8.4</ele>
      </trkpt>
      <trkpt lat="37.73557995446026" lon="-122.5068299844861">
        <ele>8.4</ele>
      </trkpt>
      <trkpt lat="37.73496991954744" lon="-122.50684993341565">
        <ele>8.4</ele>
      </trkpt>
      <trkpt lat="37.73413994349539" lon="-122.50702997669578">
        <ele>8.4</ele>
      </trkpt>
      <trkpt lat="37.73292993195355" lon="-122.50722996890545">
        <ele>8.4</ele>
      </trkpt>
      <trkpt lat="37.73241997696459" lon="-122.50720993615687">
        <ele>8.4</ele>
      </trkpt>
      <trkpt lat="37.732039941474795" lon="-122.50712997280061">
        <ele>8.4</ele>
      </trkpt>
      <trkpt lat="37.73118993267417" lon="-122.50690994784236">
        <ele>8.4</ele>
      </trkpt>
      <trkpt lat="37.73043991997838" lon="-122.50675999559462">
        <ele>8.2</ele>
      </trkpt>
      <trkpt lat="37.72971999831498" lon="-122.50656997784972">
        <ele>8.4</ele>
      </trkpt>
      <trkpt lat="37.728149984031916" lon="-122.5063399784267">
        <ele>10.2</ele>
      </trkpt>
      <trkpt lat="37.727889977395535" lon="-122.50628993846476">
        <ele>8.8</ele>
      </trkpt>
      <trkpt lat="37.72763994522393" lon="-122.5062099751085">
        <ele>8.2</ele>
      </trkpt>
      <trkpt lat="37.727379938587546" lon="-122.50608994625509">
        <ele>7.9</ele>
      </trkpt>
      <trkpt lat="37.72710995748639" lon="-122.50593999400735">
        <ele>5.6</ele>
      </trkpt>
      <trkpt lat="37.72663998417556" lon="-122.50556993298233">
        <ele>11.5</ele>
      </trkpt>
      <trkpt lat="37.72633999586105" lon="-122.50523993745446">
        <ele>23.2</ele>
      </trkpt>
      <trkpt lat="37.72600991651416" lon="-122.50474993139505">
        <ele>31.4</ele>
      </trkpt>
      <trkpt lat="37.725439947098494" lon="-122.50374997034669">
        <ele>27.5</ele>
      </trkpt>
      <trkpt lat="37.72522998042405" lon="-122.5034299492836">
        <ele>23.3</ele>
      </trkpt>
      <trkpt lat="37.72508991882205" lon="-122.50328997150064">
        <ele>16.7</ele>
      </trkpt>
      <trkpt lat="37.72491993382573" lon="-122.50319994986057">
        <ele>14.8</ele>
      </trkpt>
      <trkpt lat="37.72469999268651" lon="-122.50316994264722">
        <ele>14.5</ele>
      </trkpt>
      <trkpt lat="37.724519949406385" lon="-122.50309995375574">
        <ele>13.9</ele>
      </trkpt>
      <trkpt lat="37.72417997941375" lon="-122.50302996486425">
        <ele>14.1</ele>
      </trkpt>
      <trkpt lat="37.72390999831259" lon="-122.50294991768897">
        <ele>14.1</ele>
      </trkpt>
      <trkpt lat="37.723529962822795" lon="-122.50277993269265">
        <ele>17.4</ele>
      </trkpt>
      <trkpt lat="37.72316996008158" lon="-122.5025699660182">
        <ele>20.0</ele>
      </trkpt>
      <trkpt lat="37.72280995734036" lon="-122.50229998491704">
        <ele>20.1</ele>
      </trkpt>
      <trkpt lat="37.72183991968632" lon="-122.50142994336784">
        <ele>19.8</ele>
      </trkpt>
      <trkpt lat="37.72139995358884" lon="-122.50105996616185">
        <ele>19.4</ele>
      </trkpt>
      <trkpt lat="37.72081992588937" lon="-122.50066995620728">
        <ele>22.1</ele>
      </trkpt>
      <trkpt lat="37.720589926466346" lon="-122.50055998563766">
        <ele>21.9</ele>
      </trkpt>
      <trkpt lat="37.720329919829965" lon="-122.50045998953283">
        <ele>21.4</ele>
      </trkpt>
      <trkpt lat="37.71996991708875" lon="-122.50038991682231">
        <ele>21.0</ele>
      </trkpt>
      <trkpt lat="37.718439968302846" lon="-122.50029997900128">
        <ele>22.9</ele>
      </trkpt>
      <trkpt lat="37.71814995445311" lon="-122.50026997178793">
        <ele>25.7</ele>
      </trkpt>
      <trkpt lat="37.717879973351955" lon="-122.50020995736122">
        <ele>28.1</ele>
      </trkpt>
      <trkpt lat="37.71747998893261" lon="-122.50002999790013">
        <ele>28.9</ele>
      </trkpt>
      <trkpt lat="37.717229956761" lon="-122.49987996183336">
        <ele>29.5</ele>
      </trkpt>
      <trkpt lat="37.71586999297142" lon="-122.49885996803641">
        <ele>43.7</ele>
      </trkpt>
      <trkpt lat="37.71551996469498" lon="-122.49866995029151">
        <ele>44.9</ele>
      </trkpt>
      <trkpt lat="37.71528996527195" lon="-122.49856995418668">
        <ele>47.1</ele>
      </trkpt>
      <trkpt lat="37.71491998806596" lon="-122.49846995808184">
        <ele>51.0</ele>
      </trkpt>
      <trkpt lat="37.714119935408235" lon="-122.49839996919036">
        <ele>54.6</ele>
      </trkpt>
      <trkpt lat="37.710489984601736" lon="-122.49818991869688">
        <ele>71.0</ele>
      </trkpt>
      <trkpt lat="37.7089099958539" lon="-122.49823995865881">
        <ele>69.9</ele>
      </trkpt>
      <trkpt lat="37.706919964402914" lon="-122.49846995808184">
        <ele>67.7</ele>
      </trkpt>
      <trkpt lat="37.70652995444834" lon="-122.49848999083042">
        <ele>67.3</ele>
      </trkpt>
      <trkpt lat="37.70609996281564" lon="-122.49845998361707">
        <ele>67.3</ele>
      </trkpt>
      <trkpt lat="37.70580994896591" lon="-122.49838999472558">
        <ele>67.3</ele>
      </trkpt>
      <trkpt lat="37.70534995011985" lon="-122.49821992591023">
        <ele>67.3</ele>
      </trkpt>
      <trkpt lat="37.70366996526718" lon="-122.4974499642849">
        <ele>69.8</ele>
      </trkpt>
      <trkpt lat="37.70284996367991" lon="-122.49719993211329">
        <ele>71.9</ele>
      </trkpt>
      <trkpt lat="37.70256992429495" lon="-122.4970799870789">
        <ele>70.8</ele>
      </trkpt>
      <trkpt lat="37.69953995011747" lon="-122.49551994726062">
        <ele>68.4</ele>
      </trkpt>
      <trkpt lat="37.69911993294954" lon="-122.49532992951572">
        <ele>68.5</ele>
      </trkpt>
      <trkpt lat="37.69848994910717" lon="-122.49509993009269">
        <ele>68.5</ele>
      </trkpt>
      <trkpt lat="37.697659973055124" lon="-122.49489993788302">
        <ele>69.6</ele>
      </trkpt>
      <trkpt lat="37.69712998531759" lon="-122.49481997452676">
        <ele>73.7</ele>
      </trkpt>
      <trkpt lat="37.69672991707921" lon="-122.49477999284863">
        <ele>74.3</ele>
      </trkpt>
      <trkpt lat="37.69418994896114" lon="-122.49474998563528">
        <ele>81.4</ele>
      </trkpt>
      <trkpt lat="37.69378996454179" lon="-122.4947299528867">
        <ele>83.0</ele>
      </trkpt>
      <trkpt lat="37.69338998012245" lon="-122.49466993845999">
        <ele>83.7</ele>
      </trkpt>
      <trkpt lat="37.69261993467808" lon="-122.49443993903697">
        <ele>89.4</ele>
      </trkpt>
      <trkpt lat="37.69203999079764" lon="-122.49414992518723">
        <ele>92.4</ele>
      </trkpt>
      <trkpt lat="37.69148997031152" lon="-122.49379998072982">
        <ele>97.4</ele>
      </trkpt>
      <trkpt lat="37.69064993597567" lon="-122.49308994971216">
        <ele>103.0</ele>
      </trkpt>
      <trkpt lat="37.690529990941286" lon="-122.49303999356925">
        <ele>104.0</ele>
      </trkpt>
      <trkpt lat="37.69040996208787" lon="-122.49304996803403">
        <ele>105.1</ele>
      </trkpt>
      <trkpt lat="37.690249951556325" lon="-122.49311995692551">
        <ele>105.9</ele>
      </trkpt>
      <trkpt lat="37.690139980986714" lon="-122.49326999299228">
        <ele>105.8</ele>
      </trkpt>
      <trkpt lat="37.68832999281585" lon="-122.49112992547452">
        <ele>126.0</ele>
      </trkpt>
      <trkpt lat="37.6878699939698" lon="-122.49068995937705">
        <ele>130.6</ele>
      </trkpt>
      <trkpt lat="37.687539998441935" lon="-122.49043992720544">
        <ele>132.6</ele>
      </trkpt>
      <trkpt lat="37.68723992630839" lon="-122.49023993499577">
        <ele>133.7</ele>
      </trkpt>
      <trkpt lat="37.68692996352911" lon="-122.49005997553468">
        <ele>136.6</ele>
      </trkpt>
      <trkpt lat="37.686619916930795" lon="-122.48991999775171">
        <ele>139.3</ele>
      </trkpt>
      <trkpt lat="37.68628992140293" lon="-122.48981991782784">
        <ele>140.3</ele>
      </trkpt>
      <trkpt lat="37.685799999162555" lon="-122.48974992893636">
        <ele>144.4</ele>
      </trkpt>
      <trkpt lat="37.68544997088611" lon="-122.48973995447159">
        <ele>146.7</ele>
      </trkpt>
      <trkpt lat="37.68528996035457" lon="-122.48975998722017">
        <ele>147.1</ele>
      </trkpt>
      <trkpt lat="37.683139918372035" lon="-122.49020992778242">
        <ele>143.5</ele>
      </trkpt>
      <trkpt lat="37.682539941743016" lon="-122.49024999327958">
        <ele>142.6</ele>
      </trkpt>
      <trkpt lat="37.67974994145334" lon="-122.4907699227333">
        <ele>144.8</ele>
      </trkpt>
      <trkpt lat="37.67906991764903" lon="-122.49087997712195">
        <ele>145.6</ele>
      </trkpt>
      <trkpt lat="37.678369944915175" lon="-122.49092993326485">
        <ele>147.5</ele>
      </trkpt>
      <trkpt lat="37.67768992111087" lon="-122.4909099843353">
        <ele>152.2</ele>
      </trkpt>
      <trkpt lat="37.67715993337333" lon="-122.49085994437337">
        <ele>155.3</ele>
      </trkpt>
      <trkpt lat="37.67669993452728" lon="-122.49078995548189">
        <ele>156.7</ele>
      </trkpt>
      <trkpt lat="37.67598998732865" lon="-122.49059993773699">
        <ele>162.4</ele>
      </trkpt>
      <trkpt lat="37.67104994505644" lon="-122.4885099940002">
        <ele>205.9</ele>
      </trkpt>
      <trkpt lat="37.67085992731154" lon="-122.4883699323982">
        <ele>206.8</ele>
      </trkpt>
      <trkpt lat="37.67029993236065" lon="-122.48786995187402">
        <ele>200.4</ele>
      </trkpt>
      <trkpt lat="37.6700899656862" lon="-122.48771999962628">
        <ele>199.4</ele>
      </trkpt>
      <trkpt lat="37.669969936832786" lon="-122.48765998519957">
        <ele>200.7</ele>
      </trkpt>
      <trkpt lat="37.669709930196404" lon="-122.48756996355951">
        <ele>205.3</ele>
      </trkpt>
      <trkpt lat="37.66807998530567" lon="-122.48706998303533">
        <ele>219.4</ele>
      </trkpt>
      <trkpt lat="37.66786993481219" lon="-122.48696998693049">
        <ele>219.2</ele>
      </trkpt>
      <trkpt lat="37.66741999424994" lon="-122.48663999140263">
        <ele>213.5</ele>
      </trkpt>
      <trkpt lat="37.667239950969815" lon="-122.48657997697592">
        <ele>209.2</ele>
      </trkpt>
      <trkpt lat="37.667069965973496" lon="-122.48655994422734">
        <ele>205.3</ele>
      </trkpt>
      <trkpt lat="37.664339980110526" lon="-122.48662993311882">
        <ele>149.4</ele>
      </trkpt>
      <trkpt lat="37.6641599368304" lon="-122.48660998418927">
        <ele>146.5</ele>
      </trkpt>
      <trkpt lat="37.66387998126447" lon="-122.48650998808444">
        <ele>140.1</ele>
      </trkpt>
      <trkpt lat="37.66237995587289" lon="-122.48566995374858">
        <ele>116.9</ele>
      </trkpt>
      <trkpt lat="37.66223997808993" lon="-122.485649921">
        <ele>106.8</ele>
      </trkpt>
      <trkpt lat="37.662079967558384" lon="-122.48568998649716">
        <ele>99.0</ele>
      </trkpt>
      <trkpt lat="37.66195993870497" lon="-122.485789982602">
        <ele>92.2</ele>
      </trkpt>
      <trkpt lat="37.66185994260013" lon="-122.48594999313354">
        <ele>85.7</ele>
      </trkpt>
      <trkpt lat="37.66131998039782" lon="-122.48749997466803">
        <ele>79.6</ele>
      </trkpt>
      <trkpt lat="37.661269940435886" lon="-122.48776995576918">
        <ele>74.1</ele>
      </trkpt>
      <trkpt lat="37.661269940435886" lon="-122.48821998015046">
        <ele>66.0</ele>
      </trkpt>
      <trkpt lat="37.66055999323726" lon="-122.48823992908001">
        <ele>61.3</ele>
      </trkpt>
      <trkpt lat="37.660579942166805" lon="-122.4894799478352">
        <ele>89.6</ele>
      </trkpt>
      <trkpt lat="37.66064993105829" lon="-122.49004991725087">
        <ele>90.1</ele>
      </trkpt>
      <trkpt lat="37.660749927163124" lon="-122.49035996384919">
        <ele>88.9</ele>
      </trkpt>
      <trkpt lat="37.66088998876512" lon="-122.49070999212563">
        <ele>84.0</ele>
      </trkpt>
      <trkpt lat="37.66092997044325" lon="-122.49085994437337">
        <ele>82.6</ele>
      </trkpt>
      <trkpt lat="37.6609599776566" lon="-122.49115993268788">
        <ele>80.0</ele>
      </trkpt>
      <trkpt lat="37.660919995978475" lon="-122.49143997207284">
        <ele>76.5</ele>
      </trkpt>
      <trkpt lat="37.66084992326796" lon="-122.49163996428251">
        <ele>70.5</ele>
      </trkpt>
      <trkpt lat="37.66064993105829" lon="-122.49192997813225">
        <ele>61.8</ele>
      </trkpt>
      <trkpt lat="37.66048992052674" lon="-122.49206995591521">
        <ele>59.9</ele>
      </trkpt>
      <trkpt lat="37.66028992831707" lon="-122.49215997755527">
        <ele>59.1</ele>
      </trkpt>
      <trkpt lat="37.66007996164262" lon="-122.49222996644676">
        <ele>57.8</ele>
      </trkpt>
      <trkpt lat="37.65980998054147" lon="-122.49224999919534">
        <ele>57.1</ele>
      </trkpt>
      <trkpt lat="37.659569922834635" lon="-122.49222996644676">
        <ele>56.9</ele>
      </trkpt>
      <trkpt lat="37.65783998183906" lon="-122.49187993817031">
        <ele>51.8</ele>
      </trkpt>
      <trkpt lat="37.65742993913591" lon="-122.49180994927883">
        <ele>53.6</ele>
      </trkpt>
      <trkpt lat="37.6570799946785" lon="-122.49180994927883">
        <ele>52.9</ele>
      </trkpt>
      <trkpt lat="37.65622998587787" lon="-122.4919499270618">
        <ele>47.7</ele>
      </trkpt>
      <trkpt lat="37.655849950388074" lon="-122.4919499270618">
        <ele>46.8</ele>
      </trkpt>
      <trkpt lat="37.65555993653834" lon="-122.49188999645412">
        <ele>47.1</ele>
      </trkpt>
      <trkpt lat="37.6552699226886" lon="-122.49178991653025">
        <ele>46.8</ele>
      </trkpt>
      <trkpt lat="37.65510999597609" lon="-122.491709953174">
        <ele>46.8</ele>
      </trkpt>
      <trkpt lat="37.654819982126355" lon="-122.4915299937129">
        <ele>44.9</ele>
      </trkpt>
      <trkpt lat="37.654499961063266" lon="-122.49230992980301">
        <ele>39.5</ele>
      </trkpt>
      <trkpt lat="37.65437993220985" lon="-122.49255996197462">
        <ele>37.5</ele>
      </trkpt>
      <trkpt lat="37.65426996164024" lon="-122.49267999082804">
        <ele>36.5</ele>
      </trkpt>
      <trkpt lat="37.654129983857274" lon="-122.49276992864907">
        <ele>35.7</ele>
      </trkpt>
      <trkpt lat="37.6539799477905" lon="-122.492819968611">
        <ele>34.9</ele>
      </trkpt>
      <trkpt lat="37.653189953416586" lon="-122.49294997192919">
        <ele>30.6</ele>
      </trkpt>
      <trkpt lat="37.653039917349815" lon="-122.49295994639397">
        <ele>29.2</ele>
      </trkpt>
      <trkpt lat="37.652929946780205" lon="-122.49291996471584">
        <ele>28.6</ele>
      </trkpt>
      <trkpt lat="37.652739929035306" lon="-122.49280999414623">
        <ele>28.1</ele>
      </trkpt>
      <trkpt lat="37.65239995904267" lon="-122.49252995476127">
        <ele>28.1</ele>
      </trkpt>
      <trkpt lat="37.65226995572448" lon="-122.49247999861836">
        <ele>28.2</ele>
      </trkpt>
      <trkpt lat="37.65170996077359" lon="-122.49249994754791">
        <ele>27.8</ele>
      </trkpt>
      <trkpt lat="37.64943997375667" lon="-122.4928699247539">
        <ele>25.4</ele>
      </trkpt>
      <trkpt lat="37.649299995973706" lon="-122.49291996471584">
        <ele>25.3</ele>
      </trkpt>
      <trkpt lat="37.64895994216204" lon="-122.49311995692551">
        <ele>25.0</ele>
      </trkpt>
      <trkpt lat="37.64752998948097" lon="-122.49335993081331">
        <ele>24.3</ele>
      </trkpt>
      <trkpt lat="37.64743996784091" lon="-122.49334995634854">
        <ele>24.4</ele>
      </trkpt>
      <trkpt lat="37.6473799534142" lon="-122.49251998029649">
        <ele>25.4</ele>
      </trkpt>
      <trkpt lat="37.647279957309365" lon="-122.49167994596064">
        <ele>25.6</ele>
      </trkpt>
      <trkpt lat="37.64638996683061" lon="-122.49193995259702">
        <ele>21.9</ele>
      </trkpt>
      <trkpt lat="37.64597992412746" lon="-122.49226994812489">
        <ele>26.6</ele>
      </trkpt>
      <trkpt lat="37.64590993523598" lon="-122.49236994422972">
        <ele>26.3</ele>
      </trkpt>
      <trkpt lat="37.64569996856153" lon="-122.49255996197462">
        <ele>25.4</ele>
      </trkpt>
      <trkpt lat="37.64558999799192" lon="-122.49258996918797">
        <ele>25.5</ele>
      </trkpt>
      <trkpt lat="37.645519925281405" lon="-122.4926299508661">
        <ele>25.3</ele>
      </trkpt>
      <trkpt lat="37.64528992585838" lon="-122.49268996529281">
        <ele>25.1</ele>
      </trkpt>
      <trkpt lat="37.64511994086206" lon="-122.49269993975759">
        <ele>25.5</ele>
      </trkpt>
      <trkpt lat="37.6445999275893" lon="-122.49268996529281">
        <ele>25.6</ele>
      </trkpt>
      <trkpt lat="37.641949988901615" lon="-122.49255996197462">
        <ele>14.1</ele>
      </trkpt>
      <trkpt lat="37.638189950957894" lon="-122.49240992590785">
        <ele>12.1</ele>
      </trkpt>
      <trkpt lat="37.63720993883908" lon="-122.49226994812489">
        <ele>12.3</ele>
      </trkpt>
      <trkpt lat="37.63650996610522" lon="-122.49218998476863">
        <ele>12.6</ele>
      </trkpt>
      <trkpt lat="37.635269947350025" lon="-122.49207993037999">
        <ele>11.7</ele>
      </trkpt>
      <trkpt lat="37.634649937972426" lon="-122.49204992316663">
        <ele>10.8</ele>
      </trkpt>
      <trkpt lat="37.63378995470703" lon="-122.49209996312857">
        <ele>9.3</ele>
      </trkpt>
      <trkpt lat="37.63337999582291" lon="-122.49214991927147">
        <ele>8.1</ele>
      </trkpt>
      <trkpt lat="37.63305997475982" lon="-122.49225997366011">
        <ele>6.9</ele>
      </trkpt>
      <trkpt lat="37.63249997980893" lon="-122.49254998750985">
        <ele>5.6</ele>
      </trkpt>
      <trkpt lat="37.63237995095551" lon="-122.4925699364394">
        <ele>7.0</ele>
      </trkpt>
      <trkpt lat="37.62988993898034" lon="-122.4925799947232">
        <ele>4.2</ele>
      </trkpt>
      <trkpt lat="37.62987996451557" lon="-122.49168992042542">
        <ele>3.9</ele>
      </trkpt>
      <trkpt lat="37.62975993566215" lon="-122.49154994264245">
        <ele>3.9</ele>
      </trkpt>
      <trkpt lat="37.629509987309575" lon="-122.49111995100975">
        <ele>4.0</ele>
      </trkpt>
      <trkpt lat="37.62939993292093" lon="-122.49098994769156">
        <ele>4.2</ele>
      </trkpt>
      <trkpt lat="37.62909994460642" lon="-122.49075994826853">
        <ele>5.2</ele>
      </trkpt>
      <trkpt lat="37.62895996682346" lon="-122.49067998491228">
        <ele>5.5</ele>
      </trkpt>
      <trkpt lat="37.628779923543334" lon="-122.49061997048557">
        <ele>6.1</ele>
      </trkpt>
      <trkpt lat="37.62866995297372" lon="-122.49055995605886">
        <ele>6.2</ele>
      </trkpt>
      <trkpt lat="37.62855998240411" lon="-122.49045995995402">
        <ele>6.0</ele>
      </trkpt>
      <trkpt lat="37.628479935228825" lon="-122.4903399311006">
        <ele>5.6</ele>
      </trkpt>
      <trkpt lat="37.628369964659214" lon="-122.49010993167758">
        <ele>5.3</ele>
      </trkpt>
      <trkpt lat="37.6282499358058" lon="-122.48980994336307">
        <ele>5.5</ele>
      </trkpt>
      <trkpt lat="37.62823996134102" lon="-122.48967994004488">
        <ele>5.1</ele>
      </trkpt>
      <trkpt lat="37.62752993032336" lon="-122.48957994394004">
        <ele>8.6</ele>
      </trkpt>
      <trkpt lat="37.62721996754408" lon="-122.48951992951334">
        <ele>8.8</ele>
      </trkpt>
      <trkpt lat="37.62687999755144" lon="-122.48939998447895">
        <ele>8.9</ele>
      </trkpt>
      <trkpt lat="37.6267199870199" lon="-122.48931993730366">
        <ele>9.2</ele>
      </trkpt>
      <trkpt lat="37.626569950953126" lon="-122.48929998837411">
        <ele>8.9</ele>
      </trkpt>
      <trkpt lat="37.626309944316745" lon="-122.48910997062922">
        <ele>10.4</ele>
      </trkpt>
      <trkpt lat="37.626179940998554" lon="-122.48899991624057">
        <ele>11.9</ele>
      </trkpt>
      <trkpt lat="37.6260999776423" lon="-122.48885993845761">
        <ele>13.1</ele>
      </trkpt>
      <trkpt lat="37.62584994547069" lon="-122.4886199645698">
        <ele>14.7</ele>
      </trkpt>
      <trkpt lat="37.62538994662464" lon="-122.48808997683227">
        <ele>13.9</ele>
      </trkpt>
      <trkpt lat="37.62500999495387" lon="-122.4876999668777">
        <ele>16.0</ele>
      </trkpt>
      <trkpt lat="37.62405999004841" lon="-122.48685993254185">
        <ele>16.8</ele>
      </trkpt>
      <trkpt lat="37.623449955135584" lon="-122.4862699303776">
        <ele>16.4</ele>
      </trkpt>
      <trkpt lat="37.622849978506565" lon="-122.48572996817529">
        <ele>16.2</ele>
      </trkpt>
      <trkpt lat="37.622659960761666" lon="-122.48557993210852">
        <ele>16.4</ele>
      </trkpt>
      <trkpt lat="37.622379921376705" lon="-122.48546996153891">
        <ele>16.3</ele>
      </trkpt>
      <trkpt lat="37.622249918058515" lon="-122.48545998707414">
        <ele>16.3</ele>
      </trkpt>
      <trkpt lat="37.62212997302413" lon="-122.48548999428749">
        <ele>16.3</ele>
      </trkpt>
      <trkpt lat="37.621989995241165" lon="-122.48555998317897">
        <ele>15.8</ele>
      </trkpt>
      <trkpt lat="37.62171993032098" lon="-122.48574991710484">
        <ele>15.5</ele>
      </trkpt>
      <trkpt lat="37.62152999639511" lon="-122.48579995706677">
        <ele>15.4</ele>
      </trkpt>
      <trkpt lat="37.620659954845905" lon="-122.48584999702871">
        <ele>15.5</ele>
      </trkpt>
      <trkpt lat="37.62064998038113" lon="-122.48518992215395">
        <ele>17.1</ele>
      </trkpt>
      <trkpt lat="37.61948992498219" lon="-122.48519998043776">
        <ele>21.1</ele>
      </trkpt>
      <trkpt lat="37.618119986727834" lon="-122.48533995822072">
        <ele>29.1</ele>
      </trkpt>
      <trkpt lat="37.61679992079735" lon="-122.48537993989885">
        <ele>30.4</ele>
      </trkpt>
      <trkpt lat="37.61656992137432" lon="-122.48539997264743">
        <ele>30.4</ele>
      </trkpt>
      <trkpt lat="37.61619994416833" lon="-122.48547993600368">
        <ele>30.4</ele>
      </trkpt>
      <trkpt lat="37.61563994921744" lon="-122.48567992821336">
        <ele>29.2</ele>
      </trkpt>
      <trkpt lat="37.61527994647622" lon="-122.48587992042303">
        <ele>26.7</ele>
      </trkpt>
      <trkpt lat="37.614879962056875" lon="-122.48613992705941">
        <ele>24.9</ele>
      </trkpt>
      <trkpt lat="37.61466999538243" lon="-122.48629993759096">
        <ele>24.6</ele>
      </trkpt>
      <trkpt lat="37.6144399959594" lon="-122.48651996254921">
        <ele>23.7</ele>
      </trkpt>
      <trkpt lat="37.61407999321818" lon="-122.48692992143333">
        <ele>24.4</ele>
      </trkpt>
      <trkpt lat="37.61363994330168" lon="-122.4875099491328">
        <ele>23.2</ele>
      </trkpt>
      <trkpt lat="37.61262992396951" lon="-122.4889899417758">
        <ele>21.0</ele>
      </trkpt>
      <trkpt lat="37.61202994734049" lon="-122.48991999775171">
        <ele>19.4</ele>
      </trkpt>
      <trkpt lat="37.61174999177456" lon="-122.49038997106254">
        <ele>18.2</ele>
      </trkpt>
      <trkpt lat="37.611099975183606" lon="-122.4915799498558">
        <ele>14.7</ele>
      </trkpt>
      <trkpt lat="37.610629918053746" lon="-122.49236994422972">
        <ele>14.9</ele>
      </trkpt>
      <trkpt lat="37.609379924833775" lon="-122.49441999010742">
        <ele>11.6</ele>
      </trkpt>
      <trkpt lat="37.607769928872585" lon="-122.49691997654736">
        <ele>15.3</ele>
      </trkpt>
      <trkpt lat="37.60749994777143" lon="-122.49725994654">
        <ele>16.8</ele>
      </trkpt>
      <trkpt lat="37.60717992670834" lon="-122.49758994206786">
        <ele>21.0</ele>
      </trkpt>
      <trkpt lat="37.606989992782474" lon="-122.49775992706418">
        <ele>21.3</ele>
      </trkpt>
      <trkpt lat="37.606669971719384" lon="-122.49799998477101">
        <ele>26.8</ele>
      </trkpt>
      <trkpt lat="37.60642999783158" lon="-122.49814993701875">
        <ele>36.1</ele>
      </trkpt>
      <trkpt lat="37.606069995090365" lon="-122.49832998029888">
        <ele>39.6</ele>
      </trkpt>
      <trkpt lat="37.60582993738353" lon="-122.49842997640371">
        <ele>39.8</ele>
      </trkpt>
      <trkpt lat="37.60544998571277" lon="-122.49853994697332">
        <ele>40.3</ele>
      </trkpt>
      <trkpt lat="37.60506995022297" lon="-122.49859996140003">
        <ele>39.2</ele>
      </trkpt>
      <trkpt lat="37.60480994358659" lon="-122.49861999414861">
        <ele>33.8</ele>
      </trkpt>
      <trkpt lat="37.604419933632016" lon="-122.4986099358648">
        <ele>31.7</ele>
      </trkpt>
      <trkpt lat="37.604159926995635" lon="-122.49856995418668">
        <ele>31.9</ele>
      </trkpt>
      <trkpt lat="37.60313993319869" lon="-122.49835998751223">
        <ele>25.0</ele>
      </trkpt>
      <trkpt lat="37.60274992324412" lon="-122.49829997308552">
        <ele>19.2</ele>
      </trkpt>
      <trkpt lat="37.60235999710858" lon="-122.49829997308552">
        <ele>15.8</ele>
      </trkpt>
      <trkpt lat="37.60197996161878" lon="-122.49834992922843">
        <ele>14.8</ele>
      </trkpt>
      <trkpt lat="37.6017199549824" lon="-122.49841991811991">
        <ele>9.8</ele>
      </trkpt>
      <trkpt lat="37.60122994892299" lon="-122.49861999414861">
        <ele>10.0</ele>
      </trkpt>
      <trkpt lat="37.60098997503519" lon="-122.49875997193158">
        <ele>14.7</ele>
      </trkpt>
      <trkpt lat="37.60076995007694" lon="-122.49891998246312">
        <ele>15.8</ele>
      </trkpt>
      <trkpt lat="37.600549925118685" lon="-122.49910991638899">
        <ele>11.8</ele>
      </trkpt>
      <trkpt lat="37.59888997301459" lon="-122.50078998506069">
        <ele>4.1</ele>
      </trkpt>
      <trkpt lat="37.59859995916486" lon="-122.5010299589485">
        <ele>4.3</ele>
      </trkpt>
      <trkpt lat="37.59593996219337" lon="-122.50383999198675">
        <ele>5.7</ele>
      </trkpt>
      <trkpt lat="37.595369992777705" lon="-122.50441993586719">
        <ele>5.7</ele>
      </trkpt>
      <trkpt lat="37.594809997826815" lon="-122.50503994524479">
        <ele>7.0</ele>
      </trkpt>
      <trkpt lat="37.59431999176741" lon="-122.50554998405278">
        <ele>8.2</ele>
      </trkpt>
      <trkpt lat="37.594169955700636" lon="-122.50567998737097">
        <ele>7.9</ele>
      </trkpt>
      <trkpt lat="37.593829985708" lon="-122.50584997236729">
        <ele>5.9</ele>
      </trkpt>
      <trkpt lat="37.59350996464491" lon="-122.50589992851019">
        <ele>4.0</ele>
      </trkpt>
      <trkpt lat="37.59329999797046" lon="-122.50587997958064">
        <ele>3.3</ele>
      </trkpt>
      <trkpt lat="37.593159936368465" lon="-122.50584997236729">
        <ele>4.7</ele>
      </trkpt>
      <trkpt lat="37.59298995137215" lon="-122.5057799834758">
        <ele>8.3</ele>
      </trkpt>
      <trkpt lat="37.59284997358918" lon="-122.50569993630052">
        <ele>11.1</ele>
      </trkpt>
      <trkpt lat="37.591179963201284" lon="-122.50426998361945">
        <ele>33.0</ele>
      </trkpt>
      <trkpt lat="37.59088994935155" lon="-122.5040499586612">
        <ele>32.9</ele>
      </trkpt>
      <trkpt lat="37.590599935501814" lon="-122.50392992980778">
        <ele>33.9</ele>
      </trkpt>
      <trkpt lat="37.59036993607879" lon="-122.50388994812965">
        <ele>34.1</ele>
      </trkpt>
      <trkpt lat="37.5902499910444" lon="-122.50389992259443">
        <ele>34.2</ele>
      </trkpt>
      <trkpt lat="37.59006994776428" lon="-122.50394996255636">
        <ele>34.8</ele>
      </trkpt>
      <trkpt lat="37.58987993001938" lon="-122.5040499586612">
        <ele>37.6</ele>
      </trkpt>
      <trkpt lat="37.58970994502306" lon="-122.50417996197939">
        <ele>40.5</ele>
      </trkpt>
      <trkpt lat="37.588929925113916" lon="-122.50503994524479">
        <ele>48.4</ele>
      </trkpt>
      <trkpt lat="37.58877997286618" lon="-122.50517992302775">
        <ele>50.8</ele>
      </trkpt>
      <trkpt lat="37.58865994401276" lon="-122.50525997020304">
        <ele>51.7</ele>
      </trkpt>
      <trkpt lat="37.588519966229796" lon="-122.50531998462975">
        <ele>51.9</ele>
      </trkpt>
      <trkpt lat="37.588259959593415" lon="-122.50536994077265">
        <ele>50.8</ele>
      </trkpt>
      <trkpt lat="37.58809994906187" lon="-122.50535996630788">
        <ele>49.8</ele>
      </trkpt>
      <trkpt lat="37.58796994574368" lon="-122.50532995909452">
        <ele>49.1</ele>
      </trkpt>
      <trkpt lat="37.58772997185588" lon="-122.50520993024111">
        <ele>53.9</ele>
      </trkpt>
      <trkpt lat="37.586929919198155" lon="-122.50445991754532">
        <ele>64.8</ele>
      </trkpt>
      <trkpt lat="37.586669996380806" lon="-122.504289932549">
        <ele>67.0</ele>
      </trkpt>
      <trkpt lat="37.586559941992164" lon="-122.50424995087087">
        <ele>69.1</ele>
      </trkpt>
      <trkpt lat="37.58639993146062" lon="-122.50421994365752">
        <ele>73.6</ele>
      </trkpt>
      <trkpt lat="37.5862299464643" lon="-122.50421994365752">
        <ele>75.5</ele>
      </trkpt>
      <trkpt lat="37.58594999089837" lon="-122.50431993976235">
        <ele>76.4</ele>
      </trkpt>
      <trkpt lat="37.585699958726764" lon="-122.50454993918538">
        <ele>75.3</ele>
      </trkpt>
      <trkpt lat="37.58557992987335" lon="-122.5047299824655">
        <ele>75.3</ele>
      </trkpt>
      <trkpt lat="37.58546995930374" lon="-122.50503994524479">
        <ele>79.3</ele>
      </trkpt>
      <trkpt lat="37.58504994213581" lon="-122.50697993673384">
        <ele>89.2</ele>
      </trkpt>
      <trkpt lat="37.58497995324433" lon="-122.5074399355799">
        <ele>95.7</ele>
      </trkpt>
      <trkpt lat="37.584779961034656" lon="-122.50800998881459">
        <ele>94.8</ele>
      </trkpt>
      <trkpt lat="37.584629924967885" lon="-122.5083099771291">
        <ele>94.4</ele>
      </trkpt>
      <trkpt lat="37.58444996550679" lon="-122.50858993269503">
        <ele>93.9</ele>
      </trkpt>
      <trkpt lat="37.584239998832345" lon="-122.50883996486664">
        <ele>93.4</ele>
      </trkpt>
      <trkpt lat="37.58399994112551" lon="-122.50905998982489">
        <ele>93.0</ele>
      </trkpt>
      <trkpt lat="37.58367992006242" lon="-122.50927993096411">
        <ele>92.4</ele>
      </trkpt>
      <trkpt lat="37.580799981951714" lon="-122.51085991971195">
        <ele>87.2</ele>
      </trkpt>
      <trkpt lat="37.57186998613179" lon="-122.51572997309268">
        <ele>71.4</ele>
      </trkpt>
      <trkpt lat="37.57155993953347" lon="-122.51585997641087">
        <ele>70.9</ele>
      </trkpt>
      <trkpt lat="37.57120999507606" lon="-122.51594999805093">
        <ele>73.6</ele>
      </trkpt>
      <trkpt lat="37.57090992294252" lon="-122.5159599725157">
        <ele>75.4</ele>
      </trkpt>
      <trkpt lat="37.57058998569846" lon="-122.51592996530235">
        <ele>80.7</ele>
      </trkpt>
      <trkpt lat="37.57019997574389" lon="-122.51581999473274">
        <ele>75.3</ele>
      </trkpt>
      <trkpt lat="37.570019932463765" lon="-122.51572997309268">
        <ele>68.2</ele>
      </trkpt>
      <trkpt lat="37.56967996247113" lon="-122.51550994813442">
        <ele>66.6</ele>
      </trkpt>
      <trkpt lat="37.56953998468816" lon="-122.51535999588668">
        <ele>68.2</ele>
      </trkpt>
      <trkpt lat="37.56824992597103" lon="-122.51425995491445">
        <ele>54.6</ele>
      </trkpt>
      <trkpt lat="37.56767995655537" lon="-122.51388997770846">
        <ele>54.5</ele>
      </trkpt>
      <trkpt lat="37.56555992178619" lon="-122.51297995448112">
        <ele>35.2</ele>
      </trkpt>
      <trkpt lat="37.564689964056015" lon="-122.51263998448849">
        <ele>36.9</ele>
      </trkpt>
      <trkpt lat="37.56441998295486" lon="-122.51257997006178">
        <ele>41.6</ele>
      </trkpt>
      <trkpt lat="37.564049921929836" lon="-122.512569995597">
        <ele>44.5</ele>
      </trkpt>
      <trkpt lat="37.56388999521732" lon="-122.51258994452655">
        <ele>44.6</ele>
      </trkpt>
      <trkpt lat="37.56362998858094" lon="-122.51265993341804">
        <ele>43.1</ele>
      </trkpt>
      <trkpt lat="37.56323997862637" lon="-122.51288993284106">
        <ele>41.1</ele>
      </trkpt>
      <trkpt lat="37.56297997198999" lon="-122.51308992505074">
        <ele>42.6</ele>
      </trkpt>
      <trkpt lat="37.562709990888834" lon="-122.51332998275757">
        <ele>48.9</ele>
      </trkpt>
      <trkpt lat="37.56244998425245" lon="-122.51349996775389">
        <ele>50.0</ele>
      </trkpt>
      <trkpt lat="37.562309922650456" lon="-122.51356995664537">
        <ele>46.0</ele>
      </trkpt>
      <trkpt lat="37.5620399415493" lon="-122.51362997107208">
        <ele>44.3</ele>
      </trkpt>
      <trkpt lat="37.561789993196726" lon="-122.5136099383235">
        <ele>44.5</ele>
      </trkpt>
      <trkpt lat="37.56162998266518" lon="-122.51354992389679">
        <ele>44.6</ele>
      </trkpt>
      <trkpt lat="37.56069992668927" lon="-122.51310995779932">
        <ele>44.9</ele>
      </trkpt>
      <trkpt lat="37.560439920052886" lon="-122.51307995058596">
        <ele>44.0</ele>
      </trkpt>
      <trkpt lat="37.560309916734695" lon="-122.51308992505074">
        <ele>43.5</ele>
      </trkpt>
      <trkpt lat="37.56017999723554" lon="-122.5131299905479">
        <ele>43.0</ele>
      </trkpt>
      <trkpt lat="37.560029961168766" lon="-122.51318992115557">
        <ele>42.8</ele>
      </trkpt>
      <trkpt lat="37.5598899833858" lon="-122.51327994279563">
        <ele>42.5</ele>
      </trkpt>
      <trkpt lat="37.559769954532385" lon="-122.51338999718428">
        <ele>41.7</ele>
      </trkpt>
      <trkpt lat="37.55923996679485" lon="-122.51418996602297">
        <ele>40.1</ele>
      </trkpt>
      <trkpt lat="37.55910996347666" lon="-122.51434997655451">
        <ele>40.6</ele>
      </trkpt>
      <trkpt lat="37.55897996015847" lon="-122.51445994712412">
        <ele>41.3</ele>
      </trkpt>
      <trkpt lat="37.55870997905731" lon="-122.51459992490709">
        <ele>38.9</ele>
      </trkpt>
      <trkpt lat="37.55857997573912" lon="-122.51462993212044">
        <ele>36.8</ele>
      </trkpt>
      <trkpt lat="37.55833991803229" lon="-122.51461995765567">
        <ele>37.2</ele>
      </trkpt>
      <trkpt lat="37.55816993303597" lon="-122.51456991769373">
        <ele>38.2</ele>
      </trkpt>
      <trkpt lat="37.55794999189675" lon="-122.51445994712412">
        <ele>39.1</ele>
      </trkpt>
      <trkpt lat="37.55784999579191" lon="-122.51438995823264">
        <ele>40.0</ele>
      </trkpt>
      <trkpt lat="37.55768998526037" lon="-122.51424998044968">
        <ele>41.4</ele>
      </trkpt>
      <trkpt lat="37.55708992481232" lon="-122.51343995332718">
        <ele>39.4</ele>
      </trkpt>
      <trkpt lat="37.556849950924516" lon="-122.5132399611175">
        <ele>38.1</ele>
      </trkpt>
      <trkpt lat="37.55659991875291" lon="-122.51308992505074">
        <ele>41.9</ele>
      </trkpt>
      <trkpt lat="37.55635994486511" lon="-122.51297995448112">
        <ele>47.4</ele>
      </trkpt>
      <trkpt lat="37.55614997819066" lon="-122.51291994005442">
        <ele>42.5</ele>
      </trkpt>
      <trkpt lat="37.55548998713493" lon="-122.51278993673623">
        <ele>35.5</ele>
      </trkpt>
      <trkpt lat="37.55187998525798" lon="-122.51213992014527">
        <ele>20.5</ele>
      </trkpt>
      <trkpt lat="37.550939954817295" lon="-122.51197999343276">
        <ele>20.9</ele>
      </trkpt>
      <trkpt lat="37.550269989296794" lon="-122.51189994625747">
        <ele>18.9</ele>
      </trkpt>
      <trkpt lat="37.54998994991183" lon="-122.5118899717927">
        <ele>16.7</ele>
      </trkpt>
      <trkpt lat="37.549389973282814" lon="-122.5119499862194">
        <ele>17.7</ele>
      </trkpt>
      <trkpt lat="37.54875998944044" lon="-122.51208996400237">
        <ele>17.1</ele>
      </trkpt>
      <trkpt lat="37.54815992899239" lon="-122.51230998896062">
        <ele>13.8</ele>
      </trkpt>
      <trkpt lat="37.54783999174833" lon="-122.51247997395694">
        <ele>12.6</ele>
      </trkpt>
      <trkpt lat="37.54723993130028" lon="-122.51284995116293">
        <ele>10.0</ele>
      </trkpt>
      <trkpt lat="37.54617995582521" lon="-122.51359996385872">
        <ele>16.0</ele>
      </trkpt>
      <trkpt lat="37.54301997832954" lon="-122.51573994755745">
        <ele>30.8</ele>
      </trkpt>
      <trkpt lat="37.54282996058464" lon="-122.51584991812706">
        <ele>29.6</ele>
      </trkpt>
      <trkpt lat="37.54235998727381" lon="-122.51604999415576">
        <ele>29.5</ele>
      </trkpt>
      <trkpt lat="37.54014993086457" lon="-122.51670998521149">
        <ele>26.5</ele>
      </trkpt>
      <trkpt lat="37.53710998222232" lon="-122.51757994294167">
        <ele>24.8</ele>
      </trkpt>
      <trkpt lat="37.536199958994985" lon="-122.51779996789992">
        <ele>26.3</ele>
      </trkpt>
      <trkpt lat="37.53529999405146" lon="-122.51790993846953">
        <ele>29.3</ele>
      </trkpt>
      <trkpt lat="37.53454998135567" lon="-122.51789996400476">
        <ele>31.3</ele>
      </trkpt>
      <trkpt lat="37.533709947019815" lon="-122.51779996789992">
        <ele>33.8</ele>
      </trkpt>
      <trkpt lat="37.53326998092234" lon="-122.51769997179508">
        <ele>30.0</ele>
      </trkpt>
      <trkpt lat="37.532829931005836" lon="-122.51756996847689">
        <ele>29.8</ele>
      </trkpt>
      <trkpt lat="37.53240999765694" lon="-122.51741993241012">
        <ele>29.3</ele>
      </trkpt>
      <trkpt lat="37.53194999881089" lon="-122.51720996573567">
        <ele>23.6</ele>
      </trkpt>
      <trkpt lat="37.53156996332109" lon="-122.517009973526">
        <ele>23.7</ele>
      </trkpt>
      <trkpt lat="37.53085993230343" lon="-122.5165699236095">
        <ele>23.3</ele>
      </trkpt>
      <trkpt lat="37.53050998784602" lon="-122.51630991697311">
        <ele>21.2</ele>
      </trkpt>
      <trkpt lat="37.529819989576936" lon="-122.51569996587932">
        <ele>20.1</ele>
      </trkpt>
      <trkpt lat="37.52523995004594" lon="-122.51117994077504">
        <ele>19.2</ele>
      </trkpt>
      <trkpt lat="37.522739963606" lon="-122.5086799543351">
        <ele>23.4</ele>
      </trkpt>
      <trkpt lat="37.52217996865511" lon="-122.50804997049272">
        <ele>24.2</ele>
      </trkpt>
      <trkpt lat="37.52140992321074" lon="-122.50704992562532">
        <ele>26.8</ele>
      </trkpt>
      <trkpt lat="37.52093994989991" lon="-122.50634995289147">
        <ele>24.8</ele>
      </trkpt>
      <trkpt lat="37.52048992551863" lon="-122.50559994019568">
        <ele>25.3</ele>
      </trkpt>
      <trkpt lat="37.514649918302894" lon="-122.49471997842193">
        <ele>17.8</ele>
      </trkpt>
      <trkpt lat="37.51412998884916" lon="-122.49390995129943">
        <ele>17.6</ele>
      </trkpt>
      <trkpt lat="37.51093992032111" lon="-122.48956996947527">
        <ele>14.4</ele>
      </trkpt>
      <trkpt lat="37.50986997038126" lon="-122.48807991854846">
        <ele>12.7</ele>
      </trkpt>
      <trkpt lat="37.50854395329952" lon="-122.48634193092585">
        <ele>10.7</ele>
      </trkpt>
      <trkpt lat="37.50675994902849" lon="-122.48393992893398">
        <ele>8.8</ele>
      </trkpt>
      <trkpt lat="37.506379997357726" lon="-122.48333995230496">
        <ele>10.2</ele>
      </trkpt>
      <trkpt lat="37.5060099363327" lon="-122.48274995014071">
        <ele>10.8</ele>
      </trkpt>
      <trkpt lat="37.50559997744858" lon="-122.48200999572873">
        <ele>11.1</ele>
      </trkpt>
      <trkpt lat="37.505219941958785" lon="-122.48120994307101">
        <ele>11.3</ele>
      </trkpt>
      <trkpt lat="37.50388998538256" lon="-122.47806999832392">
        <ele>8.8</ele>
      </trkpt>
      <trkpt lat="37.49599993228912" lon="-122.45770993642509">
        <ele>17.3</ele>
      </trkpt>
      <trkpt lat="37.495289985090494" lon="-122.45858995243907">
        <ele>14.4</ele>
      </trkpt>
      <trkpt lat="37.494409969076514" lon="-122.45976995676756">
        <ele>9.7</ele>
      </trkpt>
      <trkpt lat="37.493829941377044" lon="-122.46051996946335">
        <ele>7.5</ele>
      </trkpt>
      <trkpt lat="37.49349994584918" lon="-122.459979923442">
        <ele>7.5</ele>
      </trkpt>
      <trkpt lat="37.493359968066216" lon="-122.45980993844569">
        <ele>7.6</ele>
      </trkpt>
      <trkpt lat="37.49312996864319" lon="-122.4594399612397">
        <ele>7.6</ele>
      </trkpt>
      <trkpt lat="37.49302997253835" lon="-122.45944993570447">
        <ele>7.7</ele>
      </trkpt>
      <trkpt lat="37.492949925363064" lon="-122.45942998677492">
        <ele>7.6</ele>
      </trkpt>
      <trkpt lat="37.49211994931102" lon="-122.45840999297798">
        <ele>7.8</ele>
      </trkpt>
      <trkpt lat="37.49185994267464" lon="-122.45823992416263">
        <ele>7.6</ele>
      </trkpt>
      <trkpt lat="37.491639917716384" lon="-122.45796994306147">
        <ele>7.8</ele>
      </trkpt>
      <trkpt lat="37.49158996157348" lon="-122.45787992142141">
        <ele>7.8</ele>
      </trkpt>
      <trkpt lat="37.49152994714677" lon="-122.45765998028219">
        <ele>8.1</ele>
      </trkpt>
      <trkpt lat="37.49112996272743" lon="-122.45734993368387">
        <ele>8.0</ele>
      </trkpt>
      <trkpt lat="37.49107992276549" lon="-122.45710995979607">
        <ele>8.1</ele>
      </trkpt>
      <trkpt lat="37.49100993387401" lon="-122.45699998922646">
        <ele>7.9</ele>
      </trkpt>
      <trkpt lat="37.49074992723763" lon="-122.45672992430627">
        <ele>7.2</ele>
      </trkpt>
      <trkpt lat="37.49040995724499" lon="-122.45645994320512">
        <ele>6.4</ele>
      </trkpt>
      <trkpt lat="37.48962993733585" lon="-122.455909922719">
        <ele>5.3</ele>
      </trkpt>
      <trkpt lat="37.48958995565772" lon="-122.45584999211133">
        <ele>5.3</ele>
      </trkpt>
      <trkpt lat="37.489579981192946" lon="-122.45577991940081">
        <ele>5.4</ele>
      </trkpt>
      <trkpt lat="37.4896099884063" lon="-122.45560993440449">
        <ele>5.7</ele>
      </trkpt>
      <trkpt lat="37.48958995565772" lon="-122.45550993829966">
        <ele>5.7</ele>
      </trkpt>
      <trkpt lat="37.48945995233953" lon="-122.45534992776811">
        <ele>6.0</ele>
      </trkpt>
      <trkpt lat="37.48902996070683" lon="-122.4550499394536">
        <ele>6.0</ele>
      </trkpt>
      <trkpt lat="37.48824994079769" lon="-122.45428995229304">
        <ele>7.6</ele>
      </trkpt>
      <trkpt lat="37.4879299197346" lon="-122.4539399240166">
        <ele>8.2</ele>
      </trkpt>
      <trkpt lat="37.48547997325659" lon="-122.45191996917129">
        <ele>10.2</ele>
      </trkpt>
      <trkpt lat="37.48541995882988" lon="-122.45190999470651">
        <ele>10.2</ele>
      </trkpt>
      <trkpt lat="37.48535994440317" lon="-122.45192994363606">
        <ele>10.1</ele>
      </trkpt>
      <trkpt lat="37.48531996272504" lon="-122.45200999081135">
        <ele>9.9</ele>
      </trkpt>
      <trkpt lat="37.48526992276311" lon="-122.45222993195057">
        <ele>9.3</ele>
      </trkpt>
      <trkpt lat="37.48521996662021" lon="-122.45235993526876">
        <ele>9.2</ele>
      </trkpt>
      <trkpt lat="37.485109996050596" lon="-122.45244995690882">
        <ele>9.0</ele>
      </trkpt>
      <trkpt lat="37.48498996719718" lon="-122.45250997133553">
        <ele>8.8</ele>
      </trkpt>
      <trkpt lat="37.48485996387899" lon="-122.4525199458003">
        <ele>8.8</ele>
      </trkpt>
      <trkpt lat="37.48462996445596" lon="-122.45248993858695">
        <ele>8.6</ele>
      </trkpt>
      <trkpt lat="37.484399965032935" lon="-122.45243998244405">
        <ele>8.6</ele>
      </trkpt>
      <trkpt lat="37.48390995897353" lon="-122.45222993195057">
        <ele>8.7</ele>
      </trkpt>
      <trkpt lat="37.4830599501729" lon="-122.45181997306645">
        <ele>8.8</ele>
      </trkpt>
      <trkpt lat="37.48296992853284" lon="-122.45180999860168">
        <ele>8.7</ele>
      </trkpt>
      <trkpt lat="37.482789969071746" lon="-122.45187998749316">
        <ele>8.4</ele>
      </trkpt>
      <trkpt lat="37.48269994743168" lon="-122.45182994753122">
        <ele>8.3</ele>
      </trkpt>
      <trkpt lat="37.48245997354388" lon="-122.45158997364342">
        <ele>8.6</ele>
      </trkpt>
      <trkpt lat="37.4823899846524" lon="-122.4515499919653">
        <ele>8.5</ele>
      </trkpt>
      <trkpt lat="37.48213995248079" lon="-122.45152995921671">
        <ele>8.3</ele>
      </trkpt>
      <trkpt lat="37.48186997137964" lon="-122.45146994479">
        <ele>8.4</ele>
      </trkpt>
      <trkpt lat="37.48154995031655" lon="-122.45131999254227">
        <ele>8.2</ele>
      </trkpt>
      <trkpt lat="37.48135993257165" lon="-122.45115998201072">
        <ele>8.4</ele>
      </trkpt>
      <trkpt lat="37.481349958106875" lon="-122.45111991651356">
        <ele>8.4</ele>
      </trkpt>
      <trkpt lat="37.48135993257165" lon="-122.45102997869253">
        <ele>8.5</ele>
      </trkpt>
      <trkpt lat="37.4815799575299" lon="-122.45087994262576">
        <ele>9.3</ele>
      </trkpt>
      <trkpt lat="37.48167995363474" lon="-122.45075999759138">
        <ele>9.7</ele>
      </trkpt>
      <trkpt lat="37.48212997801602" lon="-122.44980999268591">
        <ele>11.3</ele>
      </trkpt>
      <trkpt lat="37.48205998912454" lon="-122.44975995272398">
        <ele>11.3</ele>
      </trkpt>
      <trkpt lat="37.48178992420435" lon="-122.44966993108392">
        <ele>11.4</ele>
      </trkpt>
      <trkpt lat="37.48129991814494" lon="-122.44959994219244">
        <ele>11.3</ele>
      </trkpt>
      <trkpt lat="37.48124996200204" lon="-122.4495599605143">
        <ele>11.4</ele>
      </trkpt>
      <trkpt lat="37.48096992261708" lon="-122.44918998330832">
        <ele>11.7</ele>
      </trkpt>
      <trkpt lat="37.480899933725595" lon="-122.44913994334638">
        <ele>11.7</ele>
      </trkpt>
      <trkpt lat="37.48081997036934" lon="-122.44910993613303">
        <ele>11.7</ele>
      </trkpt>
      <trkpt lat="37.48070999979973" lon="-122.44909996166825">
        <ele>11.7</ele>
      </trkpt>
      <trkpt lat="37.48056993819773" lon="-122.44911999441683">
        <ele>11.4</ele>
      </trkpt>
      <trkpt lat="37.48043993487954" lon="-122.44915997609496">
        <ele>11.2</ele>
      </trkpt>
      <trkpt lat="37.480019917711616" lon="-122.44936994276941">
        <ele>10.3</ele>
      </trkpt>
      <trkpt lat="37.479909947142005" lon="-122.44935996830463">
        <ele>10.2</ele>
      </trkpt>
      <trkpt lat="37.479719929397106" lon="-122.44922996498644">
        <ele>10.1</ele>
      </trkpt>
      <trkpt lat="37.47924995608628" lon="-122.44875999167562">
        <ele>10.3</ele>
      </trkpt>
      <trkpt lat="37.4785599578172" lon="-122.4484499450773">
        <ele>9.8</ele>
      </trkpt>
      <trkpt lat="37.478429954499006" lon="-122.44834994897246">
        <ele>9.7</ele>
      </trkpt>
      <trkpt lat="37.47819995507598" lon="-122.44806999340653">
        <ele>9.7</ele>
      </trkpt>
      <trkpt lat="37.47759997844696" lon="-122.44760999456048">
        <ele>9.4</ele>
      </trkpt>
      <trkpt lat="37.47740996070206" lon="-122.44753992184997">
        <ele>9.2</ele>
      </trkpt>
      <trkpt lat="37.477309964597225" lon="-122.44751997292042">
        <ele>9.1</ele>
      </trkpt>
      <trkpt lat="37.47691995464265" lon="-122.44764997623861">
        <ele>8.3</ele>
      </trkpt>
      <trkpt lat="37.47676991857588" lon="-122.44765995070338">
        <ele>8.0</ele>
      </trkpt>
      <trkpt lat="37.4766999296844" lon="-122.4476399179548">
        <ele>7.8</ele>
      </trkpt>
      <trkpt lat="37.476169941946864" lon="-122.4472099263221">
        <ele>7.2</ele>
      </trkpt>
      <trkpt lat="37.475699968636036" lon="-122.44689996354282">
        <ele>6.2</ele>
      </trkpt>
      <trkpt lat="37.47552998363972" lon="-122.44673995301127">
        <ele>6.3</ele>
      </trkpt>
      <trkpt lat="37.47533996589482" lon="-122.44660994969308">
        <ele>6.7</ele>
      </trkpt>
      <trkpt lat="37.47409994713962" lon="-122.44598994031549">
        <ele>6.4</ele>
      </trkpt>
      <trkpt lat="37.473999951034784" lon="-122.44598994031549">
        <ele>6.4</ele>
      </trkpt>
      <trkpt lat="37.4739299621433" lon="-122.44603998027742">
        <ele>6.4</ele>
      </trkpt>
      <trkpt lat="37.47308992780745" lon="-122.44694991968572">
        <ele>6.8</ele>
      </trkpt>
      <trkpt lat="37.473029997199774" lon="-122.4469699524343">
        <ele>6.8</ele>
      </trkpt>
      <trkpt lat="37.47295992448926" lon="-122.44695997796953">
        <ele>6.8</ele>
      </trkpt>
      <trkpt lat="37.47288993559778" lon="-122.4469199962914">
        <ele>6.9</ele>
      </trkpt>
      <trkpt lat="37.47271995060146" lon="-122.44664993137121">
        <ele>6.9</ele>
      </trkpt>
      <trkpt lat="37.47231996618211" lon="-122.44633996859193">
        <ele>6.9</ele>
      </trkpt>
      <trkpt lat="37.47207999229431" lon="-122.44619999080896">
        <ele>6.9</ele>
      </trkpt>
      <trkpt lat="37.471189917996526" lon="-122.44593998417258">
        <ele>7.7</ele>
      </trkpt>
      <trkpt lat="37.47108992189169" lon="-122.44588994421065">
        <ele>7.9</ele>
      </trkpt>
      <trkpt lat="37.47099998407066" lon="-122.44580998085439">
        <ele>7.9</ele>
      </trkpt>
      <trkpt lat="37.47086998075247" lon="-122.44563999585807">
        <ele>8.2</ele>
      </trkpt>
      <trkpt lat="37.47072991915047" lon="-122.44555994868279">
        <ele>8.2</ele>
      </trkpt>
      <trkpt lat="37.470289953053" lon="-122.44557998143137">
        <ele>8.5</ele>
      </trkpt>
      <trkpt lat="37.47018995694816" lon="-122.44555994868279">
        <ele>8.7</ele>
      </trkpt>
      <trkpt lat="37.467599948868155" lon="-122.44466995820403">
        <ele>10.6</ele>
      </trkpt>
      <trkpt lat="37.46742996387184" lon="-122.44466995820403">
        <ele>10.3</ele>
      </trkpt>
      <trkpt lat="37.4667099583894" lon="-122.444439958781">
        <ele>11.7</ele>
      </trkpt>
      <trkpt lat="37.46625993400812" lon="-122.44439997710288">
        <ele>12.1</ele>
      </trkpt>
      <trkpt lat="37.46508998796344" lon="-122.44452998042107">
        <ele>12.7</ele>
      </trkpt>
      <trkpt lat="37.46410997584462" lon="-122.43421998806298">
        <ele>18.8</ele>
      </trkpt>
      <trkpt lat="37.46315997093916" lon="-122.43436994031072">
        <ele>19.4</ele>
      </trkpt>
      <trkpt lat="37.46207996271551" lon="-122.43442995473742">
        <ele>20.1</ele>
      </trkpt>
      <trkpt lat="37.46189991943538" lon="-122.43441998027265">
        <ele>20.3</ele>
      </trkpt>
      <trkpt lat="37.461429946124554" lon="-122.434449987486">
        <ele>20.7</ele>
      </trkpt>
      <trkpt lat="37.46059997007251" lon="-122.43454998359084">
        <ele>21.3</ele>
      </trkpt>
      <trkpt lat="37.46030995622277" lon="-122.43456993252039">
        <ele>21.6</ele>
      </trkpt>
      <trkpt lat="37.4597299285233" lon="-122.43453992530704">
        <ele>21.9</ele>
      </trkpt>
      <trkpt lat="37.45922994799912" lon="-122.43445996195078">
        <ele>22.2</ele>
      </trkpt>
      <trkpt lat="37.45883993804455" lon="-122.43435996584594">
        <ele>22.6</ele>
      </trkpt>
      <trkpt lat="37.458359990268946" lon="-122.43415997363627">
        <ele>23.1</ele>
      </trkpt>
      <trkpt lat="37.45673993602395" lon="-122.43327995762229">
        <ele>24.5</ele>
      </trkpt>
      <trkpt lat="37.453159941360354" lon="-122.43126997724175">
        <ele>26.7</ele>
      </trkpt>
      <trkpt lat="37.45149998925626" lon="-122.4305599462241">
        <ele>27.1</ele>
      </trkpt>
      <trkpt lat="37.44947995059192" lon="-122.42943995632231">
        <ele>28.6</ele>
      </trkpt>
      <trkpt lat="37.44910997338593" lon="-122.42924993857741">
        <ele>28.9</ele>
      </trkpt>
      <trkpt lat="37.44834998622537" lon="-122.42896998301148">
        <ele>29.2</ele>
      </trkpt>
      <trkpt lat="37.44773995131254" lon="-122.42879999801517">
        <ele>29.5</ele>
      </trkpt>
      <trkpt lat="37.44660998694599" lon="-122.42862992919981">
        <ele>29.3</ele>
      </trkpt>
      <trkpt lat="37.44393993169069" lon="-122.4282699264586">
        <ele>28.6</ele>
      </trkpt>
      <trkpt lat="37.43237994611263" lon="-122.4267399776727">
        <ele>34.5</ele>
      </trkpt>
      <trkpt lat="37.43136992678046" lon="-122.42665993049741">
        <ele>34.0</ele>
      </trkpt>
      <trkpt lat="37.424329966306686" lon="-122.4263599421829">
        <ele>36.8</ele>
      </trkpt>
      <trkpt lat="37.42387994192541" lon="-122.42630998604">
        <ele>37.7</ele>
      </trkpt>
      <trkpt lat="37.4231999181211" lon="-122.42618995718658">
        <ele>39.4</ele>
      </trkpt>
      <trkpt lat="37.42237991653383" lon="-122.4259899649769">
        <ele>39.6</ele>
      </trkpt>
      <trkpt lat="37.4208599422127" lon="-122.42552996613085">
        <ele>42.3</ele>
      </trkpt>
      <trkpt lat="37.40805993787944" lon="-122.42138997651637">
        <ele>51.1</ele>
      </trkpt>
      <trkpt lat="37.404859978705645" lon="-122.42030996829271">
        <ele>43.1</ele>
      </trkpt>
      <trkpt lat="37.403359953314066" lon="-122.41983999498188">
        <ele>38.4</ele>
      </trkpt>
      <trkpt lat="37.40104998461902" lon="-122.41906994953752">
        <ele>50.7</ele>
      </trkpt>
      <trkpt lat="37.40055997855961" lon="-122.41886995732784">
        <ele>51.7</ele>
      </trkpt>
      <trkpt lat="37.39967996254563" lon="-122.41838992573321">
        <ele>52.8</ele>
      </trkpt>
      <trkpt lat="37.398999938741326" lon="-122.41792992688715">
        <ele>53.3</ele>
      </trkpt>
      <trkpt lat="37.39834992215037" lon="-122.41735995747149">
        <ele>53.9</ele>
      </trkpt>
      <trkpt lat="37.39795999601483" lon="-122.41694999858737">
        <ele>54.4</ele>
      </trkpt>
      <trkpt lat="37.39597993902862" lon="-122.41472996771336">
        <ele>55.2</ele>
      </trkpt>
      <trkpt lat="37.38941992633045" lon="-122.40732992067933">
        <ele>58.8</ele>
      </trkpt>
      <trkpt lat="37.38871995359659" lon="-122.40664998069406">
        <ele>56.5</ele>
      </trkpt>
      <trkpt lat="37.38836992532015" lon="-122.4063699413091">
        <ele>56.6</ele>
      </trkpt>
      <trkpt lat="37.38802995532751" lon="-122.4061299674213">
        <ele>56.5</ele>
      </trkpt>
      <trkpt lat="37.38746996037662" lon="-122.40579997189343">
        <ele>56.8</ele>
      </trkpt>
      <trkpt lat="37.38688993267715" lon="-122.40554993972182">
        <ele>57.4</ele>
      </trkpt>
      <trkpt lat="37.386059956625104" lon="-122.40527995862067">
        <ele>58.4</ele>
      </trkpt>
      <trkpt lat="37.38456998951733" lon="-122.40486999973655">
        <ele>60.3</ele>
      </trkpt>
      <trkpt lat="37.38348998129368" lon="-122.40460999310017">
        <ele>54.8</ele>
      </trkpt>
      <trkpt lat="37.38288992084563" lon="-122.4045199714601">
        <ele>31.5</ele>
      </trkpt>
      <trkpt lat="37.38228994421661" lon="-122.40443992428482">
        <ele>48.4</ele>
      </trkpt>
      <trkpt lat="37.381159979850054" lon="-122.40434998646379">
        <ele>52.2</ele>
      </trkpt>
      <trkpt lat="37.3796499799937" lon="-122.40431997925043">
        <ele>58.1</ele>
      </trkpt>
      <trkpt lat="37.3788399528712" lon="-122.40420992486179">
        <ele>51.8</ele>
      </trkpt>
      <trkpt lat="37.3743399605155" lon="-122.40375998429954">
        <ele>56.1</ele>
      </trkpt>
      <trkpt lat="37.37416997551918" lon="-122.40375998429954">
        <ele>56.5</ele>
      </trkpt>
      <trkpt lat="37.37382992170751" lon="-122.40379996597767">
        <ele>56.3</ele>
      </trkpt>
      <trkpt lat="37.37345994450152" lon="-122.40388998761773">
        <ele>53.4</ele>
      </trkpt>
      <trkpt lat="37.37307999283075" lon="-122.4040299654007">
        <ele>51.9</ele>
      </trkpt>
      <trkpt lat="37.372119929641485" lon="-122.40447998978198">
        <ele>57.7</ele>
      </trkpt>
      <trkpt lat="37.37172991968691" lon="-122.40463991649449">
        <ele>57.6</ele>
      </trkpt>
      <trkpt lat="37.371109994128346" lon="-122.40481995977461">
        <ele>54.3</ele>
      </trkpt>
      <trkpt lat="37.37070992588997" lon="-122.40487997420132">
        <ele>54.4</ele>
      </trkpt>
      <trkpt lat="37.36986997537315" lon="-122.40489992313087">
        <ele>55.2</ele>
      </trkpt>
      <trkpt lat="37.36821999773383" lon="-122.40485994145274">
        <ele>53.9</ele>
      </trkpt>
      <trkpt lat="37.366789961233735" lon="-122.40479992702603">
        <ele>49.6</ele>
      </trkpt>
      <trkpt lat="37.36658996902406" lon="-122.4047599453479">
        <ele>49.6</ele>
      </trkpt>
      <trkpt lat="37.366189984604716" lon="-122.4046499747783">
        <ele>52.5</ele>
      </trkpt>
      <trkpt lat="37.365719927474856" lon="-122.40448996424675">
        <ele>57.9</ele>
      </trkpt>
      <trkpt lat="37.36527996137738" lon="-122.4042799975723">
        <ele>59.6</ele>
      </trkpt>
      <trkpt lat="37.36483999527991" lon="-122.40401999093592">
        <ele>59.8</ele>
      </trkpt>
      <trkpt lat="37.36436993815005" lon="-122.4036599881947">
        <ele>65.3</ele>
      </trkpt>
      <trkpt lat="37.3641599714756" lon="-122.4034699704498">
        <ele>65.9</ele>
      </trkpt>
      <trkpt lat="37.36033991910517" lon="-122.3995799291879">
        <ele>44.1</ele>
      </trkpt>
      <trkpt lat="37.36005996353924" lon="-122.39923995919526">
        <ele>43.5</ele>
      </trkpt>
      <trkpt lat="37.35928991809487" lon="-122.39812994375825">
        <ele>37.0</ele>
      </trkpt>
      <trkpt lat="37.35904994420707" lon="-122.3978599626571">
        <ele>34.9</ele>
      </trkpt>
      <trkpt lat="37.35880997031927" lon="-122.39763993769884">
        <ele>32.7</ele>
      </trkpt>
      <trkpt lat="37.35842993482947" lon="-122.39736995659769">
        <ele>28.6</ele>
      </trkpt>
      <trkpt lat="37.35813992097974" lon="-122.39721992053092">
        <ele>25.8</ele>
      </trkpt>
      <trkpt lat="37.357849990949035" lon="-122.39709997549653">
        <ele>26.3</ele>
      </trkpt>
      <trkpt lat="37.35759995877743" lon="-122.39702998660505">
        <ele>26.7</ele>
      </trkpt>
      <trkpt lat="37.35732997767627" lon="-122.39697994664311">
        <ele>27.2</ele>
      </trkpt>
      <trkpt lat="37.35695991665125" lon="-122.39696997217834">
        <ele>27.8</ele>
      </trkpt>
      <trkpt lat="37.356709968298674" lon="-122.39698992110789">
        <ele>28.2</ele>
      </trkpt>
      <trkpt lat="37.356409979984164" lon="-122.3970499355346">
        <ele>28.8</ele>
      </trkpt>
      <trkpt lat="37.35613999888301" lon="-122.39712998270988">
        <ele>36.8</ele>
      </trkpt>
      <trkpt lat="37.35574998892844" lon="-122.39730994217098">
        <ele>42.6</ele>
      </trkpt>
      <trkpt lat="37.35534992069006" lon="-122.39756994880736">
        <ele>47.3</ele>
      </trkpt>
      <trkpt lat="37.354219956323504" lon="-122.39835994318128">
        <ele>48.9</ele>
      </trkpt>
      <trkpt lat="37.35384997911751" lon="-122.3985399864614">
        <ele>61.8</ele>
      </trkpt>
      <trkpt lat="37.353639928624034" lon="-122.39861994981766">
        <ele>64.6</ele>
      </trkpt>
      <trkpt lat="37.35325997695327" lon="-122.39870997145772">
        <ele>65.3</ele>
      </trkpt>
      <trkpt lat="37.352889999747276" lon="-122.39872992038727">
        <ele>66.2</ele>
      </trkpt>
      <trkpt lat="37.351319985464215" lon="-122.39864995703101">
        <ele>77.3</ele>
      </trkpt>
      <trkpt lat="37.35091991722584" lon="-122.39855993539095">
        <ele>80.7</ele>
      </trkpt>
      <trkpt lat="37.350589921697974" lon="-122.39843999035656">
        <ele>80.6</ele>
      </trkpt>
      <trkpt lat="37.35039998777211" lon="-122.3983499687165">
        <ele>80.2</ele>
      </trkpt>
      <trkpt lat="37.34958996064961" lon="-122.39779994823039">
        <ele>89.1</ele>
      </trkpt>
      <trkpt lat="37.34937999397516" lon="-122.39767991937697">
        <ele>91.5</ele>
      </trkpt>
      <trkpt lat="37.34893994405866" lon="-122.3974799271673">
        <ele>93.5</ele>
      </trkpt>
      <trkpt lat="37.3484799452126" lon="-122.39732997491956">
        <ele>97.5</ele>
      </trkpt>
      <trkpt lat="37.34728996641934" lon="-122.39703996106982">
        <ele>110.0</ele>
      </trkpt>
      <trkpt lat="37.34678998589516" lon="-122.39687995053828">
        <ele>113.1</ele>
      </trkpt>
      <trkpt lat="37.34659996815026" lon="-122.39678992889822">
        <ele>116.1</ele>
      </trkpt>
      <trkpt lat="37.346209958195686" lon="-122.39657996222377">
        <ele>117.6</ele>
      </trkpt>
      <trkpt lat="37.34582992270589" lon="-122.39631995558739">
        <ele>116.7</ele>
      </trkpt>
      <trkpt lat="37.3454599454999" lon="-122.39601996727288">
        <ele>116.6</ele>
      </trkpt>
      <trkpt lat="37.34455998055637" lon="-122.39518999122083">
        <ele>120.9</ele>
      </trkpt>
      <trkpt lat="37.34425999224186" lon="-122.39497994072735">
        <ele>121.3</ele>
      </trkpt>
      <trkpt lat="37.3439799528569" lon="-122.39481993019581">
        <ele>120.5</ele>
      </trkpt>
      <trkpt lat="37.343819942325354" lon="-122.39474994130433">
        <ele>120.0</ele>
      </trkpt>
      <trkpt lat="37.343369917944074" lon="-122.39461993798614">
        <ele>118.6</ele>
      </trkpt>
      <trkpt lat="37.342919977381825" lon="-122.39456998184323">
        <ele>125.2</ele>
      </trkpt>
      <trkpt lat="37.34262996353209" lon="-122.39457995630801">
        <ele>127.2</ele>
      </trkpt>
      <trkpt lat="37.342319916933775" lon="-122.39463997073472">
        <ele>127.3</ele>
      </trkpt>
      <trkpt lat="37.34126999974251" lon="-122.39490995183587">
        <ele>132.3</ele>
      </trkpt>
      <trkpt lat="37.34080991707742" lon="-122.3949599917978">
        <ele>133.3</ele>
      </trkpt>
      <trkpt lat="37.340489979833364" lon="-122.3949599917978">
        <ele>133.5</ele>
      </trkpt>
      <trkpt lat="37.34002998098731" lon="-122.39487994462252">
        <ele>140.8</ele>
      </trkpt>
      <trkpt lat="37.3334199283272" lon="-122.39294992759824">
        <ele>105.8</ele>
      </trkpt>
      <trkpt lat="37.333079958334565" lon="-122.39282998256385">
        <ele>101.6</ele>
      </trkpt>
      <trkpt lat="37.3327499628067" lon="-122.39264993928373">
        <ele>101.2</ele>
      </trkpt>
      <trkpt lat="37.332459948956966" lon="-122.39242999814451">
        <ele>101.0</ele>
      </trkpt>
      <trkpt lat="37.3314599879086" lon="-122.39151997491717">
        <ele>89.5</ele>
      </trkpt>
      <trkpt lat="37.331339959055185" lon="-122.39142995327711">
        <ele>89.0</ele>
      </trkpt>
      <trkpt lat="37.331059919670224" lon="-122.39128997549415">
        <ele>88.4</ele>
      </trkpt>
      <trkpt lat="37.33078993856907" lon="-122.39120992831886">
        <ele>86.5</ele>
      </trkpt>
      <trkpt lat="37.330479975789785" lon="-122.39120992831886">
        <ele>86.3</ele>
      </trkpt>
      <trkpt lat="37.330179987475276" lon="-122.39125996828079">
        <ele>85.1</ele>
      </trkpt>
      <trkpt lat="37.32987999916077" lon="-122.39138997159898">
        <ele>86.0</ele>
      </trkpt>
      <trkpt lat="37.329599959775805" lon="-122.39159993827343">
        <ele>85.8</ele>
      </trkpt>
      <trkpt lat="37.3293499276042" lon="-122.39185994490981">
        <ele>80.8</ele>
      </trkpt>
      <trkpt lat="37.32924993149936" lon="-122.39200998097658">
        <ele>77.2</ele>
      </trkpt>
      <trkpt lat="37.32906997203827" lon="-122.392359925434">
        <ele>74.7</ele>
      </trkpt>
      <trkpt lat="37.32893996872008" lon="-122.39273996092379">
        <ele>74.1</ele>
      </trkpt>
      <trkpt lat="37.32887995429337" lon="-122.39311999641359">
        <ele>72.6</ele>
      </trkpt>
      <trkpt lat="37.32887995429337" lon="-122.393469940871">
        <ele>70.3</ele>
      </trkpt>
      <trkpt lat="37.32906997203827" lon="-122.39493995904922">
        <ele>64.9</ele>
      </trkpt>
      <trkpt lat="37.32907994650304" lon="-122.39514992572367">
        <ele>64.2</ele>
      </trkpt>
      <trkpt lat="37.32899998314679" lon="-122.3958099167794">
        <ele>54.4</ele>
      </trkpt>
      <trkpt lat="37.328869979828596" lon="-122.39623999223113">
        <ele>49.1</ele>
      </trkpt>
      <trkpt lat="37.32870996929705" lon="-122.39660996943712">
        <ele>49.2</ele>
      </trkpt>
      <trkpt lat="37.32861994765699" lon="-122.39677995443344">
        <ele>50.7</ele>
      </trkpt>
      <trkpt lat="37.3282999265939" lon="-122.39719997160137">
        <ele>51.5</ele>
      </trkpt>
      <trkpt lat="37.328049978241324" lon="-122.3974299710244">
        <ele>49.6</ele>
      </trkpt>
      <trkpt lat="37.325369948521256" lon="-122.39930994808674">
        <ele>26.4</ele>
      </trkpt>
      <trkpt lat="37.32402993366122" lon="-122.40023992024362">
        <ele>12.9</ele>
      </trkpt>
      <trkpt lat="37.323109935969114" lon="-122.40080997347832">
        <ele>7.6</ele>
      </trkpt>
      <trkpt lat="37.32216998934746" lon="-122.40133996121585">
        <ele>4.2</ele>
      </trkpt>
      <trkpt lat="37.3212699405849" lon="-122.40179996006191">
        <ele>7.0</ele>
      </trkpt>
      <trkpt lat="37.32058991678059" lon="-122.40209994837642">
        <ele>10.8</ele>
      </trkpt>
      <trkpt lat="37.319539999589324" lon="-122.40251996554434">
        <ele>20.1</ele>
      </trkpt>
      <trkpt lat="37.318659983575344" lon="-122.40279992111027">
        <ele>26.5</ele>
      </trkpt>
      <trkpt lat="37.31802999973297" lon="-122.4029799643904">
        <ele>38.6</ele>
      </trkpt>
      <trkpt lat="37.316899951547384" lon="-122.403229996562">
        <ele>50.3</ele>
      </trkpt>
      <trkpt lat="37.316319923847914" lon="-122.40332999266684">
        <ele>51.3</ele>
      </trkpt>
      <trkpt lat="37.307599978521466" lon="-122.40450999699533">
        <ele>55.1</ele>
      </trkpt>
      <trkpt lat="37.306739995256066" lon="-122.40459993481636">
        <ele>54.6</ele>
      </trkpt>
      <trkpt lat="37.30586995370686" lon="-122.4046499747783">
        <ele>51.7</ele>
      </trkpt>
      <trkpt lat="37.299349922686815" lon="-122.40465994924307">
        <ele>7.8</ele>
      </trkpt>
      <trkpt lat="37.29887994937599" lon="-122.40467998199165">
        <ele>9.0</ele>
      </trkpt>
      <trkpt lat="37.29844995774329" lon="-122.40473999641836">
        <ele>13.3</ele>
      </trkpt>
      <trkpt lat="37.29806992225349" lon="-122.4048399925232">
        <ele>16.3</ele>
      </trkpt>
      <trkpt lat="37.297479920089245" lon="-122.40506999194622">
        <ele>21.7</ele>
      </trkpt>
      <trkpt lat="37.296899976208806" lon="-122.4053799547255">
        <ele>28.7</ele>
      </trkpt>
      <trkpt lat="37.29654994793236" lon="-122.40559997968376">
        <ele>31.7</ele>
      </trkpt>
      <trkpt lat="37.29615993797779" lon="-122.40581992082298">
        <ele>32.8</ele>
      </trkpt>
      <trkpt lat="37.2957899607718" lon="-122.4059999641031">
        <ele>37.1</ele>
      </trkpt>
      <trkpt lat="37.29538997635245" lon="-122.40616994909942">
        <ele>43.7</ele>
      </trkpt>
      <trkpt lat="37.2949799336493" lon="-122.40628997795284">
        <ele>45.7</ele>
      </trkpt>
      <trkpt lat="37.29438993148506" lon="-122.40638997405767">
        <ele>44.4</ele>
      </trkpt>
      <trkpt lat="37.29398994706571" lon="-122.40640992298722">
        <ele>44.5</ele>
      </trkpt>
      <trkpt lat="37.29376992210746" lon="-122.40639994852245">
        <ele>44.6</ele>
      </trkpt>
      <trkpt lat="37.293329956009984" lon="-122.40632995963097">
        <ele>44.8</ele>
      </trkpt>
      <trkpt lat="37.292919997125864" lon="-122.40621998906136">
        <ele>45.7</ele>
      </trkpt>
      <trkpt lat="37.29088998399675" lon="-122.40546997636557">
        <ele>32.1</ele>
      </trkpt>
      <trkpt lat="37.28945994749665" lon="-122.40491995587945">
        <ele>36.8</ele>
      </trkpt>
      <trkpt lat="37.2889999486506" lon="-122.40476991981268">
        <ele>36.7</ele>
      </trkpt>
      <trkpt lat="37.28833995759487" lon="-122.40465994924307">
        <ele>39.2</ele>
      </trkpt>
      <trkpt lat="37.28790996596217" lon="-122.40463991649449">
        <ele>41.5</ele>
      </trkpt>
      <trkpt lat="37.28749992325902" lon="-122.40465994924307">
        <ele>38.6</ele>
      </trkpt>
      <trkpt lat="37.287079989910126" lon="-122.40471996366978">
        <ele>37.7</ele>
      </trkpt>
      <trkpt lat="37.28643994778395" lon="-122.40489992313087">
        <ele>39.5</ele>
      </trkpt>
      <trkpt lat="37.28601993061602" lon="-122.40506999194622">
        <ele>41.8</ele>
      </trkpt>
      <trkpt lat="37.285419953987" lon="-122.40540996193886">
        <ele>32.8</ele>
      </trkpt>
      <trkpt lat="37.28309992700815" lon="-122.40702993236482">
        <ele>39.5</ele>
      </trkpt>
      <trkpt lat="37.2826399281621" lon="-122.40730997174978">
        <ele>45.8</ele>
      </trkpt>
      <trkpt lat="37.28197993710637" lon="-122.40763996727765">
        <ele>55.2</ele>
      </trkpt>
      <trkpt lat="37.28130997158587" lon="-122.4079099483788">
        <ele>56.5</ele>
      </trkpt>
      <trkpt lat="37.28083999827504" lon="-122.40803995169699">
        <ele>55.0</ele>
      </trkpt>
      <trkpt lat="37.28036994114518" lon="-122.40813994780183">
        <ele>46.4</ele>
      </trkpt>
      <trkpt lat="37.279669968411326" lon="-122.40822996944189">
        <ele>42.6</ele>
      </trkpt>
      <trkpt lat="37.27920996956527" lon="-122.40824991837144">
        <ele>40.9</ele>
      </trkpt>
      <trkpt lat="37.2771499492228" lon="-122.40813994780183">
        <ele>30.0</ele>
      </trkpt>
      <trkpt lat="37.27659992873669" lon="-122.40812997333705">
        <ele>28.4</ele>
      </trkpt>
      <trkpt lat="37.276339922100306" lon="-122.4081499222666">
        <ele>20.7</ele>
      </trkpt>
      <trkpt lat="37.27554992772639" lon="-122.40826995112002">
        <ele>16.7</ele>
      </trkpt>
      <trkpt lat="37.27391998283565" lon="-122.40866993553936">
        <ele>9.4</ele>
      </trkpt>
      <trkpt lat="37.269699946045876" lon="-122.40975991822779">
        <ele>13.0</ele>
      </trkpt>
      <trkpt lat="37.26908999495208" lon="-122.40996996872127">
        <ele>12.6</ele>
      </trkpt>
      <trkpt lat="37.26869998499751" lon="-122.41011992096901">
        <ele>10.6</ele>
      </trkpt>
      <trkpt lat="37.26830997504294" lon="-122.41029996424913">
        <ele>10.3</ele>
      </trkpt>
      <trkpt lat="37.26791996508837" lon="-122.41051998920739">
        <ele>11.3</ele>
      </trkpt>
      <trkpt lat="37.266839956864715" lon="-122.41118995472789">
        <ele>11.2</ele>
      </trkpt>
      <trkpt lat="37.26632991805673" lon="-122.41147996857762">
        <ele>11.9</ele>
      </trkpt>
      <trkpt lat="37.26555995643139" lon="-122.41182999685407">
        <ele>13.0</ele>
      </trkpt>
      <trkpt lat="37.26506995037198" lon="-122.41199998185039">
        <ele>13.0</ele>
      </trkpt>
      <trkpt lat="37.26473995484412" lon="-122.41207994520664">
        <ele>13.0</ele>
      </trkpt>
      <trkpt lat="37.264069989323616" lon="-122.41219997406006">
        <ele>13.3</ele>
      </trkpt>
      <trkpt lat="37.26287992671132" lon="-122.41244992241263">
        <ele>13.0</ele>
      </trkpt>
      <trkpt lat="37.261079996824265" lon="-122.41289994679391">
        <ele>13.1</ele>
      </trkpt>
      <trkpt lat="37.2596899420023" lon="-122.41318996064365">
        <ele>15.0</ele>
      </trkpt>
      <trkpt lat="37.25554995238781" lon="-122.41411993280053">
        <ele>13.4</ele>
      </trkpt>
      <trkpt lat="37.25472995080054" lon="-122.41436996497214">
        <ele>15.0</ele>
      </trkpt>
      <trkpt lat="37.25416995584965" lon="-122.41455998271704">
        <ele>14.2</ele>
      </trkpt>
      <trkpt lat="37.253369987010956" lon="-122.41490992717445">
        <ele>17.0</ele>
      </trkpt>
      <trkpt lat="37.249029921367764" lon="-122.41699995473027">
        <ele>7.3</ele>
      </trkpt>
      <trkpt lat="37.24854997359216" lon="-122.41718997247517">
        <ele>6.0</ele>
      </trkpt>
      <trkpt lat="37.2480799164623" lon="-122.41733992472291">
        <ele>5.0</ele>
      </trkpt>
      <trkpt lat="37.247179951518774" lon="-122.41755994968116">
        <ele>5.8</ele>
      </trkpt>
      <trkpt lat="37.24648995324969" lon="-122.41766992025077">
        <ele>7.4</ele>
      </trkpt>
      <trkpt lat="37.24233998917043" lon="-122.41800997406244">
        <ele>11.2</ele>
      </trkpt>
      <trkpt lat="37.241789968684316" lon="-122.41799999959767">
        <ele>11.0</ele>
      </trkpt>
      <trkpt lat="37.2411899920553" lon="-122.4179099779576">
        <ele>10.7</ele>
      </trkpt>
      <trkpt lat="37.24085999652743" lon="-122.41780998185277">
        <ele>10.6</ele>
      </trkpt>
      <trkpt lat="37.240199921652675" lon="-122.41754997521639">
        <ele>10.7</ele>
      </trkpt>
      <trkpt lat="37.23983991891146" lon="-122.41735995747149">
        <ele>10.7</ele>
      </trkpt>
      <trkpt lat="37.239469941705465" lon="-122.41711998358369">
        <ele>10.9</ele>
      </trkpt>
      <trkpt lat="37.23814995959401" lon="-122.41608993150294">
        <ele>10.6</ele>
      </trkpt>
      <trkpt lat="37.237789956852794" lon="-122.41584995761514">
        <ele>10.5</ele>
      </trkpt>
      <trkpt lat="37.237429954111576" lon="-122.41565993987024">
        <ele>10.8</ele>
      </trkpt>
      <trkpt lat="37.23689996637404" lon="-122.41546992212534">
        <ele>11.3</ele>
      </trkpt>
      <trkpt lat="37.236549938097596" lon="-122.41538995876908">
        <ele>11.8</ele>
      </trkpt>
      <trkpt lat="37.23459997214377" lon="-122.4150799959898">
        <ele>14.2</ele>
      </trkpt>
      <trkpt lat="37.23421993665397" lon="-122.41496994160116">
        <ele>14.3</ele>
      </trkpt>
      <trkpt lat="37.23373998887837" lon="-122.41478998214006">
        <ele>15.2</ele>
      </trkpt>
      <trkpt lat="37.23335995338857" lon="-122.41461999714375">
        <ele>14.1</ele>
      </trkpt>
      <trkpt lat="37.232959968969226" lon="-122.41439997218549">
        <ele>13.0</ele>
      </trkpt>
      <trkpt lat="37.232549926266074" lon="-122.41414994001389">
        <ele>10.8</ele>
      </trkpt>
      <trkpt lat="37.2318699862808" lon="-122.41360997781157">
        <ele>9.5</ele>
      </trkpt>
      <trkpt lat="37.22695995122194" lon="-122.40944995544851">
        <ele>10.7</ele>
      </trkpt>
      <trkpt lat="37.22439995035529" lon="-122.40731994621456">
        <ele>13.0</ele>
      </trkpt>
      <trkpt lat="37.224059980362654" lon="-122.40705993957818">
        <ele>13.1</ele>
      </trkpt>
      <trkpt lat="37.223699977621436" lon="-122.40682994015515">
        <ele>13.2</ele>
      </trkpt>
      <trkpt lat="37.22333997488022" lon="-122.40663992241025">
        <ele>13.7</ele>
      </trkpt>
      <trkpt lat="37.22296999767423" lon="-122.40648997016251">
        <ele>15.4</ele>
      </trkpt>
      <trkpt lat="37.2221199888736" lon="-122.4062399379909">
        <ele>19.0</ele>
      </trkpt>
      <trkpt lat="37.221549935638905" lon="-122.40615997463465">
        <ele>19.1</ele>
      </trkpt>
      <trkpt lat="37.22061996348202" lon="-122.40613994188607">
        <ele>18.9</ele>
      </trkpt>
      <trkpt lat="37.21820999868214" lon="-122.40622996352613">
        <ele>15.8</ele>
      </trkpt>
      <trkpt lat="37.21573993563652" lon="-122.40629995241761">
        <ele>14.1</ele>
      </trkpt>
      <trkpt lat="37.21502998843789" lon="-122.40625997073948">
        <ele>13.8</ele>
      </trkpt>
      <trkpt lat="37.21440997906029" lon="-122.40615997463465">
        <ele>16.3</ele>
      </trkpt>
      <trkpt lat="37.21381997689605" lon="-122.40603994578123">
        <ele>17.0</ele>
      </trkpt>
      <trkpt lat="37.21324992366135" lon="-122.40586996078491">
        <ele>18.1</ele>
      </trkpt>
      <trkpt lat="37.21265992149711" lon="-122.40564993582666">
        <ele>20.5</ele>
      </trkpt>
      <trkpt lat="37.209259970113635" lon="-122.4040299654007">
        <ele>26.3</ele>
      </trkpt>
      <trkpt lat="37.20709995366633" lon="-122.40304995328188">
        <ele>19.7</ele>
      </trkpt>
      <trkpt lat="37.203159956261516" lon="-122.40121993236244">
        <ele>22.9</ele>
      </trkpt>
      <trkpt lat="37.20265997573733" lon="-122.40103997290134">
        <ele>22.8</ele>
      </trkpt>
      <trkpt lat="37.20232998020947" lon="-122.40094995126128">
        <ele>22.3</ele>
      </trkpt>
      <trkpt lat="37.20200995914638" lon="-122.40088993683457">
        <ele>21.7</ele>
      </trkpt>
      <trkpt lat="37.198299961164594" lon="-122.40059992298484">
        <ele>24.6</ele>
      </trkpt>
      <trkpt lat="37.197699984535575" lon="-122.40048995241523">
        <ele>24.9</ele>
      </trkpt>
      <trkpt lat="37.19704996794462" lon="-122.40029993467033">
        <ele>24.9</ele>
      </trkpt>
      <trkpt lat="37.19637991860509" lon="-122.40004998631775">
        <ele>24.2</ele>
      </trkpt>
      <trkpt lat="37.195939952507615" lon="-122.3998299613595">
        <ele>22.8</ele>
      </trkpt>
      <trkpt lat="37.19547995366156" lon="-122.39955998025835">
        <ele>21.4</ele>
      </trkpt>
      <trkpt lat="37.19502992928028" lon="-122.39925999194384">
        <ele>19.9</ele>
      </trkpt>
      <trkpt lat="37.19314995221794" lon="-122.3978599626571">
        <ele>11.1</ele>
      </trkpt>
      <trkpt lat="37.188179986551404" lon="-122.39406991750002">
        <ele>19.1</ele>
      </trkpt>
      <trkpt lat="37.186419954523444" lon="-122.39270995371044">
        <ele>19.3</ele>
      </trkpt>
      <trkpt lat="37.18589994125068" lon="-122.39228993654251">
        <ele>18.8</ele>
      </trkpt>
      <trkpt lat="37.18573993071914" lon="-122.39214995875955">
        <ele>18.7</ele>
      </trkpt>
      <trkpt lat="37.18545997515321" lon="-122.39185994490981">
        <ele>18.5</ele>
      </trkpt>
      <trkpt lat="37.18507993966341" lon="-122.3913699388504">
        <ele>18.0</ele>
      </trkpt>
      <trkpt lat="37.18476997688413" lon="-122.39085998386145">
        <ele>17.6</ele>
      </trkpt>
      <trkpt lat="37.184589933604" lon="-122.3904599994421">
        <ele>17.2</ele>
      </trkpt>
      <trkpt lat="37.18443998135626" lon="-122.39004995673895">
        <ele>16.8</ele>
      </trkpt>
      <trkpt lat="37.18430997803807" lon="-122.38957998342812">
        <ele>16.7</ele>
      </trkpt>
      <trkpt lat="37.18421995639801" lon="-122.38909995183349">
        <ele>16.6</ele>
      </trkpt>
      <trkpt lat="37.184059945866466" lon="-122.38771995529532">
        <ele>15.9</ele>
      </trkpt>
      <trkpt lat="37.18374998308718" lon="-122.38418991677463">
        <ele>17.8</ele>
      </trkpt>
      <trkpt lat="37.18365996144712" lon="-122.38337997347116">
        <ele>17.5</ele>
      </trkpt>
      <trkpt lat="37.18354999087751" lon="-122.3826699424535">
        <ele>17.9</ele>
      </trkpt>
      <trkpt lat="37.18339995481074" lon="-122.3819899186492">
        <ele>18.9</ele>
      </trkpt>
      <trkpt lat="37.183089992031455" lon="-122.38081997260451">
        <ele>23.1</ele>
      </trkpt>
      <trkpt lat="37.1826799493283" lon="-122.37963996827602">
        <ele>24.2</ele>
      </trkpt>
      <trkpt lat="37.18234995380044" lon="-122.37886992283165">
        <ele>25.1</ele>
      </trkpt>
      <trkpt lat="37.18204996548593" lon="-122.37827992066741">
        <ele>24.4</ele>
      </trkpt>
      <trkpt lat="37.17691998928785" lon="-122.36885991878808">
        <ele>31.9</ele>
      </trkpt>
      <trkpt lat="37.17519993893802" lon="-122.36574998125434">
        <ele>25.6</ele>
      </trkpt>
      <trkpt lat="37.17491998337209" lon="-122.36532996408641">
        <ele>28.8</ele>
      </trkpt>
      <trkpt lat="37.17460993677378" lon="-122.36493995413184">
        <ele>32.4</ele>
      </trkpt>
      <trkpt lat="37.17426996678114" lon="-122.36457995139062">
        <ele>33.9</ele>
      </trkpt>
      <trkpt lat="37.17389998957515" lon="-122.36423998139799">
        <ele>33.5</ele>
      </trkpt>
      <trkpt lat="37.173509979620576" lon="-122.36394996754825">
        <ele>34.5</ele>
      </trkpt>
      <trkpt lat="37.173099936917424" lon="-122.36369993537664">
        <ele>31.9</ele>
      </trkpt>
      <trkpt lat="37.17244992032647" lon="-122.36339994706213">
        <ele>29.7</ele>
      </trkpt>
      <trkpt lat="37.16853993013501" lon="-122.36182993277907">
        <ele>25.6</ele>
      </trkpt>
      <trkpt lat="37.165039982646704" lon="-122.36047994345427">
        <ele>5.1</ele>
      </trkpt>
      <trkpt lat="37.164179999381304" lon="-122.36007995903492">
        <ele>5.2</ele>
      </trkpt>
      <trkpt lat="37.16343996115029" lon="-122.359659941867">
        <ele>8.6</ele>
      </trkpt>
      <trkpt lat="37.157609928399324" lon="-122.35566998831928">
        <ele>22.7</ele>
      </trkpt>
      <trkpt lat="37.15688992291689" lon="-122.35510999336839">
        <ele>25.3</ele>
      </trkpt>
      <trkpt lat="37.15594997629523" lon="-122.35431999899447">
        <ele>26.2</ele>
      </trkpt>
      <trkpt lat="37.15108998119831" lon="-122.34976996667683">
        <ele>30.1</ele>
      </trkpt>
      <trkpt lat="37.15057994239032" lon="-122.34921994619071">
        <ele>30.5</ele>
      </trkpt>
      <trkpt lat="37.150219939649105" lon="-122.34875994734466">
        <ele>30.6</ele>
      </trkpt>
      <trkpt lat="37.14985993690789" lon="-122.3482499923557">
        <ele>30.3</ele>
      </trkpt>
      <trkpt lat="37.14938996359706" lon="-122.34742999076843">
        <ele>26.0</ele>
      </trkpt>
      <trkpt lat="37.14900992810726" lon="-122.34660998918116">
        <ele>16.2</ele>
      </trkpt>
      <trkpt lat="37.148669958114624" lon="-122.34573994763196">
        <ele>14.1</ele>
      </trkpt>
      <trkpt lat="37.14822999201715" lon="-122.34447997994721">
        <ele>20.5</ele>
      </trkpt>
      <trkpt lat="37.14549992233515" lon="-122.33607997186482">
        <ele>28.3</ele>
      </trkpt>
      <trkpt lat="37.14160996489227" lon="-122.32443993911147">
        <ele>35.1</ele>
      </trkpt>
      <trkpt lat="37.141109984368086" lon="-122.3229999281466">
        <ele>38.2</ele>
      </trkpt>
      <trkpt lat="37.14090999215841" lon="-122.32254998758435">
        <ele>39.0</ele>
      </trkpt>
      <trkpt lat="37.140699941664934" lon="-122.3221399448812">
        <ele>39.7</ele>
      </trkpt>
      <trkpt lat="37.140139946714044" lon="-122.32133997604251">
        <ele>42.1</ele>
      </trkpt>
      <trkpt lat="37.13982998393476" lon="-122.32096999883652">
        <ele>43.1</ele>
      </trkpt>
      <trkpt lat="37.139109978452325" lon="-122.32025996781886">
        <ele>44.5</ele>
      </trkpt>
      <trkpt lat="37.13783995248377" lon="-122.31906998902559">
        <ele>45.7</ele>
      </trkpt>
      <trkpt lat="37.13279999792576" lon="-122.31446991674602">
        <ele>47.6</ele>
      </trkpt>
      <trkpt lat="37.13119997642934" lon="-122.31296997517347">
        <ele>44.0</ele>
      </trkpt>
      <trkpt lat="37.129699951037765" lon="-122.31162996031344">
        <ele>37.6</ele>
      </trkpt>
      <trkpt lat="37.129179937765" lon="-122.31118999421597">
        <ele>36.3</ele>
      </trkpt>
      <trkpt lat="37.127809999510646" lon="-122.31012993492186">
        <ele>37.3</ele>
      </trkpt>
      <trkpt lat="37.12470995262265" lon="-122.30820997618139">
        <ele>44.4</ele>
      </trkpt>
      <trkpt lat="37.12137999013066" lon="-122.30611994862556">
        <ele>25.9</ele>
      </trkpt>
      <trkpt lat="37.12022999301553" lon="-122.30550999753177">
        <ele>26.0</ele>
      </trkpt>
      <trkpt lat="37.11996998637915" lon="-122.30534998700023">
        <ele>24.8</ele>
      </trkpt>
      <trkpt lat="37.11964996531606" lon="-122.30520992539823">
        <ele>20.8</ele>
      </trkpt>
      <trkpt lat="37.11638999171555" lon="-122.30351996608078">
        <ele>28.8</ele>
      </trkpt>
      <trkpt lat="37.11617994122207" lon="-122.30339993722737">
        <ele>28.8</ele>
      </trkpt>
      <trkpt lat="37.11557996459305" lon="-122.3029599711299">
        <ele>27.9</ele>
      </trkpt>
      <trkpt lat="37.115389946848154" lon="-122.30279996059835">
        <ele>27.9</ele>
      </trkpt>
      <trkpt lat="37.11502994410694" lon="-122.30243995785713">
        <ele>28.0</ele>
      </trkpt>
      <trkpt lat="37.11470992304385" lon="-122.30205992236733">
        <ele>28.2</ele>
      </trkpt>
      <trkpt lat="37.11440993472934" lon="-122.30163998901844">
        <ele>30.5</ele>
      </trkpt>
      <trkpt lat="37.11414992809296" lon="-122.30121997185051">
        <ele>31.2</ele>
      </trkpt>
      <trkpt lat="37.11365992203355" lon="-122.30034993030131">
        <ele>27.5</ele>
      </trkpt>
      <trkpt lat="37.112709917128086" lon="-122.29860993102193">
        <ele>27.6</ele>
      </trkpt>
      <trkpt lat="37.11194992996752" lon="-122.29730998165905">
        <ele>28.3</ele>
      </trkpt>
      <trkpt lat="37.11165999993682" lon="-122.2968999389559">
        <ele>29.2</ele>
      </trkpt>
      <trkpt lat="37.11133997887373" lon="-122.29650992900133">
        <ele>28.0</ele>
      </trkpt>
      <trkpt lat="37.11077998392284" lon="-122.29593995958567">
        <ele>27.0</ele>
      </trkpt>
      <trkpt lat="37.108989944681525" lon="-122.29426994919777">
        <ele>39.4</ele>
      </trkpt>
      <trkpt lat="37.10837999358773" lon="-122.29356997646391">
        <ele>40.5</ele>
      </trkpt>
      <trkpt lat="37.1076599881053" lon="-122.29262994602323">
        <ele>32.5</ele>
      </trkpt>
      <trkpt lat="37.10587992332876" lon="-122.29022995568812">
        <ele>20.1</ele>
      </trkpt>
      <trkpt lat="37.10482992231846" lon="-122.28866999968886">
        <ele>5.7</ele>
      </trkpt>
      <trkpt lat="37.10319997742772" lon="-122.28618996217847">
        <ele>5.8</ele>
      </trkpt>
      <trkpt lat="37.102889930829406" lon="-122.28577991947532">
        <ele>7.3</ele>
      </trkpt>
      <trkpt lat="37.10256999358535" lon="-122.28540994226933">
        <ele>7.1</ele>
      </trkpt>
      <trkpt lat="37.101899944245815" lon="-122.28473997674882">
        <ele>7.8</ele>
      </trkpt>
      <trkpt lat="37.10156994871795" lon="-122.28446999564767">
        <ele>8.1</ele>
      </trkpt>
      <trkpt lat="37.10139996372163" lon="-122.28434996679425">
        <ele>8.6</ele>
      </trkpt>
      <trkpt lat="37.10084994323552" lon="-122.28401997126639">
        <ele>8.4</ele>
      </trkpt>
      <trkpt lat="37.10014997050166" lon="-122.28356994688511">
        <ele>11.2</ele>
      </trkpt>
      <trkpt lat="37.09947992116213" lon="-122.28295999579132">
        <ele>9.4</ele>
      </trkpt>
      <trkpt lat="37.099059987813234" lon="-122.28252992033958">
        <ele>10.0</ele>
      </trkpt>
      <trkpt lat="37.098439978435636" lon="-122.28180999867618">
        <ele>9.3</ele>
      </trkpt>
      <trkpt lat="37.0979099906981" lon="-122.28108999319375">
        <ele>7.7</ele>
      </trkpt>
      <trkpt lat="37.09762995131314" lon="-122.28065991774201">
        <ele>7.5</ele>
      </trkpt>
      <trkpt lat="37.09736994467676" lon="-122.28019991889596">
        <ele>8.4</ele>
      </trkpt>
      <trkpt lat="37.097239941358566" lon="-122.27995994500816">
        <ele>10.1</ele>
      </trkpt>
      <trkpt lat="37.09653996862471" lon="-122.27843997068703">
        <ele>8.4</ele>
      </trkpt>
      <trkpt lat="37.096249954774976" lon="-122.27792993187904">
        <ele>9.5</ele>
      </trkpt>
      <trkpt lat="37.09588995203376" lon="-122.27742995135486">
        <ele>10.8</ele>
      </trkpt>
      <trkpt lat="37.09559993818402" lon="-122.27706994861364">
        <ele>11.2</ele>
      </trkpt>
      <trkpt lat="37.09473995491862" lon="-122.27617995813489">
        <ele>13.0</ele>
      </trkpt>
      <trkpt lat="37.09378995001316" lon="-122.27522995322943">
        <ele>17.5</ele>
      </trkpt>
      <trkpt lat="37.09343992173672" lon="-122.27492996491492">
        <ele>20.5</ele>
      </trkpt>
      <trkpt lat="37.093109926208854" lon="-122.27469996549189">
        <ele>22.1</ele>
      </trkpt>
      <trkpt lat="37.09285997785628" lon="-122.27453995496035">
        <ele>26.4</ele>
      </trkpt>
      <trkpt lat="37.092249942943454" lon="-122.27423996664584">
        <ele>29.1</ele>
      </trkpt>
      <trkpt lat="37.09185993298888" lon="-122.27409998886287">
        <ele>34.7</ele>
      </trkpt>
      <trkpt lat="37.091219974681735" lon="-122.2739499527961">
        <ele>41.2</ele>
      </trkpt>
      <trkpt lat="37.090039970353246" lon="-122.27372992783785">
        <ele>46.5</ele>
      </trkpt>
      <trkpt lat="37.0896899420768" lon="-122.27361995726824">
        <ele>47.0</ele>
      </trkpt>
      <trkpt lat="37.089349972084165" lon="-122.27348995395005">
        <ele>47.6</ele>
      </trkpt>
      <trkpt lat="37.089009918272495" lon="-122.27331996895373">
        <ele>47.3</ele>
      </trkpt>
      <trkpt lat="37.08866994827986" lon="-122.27311997674406">
        <ele>46.9</ele>
      </trkpt>
      <trkpt lat="37.08817994222045" lon="-122.27276994846761">
        <ele>46.4</ele>
      </trkpt>
      <trkpt lat="37.087869979441166" lon="-122.27249996736646">
        <ele>46.1</ele>
      </trkpt>
      <trkpt lat="37.087589940056205" lon="-122.2722199279815">
        <ele>45.4</ele>
      </trkpt>
      <trkpt lat="37.08731995895505" lon="-122.27190996520221">
        <ele>43.0</ele>
      </trkpt>
      <trkpt lat="37.08559999242425" lon="-122.26959999650717">
        <ele>34.1</ele>
      </trkpt>
      <trkpt lat="37.085249964147806" lon="-122.26916992105544">
        <ele>39.1</ele>
      </trkpt>
      <trkpt lat="37.08488996140659" lon="-122.26875996217132">
        <ele>41.5</ele>
      </trkpt>
      <trkpt lat="37.08435997366905" lon="-122.268219999969">
        <ele>42.5</ele>
      </trkpt>
      <trkpt lat="37.08404992707074" lon="-122.26793996058404">
        <ele>45.6</ele>
      </trkpt>
      <trkpt lat="37.079099994152784" lon="-122.26375998929143">
        <ele>53.3</ele>
      </trkpt>
      <trkpt lat="37.07866991870105" lon="-122.26343996822834">
        <ele>54.5</ele>
      </trkpt>
      <trkpt lat="37.07818997092545" lon="-122.26315992884338">
        <ele>53.8</ele>
      </trkpt>
      <trkpt lat="37.0758199878037" lon="-122.26194991730154">
        <ele>58.8</ele>
      </trkpt>
      <trkpt lat="37.07522998563945" lon="-122.2616099473089">
        <ele>57.9</ele>
      </trkpt>
      <trkpt lat="37.07470997236669" lon="-122.26124994456768">
        <ele>57.9</ele>
      </trkpt>
      <trkpt lat="37.07391997799277" lon="-122.26062993519008">
        <ele>60.1</ele>
      </trkpt>
      <trkpt lat="37.07146994769573" lon="-122.25860998034477">
        <ele>66.3</ele>
      </trkpt>
      <trkpt lat="37.07073996774852" lon="-122.25803992711008">
        <ele>69.9</ele>
      </trkpt>
      <trkpt lat="37.068659998476505" lon="-122.25647997111082">
        <ele>69.1</ele>
      </trkpt>
      <trkpt lat="37.06798994913697" lon="-122.25598996505141">
        <ele>59.1</ele>
      </trkpt>
      <trkpt lat="37.067499943077564" lon="-122.25565996952355">
        <ele>61.6</ele>
      </trkpt>
      <trkpt lat="37.06684992648661" lon="-122.25526995956898">
        <ele>57.3</ele>
      </trkpt>
      <trkpt lat="37.062579933553934" lon="-122.25237996317446">
        <ele>57.2</ele>
      </trkpt>
      <trkpt lat="37.062109960243106" lon="-122.25202993489802">
        <ele>57.3</ele>
      </trkpt>
      <trkpt lat="37.06147997640073" lon="-122.25149994716048">
        <ele>59.2</ele>
      </trkpt>
      <trkpt lat="37.06105995923281" lon="-122.25110993720591">
        <ele>57.6</ele>
      </trkpt>
      <trkpt lat="37.06059996038675" lon="-122.25060995668173">
        <ele>56.3</ele>
      </trkpt>
      <trkpt lat="37.05815998837352" lon="-122.2477899491787">
        <ele>58.2</ele>
      </trkpt>
      <trkpt lat="37.05732992850244" lon="-122.24688998423517">
        <ele>54.4</ele>
      </trkpt>
      <trkpt lat="37.056309934705496" lon="-122.24591994658113">
        <ele>56.3</ele>
      </trkpt>
      <trkpt lat="37.053299993276596" lon="-122.24323991686106">
        <ele>50.9</ele>
      </trkpt>
      <trkpt lat="37.05302992835641" lon="-122.24298996850848">
        <ele>51.6</ele>
      </trkpt>
      <trkpt lat="37.05250999890268" lon="-122.24245998077095">
        <ele>54.8</ele>
      </trkpt>
      <trkpt lat="37.04903997480869" lon="-122.23856993950903">
        <ele>68.7</ele>
      </trkpt>
      <trkpt lat="37.03993999399245" lon="-122.22826992161572">
        <ele>7.0</ele>
      </trkpt>
      <trkpt lat="37.039529951289296" lon="-122.22787999548018">
        <ele>13.4</ele>
      </trkpt>
      <trkpt lat="37.039099959656596" lon="-122.22753994166851">
        <ele>14.7</ele>
      </trkpt>
      <trkpt lat="37.038669968023896" lon="-122.22724992781878">
        <ele>20.8</ele>
      </trkpt>
      <trkpt lat="37.03819999471307" lon="-122.2269999794662">
        <ele>23.0</ele>
      </trkpt>
      <trkpt lat="37.03772993758321" lon="-122.2268099617213">
        <ele>23.9</ele>
      </trkpt>
      <trkpt lat="37.03609999269247" lon="-122.22633998841047">
        <ele>27.6</ele>
      </trkpt>
      <trkpt lat="37.03559992834926" lon="-122.226129937917">
        <ele>32.4</ele>
      </trkpt>
      <trkpt lat="37.03512995503843" lon="-122.22585995681584">
        <ele>34.6</ele>
      </trkpt>
      <trkpt lat="37.0348999556154" lon="-122.2256999462843">
        <ele>33.9</ele>
      </trkpt>
      <trkpt lat="37.03443995676935" lon="-122.22533994354308">
        <ele>33.3</ele>
      </trkpt>
      <trkpt lat="37.034049946814775" lon="-122.2249499335885">
        <ele>33.4</ele>
      </trkpt>
      <trkpt lat="37.03368994407356" lon="-122.22452991642058">
        <ele>33.6</ele>
      </trkpt>
      <trkpt lat="37.03332994133234" lon="-122.22401996143162">
        <ele>33.4</ele>
      </trkpt>
      <trkpt lat="37.0291099883616" lon="-122.217249982059">
        <ele>32.6</ele>
      </trkpt>
      <trkpt lat="37.028289986774325" lon="-122.21595992334187">
        <ele>30.3</ele>
      </trkpt>
      <trkpt lat="37.02778992243111" lon="-122.21521996892989">
        <ele>27.1</ele>
      </trkpt>
      <trkpt lat="37.02707997523248" lon="-122.21429997123778">
        <ele>18.8</ele>
      </trkpt>
      <trkpt lat="37.026159977540374" lon="-122.21329992637038">
        <ele>15.7</ele>
      </trkpt>
      <trkpt lat="37.02112999744713" lon="-122.20838997513056">
        <ele>30.5</ele>
      </trkpt>
      <trkpt lat="37.0204099919647" lon="-122.20763996243477">
        <ele>29.6</ele>
      </trkpt>
      <trkpt lat="37.01463997364044" lon="-122.20111993141472">
        <ele>21.7</ele>
      </trkpt>
      <trkpt lat="37.01442992314696" lon="-122.20086998306215">
        <ele>21.7</ele>
      </trkpt>
      <trkpt lat="37.01398995704949" lon="-122.2002799808979">
        <ele>22.4</ele>
      </trkpt>
      <trkpt lat="37.01372995041311" lon="-122.1998499892652">
        <ele>22.6</ele>
      </trkpt>
      <trkpt lat="37.012349953874946" lon="-122.19736995175481">
        <ele>23.6</ele>
      </trkpt>
      <trkpt lat="37.01188995502889" lon="-122.19653997570276">
        <ele>24.7</ele>
      </trkpt>
      <trkpt lat="37.01155995950103" lon="-122.19589993357658">
        <ele>27.5</ele>
      </trkpt>
      <trkpt lat="37.01031994074583" lon="-122.19322996214032">
        <ele>13.0</ele>
      </trkpt>
      <trkpt lat="37.008459996432066" lon="-122.18931997194886">
        <ele>25.4</ele>
      </trkpt>
      <trkpt lat="37.00810996815562" lon="-122.18867992982268">
        <ele>26.0</ele>
      </trkpt>
      <trkpt lat="37.00752994045615" lon="-122.18771995045245">
        <ele>29.3</ele>
      </trkpt>
      <trkpt lat="37.00672997161746" lon="-122.18660993501544">
        <ele>28.8</ele>
      </trkpt>
      <trkpt lat="37.00606998056173" lon="-122.18579999171197">
        <ele>28.9</ele>
      </trkpt>
      <trkpt lat="37.00560998171568" lon="-122.18528995290399">
        <ele>32.4</ele>
      </trkpt>
      <trkpt lat="37.00225998647511" lon="-122.18174993991852">
        <ele>25.1</ele>
      </trkpt>
      <trkpt lat="37.00186997652054" lon="-122.18136998824775">
        <ele>24.7</ele>
      </trkpt>
      <trkpt lat="37.00100999325514" lon="-122.18044999055564">
        <ele>16.1</ele>
      </trkpt>
      <trkpt lat="37.00017993338406" lon="-122.17959998175502">
        <ele>14.1</ele>
      </trkpt>
      <trkpt lat="36.99914996512234" lon="-122.17843992635608">
        <ele>16.2</ele>
      </trkpt>
      <trkpt lat="36.99868996627629" lon="-122.17783994972706">
        <ele>23.9</ele>
      </trkpt>
      <trkpt lat="36.99804992415011" lon="-122.17691995203495">
        <ele>26.6</ele>
      </trkpt>
      <trkpt lat="36.997289936989546" lon="-122.17561991885304">
        <ele>31.0</ele>
      </trkpt>
      <trkpt lat="36.993009969592094" lon="-122.1680099889636">
        <ele>21.7</ele>
      </trkpt>
      <trkpt lat="36.99256991967559" lon="-122.1671999618411">
        <ele>26.3</ele>
      </trkpt>
      <trkpt lat="36.99215996079147" lon="-122.16640996746719">
        <ele>29.1</ele>
      </trkpt>
      <trkpt lat="36.99143995530903" lon="-122.16493994928896">
        <ele>31.6</ele>
      </trkpt>
      <trkpt lat="36.99041996151209" lon="-122.16277993284166">
        <ele>33.9</ele>
      </trkpt>
      <trkpt lat="36.98469998314977" lon="-122.15033993124962">
        <ele>37.4</ele>
      </trkpt>
      <trkpt lat="36.98448993265629" lon="-122.14975998736918">
        <ele>37.0</ele>
      </trkpt>
      <trkpt lat="36.98433998040855" lon="-122.14915992692113">
        <ele>36.5</ele>
      </trkpt>
      <trkpt lat="36.98427996598184" lon="-122.14884996414185">
        <ele>41.3</ele>
      </trkpt>
      <trkpt lat="36.983989952132106" lon="-122.14669992215931">
        <ele>47.5</ele>
      </trkpt>
      <trkpt lat="36.98379993438721" lon="-122.14589995332062">
        <ele>42.4</ele>
      </trkpt>
      <trkpt lat="36.98351997882128" lon="-122.14518992230296">
        <ele>55.0</ele>
      </trkpt>
      <trkpt lat="36.981559954583645" lon="-122.14113995432854">
        <ele>36.7</ele>
      </trkpt>
      <trkpt lat="36.981319980695844" lon="-122.14066998101771">
        <ele>32.7</ele>
      </trkpt>
      <trkpt lat="36.98106994852424" lon="-122.14018994942307">
        <ele>32.1</ele>
      </trkpt>
      <trkpt lat="36.97890993207693" lon="-122.13632999919355">
        <ele>31.6</ele>
      </trkpt>
      <trkpt lat="36.97859996929765" lon="-122.13579992763698">
        <ele>31.7</ele>
      </trkpt>
      <trkpt lat="36.978269973769784" lon="-122.1352999471128">
        <ele>33.4</ele>
      </trkpt>
      <trkpt lat="36.97791994549334" lon="-122.13479996658862">
        <ele>34.8</ele>
      </trkpt>
      <trkpt lat="36.97629997506738" lon="-122.13268999010324">
        <ele>37.2</ele>
      </trkpt>
      <trkpt lat="36.97526992298663" lon="-122.13131996802986">
        <ele>38.6</ele>
      </trkpt>
      <trkpt lat="36.97268997319043" lon="-122.1277099661529">
        <ele>29.2</ele>
      </trkpt>
      <trkpt lat="36.97138994000852" lon="-122.12585999630392">
        <ele>25.7</ele>
      </trkpt>
      <trkpt lat="36.97114996612072" lon="-122.12543997913599">
        <ele>26.0</ele>
      </trkpt>
      <trkpt lat="36.97094997391105" lon="-122.12499992921948">
        <ele>25.7</ele>
      </trkpt>
      <trkpt lat="36.97071997448802" lon="-122.12433993816376">
        <ele>20.1</ele>
      </trkpt>
      <trkpt lat="36.97058997116983" lon="-122.12386996485293">
        <ele>11.5</ele>
      </trkpt>
      <trkpt lat="36.9705499894917" lon="-122.1236399654299">
        <ele>7.5</ele>
      </trkpt>
      <trkpt lat="36.97045996785164" lon="-122.12290998548269">
        <ele>10.4</ele>
      </trkpt>
      <trkpt lat="36.97033993899822" lon="-122.12049993686378">
        <ele>26.2</ele>
      </trkpt>
      <trkpt lat="36.97028998285532" lon="-122.11976995691657">
        <ele>26.8</ele>
      </trkpt>
      <trkpt lat="36.97020993568003" lon="-122.11928992532194">
        <ele>26.9</ele>
      </trkpt>
      <trkpt lat="36.97002997621894" lon="-122.11857997812331">
        <ele>26.7</ele>
      </trkpt>
      <trkpt lat="36.969889998435974" lon="-122.11811997927725">
        <ele>25.9</ele>
      </trkpt>
      <trkpt lat="36.96933997794986" lon="-122.11681994609535">
        <ele>14.0</ele>
      </trkpt>
      <trkpt lat="36.96783995255828" lon="-122.11338998749852">
        <ele>33.0</ele>
      </trkpt>
      <trkpt lat="36.96749998256564" lon="-122.11256998591125">
        <ele>32.1</ele>
      </trkpt>
      <trkpt lat="36.96710997261107" lon="-122.11151998490095">
        <ele>26.0</ele>
      </trkpt>
      <trkpt lat="36.965339966118336" lon="-122.10638992488384">
        <ele>37.3</ele>
      </trkpt>
      <trkpt lat="36.965039977803826" lon="-122.10571995936334">
        <ele>37.8</ele>
      </trkpt>
      <trkpt lat="36.96479992009699" lon="-122.10529994219542">
        <ele>36.4</ele>
      </trkpt>
      <trkpt lat="36.964009925723076" lon="-122.10403997451067">
        <ele>40.3</ele>
      </trkpt>
      <trkpt lat="36.96369996294379" lon="-122.10348995402455">
        <ele>41.3</ele>
      </trkpt>
      <trkpt lat="36.96340994909406" lon="-122.10288997739553">
        <ele>43.8</ele>
      </trkpt>
      <trkpt lat="36.96304994635284" lon="-122.10195992141962">
        <ele>49.8</ele>
      </trkpt>
      <trkpt lat="36.96287996135652" lon="-122.1013099886477">
        <ele>47.2</ele>
      </trkpt>
      <trkpt lat="36.962669994682074" lon="-122.10038999095559">
        <ele>37.1</ele>
      </trkpt>
      <trkpt lat="36.96163994260132" lon="-122.09577994421124">
        <ele>37.9</ele>
      </trkpt>
      <trkpt lat="36.96149996481836" lon="-122.09508994594216">
        <ele>37.2</ele>
      </trkpt>
      <trkpt lat="36.96136996150017" lon="-122.09401999600232">
        <ele>33.2</ele>
      </trkpt>
      <trkpt lat="36.96132997982204" lon="-122.09335992112756">
        <ele>30.1</ele>
      </trkpt>
      <trkpt lat="36.96132997982204" lon="-122.09269993007183">
        <ele>22.7</ele>
      </trkpt>
      <trkpt lat="36.961359987035394" lon="-122.09206994622946">
        <ele>12.6</ele>
      </trkpt>
      <trkpt lat="36.96141991764307" lon="-122.09143996238708">
        <ele>16.1</ele>
      </trkpt>
      <trkpt lat="36.96188997477293" lon="-122.08808996714652">
        <ele>21.0</ele>
      </trkpt>
      <trkpt lat="36.96195996366441" lon="-122.08740994334221">
        <ele>24.4</ele>
      </trkpt>
      <trkpt lat="36.962139923125505" lon="-122.0849499385804">
        <ele>20.9</ele>
      </trkpt>
      <trkpt lat="36.96205995976925" lon="-122.08477995358407">
        <ele>20.0</ele>
      </trkpt>
      <trkpt lat="36.9620899669826" lon="-122.0845199469477">
        <ele>13.5</ele>
      </trkpt>
      <trkpt lat="36.962049985304475" lon="-122.08448993973434">
        <ele>13.1</ele>
      </trkpt>
      <trkpt lat="36.96199994534254" lon="-122.08448993973434">
        <ele>13.7</ele>
      </trkpt>
      <trkpt lat="36.96194998919964" lon="-122.08445993252099">
        <ele>13.4</ele>
      </trkpt>
      <trkpt lat="36.96196993812919" lon="-122.08440997637808">
        <ele>12.1</ele>
      </trkpt>
      <trkpt lat="36.96193993091583" lon="-122.0843899436295">
        <ele>12.0</ele>
      </trkpt>
      <trkpt lat="36.96198997087777" lon="-122.08422993309796">
        <ele>10.7</ele>
      </trkpt>
      <trkpt lat="36.962009919807315" lon="-122.08406992256641">
        <ele>11.5</ele>
      </trkpt>
      <trkpt lat="36.962009919807315" lon="-122.08375995978713">
        <ele>13.4</ele>
      </trkpt>
      <trkpt lat="36.96190992370248" lon="-122.08246998488903">
        <ele>13.1</ele>
      </trkpt>
      <trkpt lat="36.96199994534254" lon="-122.08186992444098">
        <ele>26.1</ele>
      </trkpt>
      <trkpt lat="36.96194998919964" lon="-122.08146994002163">
        <ele>27.5</ele>
      </trkpt>
      <trkpt lat="36.96196993812919" lon="-122.081129970029">
        <ele>29.1</ele>
      </trkpt>
      <trkpt lat="36.96193993091583" lon="-122.07997997291386">
        <ele>28.8</ele>
      </trkpt>
      <trkpt lat="36.96194998919964" lon="-122.07947999238968">
        <ele>27.3</ele>
      </trkpt>
      <trkpt lat="36.962009919807315" lon="-122.0790799241513">
        <ele>26.2</ele>
      </trkpt>
      <trkpt lat="36.96199994534254" lon="-122.07819999195635">
        <ele>28.2</ele>
      </trkpt>
      <trkpt lat="36.961919981986284" lon="-122.07689995877445">
        <ele>28.9</ele>
      </trkpt>
      <trkpt lat="36.961879916489124" lon="-122.07402999512851">
        <ele>29.0</ele>
      </trkpt>
      <trkpt lat="36.96195996366441" lon="-122.07357997074723">
        <ele>29.8</ele>
      </trkpt>
      <trkpt lat="36.96194998919964" lon="-122.07258998416364">
        <ele>30.9</ele>
      </trkpt>
      <trkpt lat="36.96180992759764" lon="-122.07184994593263">
        <ele>30.6</ele>
      </trkpt>
      <trkpt lat="36.961749996989965" lon="-122.07162992097437">
        <ele>29.4</ele>
      </trkpt>
      <trkpt lat="36.96169995702803" lon="-122.071139998734">
        <ele>26.8</ele>
      </trkpt>
      <trkpt lat="36.961749996989965" lon="-122.07040993496776">
        <ele>30.4</ele>
      </trkpt>
      <trkpt lat="36.96167992427945" lon="-122.06962999887764">
        <ele>30.4</ele>
      </trkpt>
      <trkpt lat="36.96167992427945" lon="-122.06941994838417">
        <ele>30.5</ele>
      </trkpt>
      <trkpt lat="36.96171998977661" lon="-122.0690399967134">
        <ele>30.9</ele>
      </trkpt>
      <trkpt lat="36.96169995702803" lon="-122.06868996843696">
        <ele>27.2</ele>
      </trkpt>
      <trkpt lat="36.961709931492805" lon="-122.06845996901393">
        <ele>25.1</ele>
      </trkpt>
      <trkpt lat="36.96153994649649" lon="-122.06732992082834">
        <ele>36.4</ele>
      </trkpt>
      <trkpt lat="36.96138999424875" lon="-122.06528993323445">
        <ele>35.2</ele>
      </trkpt>
      <trkpt lat="36.96124993264675" lon="-122.06376995891333">
        <ele>36.4</ele>
      </trkpt>
      <trkpt lat="36.96118991822004" lon="-122.06265994347632">
        <ele>32.6</ele>
      </trkpt>
      <trkpt lat="36.960909962654114" lon="-122.06228996627033">
        <ele>29.5</ele>
      </trkpt>
      <trkpt lat="36.96083997376263" lon="-122.06203993409872">
        <ele>25.8</ele>
      </trkpt>
      <trkpt lat="36.96081994101405" lon="-122.06184991635382">
        <ele>23.9</ele>
      </trkpt>
      <trkpt lat="36.960719944909215" lon="-122.06157993525267">
        <ele>20.0</ele>
      </trkpt>
      <trkpt lat="36.96006992831826" lon="-122.06012994982302">
        <ele>18.6</ele>
      </trkpt>
      <trkpt lat="36.95979994721711" lon="-122.05945998430252">
        <ele>20.7</ele>
      </trkpt>
      <trkpt lat="36.95976994000375" lon="-122.05920995213091">
        <ele>22.7</ele>
      </trkpt>
      <trkpt lat="36.95976994000375" lon="-122.0590999815613">
        <ele>23.8</ele>
      </trkpt>
      <trkpt lat="36.95979994721711" lon="-122.05906997434795">
        <ele>24.3</ele>
      </trkpt>
      <trkpt lat="36.95979994721711" lon="-122.05759995616972">
        <ele>25.0</ele>
      </trkpt>
      <trkpt lat="36.95790999568999" lon="-122.05741999670863">
        <ele>20.9</ele>
      </trkpt>
      <trkpt lat="36.95473995991051" lon="-122.05701992847025">
        <ele>15.3</ele>
      </trkpt>
      <trkpt lat="36.95496995933354" lon="-122.05499997362494">
        <ele>16.0</ele>
      </trkpt>
      <trkpt lat="36.954059936106205" lon="-122.05484993755817">
        <ele>14.8</ele>
      </trkpt>
      <trkpt lat="36.95376992225647" lon="-122.05475999973714">
        <ele>14.3</ele>
      </trkpt>
      <trkpt lat="36.95341997779906" lon="-122.05455992370844">
        <ele>14.0</ele>
      </trkpt>
      <trkpt lat="36.95303994230926" lon="-122.05439999699593">
        <ele>13.7</ele>
      </trkpt>
      <trkpt lat="36.952639957889915" lon="-122.05431994982064">
        <ele>13.6</ele>
      </trkpt>
      <trkpt lat="36.95236997678876" lon="-122.05429991707206">
        <ele>13.4</ele>
      </trkpt>
      <trkpt lat="36.952189933508635" lon="-122.05434995703399">
        <ele>13.3</ele>
      </trkpt>
      <trkpt lat="36.94976999424398" lon="-122.05578996799886">
        <ele>13.7</ele>
      </trkpt>
      <trkpt lat="36.94966999813914" lon="-122.05579994246364">
        <ele>13.7</ele>
      </trkpt>
      <trkpt lat="36.94959992542863" lon="-122.05571997910738">
        <ele>13.9</ele>
      </trkpt>
      <trkpt lat="36.949399933218956" lon="-122.05554999411106">
        <ele>15.5</ele>
      </trkpt>
      <trkpt lat="36.9493699260056" lon="-122.05543993972242">
        <ele>15.3</ele>
      </trkpt>
      <trkpt lat="36.9493699260056" lon="-122.05529996193945">
        <ele>14.5</ele>
      </trkpt>
      <trkpt lat="36.94953999482095" lon="-122.05493995919824">
        <ele>13.5</ele>
      </trkpt>
      <trkpt lat="36.94954996928573" lon="-122.05486997030675">
        <ele>13.5</ele>
      </trkpt>
      <trkpt lat="36.94953999482095" lon="-122.05476997420192">
        <ele>13.6</ele>
      </trkpt>
      <trkpt lat="36.94949992932379" lon="-122.05468992702663">
        <ele>13.7</ele>
      </trkpt>
      <trkpt lat="36.94921997375786" lon="-122.05431994982064">
        <ele>14.7</ele>
      </trkpt>
      <trkpt lat="36.94919994100928" lon="-122.05417997203767">
        <ele>14.3</ele>
      </trkpt>
      <trkpt lat="36.94923992268741" lon="-122.05404996871948">
        <ele>13.4</ele>
      </trkpt>
      <trkpt lat="36.94944997318089" lon="-122.05381996929646">
        <ele>14.1</ele>
      </trkpt>
      <trkpt lat="36.94949992932379" lon="-122.0537299476564">
        <ele>14.3</ele>
      </trkpt>
      <trkpt lat="36.94957997649908" lon="-122.05347999930382">
        <ele>12.9</ele>
      </trkpt>
      <trkpt lat="36.94963999092579" lon="-122.05339995212853">
        <ele>9.3</ele>
      </trkpt>
      <trkpt lat="36.94968994706869" lon="-122.0533599704504">
        <ele>8.2</ele>
      </trkpt>
      <trkpt lat="36.9499899353832" lon="-122.05331998877227">
        <ele>13.4</ele>
      </trkpt>
      <trkpt lat="36.95008993148804" lon="-122.05322996713221">
        <ele>13.3</ele>
      </trkpt>
      <trkpt lat="36.950149945914745" lon="-122.05309996381402">
        <ele>13.3</ele>
      </trkpt>
      <trkpt lat="36.950169978663325" lon="-122.05293995328248">
        <ele>13.2</ele>
      </trkpt>
      <trkpt lat="36.950149945914745" lon="-122.05282998271286">
        <ele>13.1</ele>
      </trkpt>
      <trkpt lat="36.95008993148804" lon="-122.05268992111087">
        <ele>13.0</ele>
      </trkpt>
      <trkpt lat="36.949849957600236" lon="-122.05241994000971">
        <ele>13.0</ele>
      </trkpt>
      <trkpt lat="36.9497499614954" lon="-122.05226998776197">
        <ele>13.3</ele>
      </trkpt>
      <trkpt lat="36.94968994706869" lon="-122.05210997723043">
        <ele>13.3</ele>
      </trkpt>
      <trkpt lat="36.94966999813914" lon="-122.05193999223411">
        <ele>13.2</ele>
      </trkpt>
      <trkpt lat="36.94970997981727" lon="-122.05178995616734">
        <ele>13.2</ele>
      </trkpt>
      <trkpt lat="36.94978994317353" lon="-122.05163992010057">
        <ele>12.7</ele>
      </trkpt>
      <trkpt lat="36.94978994317353" lon="-122.05151997506618">
        <ele>12.9</ele>
      </trkpt>
      <trkpt lat="36.94976999424398" lon="-122.05140992067754">
        <ele>12.2</ele>
      </trkpt>
      <trkpt lat="36.94963999092579" lon="-122.05116994678974">
        <ele>12.3</ele>
      </trkpt>
      <trkpt lat="36.949569918215275" lon="-122.05070994794369">
        <ele>13.1</ele>
      </trkpt>
      <trkpt lat="36.94964996539056" lon="-122.05035991966724">
        <ele>13.1</ele>
      </trkpt>
      <trkpt lat="36.9495599437505" lon="-122.04978995025158">
        <ele>11.2</ele>
      </trkpt>
      <trkpt lat="36.94935995154083" lon="-122.04956992529333">
        <ele>9.2</ele>
      </trkpt>
      <trkpt lat="36.949309995397925" lon="-122.04944998025894">
        <ele>8.7</ele>
      </trkpt>
      <trkpt lat="36.94929993711412" lon="-122.04926993697882">
        <ele>8.2</ele>
      </trkpt>
      <trkpt lat="36.94933991879225" lon="-122.04913993366063">
        <ele>8.2</ele>
      </trkpt>
      <trkpt lat="36.94965993985534" lon="-122.04867993481457">
        <ele>7.9</ele>
      </trkpt>
      <trkpt lat="36.94997996091843" lon="-122.04764996655285">
        <ele>8.5</ele>
      </trkpt>
      <trkpt lat="36.94999999366701" lon="-122.04746992327273">
        <ele>8.5</ele>
      </trkpt>
      <trkpt lat="36.94995992816985" lon="-122.04727998934686">
        <ele>8.4</ele>
      </trkpt>
      <trkpt lat="36.949829924851656" lon="-122.0469999499619">
        <ele>8.1</ele>
      </trkpt>
      <trkpt lat="36.94980997592211" lon="-122.04684999771416">
        <ele>7.9</ele>
      </trkpt>
      <trkpt lat="36.94981995038688" lon="-122.04664992168546">
        <ele>7.6</ele>
      </trkpt>
      <trkpt lat="36.95015992037952" lon="-122.04603997059166">
        <ele>7.9</ele>
      </trkpt>
      <trkpt lat="36.95019998587668" lon="-122.04585992731154">
        <ele>7.9</ele>
      </trkpt>
      <trkpt lat="36.95019998587668" lon="-122.04573998227715">
        <ele>7.8</ele>
      </trkpt>
      <trkpt lat="36.950259916484356" lon="-122.04541996121407">
        <ele>7.5</ele>
      </trkpt>
      <trkpt lat="36.95032998919487" lon="-122.04531996510923">
        <ele>7.6</ele>
      </trkpt>
      <trkpt lat="36.950579937547445" lon="-122.04482995904982">
        <ele>8.0</ele>
      </trkpt>
      <trkpt lat="36.9507999625057" lon="-122.04435998573899">
        <ele>7.9</ele>
      </trkpt>
      <trkpt lat="36.95086995139718" lon="-122.04395991750062">
        <ele>7.5</ele>
      </trkpt>
      <trkpt lat="36.95097992196679" lon="-122.04377995803952">
        <ele>7.6</ele>
      </trkpt>
      <trkpt lat="36.95108997635543" lon="-122.0436599291861">
        <ele>7.7</ele>
      </trkpt>
      <trkpt lat="36.95125996135175" lon="-122.04326991923153">
        <ele>7.6</ele>
      </trkpt>
      <trkpt lat="36.951329950243235" lon="-122.0429899636656">
        <ele>7.4</ele>
      </trkpt>
      <trkpt lat="36.95139993913472" lon="-122.04286993481219">
        <ele>7.2</ele>
      </trkpt>
      <trkpt lat="36.95192992687225" lon="-122.04232997260988">
        <ele>7.2</ele>
      </trkpt>
      <trkpt lat="36.95213997736573" lon="-122.04215998761356">
        <ele>7.5</ele>
      </trkpt>
      <trkpt lat="36.95296995341778" lon="-122.04160996712744">
        <ele>7.9</ele>
      </trkpt>
      <trkpt lat="36.953069949522614" lon="-122.04146998934448">
        <ele>8.0</ele>
      </trkpt>
      <trkpt lat="36.9531399384141" lon="-122.041259938851">
        <ele>7.9</ele>
      </trkpt>
      <trkpt lat="36.953179920092225" lon="-122.04095995053649">
        <ele>7.7</ele>
      </trkpt>
      <trkpt lat="36.9531499966979" lon="-122.04078996554017">
        <ele>7.6</ele>
      </trkpt>
      <trkpt lat="36.95318997837603" lon="-122.03979997895658">
        <ele>7.5</ele>
      </trkpt>
      <trkpt lat="36.95324999280274" lon="-122.03964994288981">
        <ele>7.6</ele>
      </trkpt>
      <trkpt lat="36.95305997505784" lon="-122.0389199629426">
        <ele>7.7</ele>
      </trkpt>
      <trkpt lat="36.95299996063113" lon="-122.03845996409655">
        <ele>7.5</ele>
      </trkpt>
      <trkpt lat="36.95297992788255" lon="-122.03728993423283">
        <ele>7.9</ele>
      </trkpt>
      <trkpt lat="36.952959978953004" lon="-122.03707996755838">
        <ele>8.1</ele>
      </trkpt>
      <trkpt lat="36.95280994288623" lon="-122.03645995818079">
        <ele>8.1</ele>
      </trkpt>
      <trkpt lat="36.952639957889915" lon="-122.0360899809748">
        <ele>8.2</ele>
      </trkpt>
      <trkpt lat="36.95254993624985" lon="-122.03602996654809">
        <ele>7.9</ele>
      </trkpt>
      <trkpt lat="36.95236997678876" lon="-122.03553996048868">
        <ele>8.3</ele>
      </trkpt>
      <trkpt lat="36.95235991850495" lon="-122.03542998991907">
        <ele>8.4</ele>
      </trkpt>
      <trkpt lat="36.9522799551487" lon="-122.03518993221223">
        <ele>8.5</ele>
      </trkpt>
      <trkpt lat="36.952189933508635" lon="-122.03479992225766">
        <ele>8.4</ele>
      </trkpt>
      <trkpt lat="36.952149951830506" lon="-122.03442994505167">
        <ele>8.4</ele>
      </trkpt>
      <trkpt lat="36.952059930190444" lon="-122.03425996005535">
        <ele>8.1</ele>
      </trkpt>
      <trkpt lat="36.952059930190444" lon="-122.03391999006271">
        <ele>7.9</ele>
      </trkpt>
      <trkpt lat="36.95213997736573" lon="-122.03377992846072">
        <ele>8.2</ele>
      </trkpt>
      <trkpt lat="36.95215992629528" lon="-122.03331992961466">
        <ele>8.5</ele>
      </trkpt>
      <trkpt lat="36.95187997072935" lon="-122.03187991864979">
        <ele>8.2</ele>
      </trkpt>
      <trkpt lat="36.95186999626458" lon="-122.03175997361541">
        <ele>8.2</ele>
      </trkpt>
      <trkpt lat="36.9518999196589" lon="-122.03160993754864">
        <ele>8.4</ele>
      </trkpt>
      <trkpt lat="36.95182993076742" lon="-122.0313199236989">
        <ele>8.4</ele>
      </trkpt>
      <trkpt lat="36.951889945194125" lon="-122.03029992990196">
        <ele>8.1</ele>
      </trkpt>
      <trkpt lat="36.95193998515606" lon="-122.0300299488008">
        <ele>8.0</ele>
      </trkpt>
      <trkpt lat="36.95213997736573" lon="-122.02948998659849">
        <ele>8.3</ele>
      </trkpt>
      <trkpt lat="36.952169984579086" lon="-122.02926996164024">
        <ele>8.2</ele>
      </trkpt>
      <trkpt lat="36.952169984579086" lon="-122.02908991836011">
        <ele>8.1</ele>
      </trkpt>
      <trkpt lat="36.95223997347057" lon="-122.0287899300456">
        <ele>8.3</ele>
      </trkpt>
      <trkpt lat="36.95223997347057" lon="-122.02859999611974">
        <ele>8.2</ele>
      </trkpt>
      <trkpt lat="36.952059930190444" lon="-122.02806992456317">
        <ele>8.2</ele>
      </trkpt>
      <trkpt lat="36.95195993408561" lon="-122.02763993293047">
        <ele>8.0</ele>
      </trkpt>
      <trkpt lat="36.95186999626458" lon="-122.02709997072816">
        <ele>8.3</ele>
      </trkpt>
      <trkpt lat="36.95185993798077" lon="-122.02673996798694">
        <ele>8.4</ele>
      </trkpt>
      <trkpt lat="36.95186999626458" lon="-122.02658993192017">
        <ele>8.2</ele>
      </trkpt>
      <trkpt lat="36.951909977942705" lon="-122.02643997967243">
        <ele>7.8</ele>
      </trkpt>
      <trkpt lat="36.95206998847425" lon="-122.0261999219656">
        <ele>7.2</ele>
      </trkpt>
      <trkpt lat="36.95224994793534" lon="-122.02608995139599">
        <ele>6.6</ele>
      </trkpt>
      <trkpt lat="36.95243996568024" lon="-122.02602993696928">
        <ele>7.3</ele>
      </trkpt>
      <trkpt lat="36.95286995731294" lon="-122.02565995976329">
        <ele>7.1</ele>
      </trkpt>
      <trkpt lat="36.9531499966979" lon="-122.02547991648316">
        <ele>7.3</ele>
      </trkpt>
      <trkpt lat="36.95320992730558" lon="-122.02530993148685">
        <ele>6.2</ele>
      </trkpt>
      <trkpt lat="36.953519973903894" lon="-122.02517992816865">
        <ele>3.5</ele>
      </trkpt>
      <trkpt lat="36.953629944473505" lon="-122.02520993538201">
        <ele>4.3</ele>
      </trkpt>
      <trkpt lat="36.95373999886215" lon="-122.02527992427349">
        <ele>6.4</ele>
      </trkpt>
      <trkpt lat="36.95393999107182" lon="-122.02521999366581">
        <ele>6.5</ele>
      </trkpt>
      <trkpt lat="36.95520993322134" lon="-122.02473996207118">
        <ele>7.4</ele>
      </trkpt>
      <trkpt lat="36.95545996539295" lon="-122.02457995153964">
        <ele>6.8</ele>
      </trkpt>
      <trkpt lat="36.95561997592449" lon="-122.02456997707486">
        <ele>5.4</ele>
      </trkpt>
      <trkpt lat="36.95577998645604" lon="-122.02458992600441">
        <ele>5.3</ele>
      </trkpt>
      <trkpt lat="36.95618994534016" lon="-122.0247199293226">
        <ele>5.2</ele>
      </trkpt>
      <trkpt lat="36.956959990784526" lon="-122.02531998977065">
        <ele>3.7</ele>
      </trkpt>
      <trkpt lat="36.95711991749704" lon="-122.025349996984">
        <ele>3.1</ele>
      </trkpt>
      <trkpt lat="36.95731999352574" lon="-122.02548997476697">
        <ele>3.6</ele>
      </trkpt>
      <trkpt lat="36.95746994577348" lon="-122.02561997808516">
        <ele>1.6</ele>
      </trkpt>
      <trkpt lat="36.95761998184025" lon="-122.02586992643774">
        <ele>4.7</ele>
      </trkpt>
      <trkpt lat="36.95772995240986" lon="-122.02594997361302">
        <ele>7.2</ele>
      </trkpt>
      <trkpt lat="36.95788996294141" lon="-122.02600998803973">
        <ele>8.2</ele>
      </trkpt>
      <trkpt lat="36.95815994404256" lon="-122.02600998803973">
        <ele>7.0</ele>
      </trkpt>
      <trkpt lat="36.95851994678378" lon="-122.02594997361302">
        <ele>8.7</ele>
      </trkpt>
      <trkpt lat="36.95902998559177" lon="-122.02582994475961">
        <ele>11.7</ele>
      </trkpt>
      <trkpt lat="36.959619987756014" lon="-122.02565995976329">
        <ele>12.8</ele>
      </trkpt>
      <trkpt lat="36.95978997275233" lon="-122.02563992701471">
        <ele>12.1</ele>
      </trkpt>
      <trkpt lat="36.960179982706904" lon="-122.02571997419">
        <ele>13.9</ele>
      </trkpt>
      <trkpt lat="36.96118991822004" lon="-122.02549994923174">
        <ele>14.0</ele>
      </trkpt>
      <trkpt lat="36.96162996813655" lon="-122.02531998977065">
        <ele>14.6</ele>
      </trkpt>
      <trkpt lat="36.962029952555895" lon="-122.02521999366581">
        <ele>16.6</ele>
      </trkpt>
      <trkpt lat="36.96222994476557" lon="-122.02507993206382">
        <ele>14.8</ele>
      </trkpt>
      <trkpt lat="36.962309991940856" lon="-122.02499996870756">
        <ele>13.9</ele>
      </trkpt>
      <trkpt lat="36.96244996972382" lon="-122.02477994374931">
        <ele>10.6</ele>
      </trkpt>
      <trkpt lat="36.96263998746872" lon="-122.0242899376899">
        <ele>5.6</ele>
      </trkpt>
      <trkpt lat="36.96265993639827" lon="-122.02415993437171">
        <ele>5.0</ele>
      </trkpt>
      <trkpt lat="36.96265993639827" lon="-122.02406999655068">
        <ele>4.8</ele>
      </trkpt>
      <trkpt lat="36.96261995472014" lon="-122.02391996048391">
        <ele>4.3</ele>
      </trkpt>
      <trkpt lat="36.96263998746872" lon="-122.02374997548759">
        <ele>4.0</ele>
      </trkpt>
      <trkpt lat="36.962799998000264" lon="-122.02351997606456">
        <ele>4.4</ele>
      </trkpt>
      <trkpt lat="36.963789984583855" lon="-122.02104999683797">
        <ele>5.0</ele>
      </trkpt>
      <trkpt lat="36.964089972898364" lon="-122.02026997692883">
        <ele>4.4</ele>
      </trkpt>
      <trkpt lat="36.964159961789846" lon="-122.02000997029245">
        <ele>4.1</ele>
      </trkpt>
      <trkpt lat="36.96422995068133" lon="-122.01998993754387">
        <ele>4.3</ele>
      </trkpt>
      <trkpt lat="36.96429993957281" lon="-122.01980997808278">
        <ele>4.2</ele>
      </trkpt>
      <trkpt lat="36.964459950104356" lon="-122.01887992210686">
        <ele>4.1</ele>
      </trkpt>
      <trkpt lat="36.96454997174442" lon="-122.01796998269856">
        <ele>3.6</ele>
      </trkpt>
      <trkpt lat="36.964589953422546" lon="-122.0178799610585">
        <ele>3.6</ele>
      </trkpt>
      <trkpt lat="36.96473998948932" lon="-122.0164599828422">
        <ele>3.6</ele>
      </trkpt>
      <trkpt lat="36.96481995284557" lon="-122.01611992903054">
        <ele>3.8</ele>
      </trkpt>
      <trkpt lat="36.96481995284557" lon="-122.0160299912095">
        <ele>4.0</ele>
      </trkpt>
      <trkpt lat="36.964929923415184" lon="-122.01555993407965">
        <ele>5.2</ele>
      </trkpt>
      <trkpt lat="36.964969988912344" lon="-122.01549991965294">
        <ele>5.5</ele>
      </trkpt>
      <trkpt lat="36.9650499522686" lon="-122.01519993133843">
        <ele>6.6</ele>
      </trkpt>
      <trkpt lat="36.9650499522686" lon="-122.01512994244695">
        <ele>6.7</ele>
      </trkpt>
      <trkpt lat="36.96521993726492" lon="-122.01467991806567">
        <ele>6.6</ele>
      </trkpt>
      <trkpt lat="36.965529983863235" lon="-122.01403995975852">
        <ele>6.4</ele>
      </trkpt>
      <trkpt lat="36.965529983863235" lon="-122.01395999640226">
        <ele>6.5</ele>
      </trkpt>
      <trkpt lat="36.965619921684265" lon="-122.01384994201362">
        <ele>6.0</ele>
      </trkpt>
      <trkpt lat="36.965769957751036" lon="-122.01351994648576">
        <ele>3.5</ele>
      </trkpt>
      <trkpt lat="36.965789990499616" lon="-122.0133799687028">
        <ele>2.7</ele>
      </trkpt>
      <trkpt lat="36.96575998328626" lon="-122.01335993595421">
        <ele>2.8</ele>
      </trkpt>
      <trkpt lat="36.96572997607291" lon="-122.01336999423802">
        <ele>3.0</ele>
      </trkpt>
      <trkpt lat="36.96558999828994" lon="-122.01363997533917">
        <ele>5.3</ele>
      </trkpt>
      <trkpt lat="36.96557994000614" lon="-122.01359999366105">
        <ele>5.5</ele>
      </trkpt>
      <trkpt lat="36.96615996770561" lon="-122.01241998933256">
        <ele>12.2</ele>
      </trkpt>
      <trkpt lat="36.966329952701926" lon="-122.01245997101068">
        <ele>13.3</ele>
      </trkpt>
      <trkpt lat="36.96660999208689" lon="-122.01260992325842">
        <ele>13.3</ele>
      </trkpt>
      <trkpt lat="36.96669992990792" lon="-122.0125799998641">
        <ele>13.3</ele>
      </trkpt>
      <trkpt lat="36.966709988191724" lon="-122.01252995990217">
        <ele>13.3</ele>
      </trkpt>
      <trkpt lat="36.96631997823715" lon="-122.01231999322772">
        <ele>13.2</ele>
      </trkpt>
      <trkpt lat="36.966279996559024" lon="-122.01227992773056">
        <ele>13.2</ele>
      </trkpt>
      <trkpt lat="36.966219982132316" lon="-122.01218998990953">
        <ele>13.1</ele>
      </trkpt>
      <trkpt lat="36.96618997491896" lon="-122.01205998659134">
        <ele>13.1</ele>
      </trkpt>
      <trkpt lat="36.966199949383736" lon="-122.0118999760598">
        <ele>13.1</ele>
      </trkpt>
      <trkpt lat="36.9665299449116" lon="-122.0110899489373">
        <ele>13.0</ele>
      </trkpt>
      <trkpt lat="36.96660999208689" lon="-122.01081996783614">
        <ele>13.0</ele>
      </trkpt>
      <trkpt lat="36.96702992543578" lon="-122.00892993248999">
        <ele>13.2</ele>
      </trkpt>
      <trkpt lat="36.967139979824424" lon="-122.00854998081923">
        <ele>13.7</ele>
      </trkpt>
      <trkpt lat="36.96791999973357" lon="-122.00475993566215">
        <ele>12.8</ele>
      </trkpt>
      <trkpt lat="36.96796995587647" lon="-122.00401998125017">
        <ele>11.5</ele>
      </trkpt>
      <trkpt lat="36.967959981411695" lon="-122.00215995311737">
        <ele>8.2</ele>
      </trkpt>
      <trkpt lat="36.96789996698499" lon="-122.00144992209971">
        <ele>9.3</ele>
      </trkpt>
      <trkpt lat="36.96791999973357" lon="-122.001159992069">
        <ele>11.8</ele>
      </trkpt>
      <trkpt lat="36.96731993928552" lon="-122.00122998096049">
        <ele>8.1</ele>
      </trkpt>
      <trkpt lat="36.967269983142614" lon="-122.00120994821191">
        <ele>8.1</ele>
      </trkpt>
      <trkpt lat="36.96689992211759" lon="-122.00094994157553">
        <ele>7.6</ele>
      </trkpt>
      <trkpt lat="36.96673999540508" lon="-122.00086997821927">
        <ele>6.8</ele>
      </trkpt>
      <trkpt lat="36.966369934380054" lon="-122.00087995268404">
        <ele>5.8</ele>
      </trkpt>
      <trkpt lat="36.965879928320646" lon="-122.00084994547069">
        <ele>5.8</ele>
      </trkpt>
      <trkpt lat="36.96567993611097" lon="-122.00078993104398">
        <ele>5.8</ele>
      </trkpt>
      <trkpt lat="36.96538992226124" lon="-122.00061994604766">
        <ele>5.6</ele>
      </trkpt>
      <trkpt lat="36.9650499522686" lon="-122.0004799682647">
        <ele>5.8</ele>
      </trkpt>
      <trkpt lat="36.96487996727228" lon="-122.00038994662464">
        <ele>6.0</ele>
      </trkpt>
      <trkpt lat="36.96463999338448" lon="-122.00020998716354">
        <ele>6.2</ele>
      </trkpt>
      <trkpt lat="36.96450999006629" lon="-122.00015994720161">
        <ele>6.2</ele>
      </trkpt>
      <trkpt lat="36.96439993567765" lon="-122.00013999827206">
        <ele>6.2</ele>
      </trkpt>
      <trkpt lat="36.963039971888065" lon="-122.00031995773315">
        <ele>6.1</ele>
      </trkpt>
      <trkpt lat="36.96302999742329" lon="-122.00036999769509">
        <ele>5.9</ele>
      </trkpt>
      <trkpt lat="36.96299999020994" lon="-122.00039992108941">
        <ele>5.8</ele>
      </trkpt>
      <trkpt lat="36.96292991749942" lon="-122.00040997937322">
        <ele>5.5</ele>
      </trkpt>
      <trkpt lat="36.96287996135652" lon="-122.00036999769509">
        <ele>5.5</ele>
      </trkpt>
      <trkpt lat="36.96285992860794" lon="-122.00030998326838">
        <ele>5.5</ele>
      </trkpt>
      <trkpt lat="36.962909968569875" lon="-122.00013999827206">
        <ele>6.0</ele>
      </trkpt>
      <trkpt lat="36.96284995414317" lon="-121.99981997720897">
        <ele>6.3</ele>
      </trkpt>
      <trkpt lat="36.962739983573556" lon="-121.99952996335924">
        <ele>7.0</ele>
      </trkpt>
      <trkpt lat="36.96253999136388" lon="-121.99919996783137">
        <ele>8.0</ele>
      </trkpt>
      <trkpt lat="36.9625199586153" lon="-121.99901992455125">
        <ele>8.1</ele>
      </trkpt>
      <trkpt lat="36.96254996582866" lon="-121.99885999783874">
        <ele>8.1</ele>
      </trkpt>
      <trkpt lat="36.96263998746872" lon="-121.9987499434501">
        <ele>7.8</ele>
      </trkpt>
      <trkpt lat="36.962909968569875" lon="-121.99866998009384">
        <ele>8.7</ele>
      </trkpt>
      <trkpt lat="36.963019939139485" lon="-121.99859999120235">
        <ele>9.7</ele>
      </trkpt>
      <trkpt lat="36.96304994635284" lon="-121.99853997677565">
        <ele>9.8</ele>
      </trkpt>
      <trkpt lat="36.96310996077955" lon="-121.99826999567449">
        <ele>9.8</ele>
      </trkpt>
      <trkpt lat="36.96292991749942" lon="-121.99779993854463">
        <ele>8.5</ele>
      </trkpt>
      <trkpt lat="36.9627099763602" lon="-121.99740992859006">
        <ele>5.0</ele>
      </trkpt>
      <trkpt lat="36.962029952555895" lon="-121.99687994085252">
        <ele>1.9</ele>
      </trkpt>
      <trkpt lat="36.961879916489124" lon="-121.9967099558562">
        <ele>2.2</ele>
      </trkpt>
      <trkpt lat="36.96179995313287" lon="-121.99652999639511">
        <ele>3.3</ele>
      </trkpt>
      <trkpt lat="36.961789978668094" lon="-121.99637996032834">
        <ele>4.1</ele>
      </trkpt>
      <trkpt lat="36.96180992759764" lon="-121.99622992426157">
        <ele>5.2</ele>
      </trkpt>
      <trkpt lat="36.96186994202435" lon="-121.99606999754906">
        <ele>6.3</ele>
      </trkpt>
      <trkpt lat="36.96197999641299" lon="-121.99596991762519">
        <ele>7.5</ele>
      </trkpt>
      <trkpt lat="36.963579934090376" lon="-121.99502997100353">
        <ele>16.1</ele>
      </trkpt>
      <trkpt lat="36.96385997347534" lon="-121.99471992440522">
        <ele>15.9</ele>
      </trkpt>
      <trkpt lat="36.9639499951154" lon="-121.9945599976927">
        <ele>15.8</ele>
      </trkpt>
      <trkpt lat="36.9639499951154" lon="-121.99450995773077">
        <ele>15.9</ele>
      </trkpt>
      <trkpt lat="36.96414998732507" lon="-121.9941199477762">
        <ele>14.9</ele>
      </trkpt>
      <trkpt lat="36.964349979534745" lon="-121.99364997446537">
        <ele>14.6</ele>
      </trkpt>
      <trkpt lat="36.96435995399952" lon="-121.99324999004602">
        <ele>14.6</ele>
      </trkpt>
      <trkpt lat="36.964349979534745" lon="-121.99318997561932">
        <ele>14.6</ele>
      </trkpt>
      <trkpt lat="36.96430999785662" lon="-121.99312996119261">
        <ele>14.6</ele>
      </trkpt>
      <trkpt lat="36.96422995068133" lon="-121.99279996566474">
        <ele>14.3</ele>
      </trkpt>
      <trkpt lat="36.96424998342991" lon="-121.99273995123804">
        <ele>14.3</ele>
      </trkpt>
      <trkpt lat="36.964179994538426" lon="-121.99260994791985">
        <ele>14.4</ele>
      </trkpt>
      <trkpt lat="36.9638099335134" lon="-121.99169992469251">
        <ele>13.7</ele>
      </trkpt>
      <trkpt lat="36.96373994462192" lon="-121.99164996854961">
        <ele>13.7</ele>
      </trkpt>
      <trkpt lat="36.963639948517084" lon="-121.991399936378">
        <ele>14.0</ele>
      </trkpt>
      <trkpt lat="36.96325999684632" lon="-121.99018992483616">
        <ele>13.0</ele>
      </trkpt>
      <trkpt lat="36.96325999684632" lon="-121.99008992873132">
        <ele>12.9</ele>
      </trkpt>
      <trkpt lat="36.963099986314774" lon="-121.98957997374237">
        <ele>13.0</ele>
      </trkpt>
      <trkpt lat="36.96304994635284" lon="-121.98951995931566">
        <ele>13.1</ele>
      </trkpt>
      <trkpt lat="36.96291994303465" lon="-121.9891099166125">
        <ele>13.3</ele>
      </trkpt>
      <trkpt lat="36.96293997578323" lon="-121.98902995325625">
        <ele>13.4</ele>
      </trkpt>
      <trkpt lat="36.96281994692981" lon="-121.98857992887497">
        <ele>13.2</ele>
      </trkpt>
      <trkpt lat="36.96268994361162" lon="-121.98841991834342">
        <ele>13.3</ele>
      </trkpt>
      <trkpt lat="36.962629929184914" lon="-121.9883899949491">
        <ele>13.3</ele>
      </trkpt>
      <trkpt lat="36.962459944188595" lon="-121.98834992945194">
        <ele>13.4</ele>
      </trkpt>
      <trkpt lat="36.961729964241385" lon="-121.98857992887497">
        <ele>13.6</ele>
      </trkpt>
      <trkpt lat="36.96162996813655" lon="-121.98852997273207">
        <ele>13.7</ele>
      </trkpt>
      <trkpt lat="36.96154992096126" lon="-121.988439951092">
        <ele>13.6</ele>
      </trkpt>
      <trkpt lat="36.960979951545596" lon="-121.98531995527446">
        <ele>8.4</ele>
      </trkpt>
      <trkpt lat="36.96076998487115" lon="-121.98437992483377">
        <ele>3.8</ele>
      </trkpt>
      <trkpt lat="36.960549959912896" lon="-121.98373996652663">
        <ele>2.0</ele>
      </trkpt>
      <trkpt lat="36.96037997491658" lon="-121.98333998210728">
        <ele>2.0</ele>
      </trkpt>
      <trkpt lat="36.9601699244231" lon="-121.98292993940413">
        <ele>6.4</ele>
      </trkpt>
      <trkpt lat="36.959619987756014" lon="-121.98201999999583">
        <ele>9.1</ele>
      </trkpt>
      <trkpt lat="36.95901992730796" lon="-121.9809199590236">
        <ele>8.5</ele>
      </trkpt>
      <trkpt lat="36.9586899317801" lon="-121.98066992685199">
        <ele>8.3</ele>
      </trkpt>
      <trkpt lat="36.957399956882" lon="-121.97882993146777">
        <ele>8.0</ele>
      </trkpt>
      <trkpt lat="36.95705998688936" lon="-121.97840999811888">
        <ele>9.8</ele>
      </trkpt>
      <trkpt lat="36.95673996582627" lon="-121.97817999869585">
        <ele>3.8</ele>
      </trkpt>
      <trkpt lat="36.95668992586434" lon="-121.97820992209017">
        <ele>4.0</ele>
      </trkpt>
      <trkpt lat="36.95632992312312" lon="-121.97790993377566">
        <ele>1.6</ele>
      </trkpt>
      <trkpt lat="36.955539928749204" lon="-121.97675993666053">
        <ele>7.9</ele>
      </trkpt>
      <trkpt lat="36.95534999482334" lon="-121.97643999941647">
        <ele>7.8</ele>
      </trkpt>
      <trkpt lat="36.95542995817959" lon="-121.97621997445822">
        <ele>8.0</ele>
      </trkpt>
      <trkpt lat="36.95583991706371" lon="-121.97562997229397">
        <ele>8.6</ele>
      </trkpt>
      <trkpt lat="36.95588995702565" lon="-121.97543995454907">
        <ele>8.6</ele>
      </trkpt>
      <trkpt lat="36.95583991706371" lon="-121.97405995801091">
        <ele>8.4</ele>
      </trkpt>
      <trkpt lat="36.95583991706371" lon="-121.97199993766844">
        <ele>8.1</ele>
      </trkpt>
      <trkpt lat="36.95586992427707" lon="-121.97176993824542">
        <ele>7.6</ele>
      </trkpt>
      <trkpt lat="36.955929938703775" lon="-121.97167991660535">
        <ele>7.5</ele>
      </trkpt>
      <trkpt lat="36.956809954717755" lon="-121.97089998051524">
        <ele>7.2</ele>
      </trkpt>
      <trkpt lat="36.95698999799788" lon="-121.97071993723512">
        <ele>7.2</ele>
      </trkpt>
      <trkpt lat="36.9578299485147" lon="-121.96943993680179">
        <ele>7.3</ele>
      </trkpt>
      <trkpt lat="36.95803999900818" lon="-121.96920993737876">
        <ele>7.4</ele>
      </trkpt>
      <trkpt lat="36.958139995113015" lon="-121.96912997402251">
        <ele>7.4</ele>
      </trkpt>
      <trkpt lat="36.95833998732269" lon="-121.96891992352903">
        <ele>7.4</ele>
      </trkpt>
      <trkpt lat="36.95842992514372" lon="-121.96877994574606">
        <ele>7.6</ele>
      </trkpt>
      <trkpt lat="36.95874994620681" lon="-121.96795994415879">
        <ele>7.7</ele>
      </trkpt>
      <trkpt lat="36.95885991677642" lon="-121.96749994531274">
        <ele>8.0</ele>
      </trkpt>
      <trkpt lat="36.95893996395171" lon="-121.96724999696016">
        <ele>8.0</ele>
      </trkpt>
      <trkpt lat="36.95903996005654" lon="-121.96700993925333">
        <ele>8.4</ele>
      </trkpt>
      <trkpt lat="36.9593099411577" lon="-121.96664993651211">
        <ele>10.7</ele>
      </trkpt>
      <trkpt lat="36.95934992283583" lon="-121.96655999869108">
        <ele>11.7</ele>
      </trkpt>
      <trkpt lat="36.95946995168924" lon="-121.96596999652684">
        <ele>13.5</ele>
      </trkpt>
      <trkpt lat="36.95958998054266" lon="-121.96576992049813">
        <ele>13.8</ele>
      </trkpt>
      <trkpt lat="36.96010999381542" lon="-121.96504999883473">
        <ele>13.5</ele>
      </trkpt>
      <trkpt lat="36.96022993884981" lon="-121.96492996998131">
        <ele>13.5</ele>
      </trkpt>
      <trkpt lat="36.96031996048987" lon="-121.96490993723273">
        <ele>13.5</ele>
      </trkpt>
      <trkpt lat="36.96067996323109" lon="-121.96491999551654">
        <ele>13.7</ele>
      </trkpt>
      <trkpt lat="36.96193993091583" lon="-121.96487993001938">
        <ele>14.8</ele>
      </trkpt>
      <trkpt lat="36.96354992687702" lon="-121.96487993001938">
        <ele>15.0</ele>
      </trkpt>
      <trkpt lat="36.96367993019521" lon="-121.96460994891822">
        <ele>14.9</ele>
      </trkpt>
      <trkpt lat="36.96473998948932" lon="-121.96318997070193">
        <ele>15.4</ele>
      </trkpt>
      <trkpt lat="36.96644998155534" lon="-121.96096993982792">
        <ele>17.4</ele>
      </trkpt>
      <trkpt lat="36.96822996251285" lon="-121.95872996002436">
        <ele>10.5</ele>
      </trkpt>
      <trkpt lat="36.96856993250549" lon="-121.95824992842972">
        <ele>9.9</ele>
      </trkpt>
      <trkpt lat="36.96863992139697" lon="-121.9579699728638">
        <ele>9.6</ele>
      </trkpt>
      <trkpt lat="36.96869993582368" lon="-121.95744995959103">
        <ele>8.7</ele>
      </trkpt>
      <trkpt lat="36.96873991750181" lon="-121.95725994184613">
        <ele>8.4</ele>
      </trkpt>
      <trkpt lat="36.96888995356858" lon="-121.95688996464014">
        <ele>7.8</ele>
      </trkpt>
      <trkpt lat="36.96899992413819" lon="-121.95669994689524">
        <ele>7.5</ele>
      </trkpt>
      <trkpt lat="36.96920997463167" lon="-121.95639995858073">
        <ele>7.3</ele>
      </trkpt>
      <trkpt lat="36.970969922840595" lon="-121.95461997762322">
        <ele>14.8</ele>
      </trkpt>
      <trkpt lat="36.97139999829233" lon="-121.95435997098684">
        <ele>15.3</ele>
      </trkpt>
      <trkpt lat="36.9718399643898" lon="-121.95398999378085">
        <ele>12.5</ele>
      </trkpt>
      <trkpt lat="36.971979942172766" lon="-121.95383995771408">
        <ele>11.1</ele>
      </trkpt>
      <trkpt lat="36.97215998545289" lon="-121.95356997661293">
        <ele>9.4</ele>
      </trkpt>
      <trkpt lat="36.972539937123656" lon="-121.95280998945236">
        <ele>7.2</ele>
      </trkpt>
      <trkpt lat="36.972709922119975" lon="-121.95255995728076">
        <ele>3.0</ele>
      </trkpt>
      <trkpt lat="36.9726499915123" lon="-121.95250991731882">
        <ele>2.9</ele>
      </trkpt>
      <trkpt lat="36.97251998819411" lon="-121.9522899761796">
        <ele>3.0</ele>
      </trkpt>
      <trkpt lat="36.9722699560225" lon="-121.95212996564806">
        <ele>2.9</ele>
      </trkpt>
      <trkpt lat="36.972129978239536" lon="-121.95199996232986">
        <ele>2.9</ele>
      </trkpt>
      <trkpt lat="36.97208999656141" lon="-121.95192997343838">
        <ele>2.9</ele>
      </trkpt>
      <trkpt lat="36.971999974921346" lon="-121.951669966802">
        <ele>3.1</ele>
      </trkpt>
      <trkpt lat="36.97195999324322" lon="-121.95138992741704">
        <ele>3.2</ele>
      </trkpt>
      <trkpt lat="36.97195999324322" lon="-121.9509899429977">
        <ele>4.0</ele>
      </trkpt>
      <trkpt lat="36.97213995270431" lon="-121.95071996189654">
        <ele>5.6</ele>
      </trkpt>
      <trkpt lat="36.97235997766256" lon="-121.950559951365">
        <ele>6.2</ele>
      </trkpt>
      <trkpt lat="36.97241999208927" lon="-121.95054997690022">
        <ele>6.2</ele>
      </trkpt>
      <trkpt lat="36.97280991822481" lon="-121.95053991861641">
        <ele>6.4</ele>
      </trkpt>
      <trkpt lat="36.97357996366918" lon="-121.95048996247351">
        <ele>9.8</ele>
      </trkpt>
      <trkpt lat="36.97438999079168" lon="-121.95049993693829">
        <ele>17.9</ele>
      </trkpt>
      <trkpt lat="36.97518995963037" lon="-121.95030991919339">
        <ele>18.8</ele>
      </trkpt>
      <trkpt lat="36.975629925727844" lon="-121.95024998858571">
        <ele>18.0</ele>
      </trkpt>
      <trkpt lat="36.97574995458126" lon="-121.9498099386692">
        <ele>21.2</ele>
      </trkpt>
      <trkpt lat="36.976399971172214" lon="-121.94686998613179">
        <ele>28.0</ele>
      </trkpt>
      <trkpt lat="36.977219972759485" lon="-121.94334992207587">
        <ele>27.8</ele>
      </trkpt>
      <trkpt lat="36.97741996496916" lon="-121.94255992770195">
        <ele>29.9</ele>
      </trkpt>
      <trkpt lat="36.97784995660186" lon="-121.94133994169533">
        <ele>29.7</ele>
      </trkpt>
      <trkpt lat="36.97823996655643" lon="-121.94059998728335">
        <ele>29.3</ele>
      </trkpt>
      <trkpt lat="36.978509947657585" lon="-121.94015993736684">
        <ele>28.8</ele>
      </trkpt>
      <trkpt lat="36.978809935972095" lon="-121.93977998569608">
        <ele>28.2</ele>
      </trkpt>
      <trkpt lat="36.979149989783764" lon="-121.93939995020628">
        <ele>26.6</ele>
      </trkpt>
      <trkpt lat="36.979539999738336" lon="-121.93905998021364">
        <ele>26.2</ele>
      </trkpt>
      <trkpt lat="36.97973999194801" lon="-121.93882998079062">
        <ele>25.6</ele>
      </trkpt>
      <trkpt lat="36.980139976367354" lon="-121.93854994140565">
        <ele>25.2</ele>
      </trkpt>
      <trkpt lat="36.98025992140174" lon="-121.93848992697895">
        <ele>25.3</ele>
      </trkpt>
      <trkpt lat="36.982289934530854" lon="-121.93781996145844">
        <ele>22.8</ele>
      </trkpt>
      <trkpt lat="36.98332996107638" lon="-121.93724999204278">
        <ele>25.4</ele>
      </trkpt>
      <trkpt lat="36.983559960499406" lon="-121.93719995208085">
        <ele>29.2</ele>
      </trkpt>
      <trkpt lat="36.984459925442934" lon="-121.93691999651492">
        <ele>32.5</ele>
      </trkpt>
      <trkpt lat="36.98668993078172" lon="-121.93644993938506">
        <ele>43.5</ele>
      </trkpt>
      <trkpt lat="36.987599954009056" lon="-121.93616998381913">
        <ele>43.9</ele>
      </trkpt>
      <trkpt lat="36.98903996497393" lon="-121.93577997386456">
        <ele>45.7</ele>
      </trkpt>
      <trkpt lat="36.989289997145534" lon="-121.93518997170031">
        <ele>46.3</ele>
      </trkpt>
      <trkpt lat="36.98944992385805" lon="-121.93473994731903">
        <ele>45.4</ele>
      </trkpt>
      <trkpt lat="36.989959962666035" lon="-121.93285997025669">
        <ele>51.4</ele>
      </trkpt>
      <trkpt lat="36.990259950980544" lon="-121.93182991817594">
        <ele>55.9</ele>
      </trkpt>
      <trkpt lat="36.990409987047315" lon="-121.93123999983072">
        <ele>57.8</ele>
      </trkpt>
      <trkpt lat="36.99045994319022" lon="-121.93077991716564">
        <ele>58.6</ele>
      </trkpt>
      <trkpt lat="36.99044996872544" lon="-121.93052996881306">
        <ele>57.8</ele>
      </trkpt>
      <trkpt lat="36.99042993597686" lon="-121.93033995106816">
        <ele>56.9</ele>
      </trkpt>
      <trkpt lat="36.990369921550155" lon="-121.93005999550223">
        <ele>55.3</ele>
      </trkpt>
      <trkpt lat="36.99029993265867" lon="-121.92985991947353">
        <ele>52.2</ele>
      </trkpt>
      <trkpt lat="36.990199936553836" lon="-121.92967996001244">
        <ele>49.3</ele>
      </trkpt>
      <trkpt lat="36.989399967715144" lon="-121.92851998843253">
        <ele>53.3</ele>
      </trkpt>
      <trkpt lat="36.9892399571836" lon="-121.92821991629899">
        <ele>54.4</ele>
      </trkpt>
      <trkpt lat="36.98868993669748" lon="-121.9266099203378">
        <ele>54.8</ele>
      </trkpt>
      <trkpt lat="36.98830998502672" lon="-121.92505993880332">
        <ele>53.3</ele>
      </trkpt>
      <trkpt lat="36.9877599645406" lon="-121.9224099162966">
        <ele>59.8</ele>
      </trkpt>
      <trkpt lat="36.98760992847383" lon="-121.92182997241616">
        <ele>56.0</ele>
      </trkpt>
      <trkpt lat="36.987579921260476" lon="-121.92158999852836">
        <ele>55.9</ele>
      </trkpt>
      <trkpt lat="36.9875199906528" lon="-121.92150995135307">
        <ele>59.0</ele>
      </trkpt>
      <trkpt lat="36.98739996179938" lon="-121.92120996303856">
        <ele>63.8</ele>
      </trkpt>
      <trkpt lat="36.98605994693935" lon="-121.91837998107076">
        <ele>56.5</ele>
      </trkpt>
      <trkpt lat="36.985729951411486" lon="-121.9177799206227">
        <ele>57.4</ele>
      </trkpt>
      <trkpt lat="36.98311999440193" lon="-121.91254994831979">
        <ele>55.4</ele>
      </trkpt>
      <trkpt lat="36.982289934530854" lon="-121.91092997789383">
        <ele>55.4</ele>
      </trkpt>
      <trkpt lat="36.98203998617828" lon="-121.91048992797732">
        <ele>55.4</ele>
      </trkpt>
      <trkpt lat="36.981729939579964" lon="-121.9100199546665">
        <ele>57.1</ele>
      </trkpt>
      <trkpt lat="36.98160999454558" lon="-121.90986991859972">
        <ele>57.4</ele>
      </trkpt>
      <trkpt lat="36.981299947947264" lon="-121.90955995582044">
        <ele>57.4</ele>
      </trkpt>
      <trkpt lat="36.980489920824766" lon="-121.90888999029994">
        <ele>54.8</ele>
      </trkpt>
      <trkpt lat="36.9794899597764" lon="-121.90814995206892">
        <ele>49.9</ele>
      </trkpt>
      <trkpt lat="36.97875997982919" lon="-121.9074899610132">
        <ele>45.0</ele>
      </trkpt>
      <trkpt lat="36.97718996554613" lon="-121.90589999780059">
        <ele>33.6</ele>
      </trkpt>
      <trkpt lat="36.97698997333646" lon="-121.90566999837756">
        <ele>32.3</ele>
      </trkpt>
      <trkpt lat="36.97682996280491" lon="-121.90542994067073">
        <ele>29.1</ele>
      </trkpt>
      <trkpt lat="36.97660993784666" lon="-121.90504998899996">
        <ele>27.3</ele>
      </trkpt>
      <trkpt lat="36.97647993452847" lon="-121.90475997515023">
        <ele>27.8</ele>
      </trkpt>
      <trkpt lat="36.97634993121028" lon="-121.90434993244708">
        <ele>27.7</ele>
      </trkpt>
      <trkpt lat="36.97630994953215" lon="-121.90413996577263">
        <ele>27.7</ele>
      </trkpt>
      <trkpt lat="36.97629997506738" lon="-121.90392999909818">
        <ele>27.7</ele>
      </trkpt>
      <trkpt lat="36.97630994953215" lon="-121.90370997413993">
        <ele>27.7</ele>
      </trkpt>
      <trkpt lat="36.97634993121028" lon="-121.90353998914361">
        <ele>27.7</ele>
      </trkpt>
      <trkpt lat="36.97640994563699" lon="-121.90333999693394">
        <ele>27.7</ele>
      </trkpt>
      <trkpt lat="36.97655998170376" lon="-121.90307999029756">
        <ele>27.7</ele>
      </trkpt>
      <trkpt lat="36.97681998834014" lon="-121.90275996923447">
        <ele>31.1</ele>
      </trkpt>
      <trkpt lat="36.977089969441295" lon="-121.9023699592799">
        <ele>34.1</ele>
      </trkpt>
      <trkpt lat="36.97715995833278" lon="-121.90216996707022">
        <ele>33.9</ele>
      </trkpt>
      <trkpt lat="36.97720999829471" lon="-121.90177995711565">
        <ele>32.5</ele>
      </trkpt>
      <trkpt lat="36.977219972759485" lon="-121.90127997659147">
        <ele>32.5</ele>
      </trkpt>
      <trkpt lat="36.97718996554613" lon="-121.90104997716844">
        <ele>32.5</ele>
      </trkpt>
      <trkpt lat="36.97711997665465" lon="-121.90074998885393">
        <ele>32.5</ele>
      </trkpt>
      <trkpt lat="36.977069936692715" lon="-121.90059995278716">
        <ele>32.6</ele>
      </trkpt>
      <trkpt lat="36.97694999165833" lon="-121.90035997889936">
        <ele>32.1</ele>
      </trkpt>
      <trkpt lat="36.976449927315116" lon="-121.8997099623084">
        <ele>30.9</ele>
      </trkpt>
      <trkpt lat="36.976209953427315" lon="-121.89942992292345">
        <ele>29.9</ele>
      </trkpt>
      <trkpt lat="36.975909965112805" lon="-121.89879993908107">
        <ele>23.1</ele>
      </trkpt>
      <trkpt lat="36.9756599329412" lon="-121.89788999967277">
        <ele>25.7</ele>
      </trkpt>
      <trkpt lat="36.97561995126307" lon="-121.89759998582304">
        <ele>26.7</ele>
      </trkpt>
      <trkpt lat="36.97561995126307" lon="-121.89640992321074">
        <ele>29.2</ele>
      </trkpt>
      <trkpt lat="36.97568994015455" lon="-121.89594992436469">
        <ele>29.2</ele>
      </trkpt>
      <trkpt lat="36.9758499506861" lon="-121.89527995884418">
        <ele>29.0</ele>
      </trkpt>
      <trkpt lat="36.9758499506861" lon="-121.89509999938309">
        <ele>29.0</ele>
      </trkpt>
      <trkpt lat="36.975799994543195" lon="-121.89485994167626">
        <ele>29.3</ele>
      </trkpt>
      <trkpt lat="36.97552992962301" lon="-121.89408998005092">
        <ele>31.8</ele>
      </trkpt>
      <trkpt lat="36.97546999901533" lon="-121.89375998452306">
        <ele>31.8</ele>
      </trkpt>
      <trkpt lat="36.97567996568978" lon="-121.89026992768049">
        <ele>34.7</ele>
      </trkpt>
      <trkpt lat="36.975669991225004" lon="-121.88897995278239">
        <ele>34.1</ele>
      </trkpt>
      <trkpt lat="36.97555993683636" lon="-121.88692999072373">
        <ele>38.1</ele>
      </trkpt>
      <trkpt lat="36.97556999512017" lon="-121.88672999851406">
        <ele>38.2</ele>
      </trkpt>
      <trkpt lat="36.975609976798296" lon="-121.88649999909103">
        <ele>38.3</ele>
      </trkpt>
      <trkpt lat="36.97570997290313" lon="-121.88619992695749">
        <ele>38.4</ele>
      </trkpt>
      <trkpt lat="36.97578993625939" lon="-121.88605994917452">
        <ele>38.6</ele>
      </trkpt>
      <trkpt lat="36.975889932364225" lon="-121.8859399203211">
        <ele>38.8</ele>
      </trkpt>
      <trkpt lat="36.97599998675287" lon="-121.88583992421627">
        <ele>39.0</ele>
      </trkpt>
      <trkpt lat="36.976359989494085" lon="-121.8856499902904">
        <ele>40.3</ele>
      </trkpt>
      <trkpt lat="36.97642997838557" lon="-121.88557991757989">
        <ele>40.6</ele>
      </trkpt>
      <trkpt lat="36.97647993452847" lon="-121.8855099286884">
        <ele>40.9</ele>
      </trkpt>
      <trkpt lat="36.976509941741824" lon="-121.88540993258357">
        <ele>41.4</ele>
      </trkpt>
      <trkpt lat="36.976509941741824" lon="-121.88530993647873">
        <ele>41.8</ele>
      </trkpt>
      <trkpt lat="36.976489992812276" lon="-121.8852099403739">
        <ele>42.1</ele>
      </trkpt>
      <trkpt lat="36.97638999670744" lon="-121.88498999923468">
        <ele>42.7</ele>
      </trkpt>
      <trkpt lat="36.97599998675287" lon="-121.88448993489146">
        <ele>42.6</ele>
      </trkpt>
      <trkpt lat="36.97567996568978" lon="-121.88478992320597">
        <ele>41.3</ele>
      </trkpt>
      <trkpt lat="36.97552992962301" lon="-121.88486997038126">
        <ele>41.4</ele>
      </trkpt>
      <trkpt lat="36.97546999901533" lon="-121.88487994484603">
        <ele>41.5</ele>
      </trkpt>
      <trkpt lat="36.97530998848379" lon="-121.88484993763268">
        <ele>41.6</ele>
      </trkpt>
      <trkpt lat="36.97505995631218" lon="-121.884649945423">
        <ele>40.7</ele>
      </trkpt>
      <trkpt lat="36.97482995688915" lon="-121.88435993157327">
        <ele>39.9</ele>
      </trkpt>
      <trkpt lat="36.974769942462444" lon="-121.88424996100366">
        <ele>40.3</ele>
      </trkpt>
      <trkpt lat="36.97428999468684" lon="-121.88321999274194">
        <ele>41.4</ele>
      </trkpt>
      <trkpt lat="36.97409997694194" lon="-121.88270995393395">
        <ele>41.3</ele>
      </trkpt>
      <trkpt lat="36.9735599309206" lon="-121.8811399396509">
        <ele>41.4</ele>
      </trkpt>
      <trkpt lat="36.97319992817938" lon="-121.87982993200421">
        <ele>41.8</ele>
      </trkpt>
      <trkpt lat="36.97176997549832" lon="-121.87592991627753">
        <ele>40.9</ele>
      </trkpt>
      <trkpt lat="36.97135993279517" lon="-121.87460993416607">
        <ele>41.7</ele>
      </trkpt>
      <trkpt lat="36.97131995111704" lon="-121.87431992031634">
        <ele>44.6</ele>
      </trkpt>
      <trkpt lat="36.97136999107897" lon="-121.87289994210005">
        <ele>48.3</ele>
      </trkpt>
      <trkpt lat="36.97138994000852" lon="-121.87276993878186">
        <ele>48.3</ele>
      </trkpt>
      <trkpt lat="36.9714599289" lon="-121.87252996489406">
        <ele>48.3</ele>
      </trkpt>
      <trkpt lat="36.971569983288646" lon="-121.87232997268438">
        <ele>48.0</ele>
      </trkpt>
      <trkpt lat="36.971699986606836" lon="-121.87214992940426">
        <ele>47.7</ele>
      </trkpt>
      <trkpt lat="36.97185999713838" lon="-121.87201992608607">
        <ele>47.5</ele>
      </trkpt>
      <trkpt lat="36.97204993106425" lon="-121.87189998105168">
        <ele>48.0</ele>
      </trkpt>
      <trkpt lat="36.97211991995573" lon="-121.87179998494685">
        <ele>47.7</ele>
      </trkpt>
      <trkpt lat="36.97213995270431" lon="-121.87172999605536">
        <ele>47.2</ele>
      </trkpt>
      <trkpt lat="36.972129978239536" lon="-121.87166998162866">
        <ele>46.8</ele>
      </trkpt>
      <trkpt lat="36.97206996381283" lon="-121.87149999663234">
        <ele>46.0</ele>
      </trkpt>
      <trkpt lat="36.97170996107161" lon="-121.87171993777156">
        <ele>46.2</ele>
      </trkpt>
      <trkpt lat="36.97135993279517" lon="-121.87197994440794">
        <ele>46.6</ele>
      </trkpt>
      <trkpt lat="36.971139991655946" lon="-121.87216996215284">
        <ele>46.6</ele>
      </trkpt>
      <trkpt lat="36.97086992673576" lon="-121.87245997600257">
        <ele>46.4</ele>
      </trkpt>
      <trkpt lat="36.97050992399454" lon="-121.87294998206198">
        <ele>47.1</ele>
      </trkpt>
      <trkpt lat="36.97017992846668" lon="-121.87349991872907">
        <ele>47.9</ele>
      </trkpt>
      <trkpt lat="36.96964994072914" lon="-121.87456995248795">
        <ele>52.8</ele>
      </trkpt>
      <trkpt lat="36.96955991908908" lon="-121.87443994916975">
        <ele>55.1</ele>
      </trkpt>
      <trkpt lat="36.9694899301976" lon="-121.87422998249531">
        <ele>59.6</ele>
      </trkpt>
      <trkpt lat="36.96946998126805" lon="-121.87407994642854">
        <ele>62.5</ele>
      </trkpt>
      <trkpt lat="36.9694999884814" lon="-121.87324997037649">
        <ele>59.3</ele>
      </trkpt>
      <trkpt lat="36.969419941306114" lon="-121.87280992045999">
        <ele>60.8</ele>
      </trkpt>
      <trkpt lat="36.96929999627173" lon="-121.87251999042928">
        <ele>63.7</ele>
      </trkpt>
      <trkpt lat="36.96884997189045" lon="-121.87175991944969">
        <ele>67.0</ele>
      </trkpt>
      <trkpt lat="36.96792997419834" lon="-121.87059994786978">
        <ele>68.7</ele>
      </trkpt>
      <trkpt lat="36.96653991937637" lon="-121.86914996244013">
        <ele>81.6</ele>
      </trkpt>
      <trkpt lat="36.96610992774367" lon="-121.86877998523414">
        <ele>83.8</ele>
      </trkpt>
      <trkpt lat="36.96573995053768" lon="-121.86855996027589">
        <ele>87.5</ele>
      </trkpt>
      <trkpt lat="36.96534994058311" lon="-121.86846993863583">
        <ele>90.5</ele>
      </trkpt>
      <trkpt lat="36.96491994895041" lon="-121.86851997859776">
        <ele>89.2</ele>
      </trkpt>
      <trkpt lat="36.96452993899584" lon="-121.86873991973698">
        <ele>84.9</ele>
      </trkpt>
      <trkpt lat="36.964049991220236" lon="-121.86894997023046">
        <ele>78.7</ele>
      </trkpt>
      <trkpt lat="36.96379995904863" lon="-121.86900998465717">
        <ele>78.5</ele>
      </trkpt>
      <trkpt lat="36.96353995241225" lon="-121.86903999187052">
        <ele>78.0</ele>
      </trkpt>
      <trkpt lat="36.96328992024064" lon="-121.86902993358672">
        <ele>75.6</ele>
      </trkpt>
      <trkpt lat="36.963059920817614" lon="-121.86897997744381">
        <ele>73.1</ele>
      </trkpt>
      <trkpt lat="36.96243999525905" lon="-121.86870999634266">
        <ele>68.5</ele>
      </trkpt>
      <trkpt lat="36.96136996150017" lon="-121.86814991757274">
        <ele>66.1</ele>
      </trkpt>
      <trkpt lat="36.960929995402694" lon="-121.86781992204487">
        <ele>61.0</ele>
      </trkpt>
      <trkpt lat="36.957819974049926" lon="-121.86506998725235">
        <ele>52.6</ele>
      </trkpt>
      <trkpt lat="36.95764998905361" lon="-121.86488994397223">
        <ele>51.9</ele>
      </trkpt>
      <trkpt lat="36.95743993856013" lon="-121.86449993401766">
        <ele>49.5</ele>
      </trkpt>
      <trkpt lat="36.95730993524194" lon="-121.86406994238496">
        <ele>47.6</ele>
      </trkpt>
      <trkpt lat="36.95662999525666" lon="-121.86429994180799">
        <ele>46.0</ele>
      </trkpt>
      <trkpt lat="36.95640997029841" lon="-121.86431997455657">
        <ele>45.5</ele>
      </trkpt>
      <trkpt lat="36.95580999366939" lon="-121.86431997455657">
        <ele>44.2</ele>
      </trkpt>
      <trkpt lat="36.95352994836867" lon="-121.86421997845173">
        <ele>42.6</ele>
      </trkpt>
      <trkpt lat="36.95290993899107" lon="-121.86421997845173">
        <ele>39.2</ele>
      </trkpt>
      <trkpt lat="36.95211994461715" lon="-121.8641799967736">
        <ele>40.5</ele>
      </trkpt>
      <trkpt lat="36.9514199718833" lon="-121.86411998234689">
        <ele>39.5</ele>
      </trkpt>
      <trkpt lat="36.950599970296025" lon="-121.863929964602">
        <ele>39.5</ele>
      </trkpt>
      <trkpt lat="36.94961995817721" lon="-121.86361991800368">
        <ele>36.2</ele>
      </trkpt>
      <trkpt lat="36.94924998097122" lon="-121.86346996575594">
        <ele>35.2</ele>
      </trkpt>
      <trkpt lat="36.94901998154819" lon="-121.86340995132923">
        <ele>34.2</ele>
      </trkpt>
      <trkpt lat="36.946779917925596" lon="-121.86295992694795">
        <ele>36.1</ele>
      </trkpt>
      <trkpt lat="36.9465999584645" lon="-121.86289999634027">
        <ele>36.4</ele>
      </trkpt>
      <trkpt lat="36.9463599845767" lon="-121.86273998580873">
        <ele>40.0</ele>
      </trkpt>
      <trkpt lat="36.94611992686987" lon="-121.86248995363712">
        <ele>38.7</ele>
      </trkpt>
      <trkpt lat="36.945229936391115" lon="-121.86111993156374">
        <ele>31.7</ele>
      </trkpt>
      <trkpt lat="36.945009995251894" lon="-121.86088993214071">
        <ele>33.7</ele>
      </trkpt>
      <trkpt lat="36.94485995918512" lon="-121.86079999431968">
        <ele>34.1</ele>
      </trkpt>
      <trkpt lat="36.94467999972403" lon="-121.86075992882252">
        <ele>34.2</ele>
      </trkpt>
      <trkpt lat="36.94426995702088" lon="-121.86079999431968">
        <ele>34.7</ele>
      </trkpt>
      <trkpt lat="36.94403995759785" lon="-121.86078993603587">
        <ele>34.6</ele>
      </trkpt>
      <trkpt lat="36.94385999813676" lon="-121.86073997989297">
        <ele>34.8</ele>
      </trkpt>
      <trkpt lat="36.94351994432509" lon="-121.8605899438262">
        <ele>32.2</ele>
      </trkpt>
      <trkpt lat="36.94317997433245" lon="-121.86031996272504">
        <ele>27.6</ele>
      </trkpt>
      <trkpt lat="36.94303999654949" lon="-121.86025994829834">
        <ele>26.7</ele>
      </trkpt>
      <trkpt lat="36.94286992773414" lon="-121.8602199666202">
        <ele>26.0</ele>
      </trkpt>
      <trkpt lat="36.94265996105969" lon="-121.86020999215543">
        <ele>28.4</ele>
      </trkpt>
      <trkpt lat="36.941619934514165" lon="-121.86028995551169">
        <ele>34.5</ele>
      </trkpt>
      <trkpt lat="36.941339978948236" lon="-121.86023999936879">
        <ele>37.0</ele>
      </trkpt>
      <trkpt lat="36.94114996120334" lon="-121.86016992665827">
        <ele>39.5</ele>
      </trkpt>
      <trkpt lat="36.940889954566956" lon="-121.85993992723525">
        <ele>40.8</ele>
      </trkpt>
      <trkpt lat="36.94071996957064" lon="-121.85970992781222">
        <ele>42.0</ele>
      </trkpt>
      <trkpt lat="36.94063992239535" lon="-121.85942997224629">
        <ele>42.4</ele>
      </trkpt>
      <trkpt lat="36.94053992629051" lon="-121.85880996286869">
        <ele>41.7</ele>
      </trkpt>
      <trkpt lat="36.94041998125613" lon="-121.85846999287605">
        <ele>40.3</ele>
      </trkpt>
      <trkpt lat="36.940199956297874" lon="-121.85819992795587">
        <ele>38.4</ele>
      </trkpt>
      <trkpt lat="36.939769964665174" lon="-121.857869932428">
        <ele>37.4</ele>
      </trkpt>
      <trkpt lat="36.93958992138505" lon="-121.85778996907175">
        <ele>37.0</ele>
      </trkpt>
      <trkpt lat="36.93947995081544" lon="-121.85776993632317">
        <ele>36.6</ele>
      </trkpt>
      <trkpt lat="36.9391399808228" lon="-121.8578199762851">
        <ele>37.1</ele>
      </trkpt>
      <trkpt lat="36.93784992210567" lon="-121.85852992348373">
        <ele>29.2</ele>
      </trkpt>
      <trkpt lat="36.93748991936445" lon="-121.85877995565534">
        <ele>24.5</ele>
      </trkpt>
      <trkpt lat="36.93735999986529" lon="-121.85890995897353">
        <ele>23.1</ele>
      </trkpt>
      <trkpt lat="36.937149949371815" lon="-121.85920994728804">
        <ele>21.6</ele>
      </trkpt>
      <trkpt lat="36.93689991720021" lon="-121.85950993560255">
        <ele>23.9</ele>
      </trkpt>
      <trkpt lat="36.93681995384395" lon="-121.85957992449403">
        <ele>24.0</ele>
      </trkpt>
      <trkpt lat="36.93649993278086" lon="-121.85962996445596">
        <ele>25.2</ele>
      </trkpt>
      <trkpt lat="36.93483998067677" lon="-121.85969995334744">
        <ele>23.2</ele>
      </trkpt>
      <trkpt lat="36.934339916333556" lon="-121.8597899749875">
        <ele>22.2</ele>
      </trkpt>
      <trkpt lat="36.93384999409318" lon="-121.85988997109234">
        <ele>22.2</ele>
      </trkpt>
      <trkpt lat="36.93287995643914" lon="-121.86013991944492">
        <ele>19.0</ele>
      </trkpt>
      <trkpt lat="36.932569993659854" lon="-121.86031996272504">
        <ele>18.5</ele>
      </trkpt>
      <trkpt lat="36.93223999813199" lon="-121.8605399876833">
        <ele>17.2</ele>
      </trkpt>
      <trkpt lat="36.93208996206522" lon="-121.86060997657478">
        <ele>15.1</ele>
      </trkpt>
      <trkpt lat="36.93187999539077" lon="-121.86061995103955">
        <ele>12.4</ele>
      </trkpt>
      <trkpt lat="36.931649995967746" lon="-121.86052992939949">
        <ele>13.8</ele>
      </trkpt>
      <trkpt lat="36.931499959900975" lon="-121.86038995161653">
        <ele>18.1</ele>
      </trkpt>
      <trkpt lat="36.931349923834205" lon="-121.8601599521935">
        <ele>20.7</ele>
      </trkpt>
      <trkpt lat="36.92841994576156" lon="-121.85292997397482">
        <ele>32.5</ele>
      </trkpt>
      <trkpt lat="36.9267999753356" lon="-121.84880993328989">
        <ele>37.5</ele>
      </trkpt>
      <trkpt lat="36.92653996869922" lon="-121.84826997108757">
        <ele>37.3</ele>
      </trkpt>
      <trkpt lat="36.923529943451285" lon="-121.84311996214092">
        <ele>45.4</ele>
      </trkpt>
      <trkpt lat="36.92335995845497" lon="-121.84268997050822">
        <ele>45.3</ele>
      </trkpt>
      <trkpt lat="36.92254993133247" lon="-121.8399899918586">
        <ele>49.1</ele>
      </trkpt>
      <trkpt lat="36.92203997634351" lon="-121.83838997036219">
        <ele>48.6</ele>
      </trkpt>
      <trkpt lat="36.921789944171906" lon="-121.837889989838">
        <ele>49.0</ele>
      </trkpt>
      <trkpt lat="36.92157997749746" lon="-121.83757994323969">
        <ele>50.6</ele>
      </trkpt>
      <trkpt lat="36.92142994143069" lon="-121.83738992549479">
        <ele>50.6</ele>
      </trkpt>
      <trkpt lat="36.92031992599368" lon="-121.83644997887313">
        <ele>50.2</ele>
      </trkpt>
      <trkpt lat="36.91975993104279" lon="-121.83622995391488">
        <ele>50.8</ele>
      </trkpt>
      <trkpt lat="36.91940998658538" lon="-121.83599995449185">
        <ele>51.0</ele>
      </trkpt>
      <trkpt lat="36.918649999424815" lon="-121.83497996069491">
        <ele>50.9</ele>
      </trkpt>
      <trkpt lat="36.91796997562051" lon="-121.83402995578945">
        <ele>56.8</ele>
      </trkpt>
      <trkpt lat="36.9170999340713" lon="-121.83270997367799">
        <ele>64.2</ele>
      </trkpt>
      <trkpt lat="36.916139954701066" lon="-121.83169995434582">
        <ele>73.7</ele>
      </trkpt>
      <trkpt lat="36.911389930173755" lon="-121.82968997396529">
        <ele>72.3</ele>
      </trkpt>
      <trkpt lat="36.90905992873013" lon="-121.82863997295499">
        <ele>69.2</ele>
      </trkpt>
      <trkpt lat="36.907629976049066" lon="-121.82808995246887">
        <ele>60.9</ele>
      </trkpt>
      <trkpt lat="36.90711993724108" lon="-121.82786992751062">
        <ele>60.0</ele>
      </trkpt>
      <trkpt lat="36.90614998340607" lon="-121.82736994698644">
        <ele>57.5</ele>
      </trkpt>
      <trkpt lat="36.90540994517505" lon="-121.82691992260516">
        <ele>54.4</ele>
      </trkpt>
      <trkpt lat="36.904749954119325" lon="-121.82646998204291">
        <ele>52.0</ele>
      </trkpt>
      <trkpt lat="36.9041399192065" lon="-121.82600998319685">
        <ele>47.3</ele>
      </trkpt>
      <trkpt lat="36.90378997474909" lon="-121.82571996934712">
        <ele>47.4</ele>
      </trkpt>
      <trkpt lat="36.90202994272113" lon="-121.82409999892116">
        <ele>49.6</ele>
      </trkpt>
      <trkpt lat="36.89820997416973" lon="-121.82040994986892">
        <ele>39.1</ele>
      </trkpt>
      <trkpt lat="36.897769924253225" lon="-121.81981994770467">
        <ele>36.0</ele>
      </trkpt>
      <trkpt lat="36.89539994113147" lon="-121.81490999646485">
        <ele>31.3</ele>
      </trkpt>
      <trkpt lat="36.89478999003768" lon="-121.81372999213636">
        <ele>29.9</ele>
      </trkpt>
      <trkpt lat="36.893899999558926" lon="-121.81262995116413">
        <ele>24.6</ele>
      </trkpt>
      <trkpt lat="36.89150998368859" lon="-121.80994992144406">
        <ele>17.7</ele>
      </trkpt>
      <trkpt lat="36.88814993016422" lon="-121.80667997337878">
        <ele>16.5</ele>
      </trkpt>
      <trkpt lat="36.887969970703125" lon="-121.80623992346227">
        <ele>14.4</ele>
      </trkpt>
      <trkpt lat="36.88788992352784" lon="-121.80576995015144">
        <ele>11.9</ele>
      </trkpt>
      <trkpt lat="36.887629916891456" lon="-121.80394998751581">
        <ele>4.0</ele>
      </trkpt>
      <trkpt lat="36.887409975752234" lon="-121.80310995317996">
        <ele>3.8</ele>
      </trkpt>
      <trkpt lat="36.88696992583573" lon="-121.80229992605746">
        <ele>3.6</ele>
      </trkpt>
      <trkpt lat="36.88638998195529" lon="-121.80155997164547">
        <ele>3.6</ele>
      </trkpt>
      <trkpt lat="36.88356997445226" lon="-121.79890994913876">
        <ele>3.9</ele>
      </trkpt>
      <trkpt lat="36.88331994228065" lon="-121.79853997193277">
        <ele>3.9</ele>
      </trkpt>
      <trkpt lat="36.883239978924394" lon="-121.79827996529639">
        <ele>4.0</ele>
      </trkpt>
      <trkpt lat="36.883179964497685" lon="-121.79791996255517">
        <ele>4.0</ele>
      </trkpt>
      <trkpt lat="36.8830999173224" lon="-121.79766993038356">
        <ele>4.0</ele>
      </trkpt>
      <trkpt lat="36.88298994675279" lon="-121.79751997813582">
        <ele>4.0</ele>
      </trkpt>
      <trkpt lat="36.88441998325288" lon="-121.79558996111155">
        <ele>4.2</ele>
      </trkpt>
      <trkpt lat="36.88054997473955" lon="-121.79347998462617">
        <ele>4.7</ele>
      </trkpt>
      <trkpt lat="36.87933996319771" lon="-121.7928399425">
        <ele>4.9</ele>
      </trkpt>
      <trkpt lat="36.878559943288565" lon="-121.79239997640252">
        <ele>5.1</ele>
      </trkpt>
      <trkpt lat="36.87805996276438" lon="-121.79215991869569">
        <ele>4.4</ele>
      </trkpt>
      <trkpt lat="36.87770993448794" lon="-121.79193997755647">
        <ele>4.5</ele>
      </trkpt>
      <trkpt lat="36.87725999392569" lon="-121.79157997481525">
        <ele>5.0</ele>
      </trkpt>
      <trkpt lat="36.876669991761446" lon="-121.79100992158055">
        <ele>4.4</ele>
      </trkpt>
      <trkpt lat="36.87194997444749" lon="-121.78620994091034">
        <ele>5.6</ele>
      </trkpt>
      <trkpt lat="36.87126995064318" lon="-121.78552991710603">
        <ele>6.4</ele>
      </trkpt>
      <trkpt lat="36.87113994732499" lon="-121.78541994653642">
        <ele>6.5</ele>
      </trkpt>
      <trkpt lat="36.86855999752879" lon="-121.78885996341705">
        <ele>6.1</ele>
      </trkpt>
      <trkpt lat="36.8684299942106" lon="-121.7890699300915">
        <ele>6.1</ele>
      </trkpt>
      <trkpt lat="36.86820996925235" lon="-121.78977996110916">
        <ele>5.8</ele>
      </trkpt>
      <trkpt lat="36.867429949343204" lon="-121.79248999804258">
        <ele>4.6</ele>
      </trkpt>
      <trkpt lat="36.867389967665076" lon="-121.79269996471703">
        <ele>5.2</ele>
      </trkpt>
      <trkpt lat="36.867389967665076" lon="-121.79287992417812">
        <ele>5.5</ele>
      </trkpt>
      <trkpt lat="36.86743992380798" lon="-121.79338996298611">
        <ele>5.9</ele>
      </trkpt>
      <trkpt lat="36.86741997487843" lon="-121.79402992129326">
        <ele>5.7</ele>
      </trkpt>
      <trkpt lat="36.86726993881166" lon="-121.79478999227285">
        <ele>5.3</ele>
      </trkpt>
      <trkpt lat="36.86705997213721" lon="-121.79524999111891">
        <ele>5.5</ele>
      </trkpt>
      <trkpt lat="36.866549933329225" lon="-121.79602992720902">
        <ele>5.6</ele>
      </trkpt>
      <trkpt lat="36.86635999940336" lon="-121.7962399777025">
        <ele>5.3</ele>
      </trkpt>
      <trkpt lat="36.86443995684385" lon="-121.79783999919891">
        <ele>3.5</ele>
      </trkpt>
      <trkpt lat="36.86401993967593" lon="-121.79816999472678">
        <ele>3.2</ele>
      </trkpt>
      <trkpt lat="36.86294998973608" lon="-121.7988799419254">
        <ele>3.2</ele>
      </trkpt>
      <trkpt lat="36.86281998641789" lon="-121.7988799419254">
        <ele>3.3</ele>
      </trkpt>
      <trkpt lat="36.8626899830997" lon="-121.7988299857825">
        <ele>3.3</ele>
      </trkpt>
      <trkpt lat="36.86258998699486" lon="-121.79870995692909">
        <ele>3.3</ele>
      </trkpt>
      <trkpt lat="36.86232998035848" lon="-121.79793999530375">
        <ele>3.4</ele>
      </trkpt>
      <trkpt lat="36.861669989302754" lon="-121.79644994437695">
        <ele>5.6</ele>
      </trkpt>
      <trkpt lat="36.86131996102631" lon="-121.79576992057264">
        <ele>6.6</ele>
      </trkpt>
      <trkpt lat="36.86097999103367" lon="-121.79504999890924">
        <ele>9.6</ele>
      </trkpt>
      <trkpt lat="36.860789973288774" lon="-121.79486995562911">
        <ele>11.5</ele>
      </trkpt>
      <trkpt lat="36.86037993058562" lon="-121.7947599850595">
        <ele>17.0</ele>
      </trkpt>
      <trkpt lat="36.86002998612821" lon="-121.79473995231092">
        <ele>19.9</ele>
      </trkpt>
      <trkpt lat="36.85940997675061" lon="-121.79479996673763">
        <ele>25.8</ele>
      </trkpt>
      <trkpt lat="36.85908995568752" lon="-121.79490993730724">
        <ele>28.6</ele>
      </trkpt>
      <trkpt lat="36.85853993520141" lon="-121.79522995837033">
        <ele>32.8</ele>
      </trkpt>
      <trkpt lat="36.856319988146424" lon="-121.79634994827211">
        <ele>20.8</ele>
      </trkpt>
      <trkpt lat="36.856239940971136" lon="-121.79620997048914">
        <ele>20.9</ele>
      </trkpt>
      <trkpt lat="36.856129970401525" lon="-121.79588994942605">
        <ele>21.4</ele>
      </trkpt>
      <trkpt lat="36.855719927698374" lon="-121.79457994177938">
        <ele>24.2</ele>
      </trkpt>
      <trkpt lat="36.85499992221594" lon="-121.79248999804258">
        <ele>29.0</ele>
      </trkpt>
      <trkpt lat="36.85497997328639" lon="-121.79238991811872">
        <ele>29.4</ele>
      </trkpt>
      <trkpt lat="36.85267997905612" lon="-121.7856199387461">
        <ele>43.8</ele>
      </trkpt>
      <trkpt lat="36.85233992524445" lon="-121.78459994494915">
        <ele>42.9</ele>
      </trkpt>
      <trkpt lat="36.85210992582142" lon="-121.78383995778859">
        <ele>43.0</ele>
      </trkpt>
      <trkpt lat="36.85370994731784" lon="-121.78008997812867">
        <ele>49.0</ele>
      </trkpt>
      <trkpt lat="36.85375998727977" lon="-121.77973994985223">
        <ele>50.2</ele>
      </trkpt>
      <trkpt lat="36.8537999689579" lon="-121.77647997625172">
        <ele>60.3</ele>
      </trkpt>
      <trkpt lat="36.85381991788745" lon="-121.77109996788204">
        <ele>52.1</ele>
      </trkpt>
      <trkpt lat="36.850929921492934" lon="-121.77112997509539">
        <ele>51.5</ele>
      </trkpt>
      <trkpt lat="36.84539996087551" lon="-121.77114992402494">
        <ele>50.9</ele>
      </trkpt>
      <trkpt lat="36.83907992206514" lon="-121.7709999717772">
        <ele>39.5</ele>
      </trkpt>
      <trkpt lat="36.831289948895574" lon="-121.7709999717772">
        <ele>11.2</ele>
      </trkpt>
      <trkpt lat="36.830969927832484" lon="-121.77103995345533">
        <ele>9.6</ele>
      </trkpt>
      <trkpt lat="36.8306599650532" lon="-121.77109996788204">
        <ele>9.3</ele>
      </trkpt>
      <trkpt lat="36.830239947885275" lon="-121.77124992012978">
        <ele>8.3</ele>
      </trkpt>
      <trkpt lat="36.8297999817878" lon="-121.77145997062325">
        <ele>7.1</ele>
      </trkpt>
      <trkpt lat="36.82942992076278" lon="-121.77168997004628">
        <ele>6.5</ele>
      </trkpt>
      <trkpt lat="36.829079976305366" lon="-121.77195995114744">
        <ele>6.1</ele>
      </trkpt>
      <trkpt lat="36.828759955242276" lon="-121.77226999774575">
        <ele>5.3</ele>
      </trkpt>
      <trkpt lat="36.82665995322168" lon="-121.77473997697234">
        <ele>3.6</ele>
      </trkpt>
      <trkpt lat="36.82523997500539" lon="-121.77644996903837">
        <ele>2.3</ele>
      </trkpt>
      <trkpt lat="36.82474996894598" lon="-121.77714994177222">
        <ele>2.1</ele>
      </trkpt>
      <trkpt lat="36.824329951778054" lon="-121.77785997278988">
        <ele>3.5</ele>
      </trkpt>
      <trkpt lat="36.82379996404052" lon="-121.77898993715644">
        <ele>5.6</ele>
      </trkpt>
      <trkpt lat="36.82187992148101" lon="-121.78353996947408">
        <ele>3.8</ele>
      </trkpt>
      <trkpt lat="36.821689987555146" lon="-121.78391992114484">
        <ele>3.5</ele>
      </trkpt>
      <trkpt lat="36.82136996649206" lon="-121.78441998548806">
        <ele>2.7</ele>
      </trkpt>
      <trkpt lat="36.821149941533804" lon="-121.78468996658921">
        <ele>2.3</ele>
      </trkpt>
      <trkpt lat="36.82079999707639" lon="-121.7850599437952">
        <ele>1.7</ele>
      </trkpt>
      <trkpt lat="36.82049992494285" lon="-121.78531995043159">
        <ele>1.8</ele>
      </trkpt>
      <trkpt lat="36.82019993662834" lon="-121.78551994264126">
        <ele>1.8</ele>
      </trkpt>
      <trkpt lat="36.819879999384284" lon="-121.78568992763758">
        <ele>1.8</ele>
      </trkpt>
      <trkpt lat="36.81954992003739" lon="-121.78582998923957">
        <ele>1.7</ele>
      </trkpt>
      <trkpt lat="36.819239957258105" lon="-121.7859199270606">
        <ele>1.7</ele>
      </trkpt>
      <trkpt lat="36.818829998373985" lon="-121.78598999977112">
        <ele>1.8</ele>
      </trkpt>
      <trkpt lat="36.81847997009754" lon="-121.78600994870067">
        <ele>1.8</ele>
      </trkpt>
      <trkpt lat="36.818009996786714" lon="-121.78599997423589">
        <ele>1.9</ele>
      </trkpt>
      <trkpt lat="36.812339974567294" lon="-121.78555992431939">
        <ele>3.7</ele>
      </trkpt>
      <trkpt lat="36.811719965189695" lon="-121.78544995374978">
        <ele>3.5</ele>
      </trkpt>
      <trkpt lat="36.81123993359506" lon="-121.78528994321823">
        <ele>3.1</ele>
      </trkpt>
      <trkpt lat="36.80887992493808" lon="-121.78428998216987">
        <ele>3.2</ele>
      </trkpt>
      <trkpt lat="36.808409951627254" lon="-121.7841399461031">
        <ele>3.3</ele>
      </trkpt>
      <trkpt lat="36.80773998610675" lon="-121.78397993557155">
        <ele>5.5</ele>
      </trkpt>
      <trkpt lat="36.80693993344903" lon="-121.78383995778859">
        <ele>7.3</ele>
      </trkpt>
      <trkpt lat="36.80609998293221" lon="-121.78373996168375">
        <ele>9.7</ele>
      </trkpt>
      <trkpt lat="36.805619951337576" lon="-121.78372998721898">
        <ele>10.5</ele>
      </trkpt>
      <trkpt lat="36.80510999634862" lon="-121.78374993614852">
        <ele>10.9</ele>
      </trkpt>
      <trkpt lat="36.803469993174076" lon="-121.78384993225336">
        <ele>10.4</ele>
      </trkpt>
      <trkpt lat="36.802999936044216" lon="-121.78381992504">
        <ele>10.3</ele>
      </trkpt>
      <trkpt lat="36.80184993892908" lon="-121.78361993283033">
        <ele>7.9</ele>
      </trkpt>
      <trkpt lat="36.8005399312824" lon="-121.78335992619395">
        <ele>5.2</ele>
      </trkpt>
      <trkpt lat="36.799409966915846" lon="-121.78318994119763">
        <ele>5.4</ele>
      </trkpt>
      <trkpt lat="36.79904996417463" lon="-121.78317996673286">
        <ele>3.9</ele>
      </trkpt>
      <trkpt lat="36.798419980332255" lon="-121.78321994841099">
        <ele>2.9</ele>
      </trkpt>
      <trkpt lat="36.792189963161945" lon="-121.78373996168375">
        <ele>3.8</ele>
      </trkpt>
      <trkpt lat="36.79187991656363" lon="-121.78372998721898">
        <ele>4.5</ele>
      </trkpt>
      <trkpt lat="36.791439950466156" lon="-121.78367994725704">
        <ele>5.2</ele>
      </trkpt>
      <trkpt lat="36.79101993329823" lon="-121.78360995836556">
        <ele>5.7</ele>
      </trkpt>
      <trkpt lat="36.790619948878884" lon="-121.78348992951214">
        <ele>6.1</ele>
      </trkpt>
      <trkpt lat="36.790299927815795" lon="-121.78336998447776">
        <ele>6.6</ele>
      </trkpt>
      <trkpt lat="36.78431994281709" lon="-121.78086999803782">
        <ele>3.6</ele>
      </trkpt>
      <trkpt lat="36.783469934016466" lon="-121.7805099952966">
        <ele>3.4</ele>
      </trkpt>
      <trkpt lat="36.782989986240864" lon="-121.78027999587357">
        <ele>3.5</ele>
      </trkpt>
      <trkpt lat="36.782779935747385" lon="-121.78015996702015">
        <ele>3.6</ele>
      </trkpt>
      <trkpt lat="36.78241993300617" lon="-121.77989996038377">
        <ele>3.8</ele>
      </trkpt>
      <trkpt lat="36.78209999576211" lon="-121.77961992099881">
        <ele>3.8</ele>
      </trkpt>
      <trkpt lat="36.78149993531406" lon="-121.7790199443698">
        <ele>3.8</ele>
      </trkpt>
      <trkpt lat="36.78039997816086" lon="-121.7777899838984">
        <ele>3.9</ele>
      </trkpt>
      <trkpt lat="36.77504997700453" lon="-121.78615998476744">
        <ele>2.2</ele>
      </trkpt>
      <trkpt lat="36.7748199775815" lon="-121.7864799220115">
        <ele>2.1</ele>
      </trkpt>
      <trkpt lat="36.77455997094512" lon="-121.78677999414504">
        <ele>2.1</ele>
      </trkpt>
      <trkpt lat="36.774209942668676" lon="-121.7870999313891">
        <ele>2.0</ele>
      </trkpt>
      <trkpt lat="36.77392998710275" lon="-121.78730998188257">
        <ele>1.9</ele>
      </trkpt>
      <trkpt lat="36.773709962144494" lon="-121.78743998520076">
        <ele>1.9</ele>
      </trkpt>
      <trkpt lat="36.7733299266547" lon="-121.78759999573231">
        <ele>1.8</ele>
      </trkpt>
      <trkpt lat="36.773089952766895" lon="-121.78766998462379">
        <ele>1.8</ele>
      </trkpt>
      <trkpt lat="36.772849978879094" lon="-121.78770996630192">
        <ele>1.8</ele>
      </trkpt>
      <trkpt lat="36.77210994064808" lon="-121.78774994798005">
        <ele>1.9</ele>
      </trkpt>
      <trkpt lat="36.77103999070823" lon="-121.78784994408488">
        <ele>2.1</ele>
      </trkpt>
      <trkpt lat="36.76325999200344" lon="-121.78819997236133">
        <ele>3.8</ele>
      </trkpt>
      <trkpt lat="36.76305999979377" lon="-121.78818999789655">
        <ele>3.8</ele>
      </trkpt>
      <trkpt lat="36.76256999373436" lon="-121.78812998346984">
        <ele>3.8</ele>
      </trkpt>
      <trkpt lat="36.76217998377979" lon="-121.78802998736501">
        <ele>3.9</ele>
      </trkpt>
      <trkpt lat="36.761699952185154" lon="-121.78783996962011">
        <ele>3.9</ele>
      </trkpt>
      <trkpt lat="36.76074994727969" lon="-121.78720998577774">
        <ele>3.9</ele>
      </trkpt>
      <trkpt lat="36.76000999286771" lon="-121.78664999082685">
        <ele>3.9</ele>
      </trkpt>
      <trkpt lat="36.75945997238159" lon="-121.78617993369699">
        <ele>3.8</ele>
      </trkpt>
      <trkpt lat="36.75904992967844" lon="-121.78579998202622">
        <ele>3.8</ele>
      </trkpt>
      <trkpt lat="36.75852991640568" lon="-121.78526999428868">
        <ele>3.8</ele>
      </trkpt>
      <trkpt lat="36.7580399941653" lon="-121.78470999933779">
        <ele>3.8</ele>
      </trkpt>
      <trkpt lat="36.756029929965734" lon="-121.78254998289049">
        <ele>3.8</ele>
      </trkpt>
      <trkpt lat="36.75240995362401" lon="-121.77856991998851">
        <ele>3.8</ele>
      </trkpt>
      <trkpt lat="36.747329933568835" lon="-121.77304993383586">
        <ele>3.8</ele>
      </trkpt>
      <trkpt lat="36.74208998680115" lon="-121.76730992272496">
        <ele>3.8</ele>
      </trkpt>
      <trkpt lat="36.74159998074174" lon="-121.76680994220078">
        <ele>3.8</ele>
      </trkpt>
      <trkpt lat="36.74119999632239" lon="-121.7663599178195">
        <ele>3.8</ele>
      </trkpt>
      <trkpt lat="36.74071996472776" lon="-121.76713993772864">
        <ele>3.8</ele>
      </trkpt>
      <trkpt lat="36.74004999920726" lon="-121.76830996759236">
        <ele>3.8</ele>
      </trkpt>
      <trkpt lat="36.73869992606342" lon="-121.77078992128372">
        <ele>3.8</ele>
      </trkpt>
      <trkpt lat="36.73749997280538" lon="-121.77287994883955">
        <ele>4.8</ele>
      </trkpt>
      <trkpt lat="36.737359995022416" lon="-121.77317993715405">
        <ele>4.8</ele>
      </trkpt>
      <trkpt lat="36.73703997395933" lon="-121.7737199831754">
        <ele>4.8</ele>
      </trkpt>
      <trkpt lat="36.735359989106655" lon="-121.7767399828881">
        <ele>5.8</ele>
      </trkpt>
      <trkpt lat="36.73435994423926" lon="-121.77831997163594">
        <ele>5.2</ele>
      </trkpt>
      <trkpt lat="36.73416992649436" lon="-121.77865994162858">
        <ele>4.8</ele>
      </trkpt>
      <trkpt lat="36.73403992317617" lon="-121.77892992272973">
        <ele>4.8</ele>
      </trkpt>
      <trkpt lat="36.73388997092843" lon="-121.77940995432436">
        <ele>4.8</ele>
      </trkpt>
      <trkpt lat="36.73381998203695" lon="-121.77970994263887">
        <ele>4.8</ele>
      </trkpt>
      <trkpt lat="36.73373993486166" lon="-121.77991999313235">
        <ele>4.8</ele>
      </trkpt>
      <trkpt lat="36.733579924330115" lon="-121.78019994869828">
        <ele>3.9</ele>
      </trkpt>
      <trkpt lat="36.733279936015606" lon="-121.78060999140143">
        <ele>3.8</ele>
      </trkpt>
      <trkpt lat="36.732849944382906" lon="-121.78107996471226">
        <ele>3.7</ele>
      </trkpt>
      <trkpt lat="36.72666996717453" lon="-121.78767995908856">
        <ele>6.3</ele>
      </trkpt>
      <trkpt lat="36.72649998217821" lon="-121.78783996962011">
        <ele>6.9</ele>
      </trkpt>
      <trkpt lat="36.72627995721996" lon="-121.78800995461643">
        <ele>7.2</ele>
      </trkpt>
      <trkpt lat="36.72601995058358" lon="-121.78816996514797">
        <ele>8.5</ele>
      </trkpt>
      <trkpt lat="36.72578995116055" lon="-121.78826996125281">
        <ele>8.8</ele>
      </trkpt>
      <trkpt lat="36.72554997727275" lon="-121.78833995014429">
        <ele>7.8</ele>
      </trkpt>
      <trkpt lat="36.72539994120598" lon="-121.78835998289287">
        <ele>7.0</ele>
      </trkpt>
      <trkpt lat="36.72430995851755" lon="-121.78835998289287">
        <ele>6.8</ele>
      </trkpt>
      <trkpt lat="36.72412999905646" lon="-121.7884499207139">
        <ele>6.7</ele>
      </trkpt>
      <trkpt lat="36.724039977416396" lon="-121.78851999342442">
        <ele>6.7</ele>
      </trkpt>
      <trkpt lat="36.72378994524479" lon="-121.78887999616563">
        <ele>6.7</ele>
      </trkpt>
      <trkpt lat="36.72250994481146" lon="-121.78827993571758">
        <ele>10.4</ele>
      </trkpt>
      <trkpt lat="36.722229989245534" lon="-121.78835998289287">
        <ele>11.0</ele>
      </trkpt>
      <trkpt lat="36.72208992764354" lon="-121.78825998678803">
        <ele>12.3</ele>
      </trkpt>
      <trkpt lat="36.72197995707393" lon="-121.7882099468261">
        <ele>12.9</ele>
      </trkpt>
      <trkpt lat="36.72140998765826" lon="-121.78798992186785">
        <ele>13.7</ele>
      </trkpt>
      <trkpt lat="36.72123991884291" lon="-121.78794994018972">
        <ele>13.9</ele>
      </trkpt>
      <trkpt lat="36.72076994553208" lon="-121.78787995129824">
        <ele>13.5</ele>
      </trkpt>
      <trkpt lat="36.72011992894113" lon="-121.78784994408488">
        <ele>14.8</ele>
      </trkpt>
      <trkpt lat="36.71819997020066" lon="-121.78805999457836">
        <ele>18.8</ele>
      </trkpt>
      <trkpt lat="36.71678996644914" lon="-121.78803996182978">
        <ele>18.9</ele>
      </trkpt>
      <trkpt lat="36.716349916532636" lon="-121.78810995072126">
        <ele>19.2</ele>
      </trkpt>
      <trkpt lat="36.71412996947765" lon="-121.78824992850423">
        <ele>19.6</ele>
      </trkpt>
      <trkpt lat="36.71325992792845" lon="-121.78834992460907">
        <ele>21.0</ele>
      </trkpt>
      <trkpt lat="36.71201999299228" lon="-121.78842997178435">
        <ele>18.9</ele>
      </trkpt>
      <trkpt lat="36.71102992258966" lon="-121.78855997510254">
        <ele>18.9</ele>
      </trkpt>
      <trkpt lat="36.71044997870922" lon="-121.78856994956732">
        <ele>18.9</ele>
      </trkpt>
      <trkpt lat="36.70971999876201" lon="-121.78850993514061">
        <ele>18.2</ele>
      </trkpt>
      <trkpt lat="36.70848995447159" lon="-121.78867992013693">
        <ele>14.5</ele>
      </trkpt>
      <trkpt lat="36.70661995187402" lon="-121.78869995288551">
        <ele>14.3</ele>
      </trkpt>
      <trkpt lat="36.70562996529043" lon="-121.78872996009886">
        <ele>14.9</ele>
      </trkpt>
      <trkpt lat="36.705539943650365" lon="-121.78874999284744">
        <ele>15.0</ele>
      </trkpt>
      <trkpt lat="36.705409940332174" lon="-121.78885996341705">
        <ele>15.1</ele>
      </trkpt>
      <trkpt lat="36.705349925905466" lon="-121.78893992677331">
        <ele>15.2</ele>
      </trkpt>
      <trkpt lat="36.705279937013984" lon="-121.78896993398666">
        <ele>15.4</ele>
      </trkpt>
      <trkpt lat="36.70463997870684" lon="-121.78889994509518">
        <ele>15.8</ele>
      </trkpt>
      <trkpt lat="36.70440997928381" lon="-121.78889994509518">
        <ele>15.8</ele>
      </trkpt>
      <trkpt lat="36.70425994321704" lon="-121.78892995230854">
        <ele>15.8</ele>
      </trkpt>
      <trkpt lat="36.7036799993366" lon="-121.78911997005343">
        <ele>15.3</ele>
      </trkpt>
      <trkpt lat="36.70316996052861" lon="-121.78933999501169">
        <ele>13.8</ele>
      </trkpt>
      <trkpt lat="36.70241994783282" lon="-121.789879957214">
        <ele>16.0</ele>
      </trkpt>
      <trkpt lat="36.701459968462586" lon="-121.7907499987632">
        <ele>18.3</ele>
      </trkpt>
      <trkpt lat="36.70022992417216" lon="-121.7917999997735">
        <ele>14.9</ele>
      </trkpt>
      <trkpt lat="36.69967998750508" lon="-121.79219998419285">
        <ele>13.8</ele>
      </trkpt>
      <trkpt lat="36.69911999255419" lon="-121.79269996471703">
        <ele>13.7</ele>
      </trkpt>
      <trkpt lat="36.69826998375356" lon="-121.7935199663043">
        <ele>14.8</ele>
      </trkpt>
      <trkpt lat="36.697589959949255" lon="-121.79402992129326">
        <ele>15.1</ele>
      </trkpt>
      <trkpt lat="36.696839947253466" lon="-121.7947499267757">
        <ele>15.7</ele>
      </trkpt>
      <trkpt lat="36.69636997394264" lon="-121.79511998780072">
        <ele>16.7</ele>
      </trkpt>
      <trkpt lat="36.69507999904454" lon="-121.79630996659398">
        <ele>17.2</ele>
      </trkpt>
      <trkpt lat="36.69480993412435" lon="-121.79649998433888">
        <ele>16.7</ele>
      </trkpt>
      <trkpt lat="36.69432998634875" lon="-121.79694992490113">
        <ele>16.3</ele>
      </trkpt>
      <trkpt lat="36.69388993643224" lon="-121.79732996039093">
        <ele>15.2</ele>
      </trkpt>
      <trkpt lat="36.69381994754076" lon="-121.79742995649576">
        <ele>14.8</ele>
      </trkpt>
      <trkpt lat="36.69381994754076" lon="-121.79753992706537">
        <ele>14.5</ele>
      </trkpt>
      <trkpt lat="36.693659937009215" lon="-121.79768996313214">
        <ele>14.1</ele>
      </trkpt>
      <trkpt lat="36.69355994090438" lon="-121.79763992317021">
        <ele>14.5</ele>
      </trkpt>
      <trkpt lat="36.69344997033477" lon="-121.79764998145401">
        <ele>14.9</ele>
      </trkpt>
      <trkpt lat="36.692839935421944" lon="-121.79806999862194">
        <ele>15.9</ele>
      </trkpt>
      <trkpt lat="36.69241991825402" lon="-121.79822992533445">
        <ele>16.4</ele>
      </trkpt>
      <trkpt lat="36.69189998880029" lon="-121.79832992143929">
        <ele>14.4</ele>
      </trkpt>
      <trkpt lat="36.690369956195354" lon="-121.79836998693645">
        <ele>12.3</ele>
      </trkpt>
      <trkpt lat="36.690049935132265" lon="-121.7983999941498">
        <ele>11.7</ele>
      </trkpt>
      <trkpt lat="36.68955992907286" lon="-121.798529997468">
        <ele>10.8</ele>
      </trkpt>
      <trkpt lat="36.689079981297255" lon="-121.79872998967767">
        <ele>8.7</ele>
      </trkpt>
      <trkpt lat="36.68883992359042" lon="-121.79885999299586">
        <ele>7.2</ele>
      </trkpt>
      <trkpt lat="36.688609924167395" lon="-121.7990099452436">
        <ele>7.4</ele>
      </trkpt>
      <trkpt lat="36.688309935852885" lon="-121.79923994466662">
        <ele>6.9</ele>
      </trkpt>
      <trkpt lat="36.687729991972446" lon="-121.79978996515274">
        <ele>6.8</ele>
      </trkpt>
      <trkpt lat="36.68762999586761" lon="-121.7999299429357">
        <ele>6.8</ele>
      </trkpt>
      <trkpt lat="36.68618998490274" lon="-121.80118999443948">
        <ele>7.0</ele>
      </trkpt>
      <trkpt lat="36.683989986777306" lon="-121.80325998924673">
        <ele>15.7</ele>
      </trkpt>
      <trkpt lat="36.683839950710535" lon="-121.80347993038595">
        <ele>16.7</ele>
      </trkpt>
      <trkpt lat="36.68350995518267" lon="-121.80380992591381">
        <ele>16.6</ele>
      </trkpt>
      <trkpt lat="36.68331993743777" lon="-121.80403992533684">
        <ele>15.4</ele>
      </trkpt>
      <trkpt lat="36.683089938014746" lon="-121.80424997583032">
        <ele>15.6</ele>
      </trkpt>
      <trkpt lat="36.682789949700236" lon="-121.80445994250476">
        <ele>15.1</ele>
      </trkpt>
      <trkpt lat="36.68174992315471" lon="-121.80544992908835">
        <ele>12.9</ele>
      </trkpt>
      <trkpt lat="36.6812599170953" lon="-121.8058599717915">
        <ele>13.4</ele>
      </trkpt>
      <trkpt lat="36.68092992156744" lon="-121.8060999456793">
        <ele>14.4</ele>
      </trkpt>
      <trkpt lat="36.68000992387533" lon="-121.8067199550569">
        <ele>16.6</ele>
      </trkpt>
      <trkpt lat="36.679649921134114" lon="-121.80702991783619">
        <ele>16.1</ele>
      </trkpt>
      <trkpt lat="36.678749956190586" lon="-121.80763995274901">
        <ele>17.8</ele>
      </trkpt>
      <trkpt lat="36.67832993902266" lon="-121.80788998492062">
        <ele>18.8</ele>
      </trkpt>
      <trkpt lat="36.677459981292486" lon="-121.80845995433629">
        <ele>20.2</ele>
      </trkpt>
      <trkpt lat="36.67610999196768" lon="-121.8091999925673">
        <ele>24.0</ele>
      </trkpt>
      <trkpt lat="36.67458993382752" lon="-121.81027991697192">
        <ele>18.7</ele>
      </trkpt>
      <trkpt lat="36.672019958496094" lon="-121.81195998564363">
        <ele>18.8</ele>
      </trkpt>
      <trkpt lat="36.67116994969547" lon="-121.81255996227264">
        <ele>18.3</ele>
      </trkpt>
      <trkpt lat="36.67044994421303" lon="-121.81310998275876">
        <ele>20.4</ele>
      </trkpt>
      <trkpt lat="36.669639917090535" lon="-121.81366997770965">
        <ele>17.7</ele>
      </trkpt>
      <trkpt lat="36.66923993267119" lon="-121.81389997713268">
        <ele>17.0</ele>
      </trkpt>
      <trkpt lat="36.666929963976145" lon="-121.81501996703446">
        <ele>18.7</ele>
      </trkpt>
      <trkpt lat="36.66539993137121" lon="-121.81562991812825">
        <ele>19.0</ele>
      </trkpt>
      <trkpt lat="36.66471999138594" lon="-121.81587995029986">
        <ele>20.5</ele>
      </trkpt>
      <trkpt lat="36.66343999095261" lon="-121.81630994193256">
        <ele>23.2</ele>
      </trkpt>
      <trkpt lat="36.66264999657869" lon="-121.81650993414223">
        <ele>24.3</ele>
      </trkpt>
      <trkpt lat="36.662079943344" lon="-121.81660993024707">
        <ele>24.2</ele>
      </trkpt>
      <trkpt lat="36.65789997205138" lon="-121.8170899618417">
        <ele>30.8</ele>
      </trkpt>
      <trkpt lat="36.657069995999336" lon="-121.81717998348176">
        <ele>31.9</ele>
      </trkpt>
      <trkpt lat="36.65666992776096" lon="-121.81719993241131">
        <ele>33.3</ele>
      </trkpt>
      <trkpt lat="36.65586995892227" lon="-121.81714997626841">
        <ele>36.3</ele>
      </trkpt>
      <trkpt lat="36.65546997450292" lon="-121.8170899618417">
        <ele>37.5</ele>
      </trkpt>
      <trkpt lat="36.65505993179977" lon="-121.81695995852351">
        <ele>37.1</ele>
      </trkpt>
      <trkpt lat="36.65495993569493" lon="-121.81685996241868">
        <ele>37.0</ele>
      </trkpt>
      <trkpt lat="36.65471996180713" lon="-121.81687999516726">
        <ele>37.5</ele>
      </trkpt>
      <trkpt lat="36.65434998460114" lon="-121.81675996631384">
        <ele>37.8</ele>
      </trkpt>
      <trkpt lat="36.65397992357612" lon="-121.8165999557823">
        <ele>38.1</ele>
      </trkpt>
      <trkpt lat="36.65150994434953" lon="-121.81543998420238">
        <ele>39.3</ele>
      </trkpt>
      <trkpt lat="36.65088993497193" lon="-121.81523999199271">
        <ele>42.9</ele>
      </trkpt>
      <trkpt lat="36.65043999440968" lon="-121.81514997035265">
        <ele>43.1</ele>
      </trkpt>
      <trkpt lat="36.64977991953492" lon="-121.81507998146117">
        <ele>44.2</ele>
      </trkpt>
      <trkpt lat="36.64919997565448" lon="-121.8151199631393">
        <ele>44.8</ele>
      </trkpt>
      <trkpt lat="36.64885992184281" lon="-121.81520998477936">
        <ele>44.9</ele>
      </trkpt>
      <trkpt lat="36.64830998517573" lon="-121.81555992923677">
        <ele>48.3</ele>
      </trkpt>
      <trkpt lat="36.6478899680078" lon="-121.81594993919134">
        <ele>49.7</ele>
      </trkpt>
      <trkpt lat="36.647529965266585" lon="-121.8164699524641">
        <ele>49.8</ele>
      </trkpt>
      <trkpt lat="36.647419994696975" lon="-121.81681998074055">
        <ele>49.8</ele>
      </trkpt>
      <trkpt lat="36.64736995473504" lon="-121.81707998737693">
        <ele>49.4</ele>
      </trkpt>
      <trkpt lat="36.647119922563434" lon="-121.81774995289743">
        <ele>46.5</ele>
      </trkpt>
      <trkpt lat="36.646819934248924" lon="-121.81839996948838">
        <ele>43.6</ele>
      </trkpt>
      <trkpt lat="36.646629916504025" lon="-121.81874999776483">
        <ele>42.4</ele>
      </trkpt>
      <trkpt lat="36.646409975364804" lon="-121.81905996054411">
        <ele>41.9</ele>
      </trkpt>
      <trkpt lat="36.6451099421829" lon="-121.82062997482717">
        <ele>39.6</ele>
      </trkpt>
      <trkpt lat="36.64222992025316" lon="-121.82546993717551">
        <ele>35.2</ele>
      </trkpt>
      <trkpt lat="36.64192993193865" lon="-121.82589992880821">
        <ele>34.8</ele>
      </trkpt>
      <trkpt lat="36.64162994362414" lon="-121.82631994597614">
        <ele>33.6</ele>
      </trkpt>
      <trkpt lat="36.637819949537516" lon="-121.83048994280398">
        <ele>30.8</ele>
      </trkpt>
      <trkpt lat="36.63719994015992" lon="-121.83111992664635">
        <ele>33.7</ele>
      </trkpt>
      <trkpt lat="36.63677992299199" lon="-121.83148998767138">
        <ele>38.7</ele>
      </trkpt>
      <trkpt lat="36.635969979688525" lon="-121.83204998262227">
        <ele>38.6</ele>
      </trkpt>
      <trkpt lat="36.634959960356355" lon="-121.8325799703598">
        <ele>37.8</ele>
      </trkpt>
      <trkpt lat="36.634529968723655" lon="-121.83284995146096">
        <ele>37.1</ele>
      </trkpt>
      <trkpt lat="36.6338799521327" lon="-121.83331992477179">
        <ele>35.9</ele>
      </trkpt>
      <trkpt lat="36.631199922412634" lon="-121.83585997670889">
        <ele>30.8</ele>
      </trkpt>
      <trkpt lat="36.629499988630414" lon="-121.8375099543482">
        <ele>25.7</ele>
      </trkpt>
      <trkpt lat="36.62892993539572" lon="-121.83799996040761">
        <ele>24.2</ele>
      </trkpt>
      <trkpt lat="36.62798998877406" lon="-121.83889992535114">
        <ele>19.4</ele>
      </trkpt>
      <trkpt lat="36.62755999714136" lon="-121.83924995362759">
        <ele>19.0</ele>
      </trkpt>
      <trkpt lat="36.627289932221174" lon="-121.83945992030203">
        <ele>19.0</ele>
      </trkpt>
      <trkpt lat="36.626709988340735" lon="-121.83967994526029">
        <ele>19.0</ele>
      </trkpt>
      <trkpt lat="36.62628997117281" lon="-121.84002997353673">
        <ele>21.5</ele>
      </trkpt>
      <trkpt lat="36.62535999901593" lon="-121.84092993848026">
        <ele>28.2</ele>
      </trkpt>
      <trkpt lat="36.62480997852981" lon="-121.84126999229193">
        <ele>27.4</ele>
      </trkpt>
      <trkpt lat="36.62448995746672" lon="-121.84139999561012">
        <ele>25.6</ele>
      </trkpt>
      <trkpt lat="36.62415996193886" lon="-121.8414599262178">
        <ele>25.2</ele>
      </trkpt>
      <trkpt lat="36.62392996251583" lon="-121.84142991900444">
        <ele>25.2</ele>
      </trkpt>
      <trkpt lat="36.62390992976725" lon="-121.84140997007489">
        <ele>25.3</ele>
      </trkpt>
      <trkpt lat="36.6238899808377" lon="-121.84153997339308">
        <ele>25.2</ele>
      </trkpt>
      <trkpt lat="36.62391998805106" lon="-121.84159998781979">
        <ele>25.4</ele>
      </trkpt>
      <trkpt lat="36.624089973047376" lon="-121.84172999113798">
        <ele>26.7</ele>
      </trkpt>
      <trkpt lat="36.624669916927814" lon="-121.84166997671127">
        <ele>27.7</ele>
      </trkpt>
      <trkpt lat="36.62469992414117" lon="-121.84167995117605">
        <ele>28.0</ele>
      </trkpt>
      <trkpt lat="36.62473998963833" lon="-121.84174994006753">
        <ele>28.8</ele>
      </trkpt>
      <trkpt lat="36.62475993856788" lon="-121.84183996170759">
        <ele>29.6</ele>
      </trkpt>
      <trkpt lat="36.62413992919028" lon="-121.84300999157131">
        <ele>27.1</ele>
      </trkpt>
      <trkpt lat="36.624129954725504" lon="-121.84308995492756">
        <ele>27.4</ele>
      </trkpt>
      <trkpt lat="36.624149987474084" lon="-121.84315994381905">
        <ele>27.9</ele>
      </trkpt>
      <trkpt lat="36.624219976365566" lon="-121.84328994713724">
        <ele>29.6</ele>
      </trkpt>
      <trkpt lat="36.624219976365566" lon="-121.84349999763072">
        <ele>32.0</ele>
      </trkpt>
      <trkpt lat="36.62418996915221" lon="-121.84368993155658">
        <ele>33.4</ele>
      </trkpt>
      <trkpt lat="36.623769951984286" lon="-121.8444799259305">
        <ele>30.0</ele>
      </trkpt>
      <trkpt lat="36.62359996698797" lon="-121.84505995362997">
        <ele>35.0</ele>
      </trkpt>
      <trkpt lat="36.623509945347905" lon="-121.84521996416152">
        <ele>36.0</ele>
      </trkpt>
      <trkpt lat="36.623269971460104" lon="-121.84546999633312">
        <ele>31.0</ele>
      </trkpt>
      <trkpt lat="36.62293997593224" lon="-121.84573997743428">
        <ele>28.7</ele>
      </trkpt>
      <trkpt lat="36.622629929333925" lon="-121.84594994410872">
        <ele>24.5</ele>
      </trkpt>
      <trkpt lat="36.621769946068525" lon="-121.8466399423778">
        <ele>25.9</ele>
      </trkpt>
      <trkpt lat="36.621399968862534" lon="-121.84681998565793">
        <ele>26.1</ele>
      </trkpt>
      <trkpt lat="36.620589941740036" lon="-121.84728995896876">
        <ele>22.6</ele>
      </trkpt>
      <trkpt lat="36.62031996063888" lon="-121.84740998782218">
        <ele>22.0</ele>
      </trkpt>
      <trkpt lat="36.62027997896075" lon="-121.84739992953837">
        <ele>21.9</ele>
      </trkpt>
      <trkpt lat="36.620239997282624" lon="-121.84735994786024">
        <ele>21.9</ele>
      </trkpt>
      <trkpt lat="36.620199931785464" lon="-121.8472599517554">
        <ele>21.9</ele>
      </trkpt>
      <trkpt lat="36.620069928467274" lon="-121.8463399540633">
        <ele>18.0</ele>
      </trkpt>
      <trkpt lat="36.61998996511102" lon="-121.84589998796582">
        <ele>13.0</ele>
      </trkpt>
      <trkpt lat="36.61934992298484" lon="-121.84625999070704">
        <ele>11.4</ele>
      </trkpt>
      <trkpt lat="36.61921991966665" lon="-121.84627993963659">
        <ele>11.7</ele>
      </trkpt>
      <trkpt lat="36.6190099529922" lon="-121.84623995795846">
        <ele>12.3</ele>
      </trkpt>
      <trkpt lat="36.61887994967401" lon="-121.84626996517181">
        <ele>14.0</ele>
      </trkpt>
      <trkpt lat="36.61825994029641" lon="-121.84660993516445">
        <ele>31.1</ele>
      </trkpt>
      <trkpt lat="36.617769934237" lon="-121.84681998565793">
        <ele>27.3</ele>
      </trkpt>
      <trkpt lat="36.617599949240685" lon="-121.8468299601227">
        <ele>29.8</ele>
      </trkpt>
      <trkpt lat="36.61734991706908" lon="-121.84669995680451">
        <ele>29.9</ele>
      </trkpt>
      <trkpt lat="36.61695999093354" lon="-121.84642997570336">
        <ele>14.2</ele>
      </trkpt>
      <trkpt lat="36.61687994375825" lon="-121.84640994295478">
        <ele>13.7</ele>
      </trkpt>
      <trkpt lat="36.616629995405674" lon="-121.8465299718082">
        <ele>12.4</ele>
      </trkpt>
      <trkpt lat="36.61676997318864" lon="-121.84692995622754">
        <ele>13.8</ele>
      </trkpt>
      <trkpt lat="36.61691992543638" lon="-121.8472599517554">
        <ele>16.9</ele>
      </trkpt>
      <trkpt lat="36.61809992976487" lon="-121.849359953776">
        <ele>29.1</ele>
      </trkpt>
      <trkpt lat="36.61739995703101" lon="-121.8497899454087">
        <ele>30.8</ele>
      </trkpt>
      <trkpt lat="36.61692998372018" lon="-121.85010996647179">
        <ele>20.9</ele>
      </trkpt>
      <trkpt lat="36.616569980978966" lon="-121.85037994757295">
        <ele>17.9</ele>
      </trkpt>
      <trkpt lat="36.61610998213291" lon="-121.85077993199229">
        <ele>18.9</ele>
      </trkpt>
      <trkpt lat="36.61584997549653" lon="-121.8510299641639">
        <ele>19.6</ele>
      </trkpt>
      <trkpt lat="36.61537991836667" lon="-121.85154997743666">
        <ele>18.9</ele>
      </trkpt>
      <trkpt lat="36.61251992918551" lon="-121.85510993935168">
        <ele>11.8</ele>
      </trkpt>
      <trkpt lat="36.61184996366501" lon="-121.8561999220401">
        <ele>10.1</ele>
      </trkpt>
      <trkpt lat="36.611409997567534" lon="-121.85714992694557">
        <ele>9.8</ele>
      </trkpt>
      <trkpt lat="36.61117999814451" lon="-121.85770992189646">
        <ele>1.7</ele>
      </trkpt>
      <trkpt lat="36.61113993264735" lon="-121.85798996128142">
        <ele>1.1</ele>
      </trkpt>
      <trkpt lat="36.611069943755865" lon="-121.85802994295955">
        <ele>1.3</ele>
      </trkpt>
      <trkpt lat="36.61099995486438" lon="-121.85816992074251">
        <ele>2.2</ele>
      </trkpt>
      <trkpt lat="36.61088998429477" lon="-121.85808995738626">
        <ele>1.7</ele>
      </trkpt>
      <trkpt lat="36.610809937119484" lon="-121.85807998292148">
        <ele>1.6</ele>
      </trkpt>
      <trkpt lat="36.610639952123165" lon="-121.85836999677122">
        <ele>3.4</ele>
      </trkpt>
      <trkpt lat="36.61021993495524" lon="-121.85882999561727">
        <ele>6.8</ele>
      </trkpt>
      <trkpt lat="36.60997996106744" lon="-121.85918999835849">
        <ele>7.9</ele>
      </trkpt>
      <trkpt lat="36.60967997275293" lon="-121.85955997556448">
        <ele>7.0</ele>
      </trkpt>
      <trkpt lat="36.609539994969964" lon="-121.85976994223893">
        <ele>6.8</ele>
      </trkpt>
      <trkpt lat="36.609519962221384" lon="-121.86007998883724">
        <ele>6.9</ele>
      </trkpt>
      <trkpt lat="36.609539994969964" lon="-121.86016992665827">
        <ele>6.9</ele>
      </trkpt>
      <trkpt lat="36.609609983861446" lon="-121.86029992997646">
        <ele>6.9</ele>
      </trkpt>
      <trkpt lat="36.6096899472177" lon="-121.86050998046994">
        <ele>6.9</ele>
      </trkpt>
      <trkpt lat="36.60970997996628" lon="-121.86066999100149">
        <ele>6.9</ele>
      </trkpt>
      <trkpt lat="36.60969992168248" lon="-121.86072992160916">
        <ele>6.9</ele>
      </trkpt>
      <trkpt lat="36.60965994000435" lon="-121.8608399759978">
        <ele>6.8</ele>
      </trkpt>
      <trkpt lat="36.60929993726313" lon="-121.86147993430495">
        <ele>6.3</ele>
      </trkpt>
      <trkpt lat="36.60916993394494" lon="-121.86167992651463">
        <ele>6.2</ele>
      </trkpt>
      <trkpt lat="36.60883993841708" lon="-121.8618899770081">
        <ele>7.0</ele>
      </trkpt>
      <trkpt lat="36.608619997277856" lon="-121.86191998422146">
        <ele>7.9</ele>
      </trkpt>
      <trkpt lat="36.60851991735399" lon="-121.86190992593765">
        <ele>9.0</ele>
      </trkpt>
      <trkpt lat="36.60840994678438" lon="-121.86185996979475">
        <ele>10.8</ele>
      </trkpt>
      <trkpt lat="36.60823996178806" lon="-121.86174999922514">
        <ele>12.8</ele>
      </trkpt>
      <trkpt lat="36.60786998458207" lon="-121.8613999709487">
        <ele>14.9</ele>
      </trkpt>
      <trkpt lat="36.60776998847723" lon="-121.86134993098676">
        <ele>15.0</ele>
      </trkpt>
      <trkpt lat="36.607649959623814" lon="-121.86132998205721">
        <ele>16.1</ele>
      </trkpt>
      <trkpt lat="36.607479974627495" lon="-121.86135998927057">
        <ele>18.6</ele>
      </trkpt>
      <trkpt lat="36.60735994577408" lon="-121.86142997816205">
        <ele>19.6</ele>
      </trkpt>
      <trkpt lat="36.607219967991114" lon="-121.86159996315837">
        <ele>18.3</ele>
      </trkpt>
      <trkpt lat="36.60706993192434" lon="-121.86189995147288">
        <ele>17.9</ele>
      </trkpt>
      <trkpt lat="36.607009917497635" lon="-121.86198997311294">
        <ele>18.2</ele>
      </trkpt>
      <trkpt lat="36.60694998688996" lon="-121.86204998753965">
        <ele>18.4</ele>
      </trkpt>
      <trkpt lat="36.60682995803654" lon="-121.86209994368255">
        <ele>18.6</ele>
      </trkpt>
      <trkpt lat="36.606669947505" lon="-121.86210991814733">
        <ele>19.2</ele>
      </trkpt>
      <trkpt lat="36.60658998414874" lon="-121.8620699364692">
        <ele>19.4</ele>
      </trkpt>
      <trkpt lat="36.60650993697345" lon="-121.8620199803263">
        <ele>19.6</ele>
      </trkpt>
      <trkpt lat="36.606299970299006" lon="-121.86181998811662">
        <ele>19.8</ele>
      </trkpt>
      <trkpt lat="36.60619997419417" lon="-121.86175997368991">
        <ele>19.7</ele>
      </trkpt>
      <trkpt lat="36.60555993206799" lon="-121.86176994815469">
        <ele>20.4</ele>
      </trkpt>
      <trkpt lat="36.60549991764128" lon="-121.86177992261946">
        <ele>20.6</ele>
      </trkpt>
      <trkpt lat="36.60532993264496" lon="-121.86184999532998">
        <ele>21.0</ele>
      </trkpt>
      <trkpt lat="36.60489994101226" lon="-121.86219993978739">
        <ele>20.0</ele>
      </trkpt>
      <trkpt lat="36.60471998155117" lon="-121.86248995363712">
        <ele>18.8</ele>
      </trkpt>
      <trkpt lat="36.60462995991111" lon="-121.86266999691725">
        <ele>17.9</ele>
      </trkpt>
      <trkpt lat="36.604429967701435" lon="-121.86325999908149">
        <ele>17.6</ele>
      </trkpt>
      <trkpt lat="36.604319997131824" lon="-121.86350994743407">
        <ele>14.7</ele>
      </trkpt>
      <trkpt lat="36.604169961065054" lon="-121.8640399351716">
        <ele>14.2</ele>
      </trkpt>
      <trkpt lat="36.60407993942499" lon="-121.86424998566508">
        <ele>14.2</ele>
      </trkpt>
      <trkpt lat="36.60385999828577" lon="-121.86462993733585">
        <ele>12.8</ele>
      </trkpt>
      <trkpt lat="36.603789925575256" lon="-121.86472993344069">
        <ele>12.8</ele>
      </trkpt>
      <trkpt lat="36.60372999496758" lon="-121.86477997340262">
        <ele>12.1</ele>
      </trkpt>
      <trkpt lat="36.60362999886274" lon="-121.8647899478674">
        <ele>11.0</ele>
      </trkpt>
      <trkpt lat="36.603529918938875" lon="-121.86470998451114">
        <ele>10.6</ele>
      </trkpt>
      <trkpt lat="36.60349999554455" lon="-121.86461996287107">
        <ele>10.3</ele>
      </trkpt>
      <trkpt lat="36.60350997000933" lon="-121.86451996676624">
        <ele>10.3</ele>
      </trkpt>
      <trkpt lat="36.60358993336558" lon="-121.86438996344805">
        <ele>10.6</ele>
      </trkpt>
      <trkpt lat="36.603789925575256" lon="-121.86415996402502">
        <ele>11.3</ele>
      </trkpt>
      <trkpt lat="36.60393996164203" lon="-121.8638499174267">
        <ele>11.5</ele>
      </trkpt>
      <trkpt lat="36.60398991778493" lon="-121.86361991800368">
        <ele>11.0</ele>
      </trkpt>
      <trkpt lat="36.603979943320155" lon="-121.8635499291122">
        <ele>11.1</ele>
      </trkpt>
      <trkpt lat="36.60390995442867" lon="-121.86346996575594">
        <ele>11.0</ele>
      </trkpt>
      <trkpt lat="36.603709962219" lon="-121.86332998797297">
        <ele>10.9</ele>
      </trkpt>
      <trkpt lat="36.60360996611416" lon="-121.86356996186078">
        <ele>10.9</ele>
      </trkpt>
      <trkpt lat="36.60359999164939" lon="-121.86377992853522">
        <ele>10.9</ele>
      </trkpt>
      <trkpt lat="36.6028499789536" lon="-121.86538992449641">
        <ele>8.1</ele>
      </trkpt>
      <trkpt lat="36.602839920669794" lon="-121.8655199278146">
        <ele>8.8</ele>
      </trkpt>
      <trkpt lat="36.60275995731354" lon="-121.86573995277286">
        <ele>8.9</ele>
      </trkpt>
      <trkpt lat="36.60237992182374" lon="-121.86649993993342">
        <ele>6.9</ele>
      </trkpt>
      <trkpt lat="36.602369947358966" lon="-121.86657998710871">
        <ele>6.9</ele>
      </trkpt>
      <trkpt lat="36.602259976789355" lon="-121.86681996099651">
        <ele>6.5</ele>
      </trkpt>
      <trkpt lat="36.60221999511123" lon="-121.86687997542322">
        <ele>6.4</ele>
      </trkpt>
      <trkpt lat="36.60213994793594" lon="-121.8669499643147">
        <ele>6.1</ele>
      </trkpt>
      <trkpt lat="36.60211999900639" lon="-121.86702992767096">
        <ele>6.1</ele>
      </trkpt>
      <trkpt lat="36.60189997404814" lon="-121.86744994483888">
        <ele>6.1</ele>
      </trkpt>
      <trkpt lat="36.60125993192196" lon="-121.86879993416369">
        <ele>6.5</ele>
      </trkpt>
      <trkpt lat="36.60112992860377" lon="-121.86900998465717">
        <ele>6.5</ele>
      </trkpt>
      <trkpt lat="36.60095994360745" lon="-121.86955992132425">
        <ele>6.3</ele>
      </trkpt>
      <trkpt lat="36.60085994750261" lon="-121.87006996013224">
        <ele>7.7</ele>
      </trkpt>
      <trkpt lat="36.600819965824485" lon="-121.87045997008681">
        <ele>7.4</ele>
      </trkpt>
      <trkpt lat="36.60080999135971" lon="-121.87075995840132">
        <ele>6.5</ele>
      </trkpt>
      <trkpt lat="36.60085994750261" lon="-121.87105994671583">
        <ele>5.8</ele>
      </trkpt>
      <trkpt lat="36.60065995529294" lon="-121.8721199221909">
        <ele>5.7</ele>
      </trkpt>
      <trkpt lat="36.600559959188104" lon="-121.87303991988301">
        <ele>7.9</ele>
      </trkpt>
      <trkpt lat="36.60046993754804" lon="-121.87340998090804">
        <ele>4.7</ele>
      </trkpt>
      <trkpt lat="36.60022996366024" lon="-121.87563998624682">
        <ele>5.8</ele>
      </trkpt>
      <trkpt lat="36.60027991980314" lon="-121.87655998393893">
        <ele>5.0</ele>
      </trkpt>
      <trkpt lat="36.60043993033469" lon="-121.88236998394132">
        <ele>4.2</ele>
      </trkpt>
      <trkpt lat="36.60052995197475" lon="-121.88298999331892">
        <ele>4.0</ele>
      </trkpt>
      <trkpt lat="36.600499944761395" lon="-121.88334999606013">
        <ele>4.0</ele>
      </trkpt>
      <trkpt lat="36.600499944761395" lon="-121.88356993719935">
        <ele>4.1</ele>
      </trkpt>
      <trkpt lat="36.60058996640146" lon="-121.88465991988778">
        <ele>3.8</ele>
      </trkpt>
      <trkpt lat="36.600559959188104" lon="-121.88544999808073">
        <ele>2.5</ele>
      </trkpt>
      <trkpt lat="36.60063992254436" lon="-121.88689998351038">
        <ele>2.1</ele>
      </trkpt>
      <trkpt lat="36.60063992254436" lon="-121.88700995407999">
        <ele>2.2</ele>
      </trkpt>
      <trkpt lat="36.600579991936684" lon="-121.88728999346495">
        <ele>2.3</ele>
      </trkpt>
      <trkpt lat="36.60058996640146" lon="-121.8874999601394">
        <ele>2.3</ele>
      </trkpt>
      <trkpt lat="36.60063992254436" lon="-121.887609930709">
        <ele>2.3</ele>
      </trkpt>
      <trkpt lat="36.60077998414636" lon="-121.8884199578315">
        <ele>2.5</ele>
      </trkpt>
      <trkpt lat="36.60091996192932" lon="-121.8887999933213">
        <ele>2.4</ele>
      </trkpt>
      <trkpt lat="36.60099992528558" lon="-121.88935998827219">
        <ele>2.5</ele>
      </trkpt>
      <trkpt lat="36.60099992528558" lon="-121.88944992609322">
        <ele>2.6</ele>
      </trkpt>
      <trkpt lat="36.60095994360745" lon="-121.88961999490857">
        <ele>2.7</ele>
      </trkpt>
      <trkpt lat="36.601009983569384" lon="-121.88992995768785">
        <ele>2.8</ele>
      </trkpt>
      <trkpt lat="36.60027991980314" lon="-121.89006993547082">
        <ele>3.7</ele>
      </trkpt>
      <trkpt lat="36.59927995875478" lon="-121.89022994600236">
        <ele>4.3</ele>
      </trkpt>
      <trkpt lat="36.598009932786226" lon="-121.89047997817397">
        <ele>5.3</ele>
      </trkpt>
      <trkpt lat="36.59801999107003" lon="-121.89058994874358">
        <ele>5.4</ele>
      </trkpt>
      <trkpt lat="36.597919994965196" lon="-121.89192996360362">
        <ele>6.0</ele>
      </trkpt>
      <trkpt lat="36.59782997332513" lon="-121.89270998351276">
        <ele>6.1</ele>
      </trkpt>
      <trkpt lat="36.59601998515427" lon="-121.89210992306471">
        <ele>9.9</ele>
      </trkpt>
      <trkpt lat="36.59590993076563" lon="-121.89208997413516">
        <ele>10.1</ele>
      </trkpt>
      <trkpt lat="36.59523996524513" lon="-121.89215996302664">
        <ele>11.6</ele>
      </trkpt>
      <trkpt lat="36.594139924272895" lon="-121.89230999909341">
        <ele>14.7</ele>
      </trkpt>
      <trkpt lat="36.5939599648118" lon="-121.8923799879849">
        <ele>14.6</ele>
      </trkpt>
      <trkpt lat="36.59369995817542" lon="-121.89254997298121">
        <ele>15.7</ele>
      </trkpt>
      <trkpt lat="36.592699997127056" lon="-121.89363995566964">
        <ele>24.1</ele>
      </trkpt>
      <trkpt lat="36.59261994995177" lon="-121.89351992681623">
        <ele>24.1</ele>
      </trkpt>
      <trkpt lat="36.59253998659551" lon="-121.8934799451381">
        <ele>24.4</ele>
      </trkpt>
      <trkpt lat="36.592159951105714" lon="-121.89367993734777">
        <ele>27.4</ele>
      </trkpt>
      <trkpt lat="36.59193992614746" lon="-121.8939199950546">
        <ele>30.3</ele>
      </trkpt>
      <trkpt lat="36.59149996004999" lon="-121.89432995393872">
        <ele>31.8</ele>
      </trkpt>
      <trkpt lat="36.591109950095415" lon="-121.89474997110665">
        <ele>33.9</ele>
      </trkpt>
      <trkpt lat="36.59070996567607" lon="-121.89526998437941">
        <ele>35.1</ele>
      </trkpt>
      <trkpt lat="36.59029992297292" lon="-121.89599996432662">
        <ele>41.1</ele>
      </trkpt>
      <trkpt lat="36.5899399202317" lon="-121.89638997428119">
        <ele>45.0</ele>
      </trkpt>
      <trkpt lat="36.589799942448735" lon="-121.89636994153261">
        <ele>45.0</ele>
      </trkpt>
      <trkpt lat="36.589669939130545" lon="-121.89640992321074">
        <ele>43.7</ele>
      </trkpt>
      <trkpt lat="36.589479921385646" lon="-121.89657999202609">
        <ele>43.4</ele>
      </trkpt>
      <trkpt lat="36.58901992253959" lon="-121.89712992869318">
        <ele>50.9</ele>
      </trkpt>
      <trkpt lat="36.58858993090689" lon="-121.89767994917929">
        <ele>52.6</ele>
      </trkpt>
      <trkpt lat="36.588379964232445" lon="-121.89806995913386">
        <ele>53.3</ele>
      </trkpt>
      <trkpt lat="36.58823998644948" lon="-121.89820993691683">
        <ele>53.8</ele>
      </trkpt>
      <trkpt lat="36.58799992874265" lon="-121.8984099291265">
        <ele>54.8</ele>
      </trkpt>
      <trkpt lat="36.58789993263781" lon="-121.8985999468714">
        <ele>55.8</ele>
      </trkpt>
      <trkpt lat="36.58780999481678" lon="-121.89870991744101">
        <ele>56.4</ele>
      </trkpt>
      <trkpt lat="36.58744999207556" lon="-121.89890999346972">
        <ele>57.2</ele>
      </trkpt>
      <trkpt lat="36.58731998875737" lon="-121.89905994571745">
        <ele>57.3</ele>
      </trkpt>
      <trkpt lat="36.587069956585765" lon="-121.89928994514048">
        <ele>57.1</ele>
      </trkpt>
      <trkpt lat="36.58699996769428" lon="-121.89931995235384">
        <ele>56.9</ele>
      </trkpt>
      <trkpt lat="36.58669997937977" lon="-121.89934995956719">
        <ele>55.7</ele>
      </trkpt>
      <trkpt lat="36.58658992499113" lon="-121.89932992681861">
        <ele>54.6</ele>
      </trkpt>
      <trkpt lat="36.58628993667662" lon="-121.89953997731209">
        <ele>57.0</ele>
      </trkpt>
      <trkpt lat="36.58612992614508" lon="-121.89960996620357">
        <ele>58.5</ele>
      </trkpt>
      <trkpt lat="36.58574997447431" lon="-121.9000799395144">
        <ele>64.1</ele>
      </trkpt>
      <trkpt lat="36.58565995283425" lon="-121.90015998668969">
        <ele>64.3</ele>
      </trkpt>
      <trkpt lat="36.585069950670004" lon="-121.90053993836045">
        <ele>64.4</ele>
      </trkpt>
      <trkpt lat="36.584769962355494" lon="-121.90065996721387">
        <ele>63.9</ele>
      </trkpt>
      <trkpt lat="36.58462998457253" lon="-121.900699948892">
        <ele>63.5</ele>
      </trkpt>
      <trkpt lat="36.58458991907537" lon="-121.90074998885393">
        <ele>63.8</ele>
      </trkpt>
      <trkpt lat="36.58447994850576" lon="-121.90080991946161">
        <ele>64.2</ele>
      </trkpt>
      <trkpt lat="36.584259923547506" lon="-121.90085995942354">
        <ele>65.8</ele>
      </trkpt>
      <trkpt lat="36.5839699935168" lon="-121.90110999159515">
        <ele>68.7</ele>
      </trkpt>
      <trkpt lat="36.58340999856591" lon="-121.90145993605256">
        <ele>74.2</ele>
      </trkpt>
      <trkpt lat="36.58320992253721" lon="-121.90162992104888">
        <ele>74.8</ele>
      </trkpt>
      <trkpt lat="36.58220996148884" lon="-121.8998999800533">
        <ele>77.0</ele>
      </trkpt>
      <trkpt lat="36.58210996538401" lon="-121.89975991845131">
        <ele>76.7</ele>
      </trkpt>
      <trkpt lat="36.58164996653795" lon="-121.89933998510242">
        <ele>80.2</ele>
      </trkpt>
      <trkpt lat="36.58162993378937" lon="-121.89925993792713">
        <ele>80.5</ele>
      </trkpt>
      <trkpt lat="36.5814299415797" lon="-121.89935993403196">
        <ele>84.0</ele>
      </trkpt>
      <trkpt lat="36.58133991993964" lon="-121.89958993345499">
        <ele>86.5</ele>
      </trkpt>
      <trkpt lat="36.58133991993964" lon="-121.90011992119253">
        <ele>86.2</ele>
      </trkpt>
      <trkpt lat="36.581309996545315" lon="-121.90029996447265">
        <ele>88.3</ele>
      </trkpt>
      <trkpt lat="36.581179993227124" lon="-121.90063993446529">
        <ele>93.6</ele>
      </trkpt>
      <trkpt lat="36.58065997995436" lon="-121.90173997543752">
        <ele>100.7</ele>
      </trkpt>
      <trkpt lat="36.58050994388759" lon="-121.90216996707022">
        <ele>102.3</ele>
      </trkpt>
      <trkpt lat="36.58038999885321" lon="-121.90278997644782">
        <ele>102.1</ele>
      </trkpt>
      <trkpt lat="36.58031992614269" lon="-121.90296993590891">
        <ele>102.8</ele>
      </trkpt>
      <trkpt lat="36.58020995557308" lon="-121.90314997918904">
        <ele>104.5</ele>
      </trkpt>
      <trkpt lat="36.5798999927938" lon="-121.90355993807316">
        <ele>108.7</ele>
      </trkpt>
      <trkpt lat="36.579719949513674" lon="-121.90383997745812">
        <ele>110.6</ele>
      </trkpt>
      <trkpt lat="36.57864999957383" lon="-121.90593997947872">
        <ele>120.1</ele>
      </trkpt>
      <trkpt lat="36.57826996408403" lon="-121.9066299777478">
        <ele>125.2</ele>
      </trkpt>
      <trkpt lat="36.57824993133545" lon="-121.90680993720889">
        <ele>125.6</ele>
      </trkpt>
      <trkpt lat="36.57800995744765" lon="-121.90725996159017">
        <ele>128.8</ele>
      </trkpt>
      <trkpt lat="36.57774995081127" lon="-121.90769992768764">
        <ele>131.2</ele>
      </trkpt>
      <trkpt lat="36.577229937538505" lon="-121.90850995481014">
        <ele>134.2</ele>
      </trkpt>
      <trkpt lat="36.57695995643735" lon="-121.90887993201613">
        <ele>138.4</ele>
      </trkpt>
      <trkpt lat="36.57667991705239" lon="-121.90931998193264">
        <ele>143.2</ele>
      </trkpt>
      <trkpt lat="36.57639996148646" lon="-121.90976992249489">
        <ele>150.3</ele>
      </trkpt>
      <trkpt lat="36.576219918206334" lon="-121.91009991802275">
        <ele>152.8</ele>
      </trkpt>
      <trkpt lat="36.5756999887526" lon="-121.91090994514525">
        <ele>164.7</ele>
      </trkpt>
      <trkpt lat="36.57549999654293" lon="-121.9111799262464">
        <ele>165.5</ele>
      </trkpt>
      <trkpt lat="36.57508995383978" lon="-121.91162995062768">
        <ele>167.0</ele>
      </trkpt>
      <trkpt lat="36.57466993667185" lon="-121.91199992783368">
        <ele>167.8</ele>
      </trkpt>
      <trkpt lat="36.574499951675534" lon="-121.91203999333084">
        <ele>167.2</ele>
      </trkpt>
      <trkpt lat="36.574439937248826" lon="-121.91208994947374">
        <ele>167.0</ele>
      </trkpt>
      <trkpt lat="36.57471997663379" lon="-121.9123699888587">
        <ele>165.9</ele>
      </trkpt>
      <trkpt lat="36.57504997216165" lon="-121.91258992999792">
        <ele>164.8</ele>
      </trkpt>
      <trkpt lat="36.57514996826649" lon="-121.91261993721128">
        <ele>164.5</ele>
      </trkpt>
      <trkpt lat="36.575319953262806" lon="-121.91261993721128">
        <ele>166.0</ele>
      </trkpt>
      <trkpt lat="36.57536999322474" lon="-121.91263996995986">
        <ele>166.7</ele>
      </trkpt>
      <trkpt lat="36.57543998211622" lon="-121.91274994052947">
        <ele>168.2</ele>
      </trkpt>
      <trkpt lat="36.575449956581" lon="-121.91283996216953">
        <ele>168.3</ele>
      </trkpt>
      <trkpt lat="36.57541994936764" lon="-121.91290995106101">
        <ele>167.8</ele>
      </trkpt>
      <trkpt lat="36.57536999322474" lon="-121.91296996548772">
        <ele>167.2</ele>
      </trkpt>
      <trkpt lat="36.57530997879803" lon="-121.91299997270107">
        <ele>166.6</ele>
      </trkpt>
      <trkpt lat="36.57523998990655" lon="-121.91306996159256">
        <ele>165.7</ele>
      </trkpt>
      <trkpt lat="36.57511996105313" lon="-121.91311991773546">
        <ele>164.0</ele>
      </trkpt>
      <trkpt lat="36.57502993941307" lon="-121.91310994327068">
        <ele>162.9</ele>
      </trkpt>
      <trkpt lat="36.57468996942043" lon="-121.9129899982363">
        <ele>159.8</ele>
      </trkpt>
      <trkpt lat="36.57461998052895" lon="-121.91299997270107">
        <ele>158.8</ele>
      </trkpt>
      <trkpt lat="36.57450992614031" lon="-121.91306996159256">
        <ele>155.8</ele>
      </trkpt>
      <trkpt lat="36.57429995946586" lon="-121.91301992163062">
        <ele>156.2</ele>
      </trkpt>
      <trkpt lat="36.57416995614767" lon="-121.91300994716585">
        <ele>157.3</ele>
      </trkpt>
      <trkpt lat="36.5733499545604" lon="-121.91314992494881">
        <ele>151.1</ele>
      </trkpt>
      <trkpt lat="36.573079973459244" lon="-121.91316995769739">
        <ele>148.9</ele>
      </trkpt>
      <trkpt lat="36.5727299451828" lon="-121.91315998323262">
        <ele>148.8</ele>
      </trkpt>
      <trkpt lat="36.572459964081645" lon="-121.91308999434114">
        <ele>156.3</ele>
      </trkpt>
      <trkpt lat="36.571429995819926" lon="-121.91293995827436">
        <ele>161.1</ele>
      </trkpt>
      <trkpt lat="36.57050999812782" lon="-121.91283996216953">
        <ele>166.0</ele>
      </trkpt>
      <trkpt lat="36.56868995167315" lon="-121.91268992610276">
        <ele>175.7</ele>
      </trkpt>
      <trkpt lat="36.568419970571995" lon="-121.91268992610276">
        <ele>177.6</ele>
      </trkpt>
      <trkpt lat="36.56776995398104" lon="-121.91275999881327">
        <ele>176.2</ele>
      </trkpt>
      <trkpt lat="36.56713997013867" lon="-121.91295999102294">
        <ele>175.7</ele>
      </trkpt>
      <trkpt lat="36.56688993796706" lon="-121.91299997270107">
        <ele>174.5</ele>
      </trkpt>
      <trkpt lat="36.56651996076107" lon="-121.91299997270107">
        <ele>170.9</ele>
      </trkpt>
      <trkpt lat="36.566079994663596" lon="-121.91290995106101">
        <ele>169.7</ele>
      </trkpt>
      <trkpt lat="36.56559996306896" lon="-121.91267995163798">
        <ele>166.9</ele>
      </trkpt>
      <trkpt lat="36.56442993320525" lon="-121.91182994283736">
        <ele>158.7</ele>
      </trkpt>
      <trkpt lat="36.56419993378222" lon="-121.91168996505439">
        <ele>156.5</ele>
      </trkpt>
      <trkpt lat="36.563889971002936" lon="-121.91154998727143">
        <ele>156.2</ele>
      </trkpt>
      <trkpt lat="36.56350993551314" lon="-121.91145996563137">
        <ele>152.1</ele>
      </trkpt>
      <trkpt lat="36.56318999826908" lon="-121.91143993288279">
        <ele>150.9</ele>
      </trkpt>
      <trkpt lat="36.562939966097474" lon="-121.91144999116659">
        <ele>149.3</ele>
      </trkpt>
      <trkpt lat="36.56204997561872" lon="-121.91167999058962">
        <ele>142.7</ele>
      </trkpt>
      <trkpt lat="36.56165996566415" lon="-121.9117499794811">
        <ele>139.3</ele>
      </trkpt>
      <trkpt lat="36.56126995570958" lon="-121.91175995394588">
        <ele>136.4</ele>
      </trkpt>
      <trkpt lat="36.55978996306658" lon="-121.91169993951917">
        <ele>130.9</ele>
      </trkpt>
      <trkpt lat="36.55912997201085" lon="-121.91164998337626">
        <ele>128.3</ele>
      </trkpt>
      <trkpt lat="36.55454993247986" lon="-121.91095998510718">
        <ele>106.2</ele>
      </trkpt>
      <trkpt lat="36.553189968690276" lon="-121.91070995293558">
        <ele>98.6</ele>
      </trkpt>
      <trkpt lat="36.5457699727267" lon="-121.90953992307186">
        <ele>45.6</ele>
      </trkpt>
      <trkpt lat="36.545259933918715" lon="-121.9093999452889">
        <ele>42.9</ele>
      </trkpt>
      <trkpt lat="36.54491996392608" lon="-121.9092699419707">
        <ele>39.4</ele>
      </trkpt>
      <trkpt lat="36.544419983401895" lon="-121.90900993533432">
        <ele>35.5</ele>
      </trkpt>
      <trkpt lat="36.543219946324825" lon="-121.90830996260047">
        <ele>28.0</ele>
      </trkpt>
      <trkpt lat="36.54302992857993" lon="-121.90823997370899">
        <ele>26.1</ele>
      </trkpt>
      <trkpt lat="36.54277998022735" lon="-121.90817995928228">
        <ele>23.4</ele>
      </trkpt>
      <trkpt lat="36.542529948055744" lon="-121.9081599265337">
        <ele>23.2</ele>
      </trkpt>
      <trkpt lat="36.54215997084975" lon="-121.90818993374705">
        <ele>21.3</ele>
      </trkpt>
      <trkpt lat="36.541909938678145" lon="-121.90825992263854">
        <ele>18.4</ele>
      </trkpt>
      <trkpt lat="36.541669964790344" lon="-121.9083499442786">
        <ele>17.7</ele>
      </trkpt>
      <trkpt lat="36.541219940409064" lon="-121.90863995812833">
        <ele>14.7</ele>
      </trkpt>
      <trkpt lat="36.54036993160844" lon="-121.909349989146">
        <ele>12.0</ele>
      </trkpt>
      <trkpt lat="36.54012995772064" lon="-121.90957998856902">
        <ele>11.5</ele>
      </trkpt>
      <trkpt lat="36.539609944447875" lon="-121.9100199546665">
        <ele>10.9</ele>
      </trkpt>
      <trkpt lat="36.538559943437576" lon="-121.9108899962157">
        <ele>9.3</ele>
      </trkpt>
      <trkpt lat="36.538319969549775" lon="-121.9110699556768">
        <ele>9.0</ele>
      </trkpt>
      <trkpt lat="36.53779995627701" lon="-121.91134999506176">
        <ele>8.4</ele>
      </trkpt>
      <trkpt lat="36.53747993521392" lon="-121.9114999473095">
        <ele>8.2</ele>
      </trkpt>
      <trkpt lat="36.53699998743832" lon="-121.91178996115923">
        <ele>7.6</ele>
      </trkpt>
      <trkpt lat="36.536769988015294" lon="-121.91195994615555">
        <ele>7.4</ele>
      </trkpt>
      <trkpt lat="36.536579970270395" lon="-121.91213998943567">
        <ele>7.3</ele>
      </trkpt>
      <trkpt lat="36.53484994545579" lon="-121.91395995207131">
        <ele>7.2</ele>
      </trkpt>
      <trkpt lat="36.53436999768019" lon="-121.91441995091736">
        <ele>7.2</ele>
      </trkpt>
      <trkpt lat="36.53123994357884" lon="-121.91702999174595">
        <ele>9.0</ele>
      </trkpt>
      <trkpt lat="36.53044994920492" lon="-121.91771999001503">
        <ele>13.2</ele>
      </trkpt>
      <trkpt lat="36.529469937086105" lon="-121.91862992942333">
        <ele>20.5</ele>
      </trkpt>
      <trkpt lat="36.52914999984205" lon="-121.918969983235">
        <ele>23.4</ele>
      </trkpt>
      <trkpt lat="36.52896995656192" lon="-121.91919998265803">
        <ele>25.8</ele>
      </trkpt>
      <trkpt lat="36.52863996103406" lon="-121.91953995265067">
        <ele>30.3</ele>
      </trkpt>
      <trkpt lat="36.52775994502008" lon="-121.92056992091238">
        <ele>30.9</ele>
      </trkpt>
      <trkpt lat="36.52546992525458" lon="-121.92337995395064">
        <ele>12.5</ele>
      </trkpt>
      <trkpt lat="36.5245399530977" lon="-121.92457999102771">
        <ele>7.4</ele>
      </trkpt>
      <trkpt lat="36.52334997430444" lon="-121.92605998367071">
        <ele>5.5</ele>
      </trkpt>
      <trkpt lat="36.52246995829046" lon="-121.92711995914578">
        <ele>5.1</ele>
      </trkpt>
      <trkpt lat="36.5217699855566" lon="-121.9281499274075">
        <ele>8.5</ele>
      </trkpt>
      <trkpt lat="36.52139992453158" lon="-121.92879994399846">
        <ele>8.9</ele>
      </trkpt>
      <trkpt lat="36.51939991861582" lon="-121.93284999579191">
        <ele>24.5</ele>
      </trkpt>
      <trkpt lat="36.51915994472802" lon="-121.93330999463797">
        <ele>25.3</ele>
      </trkpt>
      <trkpt lat="36.51896992698312" lon="-121.93363999016583">
        <ele>25.4</ele>
      </trkpt>
      <trkpt lat="36.51862995699048" lon="-121.93414994515479">
        <ele>25.5</ele>
      </trkpt>
      <trkpt lat="36.51829996146262" lon="-121.93459996953607">
        <ele>25.5</ele>
      </trkpt>
      <trkpt lat="36.51796996593475" lon="-121.93499995395541">
        <ele>25.5</ele>
      </trkpt>
      <trkpt lat="36.517799980938435" lon="-121.93519994616508">
        <ele>25.4</ele>
      </trkpt>
      <trkpt lat="36.51711995713413" lon="-121.93584996275604">
        <ele>23.3</ele>
      </trkpt>
      <trkpt lat="36.51601999998093" lon="-121.93668999709189">
        <ele>22.8</ele>
      </trkpt>
      <trkpt lat="36.51508994400501" lon="-121.9372299592942">
        <ele>26.7</ele>
      </trkpt>
      <trkpt lat="36.51390993967652" lon="-121.93770999088883">
        <ele>30.1</ele>
      </trkpt>
      <trkpt lat="36.51347994804382" lon="-121.93782993592322">
        <ele>30.6</ele>
      </trkpt>
      <trkpt lat="36.51289992034435" lon="-121.93794996477664">
        <ele>27.9</ele>
      </trkpt>
      <trkpt lat="36.51181999593973" lon="-121.93804996088147">
        <ele>26.3</ele>
      </trkpt>
      <trkpt lat="36.51073998771608" lon="-121.93809991702437">
        <ele>29.3</ele>
      </trkpt>
      <trkpt lat="36.510279988870025" lon="-121.9380899425596">
        <ele>29.9</ele>
      </trkpt>
      <trkpt lat="36.51000992394984" lon="-121.93801995366812">
        <ele>30.4</ele>
      </trkpt>
      <trkpt lat="36.509659979492426" lon="-121.93787997588515">
        <ele>33.0</ele>
      </trkpt>
      <trkpt lat="36.509379940107465" lon="-121.93770999088883">
        <ele>36.1</ele>
      </trkpt>
      <trkpt lat="36.50910995900631" lon="-121.93749994039536">
        <ele>36.7</ele>
      </trkpt>
      <trkpt lat="36.50889999233186" lon="-121.93729994818568">
        <ele>37.0</ele>
      </trkpt>
      <trkpt lat="36.508629927411675" lon="-121.93699995987117">
        <ele>41.3</ele>
      </trkpt>
      <trkpt lat="36.50813992135227" lon="-121.93627995438874">
        <ele>45.5</ele>
      </trkpt>
      <trkpt lat="36.50781998410821" lon="-121.93603998050094">
        <ele>45.2</ele>
      </trkpt>
      <trkpt lat="36.50772996246815" lon="-121.935989940539">
        <ele>45.0</ele>
      </trkpt>
      <trkpt lat="36.50754991918802" lon="-121.93594995886087">
        <ele>45.0</ele>
      </trkpt>
      <trkpt lat="36.50726996362209" lon="-121.9359399843961">
        <ele>46.4</ele>
      </trkpt>
      <trkpt lat="36.50593992322683" lon="-121.93609999492764">
        <ele>42.3</ele>
      </trkpt>
      <trkpt lat="36.50567991659045" lon="-121.93620996549726">
        <ele>41.4</ele>
      </trkpt>
      <trkpt lat="36.50551998987794" lon="-121.93630996160209">
        <ele>40.6</ele>
      </trkpt>
      <trkpt lat="36.50526995770633" lon="-121.93653996102512">
        <ele>38.7</ele>
      </trkpt>
      <trkpt lat="36.504329927265644" lon="-121.93754998035729">
        <ele>26.5</ele>
      </trkpt>
      <trkpt lat="36.50422993116081" lon="-121.93763991817832">
        <ele>25.6</ele>
      </trkpt>
      <trkpt lat="36.504029938951135" lon="-121.93776992149651">
        <ele>22.3</ele>
      </trkpt>
      <trkpt lat="36.5036899689585" lon="-121.93785994313657">
        <ele>32.9</ele>
      </trkpt>
      <trkpt lat="36.5034999512136" lon="-121.9378499686718">
        <ele>33.9</ele>
      </trkpt>
      <trkpt lat="36.50315998122096" lon="-121.93768995814025">
        <ele>30.1</ele>
      </trkpt>
      <trkpt lat="36.50295998901129" lon="-121.93763991817832">
        <ele>28.7</ele>
      </trkpt>
      <trkpt lat="36.50279997847974" lon="-121.93764997646213">
        <ele>30.6</ele>
      </trkpt>
      <trkpt lat="36.50250996463001" lon="-121.93778995424509">
        <ele>34.9</ele>
      </trkpt>
      <trkpt lat="36.50224995799363" lon="-121.93794996477664">
        <ele>39.0</ele>
      </trkpt>
      <trkpt lat="36.501879980787635" lon="-121.93811994977295">
        <ele>38.2</ele>
      </trkpt>
      <trkpt lat="36.50165995582938" lon="-121.93813998252153">
        <ele>39.2</ele>
      </trkpt>
      <trkpt lat="36.50151997804642" lon="-121.93810997530818">
        <ele>39.8</ele>
      </trkpt>
      <trkpt lat="36.5013499930501" lon="-121.9380399864167">
        <ele>40.7</ele>
      </trkpt>
      <trkpt lat="36.5005399659276" lon="-121.93750999867916">
        <ele>39.1</ele>
      </trkpt>
      <trkpt lat="36.50018993765116" lon="-121.93731998093426">
        <ele>35.1</ele>
      </trkpt>
      <trkpt lat="36.50006999261677" lon="-121.93720992654562">
        <ele>35.9</ele>
      </trkpt>
      <trkpt lat="36.49989992380142" lon="-121.93712996318936">
        <ele>34.4</ele>
      </trkpt>
      <trkpt lat="36.49974997155368" lon="-121.93702996708453">
        <ele>33.3</ele>
      </trkpt>
      <trkpt lat="36.49958996102214" lon="-121.9368499238044">
        <ele>34.0</ele>
      </trkpt>
      <trkpt lat="36.49907992221415" lon="-121.9361199438572">
        <ele>33.5</ele>
      </trkpt>
      <trkpt lat="36.49887993000448" lon="-121.93589991889894">
        <ele>37.0</ele>
      </trkpt>
      <trkpt lat="36.498659988865256" lon="-121.93572993390262">
        <ele>37.8</ele>
      </trkpt>
      <trkpt lat="36.498529985547066" lon="-121.93567997775972">
        <ele>36.9</ele>
      </trkpt>
      <trkpt lat="36.49838992394507" lon="-121.93565994501114">
        <ele>34.8</ele>
      </trkpt>
      <trkpt lat="36.49816998280585" lon="-121.93566991947591">
        <ele>32.2</ele>
      </trkpt>
      <trkpt lat="36.49798993952572" lon="-121.9357499666512">
        <ele>33.2</ele>
      </trkpt>
      <trkpt lat="36.49788994342089" lon="-121.93581995554268">
        <ele>33.8</ele>
      </trkpt>
      <trkpt lat="36.49743991903961" lon="-121.93620996549726">
        <ele>36.9</ele>
      </trkpt>
      <trkpt lat="36.4971499890089" lon="-121.93642999045551">
        <ele>38.8</ele>
      </trkpt>
      <trkpt lat="36.49638991802931" lon="-121.93680994212627">
        <ele>45.8</ele>
      </trkpt>
      <trkpt lat="36.49524997919798" lon="-121.93727999925613">
        <ele>52.4</ele>
      </trkpt>
      <trkpt lat="36.494229985401034" lon="-121.93766992539167">
        <ele>54.0</ele>
      </trkpt>
      <trkpt lat="36.49406997486949" lon="-121.93770999088883">
        <ele>55.0</ele>
      </trkpt>
      <trkpt lat="36.493799993768334" lon="-121.93772993981838">
        <ele>57.1</ele>
      </trkpt>
      <trkpt lat="36.49324997328222" lon="-121.93764997646213">
        <ele>59.5</ele>
      </trkpt>
      <trkpt lat="36.493049981072545" lon="-121.93763991817832">
        <ele>60.0</ele>
      </trkpt>
      <trkpt lat="36.49279994890094" lon="-121.93767998367548">
        <ele>64.2</ele>
      </trkpt>
      <trkpt lat="36.492579923942685" lon="-121.93777997978032">
        <ele>66.8</ele>
      </trkpt>
      <trkpt lat="36.491999980062246" lon="-121.93812992423773">
        <ele>68.6</ele>
      </trkpt>
      <trkpt lat="36.491609970107675" lon="-121.93824995309114">
        <ele>70.6</ele>
      </trkpt>
      <trkpt lat="36.49133998900652" lon="-121.9382799603045">
        <ele>70.8</ele>
      </trkpt>
      <trkpt lat="36.49081997573376" lon="-121.93823997862637">
        <ele>67.9</ele>
      </trkpt>
      <trkpt lat="36.49025998078287" lon="-121.93823997862637">
        <ele>61.1</ele>
      </trkpt>
      <trkpt lat="36.489979941397905" lon="-121.93820997141302">
        <ele>58.5</ele>
      </trkpt>
      <trkpt lat="36.48968992754817" lon="-121.93814995698631">
        <ele>58.3</ele>
      </trkpt>
      <trkpt lat="36.48907997645438" lon="-121.93795993924141">
        <ele>57.9</ele>
      </trkpt>
      <trkpt lat="36.48805998265743" lon="-121.93771996535361">
        <ele>48.1</ele>
      </trkpt>
      <trkpt lat="36.487529994919896" lon="-121.93770999088883">
        <ele>48.4</ele>
      </trkpt>
      <trkpt lat="36.485319938510656" lon="-121.93783999420702">
        <ele>42.9</ele>
      </trkpt>
      <trkpt lat="36.485059931874275" lon="-121.93782993592322">
        <ele>42.1</ele>
      </trkpt>
      <trkpt lat="36.484819957986474" lon="-121.93779992870986">
        <ele>41.5</ele>
      </trkpt>
      <trkpt lat="36.48455995135009" lon="-121.93772993981838">
        <ele>40.2</ele>
      </trkpt>
      <trkpt lat="36.48427999578416" lon="-121.93762994371355">
        <ele>36.6</ele>
      </trkpt>
      <trkpt lat="36.48362997919321" lon="-121.93731998093426">
        <ele>34.7</ele>
      </trkpt>
      <trkpt lat="36.4833299908787" lon="-121.93720992654562">
        <ele>33.1</ele>
      </trkpt>
      <trkpt lat="36.48304995149374" lon="-121.93714999593794">
        <ele>31.6</ele>
      </trkpt>
      <trkpt lat="36.48252993822098" lon="-121.93710993044078">
        <ele>28.6</ele>
      </trkpt>
      <trkpt lat="36.481339959427714" lon="-121.93716994486749">
        <ele>30.2</ele>
      </trkpt>
      <trkpt lat="36.48065993562341" lon="-121.93716994486749">
        <ele>31.2</ele>
      </trkpt>
      <trkpt lat="36.48025995120406" lon="-121.93711998872459">
        <ele>33.1</ele>
      </trkpt>
      <trkpt lat="36.48005995899439" lon="-121.93706994876266">
        <ele>33.5</ele>
      </trkpt>
      <trkpt lat="36.47931992076337" lon="-121.93676996044815">
        <ele>29.4</ele>
      </trkpt>
      <trkpt lat="36.47878993302584" lon="-121.93647994659841">
        <ele>28.8</ele>
      </trkpt>
      <trkpt lat="36.47853998467326" lon="-121.93638992495835">
        <ele>29.7</ele>
      </trkpt>
      <trkpt lat="36.47810999304056" lon="-121.93626997992396">
        <ele>29.0</ele>
      </trkpt>
      <trkpt lat="36.47507993504405" lon="-121.93572993390262">
        <ele>32.3</ele>
      </trkpt>
      <trkpt lat="36.47301999852061" lon="-121.93533992394805">
        <ele>29.0</ele>
      </trkpt>
      <trkpt lat="36.47268991917372" lon="-121.9352599605918">
        <ele>28.3</ele>
      </trkpt>
      <trkpt lat="36.47241993807256" lon="-121.93514999002218">
        <ele>31.8</ele>
      </trkpt>
      <trkpt lat="36.47174997255206" lon="-121.93480993621051">
        <ele>34.8</ele>
      </trkpt>
      <trkpt lat="36.471069948747754" lon="-121.93432998843491">
        <ele>27.7</ele>
      </trkpt>
      <trkpt lat="36.46994995884597" lon="-121.93319994024932">
        <ele>32.3</ele>
      </trkpt>
      <trkpt lat="36.469199946150184" lon="-121.93238999694586">
        <ele>35.2</ele>
      </trkpt>
      <trkpt lat="36.46901998668909" lon="-121.93215999752283">
        <ele>34.1</ele>
      </trkpt>
      <trkpt lat="36.468469966202974" lon="-121.93131996318698">
        <ele>30.9</ele>
      </trkpt>
      <trkpt lat="36.467999992892146" lon="-121.93044992163777">
        <ele>35.0</ele>
      </trkpt>
      <trkpt lat="36.46772992797196" lon="-121.92999998107553">
        <ele>36.3</ele>
      </trkpt>
      <trkpt lat="36.46727998740971" lon="-121.92948994226754">
        <ele>25.4</ele>
      </trkpt>
      <trkpt lat="36.466749999672174" lon="-121.92901996895671">
        <ele>25.8</ele>
      </trkpt>
      <trkpt lat="36.464369958266616" lon="-121.92730997689068">
        <ele>42.8</ele>
      </trkpt>
      <trkpt lat="36.4617199357599" lon="-121.92547995597124">
        <ele>47.8</ele>
      </trkpt>
      <trkpt lat="36.46095994859934" lon="-121.92504996433854">
        <ele>48.6</ele>
      </trkpt>
      <trkpt lat="36.46015997976065" lon="-121.92468996159732">
        <ele>39.9</ele>
      </trkpt>
      <trkpt lat="36.459149960428476" lon="-121.92434999160469">
        <ele>47.1</ele>
      </trkpt>
      <trkpt lat="36.45820992998779" lon="-121.9241399411112">
        <ele>38.2</ele>
      </trkpt>
      <trkpt lat="36.455449936911464" lon="-121.92388999275863">
        <ele>25.5</ele>
      </trkpt>
      <trkpt lat="36.45442994311452" lon="-121.9240299705416">
        <ele>30.7</ele>
      </trkpt>
      <trkpt lat="36.453779926523566" lon="-121.92423993721604">
        <ele>32.5</ele>
      </trkpt>
      <trkpt lat="36.45313996821642" lon="-121.92458996549249">
        <ele>39.3</ele>
      </trkpt>
      <trkpt lat="36.45262992940843" lon="-121.9249999243766">
        <ele>41.7</ele>
      </trkpt>
      <trkpt lat="36.452039927244186" lon="-121.92558992654085">
        <ele>44.2</ele>
      </trkpt>
      <trkpt lat="36.451609935611486" lon="-121.92596996203065">
        <ele>47.2</ele>
      </trkpt>
      <trkpt lat="36.451219925656915" lon="-121.92622996866703">
        <ele>46.6</ele>
      </trkpt>
      <trkpt lat="36.450939970090985" lon="-121.92635997198522">
        <ele>46.6</ele>
      </trkpt>
      <trkpt lat="36.45060997456312" lon="-121.9264799170196">
        <ele>46.3</ele>
      </trkpt>
      <trkpt lat="36.45006992854178" lon="-121.92658997140825">
        <ele>44.4</ele>
      </trkpt>
      <trkpt lat="36.449819980189204" lon="-121.92659994587302">
        <ele>42.3</ele>
      </trkpt>
      <trkpt lat="36.4495699480176" lon="-121.92657999694347">
        <ele>42.5</ele>
      </trkpt>
      <trkpt lat="36.44920994527638" lon="-121.92650992423296">
        <ele>44.6</ele>
      </trkpt>
      <trkpt lat="36.448829993605614" lon="-121.92637992091477">
        <ele>46.7</ele>
      </trkpt>
      <trkpt lat="36.44849999807775" lon="-121.92622996866703">
        <ele>47.5</ele>
      </trkpt>
      <trkpt lat="36.436199974268675" lon="-121.9192099571228">
        <ele>36.4</ele>
      </trkpt>
      <trkpt lat="36.435749949887395" lon="-121.91899999044836">
        <ele>36.8</ele>
      </trkpt>
      <trkpt lat="36.43530998378992" lon="-121.918829921633">
        <ele>37.2</ele>
      </trkpt>
      <trkpt lat="36.433819932863116" lon="-121.91835994832218">
        <ele>44.2</ele>
      </trkpt>
      <trkpt lat="36.432999931275845" lon="-121.91793993115425">
        <ele>45.3</ele>
      </trkpt>
      <trkpt lat="36.43220993690193" lon="-121.9174299761653">
        <ele>38.4</ele>
      </trkpt>
      <trkpt lat="36.43176997080445" lon="-121.91708992235363">
        <ele>50.4</ele>
      </trkpt>
      <trkpt lat="36.42958992160857" lon="-121.91502998583019">
        <ele>58.3</ele>
      </trkpt>
      <trkpt lat="36.42842995002866" lon="-121.91410998813808">
        <ele>59.9</ele>
      </trkpt>
      <trkpt lat="36.427689995616674" lon="-121.91362995654345">
        <ele>56.2</ele>
      </trkpt>
      <trkpt lat="36.426919950172305" lon="-121.91321999765933">
        <ele>49.1</ele>
      </trkpt>
      <trkpt lat="36.42535999417305" lon="-121.91264994442463">
        <ele>44.0</ele>
      </trkpt>
      <trkpt lat="36.424859929829836" lon="-121.91253997385502">
        <ele>47.6</ele>
      </trkpt>
      <trkpt lat="36.424359949305654" lon="-121.91243997775018">
        <ele>48.3</ele>
      </trkpt>
      <trkpt lat="36.42333995550871" lon="-121.91232992336154">
        <ele>37.7</ele>
      </trkpt>
      <trkpt lat="36.422859923914075" lon="-121.91230997443199">
        <ele>34.4</ele>
      </trkpt>
      <trkpt lat="36.42165997065604" lon="-121.91239999607205">
        <ele>25.9</ele>
      </trkpt>
      <trkpt lat="36.42080996185541" lon="-121.91256998106837">
        <ele>34.2</ele>
      </trkpt>
      <trkpt lat="36.42000999301672" lon="-121.9127899222076">
        <ele>31.8</ele>
      </trkpt>
      <trkpt lat="36.41814996488392" lon="-121.91347992047668">
        <ele>28.0</ele>
      </trkpt>
      <trkpt lat="36.41766993328929" lon="-121.9137099198997">
        <ele>28.9</ele>
      </trkpt>
      <trkpt lat="36.41725997440517" lon="-121.91387998871505">
        <ele>29.6</ele>
      </trkpt>
      <trkpt lat="36.41676996834576" lon="-121.9140399992466">
        <ele>30.5</ele>
      </trkpt>
      <trkpt lat="36.415619971230626" lon="-121.91435993649065">
        <ele>34.0</ele>
      </trkpt>
      <trkpt lat="36.414909940212965" lon="-121.91436999477446">
        <ele>33.7</ele>
      </trkpt>
      <trkpt lat="36.41233996488154" lon="-121.91393991932273">
        <ele>31.6</ele>
      </trkpt>
      <trkpt lat="36.411879966035485" lon="-121.91402994096279">
        <ele>31.4</ele>
      </trkpt>
      <trkpt lat="36.41124998219311" lon="-121.91442992538214">
        <ele>29.3</ele>
      </trkpt>
      <trkpt lat="36.410869946703315" lon="-121.91459999419749">
        <ele>32.8</ele>
      </trkpt>
      <trkpt lat="36.410439955070615" lon="-121.91466998308897">
        <ele>35.7</ele>
      </trkpt>
      <trkpt lat="36.41014994122088" lon="-121.91459999419749">
        <ele>36.8</ele>
      </trkpt>
      <trkpt lat="36.409879960119724" lon="-121.9144699908793">
        <ele>36.1</ele>
      </trkpt>
      <trkpt lat="36.40961995348334" lon="-121.91425994038582">
        <ele>36.6</ele>
      </trkpt>
      <trkpt lat="36.40913992188871" lon="-121.91369994543493">
        <ele>43.8</ele>
      </trkpt>
      <trkpt lat="36.407579965889454" lon="-121.91202993504703">
        <ele>45.7</ele>
      </trkpt>
      <trkpt lat="36.40661998651922" lon="-121.91119995899498">
        <ele>47.5</ele>
      </trkpt>
      <trkpt lat="36.40602998435497" lon="-121.91083995625377">
        <ele>47.6</ele>
      </trkpt>
      <trkpt lat="36.40565992332995" lon="-121.91064993850887">
        <ele>51.8</ele>
      </trkpt>
      <trkpt lat="36.40382998622954" lon="-121.90985994413495">
        <ele>61.4</ele>
      </trkpt>
      <trkpt lat="36.403329921886325" lon="-121.90952994860709">
        <ele>74.8</ele>
      </trkpt>
      <trkpt lat="36.40297997742891" lon="-121.90919995307922">
        <ele>74.4</ele>
      </trkpt>
      <trkpt lat="36.40215997584164" lon="-121.907869996503">
        <ele>60.5</ele>
      </trkpt>
      <trkpt lat="36.40169997699559" lon="-121.90717999823391">
        <ele>57.6</ele>
      </trkpt>
      <trkpt lat="36.40019995160401" lon="-121.90550998784602">
        <ele>47.9</ele>
      </trkpt>
      <trkpt lat="36.39929998666048" lon="-121.90456995740533">
        <ele>41.9</ele>
      </trkpt>
      <trkpt lat="36.39840999618173" lon="-121.90387995913625">
        <ele>31.8</ele>
      </trkpt>
      <trkpt lat="36.397679932415485" lon="-121.90349992364645">
        <ele>35.2</ele>
      </trkpt>
      <trkpt lat="36.397119937464595" lon="-121.903289956972">
        <ele>36.5</ele>
      </trkpt>
      <trkpt lat="36.38966993428767" lon="-121.90146999433637">
        <ele>67.0</ele>
      </trkpt>
      <trkpt lat="36.385989943519235" lon="-121.9006499927491">
        <ele>63.6</ele>
      </trkpt>
      <trkpt lat="36.38468999415636" lon="-121.90028999000788">
        <ele>54.4</ele>
      </trkpt>
      <trkpt lat="36.38391994871199" lon="-121.90015998668969">
        <ele>53.4</ele>
      </trkpt>
      <trkpt lat="36.383579978719354" lon="-121.90014992840588">
        <ele>57.5</ele>
      </trkpt>
      <trkpt lat="36.383239924907684" lon="-121.90016996115446">
        <ele>58.6</ele>
      </trkpt>
      <trkpt lat="36.382789984345436" lon="-121.90022997558117">
        <ele>58.5</ele>
      </trkpt>
      <trkpt lat="36.382319927215576" lon="-121.90034992061555">
        <ele>56.5</ele>
      </trkpt>
      <trkpt lat="36.38169991783798" lon="-121.90059995278716">
        <ele>41.4</ele>
      </trkpt>
      <trkpt lat="36.38129993341863" lon="-121.90079994499683">
        <ele>48.7</ele>
      </trkpt>
      <trkpt lat="36.38062996789813" lon="-121.90121996216476">
        <ele>41.2</ele>
      </trkpt>
      <trkpt lat="36.38036996126175" lon="-121.90141995437443">
        <ele>40.1</ele>
      </trkpt>
      <trkpt lat="36.37994994409382" lon="-121.90191993489861">
        <ele>40.7</ele>
      </trkpt>
      <trkpt lat="36.37903992086649" lon="-121.90283993259072">
        <ele>42.1</ele>
      </trkpt>
      <trkpt lat="36.37806996703148" lon="-121.90377996303141">
        <ele>47.4</ele>
      </trkpt>
      <trkpt lat="36.37783996760845" lon="-121.90391994081438">
        <ele>57.5</ele>
      </trkpt>
      <trkpt lat="36.37752992101014" lon="-121.90402999520302">
        <ele>59.6</ele>
      </trkpt>
      <trkpt lat="36.37724996544421" lon="-121.90404994413257">
        <ele>57.0</ele>
      </trkpt>
      <trkpt lat="36.37703999876976" lon="-121.90402999520302">
        <ele>56.7</ele>
      </trkpt>
      <trkpt lat="36.37671997770667" lon="-121.90406997688115">
        <ele>58.3</ele>
      </trkpt>
      <trkpt lat="36.376449996605515" lon="-121.90420995466411">
        <ele>63.4</ele>
      </trkpt>
      <trkpt lat="36.37581992894411" lon="-121.90467992797494">
        <ele>63.6</ele>
      </trkpt>
      <trkpt lat="36.375659918412566" lon="-121.90475997515023">
        <ele>65.6</ele>
      </trkpt>
      <trkpt lat="36.37555992230773" lon="-121.90478998236358">
        <ele>67.0</ele>
      </trkpt>
      <trkpt lat="36.37535993009806" lon="-121.90482996404171">
        <ele>67.9</ele>
      </trkpt>
      <trkpt lat="36.374819967895746" lon="-121.90475997515023">
        <ele>80.9</ele>
      </trkpt>
      <trkpt lat="36.37464998289943" lon="-121.90478998236358">
        <ele>80.5</ele>
      </trkpt>
      <trkpt lat="36.374319987371564" lon="-121.90491998568177">
        <ele>77.5</ele>
      </trkpt>
      <trkpt lat="36.3739899918437" lon="-121.90496994182467">
        <ele>78.6</ele>
      </trkpt>
      <trkpt lat="36.37383995577693" lon="-121.90496994182467">
        <ele>79.1</ele>
      </trkpt>
      <trkpt lat="36.373489927500486" lon="-121.90483993850648">
        <ele>79.5</ele>
      </trkpt>
      <trkpt lat="36.373359924182296" lon="-121.90473994240165">
        <ele>80.3</ele>
      </trkpt>
      <trkpt lat="36.37321994639933" lon="-121.90455998294055">
        <ele>81.5</ele>
      </trkpt>
      <trkpt lat="36.37312992475927" lon="-121.90437993966043">
        <ele>82.4</ele>
      </trkpt>
      <trkpt lat="36.372499940916896" lon="-121.90258998423815">
        <ele>85.2</ele>
      </trkpt>
      <trkpt lat="36.37239994481206" lon="-121.90241999924183">
        <ele>85.0</ele>
      </trkpt>
      <trkpt lat="36.37229994870722" lon="-121.90230994485319">
        <ele>84.8</ele>
      </trkpt>
      <trkpt lat="36.37196995317936" lon="-121.90208991989493">
        <ele>84.4</ele>
      </trkpt>
      <trkpt lat="36.37172997929156" lon="-121.90197994932532">
        <ele>84.1</ele>
      </trkpt>
      <trkpt lat="36.37119999155402" lon="-121.90178993158042">
        <ele>83.4</ele>
      </trkpt>
      <trkpt lat="36.37067997828126" lon="-121.90160997211933">
        <ele>82.8</ele>
      </trkpt>
      <trkpt lat="36.37053991667926" lon="-121.90158993937075">
        <ele>82.6</ele>
      </trkpt>
      <trkpt lat="36.36984991841018" lon="-121.90183997154236">
        <ele>81.8</ele>
      </trkpt>
      <trkpt lat="36.36956996284425" lon="-121.90188992768526">
        <ele>81.9</ele>
      </trkpt>
      <trkpt lat="36.3692999817431" lon="-121.9018599204719">
        <ele>83.0</ele>
      </trkpt>
      <trkpt lat="36.36914994567633" lon="-121.90178993158042">
        <ele>84.3</ele>
      </trkpt>
      <trkpt lat="36.36897996068001" lon="-121.90164995379746">
        <ele>85.3</ele>
      </trkpt>
      <trkpt lat="36.36827998794615" lon="-121.90084998495877">
        <ele>93.1</ele>
      </trkpt>
      <trkpt lat="36.368089970201254" lon="-121.90065996721387">
        <ele>94.9</ele>
      </trkpt>
      <trkpt lat="36.367769949138165" lon="-121.90040993504226">
        <ele>96.4</ele>
      </trkpt>
      <trkpt lat="36.3674399536103" lon="-121.90020994283259">
        <ele>96.5</ele>
      </trkpt>
      <trkpt lat="36.367229986935854" lon="-121.90009997226298">
        <ele>96.7</ele>
      </trkpt>
      <trkpt lat="36.36494994163513" lon="-121.89938994124532">
        <ele>116.0</ele>
      </trkpt>
      <trkpt lat="36.36468993499875" lon="-121.89936999231577">
        <ele>117.1</ele>
      </trkpt>
      <trkpt lat="36.36444996111095" lon="-121.89938994124532">
        <ele>118.0</ele>
      </trkpt>
      <trkpt lat="36.36419992893934" lon="-121.8994599301368">
        <ele>118.7</ele>
      </trkpt>
      <trkpt lat="36.36319996789098" lon="-121.90003995783627">
        <ele>127.2</ele>
      </trkpt>
      <trkpt lat="36.36266998015344" lon="-121.90025998279452">
        <ele>130.9</ele>
      </trkpt>
      <trkpt lat="36.36114992201328" lon="-121.90054999664426">
        <ele>142.3</ele>
      </trkpt>
      <trkpt lat="36.36058992706239" lon="-121.90060992725194">
        <ele>145.1</ele>
      </trkpt>
      <trkpt lat="36.360229924321175" lon="-121.9005699455738">
        <ele>147.8</ele>
      </trkpt>
      <trkpt lat="36.3595999404788" lon="-121.90027993172407">
        <ele>148.5</ele>
      </trkpt>
      <trkpt lat="36.35927991941571" lon="-121.90017993561924">
        <ele>155.2</ele>
      </trkpt>
      <trkpt lat="36.35896995663643" lon="-121.90018999390304">
        <ele>157.3</ele>
      </trkpt>
      <trkpt lat="36.35866996832192" lon="-121.90027993172407">
        <ele>156.5</ele>
      </trkpt>
      <trkpt lat="36.35844994336367" lon="-121.90038998611271">
        <ele>155.3</ele>
      </trkpt>
      <trkpt lat="36.35825992561877" lon="-121.90055997110903">
        <ele>160.6</ele>
      </trkpt>
      <trkpt lat="36.35804995894432" lon="-121.90084998495877">
        <ele>163.5</ele>
      </trkpt>
      <trkpt lat="36.35782993398607" lon="-121.90134996548295">
        <ele>163.6</ele>
      </trkpt>
      <trkpt lat="36.35758996009827" lon="-121.9023699592799">
        <ele>164.7</ele>
      </trkpt>
      <trkpt lat="36.357499938458204" lon="-121.90252996981144">
        <ele>172.0</ele>
      </trkpt>
      <trkpt lat="36.35737999342382" lon="-121.90264999866486">
        <ele>176.6</ele>
      </trkpt>
      <trkpt lat="36.3572599645704" lon="-121.90270992927253">
        <ele>177.0</ele>
      </trkpt>
      <trkpt lat="36.35710992850363" lon="-121.90271998755634">
        <ele>177.7</ele>
      </trkpt>
      <trkpt lat="36.356959976255894" lon="-121.90269995480776">
        <ele>177.6</ele>
      </trkpt>
      <trkpt lat="36.356019945815206" lon="-121.90216996707022">
        <ele>167.8</ele>
      </trkpt>
      <trkpt lat="36.35581995360553" lon="-121.90208991989493">
        <ele>167.0</ele>
      </trkpt>
      <trkpt lat="36.35536992922425" lon="-121.90201993100345">
        <ele>163.9</ele>
      </trkpt>
      <trkpt lat="36.355219976976514" lon="-121.90194994211197">
        <ele>164.8</ele>
      </trkpt>
      <trkpt lat="36.35482996702194" lon="-121.90170996822417">
        <ele>165.3</ele>
      </trkpt>
      <trkpt lat="36.35455998592079" lon="-121.90159999765456">
        <ele>166.3</ele>
      </trkpt>
      <trkpt lat="36.3538599293679" lon="-121.90148994326591">
        <ele>161.4</ele>
      </trkpt>
      <trkpt lat="36.353609981015325" lon="-121.90138994716108">
        <ele>155.3</ele>
      </trkpt>
      <trkpt lat="36.353419963270426" lon="-121.90123999491334">
        <ele>159.2</ele>
      </trkpt>
      <trkpt lat="36.35327998548746" lon="-121.90103991888463">
        <ele>166.1</ele>
      </trkpt>
      <trkpt lat="36.353119974955916" lon="-121.90065996721387">
        <ele>168.8</ele>
      </trkpt>
      <trkpt lat="36.35295996442437" lon="-121.90041999332607">
        <ele>167.3</ele>
      </trkpt>
      <trkpt lat="36.35250994004309" lon="-121.89999997615814">
        <ele>158.9</ele>
      </trkpt>
      <trkpt lat="36.3523799367249" lon="-121.89984994009137">
        <ele>157.0</ele>
      </trkpt>
      <trkpt lat="36.35225999169052" lon="-121.89953997731209">
        <ele>154.6</ele>
      </trkpt>
      <trkpt lat="36.35215999558568" lon="-121.89829995855689">
        <ele>143.6</ele>
      </trkpt>
      <trkpt lat="36.35205999948084" lon="-121.89802997745574">
        <ele>140.3</ele>
      </trkpt>
      <trkpt lat="36.3518999889493" lon="-121.89781992696226">
        <ele>138.7</ele>
      </trkpt>
      <trkpt lat="36.351659931242466" lon="-121.89772998914123">
        <ele>140.0</ele>
      </trkpt>
      <trkpt lat="36.351159950718284" lon="-121.89779997803271">
        <ele>139.7</ele>
      </trkpt>
      <trkpt lat="36.35091997683048" lon="-121.89777994528413">
        <ele>141.3</ele>
      </trkpt>
      <trkpt lat="36.350729959085584" lon="-121.89766997471452">
        <ele>141.8</ele>
      </trkpt>
      <trkpt lat="36.35017993859947" lon="-121.89722992479801">
        <ele>142.1</ele>
      </trkpt>
      <trkpt lat="36.34974994696677" lon="-121.89697997644544">
        <ele>143.3</ele>
      </trkpt>
      <trkpt lat="36.34835997596383" lon="-121.89650991931558">
        <ele>131.5</ele>
      </trkpt>
      <trkpt lat="36.34762999601662" lon="-121.89607992768288">
        <ele>130.8</ele>
      </trkpt>
      <trkpt lat="36.34728994220495" lon="-121.89573995769024">
        <ele>131.4</ele>
      </trkpt>
      <trkpt lat="36.34689993225038" lon="-121.89506999216974">
        <ele>134.4</ele>
      </trkpt>
      <trkpt lat="36.34669994004071" lon="-121.89493998885155">
        <ele>134.4</ele>
      </trkpt>
      <trkpt lat="36.346199959516525" lon="-121.89479992724955">
        <ele>128.9</ele>
      </trkpt>
      <trkpt lat="36.345879938453436" lon="-121.89453992061317">
        <ele>126.9</ele>
      </trkpt>
      <trkpt lat="36.34566997177899" lon="-121.89412996172905">
        <ele>120.6</ele>
      </trkpt>
      <trkpt lat="36.34555991739035" lon="-121.89382997341454">
        <ele>120.0</ele>
      </trkpt>
      <trkpt lat="36.345449946820736" lon="-121.89361992292106">
        <ele>118.3</ele>
      </trkpt>
      <trkpt lat="36.34525992907584" lon="-121.89344993792474">
        <ele>116.9</ele>
      </trkpt>
      <trkpt lat="36.34498994797468" lon="-121.8932899273932">
        <ele>117.7</ele>
      </trkpt>
      <trkpt lat="36.344759948551655" lon="-121.89302992075682">
        <ele>117.0</ele>
      </trkpt>
      <trkpt lat="36.34454998187721" lon="-121.8926799762994">
        <ele>110.7</ele>
      </trkpt>
      <trkpt lat="36.34431998245418" lon="-121.89215996302664">
        <ele>105.0</ele>
      </trkpt>
      <trkpt lat="36.34411999024451" lon="-121.89193993806839">
        <ele>101.9</ele>
      </trkpt>
      <trkpt lat="36.34369997307658" lon="-121.891819993034">
        <ele>105.1</ele>
      </trkpt>
      <trkpt lat="36.343129919841886" lon="-121.89192996360362">
        <ele>97.6</ele>
      </trkpt>
      <trkpt lat="36.34285993874073" lon="-121.89189995639026">
        <ele>94.2</ele>
      </trkpt>
      <trkpt lat="36.34265994653106" lon="-121.89177992753685">
        <ele>94.6</ele>
      </trkpt>
      <trkpt lat="36.3423899654299" lon="-121.89150994643569">
        <ele>95.2</ele>
      </trkpt>
      <trkpt lat="36.3421499915421" lon="-121.89135999418795">
        <ele>93.1</ele>
      </trkpt>
      <trkpt lat="36.34168999269605" lon="-121.89125999808311">
        <ele>90.9</ele>
      </trkpt>
      <trkpt lat="36.34145999327302" lon="-121.89111993648112">
        <ele>92.4</ele>
      </trkpt>
      <trkpt lat="36.341279949992895" lon="-121.89096998423338">
        <ele>86.9</ele>
      </trkpt>
      <trkpt lat="36.341149946674705" lon="-121.89079999923706">
        <ele>84.7</ele>
      </trkpt>
      <trkpt lat="36.340959928929806" lon="-121.890709977597">
        <ele>84.8</ele>
      </trkpt>
      <trkpt lat="36.34075993672013" lon="-121.89069991931319">
        <ele>83.9</ele>
      </trkpt>
      <trkpt lat="36.34038995951414" lon="-121.89073998481035">
        <ele>84.9</ele>
      </trkpt>
      <trkpt lat="36.33973994292319" lon="-121.89101994037628">
        <ele>79.3</ele>
      </trkpt>
      <trkpt lat="36.3389899302274" lon="-121.89121993258595">
        <ele>72.2</ele>
      </trkpt>
      <trkpt lat="36.33863998576999" lon="-121.89123996533453">
        <ele>65.1</ele>
      </trkpt>
      <trkpt lat="36.33845994248986" lon="-121.89121993258595">
        <ele>65.9</ele>
      </trkpt>
      <trkpt lat="36.33825995028019" lon="-121.89122999086976">
        <ele>69.4</ele>
      </trkpt>
      <trkpt lat="36.33786994032562" lon="-121.89140995033085">
        <ele>65.7</ele>
      </trkpt>
      <trkpt lat="36.337479930371046" lon="-121.89154992811382">
        <ele>57.2</ele>
      </trkpt>
      <trkpt lat="36.33716996759176" lon="-121.89159996807575">
        <ele>55.7</ele>
      </trkpt>
      <trkpt lat="36.336829997599125" lon="-121.89155998639762">
        <ele>56.1</ele>
      </trkpt>
      <trkpt lat="36.336639979854226" lon="-121.89146996475756">
        <ele>55.7</ele>
      </trkpt>
      <trkpt lat="36.336379973217845" lon="-121.89123996533453">
        <ele>55.0</ele>
      </trkpt>
      <trkpt lat="36.335369953885674" lon="-121.88973993994296">
        <ele>46.2</ele>
      </trkpt>
      <trkpt lat="36.335199968889356" lon="-121.88939996995032">
        <ele>45.5</ele>
      </trkpt>
      <trkpt lat="36.335069965571165" lon="-121.88905999995768">
        <ele>41.6</ele>
      </trkpt>
      <trkpt lat="36.33477995172143" lon="-121.88801997341216">
        <ele>33.3</ele>
      </trkpt>
      <trkpt lat="36.333909993991256" lon="-121.88604997470975">
        <ele>19.7</ele>
      </trkpt>
      <trkpt lat="36.33363992907107" lon="-121.8856499902904">
        <ele>18.8</ele>
      </trkpt>
      <trkpt lat="36.33339995518327" lon="-121.8854599725455">
        <ele>16.7</ele>
      </trkpt>
      <trkpt lat="36.333139948546886" lon="-121.88533994369209">
        <ele>16.1</ele>
      </trkpt>
      <trkpt lat="36.332879941910505" lon="-121.88530993647873">
        <ele>15.6</ele>
      </trkpt>
      <trkpt lat="36.33249999023974" lon="-121.8853999581188">
        <ele>14.9</ele>
      </trkpt>
      <trkpt lat="36.332169994711876" lon="-121.88560992479324">
        <ele>14.2</ele>
      </trkpt>
      <trkpt lat="36.33202993310988" lon="-121.88572995364666">
        <ele>13.8</ele>
      </trkpt>
      <trkpt lat="36.33183999918401" lon="-121.88602994196117">
        <ele>13.3</ele>
      </trkpt>
      <trkpt lat="36.331719970330596" lon="-121.88637997023761">
        <ele>14.8</ele>
      </trkpt>
      <trkpt lat="36.33167998865247" lon="-121.88676998019218">
        <ele>17.7</ele>
      </trkpt>
      <trkpt lat="36.331699937582016" lon="-121.88751999288797">
        <ele>20.2</ele>
      </trkpt>
      <trkpt lat="36.331759952008724" lon="-121.88843999058008">
        <ele>27.5</ele>
      </trkpt>
      <trkpt lat="36.332059940323234" lon="-121.88990992493927">
        <ele>31.7</ele>
      </trkpt>
      <trkpt lat="36.33202993310988" lon="-121.89037998206913">
        <ele>35.9</ele>
      </trkpt>
      <trkpt lat="36.33185994811356" lon="-121.89079999923706">
        <ele>39.8</ele>
      </trkpt>
      <trkpt lat="36.33135996758938" lon="-121.89125999808311">
        <ele>38.9</ele>
      </trkpt>
      <trkpt lat="36.32826997898519" lon="-121.89348991960287">
        <ele>45.4</ele>
      </trkpt>
      <trkpt lat="36.32748995907605" lon="-121.89403994008899">
        <ele>39.5</ele>
      </trkpt>
      <trkpt lat="36.32712995633483" lon="-121.89424999058247">
        <ele>46.8</ele>
      </trkpt>
      <trkpt lat="36.32676995359361" lon="-121.89429994672537">
        <ele>49.0</ele>
      </trkpt>
      <trkpt lat="36.32637994363904" lon="-121.89422995783389">
        <ele>53.7</ele>
      </trkpt>
      <trkpt lat="36.32574995979667" lon="-121.89378999173641">
        <ele>56.1</ele>
      </trkpt>
      <trkpt lat="36.325419964268804" lon="-121.89365998841822">
        <ele>56.5</ele>
      </trkpt>
      <trkpt lat="36.325179990381" lon="-121.89367993734777">
        <ele>55.8</ele>
      </trkpt>
      <trkpt lat="36.32482996210456" lon="-121.89379996620119">
        <ele>59.9</ele>
      </trkpt>
      <trkpt lat="36.324499966576695" lon="-121.89386995509267">
        <ele>66.2</ele>
      </trkpt>
      <trkpt lat="36.32413996383548" lon="-121.89383994787931">
        <ele>66.9</ele>
      </trkpt>
      <trkpt lat="36.323919938877225" lon="-121.89370994456112">
        <ele>68.2</ele>
      </trkpt>
      <trkpt lat="36.32351995445788" lon="-121.89319998957217">
        <ele>65.8</ele>
      </trkpt>
      <trkpt lat="36.323359943926334" lon="-121.8930499535054">
        <ele>67.7</ele>
      </trkpt>
      <trkpt lat="36.32314997725189" lon="-121.89298993907869">
        <ele>76.0</ele>
      </trkpt>
      <trkpt lat="36.32289994508028" lon="-121.89298993907869">
        <ele>78.9</ele>
      </trkpt>
      <trkpt lat="36.32222997955978" lon="-121.89314994961023">
        <ele>81.4</ele>
      </trkpt>
      <trkpt lat="36.321959998458624" lon="-121.89312991686165">
        <ele>80.2</ele>
      </trkpt>
      <trkpt lat="36.32169999182224" lon="-121.8930499535054">
        <ele>73.1</ele>
      </trkpt>
      <trkpt lat="36.321019968017936" lon="-121.8926699180156">
        <ele>69.9</ele>
      </trkpt>
      <trkpt lat="36.320719979703426" lon="-121.89255994744599">
        <ele>70.0</ele>
      </trkpt>
      <trkpt lat="36.32023994810879" lon="-121.89247998408973">
        <ele>69.3</ele>
      </trkpt>
      <trkpt lat="36.319579957053065" lon="-121.89251996576786">
        <ele>66.8</ele>
      </trkpt>
      <trkpt lat="36.31889993324876" lon="-121.89241996966302">
        <ele>61.1</ele>
      </trkpt>
      <trkpt lat="36.31614999845624" lon="-121.89146996475756">
        <ele>52.8</ele>
      </trkpt>
      <trkpt lat="36.31563995964825" lon="-121.89120995812118">
        <ele>47.2</ele>
      </trkpt>
      <trkpt lat="36.314829932525754" lon="-121.89061995595694">
        <ele>44.6</ele>
      </trkpt>
      <trkpt lat="36.303209932520986" lon="-121.8803399708122">
        <ele>45.4</ele>
      </trkpt>
      <trkpt lat="36.30254994146526" lon="-121.87966992147267">
        <ele>44.1</ele>
      </trkpt>
      <trkpt lat="36.3016099948436" lon="-121.87856996431947">
        <ele>38.4</ele>
      </trkpt>
      <trkpt lat="36.30063995718956" lon="-121.87716993503273">
        <ele>41.7</ele>
      </trkpt>
      <trkpt lat="36.29977997392416" lon="-121.87561995349824">
        <ele>47.3</ele>
      </trkpt>
      <trkpt lat="36.2918499391526" lon="-121.85930994339287">
        <ele>35.5</ele>
      </trkpt>
      <trkpt lat="36.28916999325156" lon="-121.8537499755621">
        <ele>36.7</ele>
      </trkpt>
      <trkpt lat="36.28886992111802" lon="-121.85267994180322">
        <ele>37.2</ele>
      </trkpt>
      <trkpt lat="36.28877998329699" lon="-121.85200997628272">
        <ele>35.9</ele>
      </trkpt>
      <trkpt lat="36.28877998329699" lon="-121.85149993747473">
        <ele>37.5</ele>
      </trkpt>
      <trkpt lat="36.288809990510345" lon="-121.85065998695791">
        <ele>35.5</ele>
      </trkpt>
      <trkpt lat="36.28892993554473" lon="-121.84814994223416">
        <ele>33.9</ele>
      </trkpt>
      <trkpt lat="36.28892993554473" lon="-121.84748995117843">
        <ele>25.9</ele>
      </trkpt>
      <trkpt lat="36.2888899538666" lon="-121.84659996069968">
        <ele>26.0</ele>
      </trkpt>
      <trkpt lat="36.28875995054841" lon="-121.84567996300757">
        <ele>33.9</ele>
      </trkpt>
      <trkpt lat="36.288619972765446" lon="-121.84489994309843">
        <ele>28.2</ele>
      </trkpt>
      <trkpt lat="36.28852995112538" lon="-121.84454999864101">
        <ele>30.9</ele>
      </trkpt>
      <trkpt lat="36.288269944489" lon="-121.84376997873187">
        <ele>32.7</ele>
      </trkpt>
      <trkpt lat="36.28793994896114" lon="-121.84311996214092">
        <ele>33.6</ele>
      </trkpt>
      <trkpt lat="36.2875999789685" lon="-121.84254999272525">
        <ele>33.7</ele>
      </trkpt>
      <trkpt lat="36.2871699873358" lon="-121.84202997945249">
        <ele>35.2</ele>
      </trkpt>
      <trkpt lat="36.28680998459458" lon="-121.8416499439627">
        <ele>34.8</ele>
      </trkpt>
      <trkpt lat="36.28632995299995" lon="-121.84126999229193">
        <ele>34.7</ele>
      </trkpt>
      <trkpt lat="36.285439962521195" lon="-121.84075995348394">
        <ele>33.6</ele>
      </trkpt>
      <trkpt lat="36.285049952566624" lon="-121.84049994684756">
        <ele>35.0</ele>
      </trkpt>
      <trkpt lat="36.284749964252114" lon="-121.84020993299782">
        <ele>37.4</ele>
      </trkpt>
      <trkpt lat="36.28448995761573" lon="-121.83985998854041">
        <ele>36.9</ele>
      </trkpt>
      <trkpt lat="36.28424998372793" lon="-121.83946997858584">
        <ele>34.2</ele>
      </trkpt>
      <trkpt lat="36.28405996598303" lon="-121.83901995420456">
        <ele>31.3</ele>
      </trkpt>
      <trkpt lat="36.28276999108493" lon="-121.8349199462682">
        <ele>20.9</ele>
      </trkpt>
      <trkpt lat="36.2825299333781" lon="-121.83422994799912">
        <ele>34.6</ele>
      </trkpt>
      <trkpt lat="36.28220999613404" lon="-121.83351991698146">
        <ele>33.1</ele>
      </trkpt>
      <trkpt lat="36.281659975647926" lon="-121.83267996646464">
        <ele>32.8</ele>
      </trkpt>
      <trkpt lat="36.28112998791039" lon="-121.8319599609822">
        <ele>33.4</ele>
      </trkpt>
      <trkpt lat="36.27794997766614" lon="-121.82766993530095">
        <ele>33.8</ele>
      </trkpt>
      <trkpt lat="36.27753993496299" lon="-121.82719996199012">
        <ele>31.4</ele>
      </trkpt>
      <trkpt lat="36.27644995227456" lon="-121.82568996213377">
        <ele>35.8</ele>
      </trkpt>
      <trkpt lat="36.27607997506857" lon="-121.8251099344343">
        <ele>34.5</ele>
      </trkpt>
      <trkpt lat="36.2757399212569" lon="-121.8242499511689">
        <ele>32.7</ele>
      </trkpt>
      <trkpt lat="36.27552995458245" lon="-121.82337999343872">
        <ele>29.8</ele>
      </trkpt>
      <trkpt lat="36.275469940155745" lon="-121.8225299846381">
        <ele>30.0</ele>
      </trkpt>
      <trkpt lat="36.27551998011768" lon="-121.82094999589026">
        <ele>30.5</ele>
      </trkpt>
      <trkpt lat="36.27543993294239" lon="-121.82036996819079">
        <ele>29.9</ele>
      </trkpt>
      <trkpt lat="36.27524999901652" lon="-121.81978994049132">
        <ele>28.5</ele>
      </trkpt>
      <trkpt lat="36.27507993020117" lon="-121.81936992332339">
        <ele>28.7</ele>
      </trkpt>
      <trkpt lat="36.27476996742189" lon="-121.8189499899745">
        <ele>28.4</ele>
      </trkpt>
      <trkpt lat="36.27347999252379" lon="-121.8177599273622">
        <ele>28.4</ele>
      </trkpt>
      <trkpt lat="36.27300993539393" lon="-121.81709993630648">
        <ele>28.5</ele>
      </trkpt>
      <trkpt lat="36.27274992875755" lon="-121.81648998521268">
        <ele>32.5</ele>
      </trkpt>
      <trkpt lat="36.27259997650981" lon="-121.81585991755128">
        <ele>36.9</ele>
      </trkpt>
      <trkpt lat="36.272549936547875" lon="-121.81527997367084">
        <ele>41.9</ele>
      </trkpt>
      <trkpt lat="36.272549936547875" lon="-121.81499993428588">
        <ele>41.7</ele>
      </trkpt>
      <trkpt lat="36.272609950974584" lon="-121.81448997929692">
        <ele>40.8</ele>
      </trkpt>
      <trkpt lat="36.27280994318426" lon="-121.81360996328294">
        <ele>31.7</ele>
      </trkpt>
      <trkpt lat="36.27283995039761" lon="-121.81287998333573">
        <ele>29.4</ele>
      </trkpt>
      <trkpt lat="36.27278999425471" lon="-121.81213994510472">
        <ele>29.3</ele>
      </trkpt>
      <trkpt lat="36.27265999093652" lon="-121.81156997568905">
        <ele>30.6</ele>
      </trkpt>
      <trkpt lat="36.271839989349246" lon="-121.80955999530852">
        <ele>39.8</ele>
      </trkpt>
      <trkpt lat="36.27139993943274" lon="-121.80882993154228">
        <ele>33.8</ele>
      </trkpt>
      <trkpt lat="36.270849918946624" lon="-121.80825996212661">
        <ele>41.3</ele>
      </trkpt>
      <trkpt lat="36.270419927313924" lon="-121.80796994827688">
        <ele>41.1</ele>
      </trkpt>
      <trkpt lat="36.269519962370396" lon="-121.80750994943082">
        <ele>39.4</ele>
      </trkpt>
      <trkpt lat="36.269199941307306" lon="-121.80720996111631">
        <ele>42.0</ele>
      </trkpt>
      <trkpt lat="36.26897991634905" lon="-121.80694995447993">
        <ele>45.8</ele>
      </trkpt>
      <trkpt lat="36.26873994246125" lon="-121.80654997006059">
        <ele>51.8</ele>
      </trkpt>
      <trkpt lat="36.268519917503" lon="-121.80610992014408">
        <ele>52.9</ele>
      </trkpt>
      <trkpt lat="36.26814994029701" lon="-121.80518992245197">
        <ele>53.6</ele>
      </trkpt>
      <trkpt lat="36.26773998141289" lon="-121.80454996414483">
        <ele>53.7</ele>
      </trkpt>
      <trkpt lat="36.267389953136444" lon="-121.80424997583032">
        <ele>53.1</ele>
      </trkpt>
      <trkpt lat="36.26570996828377" lon="-121.80311992764473">
        <ele>53.0</ele>
      </trkpt>
      <trkpt lat="36.2649399228394" lon="-121.80230998434126">
        <ele>64.8</ele>
      </trkpt>
      <trkpt lat="36.264729956164956" lon="-121.80200999602675">
        <ele>64.7</ele>
      </trkpt>
      <trkpt lat="36.26443994231522" lon="-121.80142996832728">
        <ele>64.2</ele>
      </trkpt>
      <trkpt lat="36.264299964532256" lon="-121.80101992562413">
        <ele>64.3</ele>
      </trkpt>
      <trkpt lat="36.26423995010555" lon="-121.80077995173633">
        <ele>64.7</ele>
      </trkpt>
      <trkpt lat="36.264149928465486" lon="-121.8002999201417">
        <ele>65.4</ele>
      </trkpt>
      <trkpt lat="36.26411992125213" lon="-121.79976993240416">
        <ele>65.2</ele>
      </trkpt>
      <trkpt lat="36.26432997174561" lon="-121.79616998881102">
        <ele>55.4</ele>
      </trkpt>
      <trkpt lat="36.26430993899703" lon="-121.79592993110418">
        <ele>55.4</ele>
      </trkpt>
      <trkpt lat="36.264229975640774" lon="-121.79564997553825">
        <ele>54.8</ele>
      </trkpt>
      <trkpt lat="36.264039957895875" lon="-121.7951799184084">
        <ele>55.0</ele>
      </trkpt>
      <trkpt lat="36.26389998011291" lon="-121.79497992619872">
        <ele>54.8</ele>
      </trkpt>
      <trkpt lat="36.26370996236801" lon="-121.79477993398905">
        <ele>54.5</ele>
      </trkpt>
      <trkpt lat="36.26353997737169" lon="-121.79464993067086">
        <ele>53.9</ele>
      </trkpt>
      <trkpt lat="36.263289945200086" lon="-121.79448992013931">
        <ele>53.1</ele>
      </trkpt>
      <trkpt lat="36.26137996092439" lon="-121.79347998462617">
        <ele>68.5</ele>
      </trkpt>
      <trkpt lat="36.26108994707465" lon="-121.79321997798979">
        <ele>69.3</ele>
      </trkpt>
      <trkpt lat="36.26084997318685" lon="-121.79291998967528">
        <ele>68.5</ele>
      </trkpt>
      <trkpt lat="36.260579992085695" lon="-121.79235999472439">
        <ele>67.1</ele>
      </trkpt>
      <trkpt lat="36.2603899743408" lon="-121.79157997481525">
        <ele>67.8</ele>
      </trkpt>
      <trkpt lat="36.26020993106067" lon="-121.79067992605269">
        <ele>67.1</ele>
      </trkpt>
      <trkpt lat="36.26007992774248" lon="-121.79020995274186">
        <ele>67.8</ele>
      </trkpt>
      <trkpt lat="36.25989996828139" lon="-121.78974995389581">
        <ele>67.4</ele>
      </trkpt>
      <trkpt lat="36.259699976071715" lon="-121.78943999111652">
        <ele>66.0</ele>
      </trkpt>
      <trkpt lat="36.259329998865724" lon="-121.78891997784376">
        <ele>67.3</ele>
      </trkpt>
      <trkpt lat="36.25906999222934" lon="-121.78870992735028">
        <ele>67.8</ele>
      </trkpt>
      <trkpt lat="36.25872993841767" lon="-121.78850993514061">
        <ele>66.8</ele>
      </trkpt>
      <trkpt lat="36.25835996121168" lon="-121.78837993182242">
        <ele>61.6</ele>
      </trkpt>
      <trkpt lat="36.25776995904744" lon="-121.78832997567952">
        <ele>61.5</ele>
      </trkpt>
      <trkpt lat="36.25581999309361" lon="-121.78833995014429">
        <ele>61.4</ele>
      </trkpt>
      <trkpt lat="36.25547993928194" lon="-121.78829996846616">
        <ele>61.3</ele>
      </trkpt>
      <trkpt lat="36.2551399692893" lon="-121.78818999789655">
        <ele>64.7</ele>
      </trkpt>
      <trkpt lat="36.254519959911704" lon="-121.78776998072863">
        <ele>66.6</ele>
      </trkpt>
      <trkpt lat="36.25410991720855" lon="-121.78755993023515">
        <ele>65.8</ele>
      </trkpt>
      <trkpt lat="36.25375997275114" lon="-121.78743998520076">
        <ele>67.0</ele>
      </trkpt>
      <trkpt lat="36.25327994115651" lon="-121.78733998909593">
        <ele>69.9</ele>
      </trkpt>
      <trkpt lat="36.25255993567407" lon="-121.7873499635607">
        <ele>70.3</ele>
      </trkpt>
      <trkpt lat="36.25218995846808" lon="-121.78732993081212">
        <ele>70.2</ele>
      </trkpt>
      <trkpt lat="36.25158998183906" lon="-121.78719992749393">
        <ele>69.1</ele>
      </trkpt>
      <trkpt lat="36.25076998025179" lon="-121.78680991753936">
        <ele>67.3</ele>
      </trkpt>
      <trkpt lat="36.25031995587051" lon="-121.78642996586859">
        <ele>66.2</ele>
      </trkpt>
      <trkpt lat="36.24993992038071" lon="-121.7860599886626">
        <ele>65.2</ele>
      </trkpt>
      <trkpt lat="36.24979994259775" lon="-121.78590995259583">
        <ele>64.9</ele>
      </trkpt>
      <trkpt lat="36.249619983136654" lon="-121.78566997870803">
        <ele>66.6</ele>
      </trkpt>
      <trkpt lat="36.24948997981846" lon="-121.7854299210012">
        <ele>68.1</ele>
      </trkpt>
      <trkpt lat="36.24921999871731" lon="-121.78484997712076">
        <ele>71.4</ele>
      </trkpt>
      <trkpt lat="36.24885999597609" lon="-121.7838999722153">
        <ele>76.6</ele>
      </trkpt>
      <trkpt lat="36.24868992716074" lon="-121.7835199367255">
        <ele>80.0</ele>
      </trkpt>
      <trkpt lat="36.248229928314686" lon="-121.78263992071152">
        <ele>86.3</ele>
      </trkpt>
      <trkpt lat="36.24804996885359" lon="-121.78236993961036">
        <ele>90.4</ele>
      </trkpt>
      <trkpt lat="36.24790999107063" lon="-121.78219995461404">
        <ele>92.4</ele>
      </trkpt>
      <trkpt lat="36.2474899739027" lon="-121.78183995187283">
        <ele>95.2</ele>
      </trkpt>
      <trkpt lat="36.24735997058451" lon="-121.78169997408986">
        <ele>95.2</ele>
      </trkpt>
      <trkpt lat="36.24706995673478" lon="-121.78156997077167">
        <ele>96.5</ele>
      </trkpt>
      <trkpt lat="36.24472998082638" lon="-121.78076991811395">
        <ele>120.0</ele>
      </trkpt>
      <trkpt lat="36.24415992759168" lon="-121.78039994090796">
        <ele>128.0</ele>
      </trkpt>
      <trkpt lat="36.24335995875299" lon="-121.77956996485591">
        <ele>131.6</ele>
      </trkpt>
      <trkpt lat="36.243069944903255" lon="-121.77933996543288">
        <ele>138.7</ele>
      </trkpt>
      <trkpt lat="36.24163999222219" lon="-121.77861995995045">
        <ele>153.1</ele>
      </trkpt>
      <trkpt lat="36.240789983421564" lon="-121.77787992171943">
        <ele>148.6</ele>
      </trkpt>
      <trkpt lat="36.24058999121189" lon="-121.77762997336686">
        <ele>149.7</ele>
      </trkpt>
      <trkpt lat="36.240189922973514" lon="-121.77705992013216">
        <ele>163.5</ele>
      </trkpt>
      <trkpt lat="36.23935994692147" lon="-121.775309946388">
        <ele>180.1</ele>
      </trkpt>
      <trkpt lat="36.23882995918393" lon="-121.77429992705584">
        <ele>186.4</ele>
      </trkpt>
      <trkpt lat="36.238709930330515" lon="-121.7735899798572">
        <ele>190.2</ele>
      </trkpt>
      <trkpt lat="36.23856995254755" lon="-121.7724799644202">
        <ele>197.1</ele>
      </trkpt>
      <trkpt lat="36.23847993090749" lon="-121.77219992503524">
        <ele>199.2</ele>
      </trkpt>
      <trkpt lat="36.2383599858731" lon="-121.77191996946931">
        <ele>199.8</ele>
      </trkpt>
      <trkpt lat="36.23824993148446" lon="-121.77172995172441">
        <ele>199.8</ele>
      </trkpt>
      <trkpt lat="36.23727997764945" lon="-121.77052999846637">
        <ele>207.2</ele>
      </trkpt>
      <trkpt lat="36.23646995052695" lon="-121.76924999803305">
        <ele>220.6</ele>
      </trkpt>
      <trkpt lat="36.23616996221244" lon="-121.7688999697566">
        <ele>224.7</ele>
      </trkpt>
      <trkpt lat="36.23546998947859" lon="-121.76830996759236">
        <ele>229.8</ele>
      </trkpt>
      <trkpt lat="36.23470991849899" lon="-121.76777997985482">
        <ele>239.0</ele>
      </trkpt>
      <trkpt lat="36.23374993912876" lon="-121.7672299593687">
        <ele>241.3</ele>
      </trkpt>
      <trkpt lat="36.233509965240955" lon="-121.76712996326387">
        <ele>244.9</ele>
      </trkpt>
      <trkpt lat="36.232799934223294" lon="-121.76688998937607">
        <ele>254.6</ele>
      </trkpt>
      <trkpt lat="36.2324299570173" lon="-121.76669997163117">
        <ele>254.0</ele>
      </trkpt>
      <trkpt lat="36.23138993047178" lon="-121.76559993065894">
        <ele>266.6</ele>
      </trkpt>
      <trkpt lat="36.23024999164045" lon="-121.76484991796315">
        <ele>276.8</ele>
      </trkpt>
      <trkpt lat="36.229749927297235" lon="-121.76470994018018">
        <ele>283.7</ele>
      </trkpt>
      <trkpt lat="36.22941993176937" lon="-121.76470994018018">
        <ele>286.7</ele>
      </trkpt>
      <trkpt lat="36.228739991784096" lon="-121.76475998014212">
        <ele>290.5</ele>
      </trkpt>
      <trkpt lat="36.2283599562943" lon="-121.76473994739354">
        <ele>292.0</ele>
      </trkpt>
      <trkpt lat="36.22808997519314" lon="-121.76462997682393">
        <ele>295.1</ele>
      </trkpt>
      <trkpt lat="36.22721993364394" lon="-121.76389999687672">
        <ele>295.3</ele>
      </trkpt>
      <trkpt lat="36.22676999308169" lon="-121.76300992257893">
        <ele>275.3</ele>
      </trkpt>
      <trkpt lat="36.226609982550144" lon="-121.76280993036926">
        <ele>274.8</ele>
      </trkpt>
      <trkpt lat="36.22633991762996" lon="-121.76258998923004">
        <ele>273.8</ele>
      </trkpt>
      <trkpt lat="36.226029954850674" lon="-121.7624899931252">
        <ele>274.2</ele>
      </trkpt>
      <trkpt lat="36.22578998096287" lon="-121.76235998980701">
        <ele>275.4</ele>
      </trkpt>
      <trkpt lat="36.22552997432649" lon="-121.76203996874392">
        <ele>271.7</ele>
      </trkpt>
      <trkpt lat="36.225429978221655" lon="-121.76177996210754">
        <ele>266.3</ele>
      </trkpt>
      <trkpt lat="36.225409945473075" lon="-121.76126992329955">
        <ele>260.2</ele>
      </trkpt>
      <trkpt lat="36.22545998543501" lon="-121.7610599566251">
        <ele>260.8</ele>
      </trkpt>
      <trkpt lat="36.225649919360876" lon="-121.76055997610092">
        <ele>259.8</ele>
      </trkpt>
      <trkpt lat="36.22567992657423" lon="-121.76035998389125">
        <ele>255.6</ele>
      </trkpt>
      <trkpt lat="36.225649919360876" lon="-121.76014993339777">
        <ele>252.0</ele>
      </trkpt>
      <trkpt lat="36.22548999264836" lon="-121.75988992676139">
        <ele>250.8</ele>
      </trkpt>
      <trkpt lat="36.2251599971205" lon="-121.7595799639821">
        <ele>249.7</ele>
      </trkpt>
      <trkpt lat="36.2250199355185" lon="-121.7593899462372">
        <ele>249.3</ele>
      </trkpt>
      <trkpt lat="36.22489999048412" lon="-121.75905995070934">
        <ele>245.5</ele>
      </trkpt>
      <trkpt lat="36.22481994330883" lon="-121.75855997018516">
        <ele>236.1</ele>
      </trkpt>
      <trkpt lat="36.2247799616307" lon="-121.75844999961555">
        <ele>236.3</ele>
      </trkpt>
      <trkpt lat="36.224719947203994" lon="-121.75834991969168">
        <ele>235.6</ele>
      </trkpt>
      <trkpt lat="36.224569994956255" lon="-121.75818999297917">
        <ele>234.7</ele>
      </trkpt>
      <trkpt lat="36.224419958889484" lon="-121.75810994580388">
        <ele>235.9</ele>
      </trkpt>
      <trkpt lat="36.22425994835794" lon="-121.75807993859053">
        <ele>237.2</ele>
      </trkpt>
      <trkpt lat="36.224099937826395" lon="-121.75811992026865">
        <ele>237.5</ele>
      </trkpt>
      <trkpt lat="36.22393992729485" lon="-121.75819996744394">
        <ele>236.5</ele>
      </trkpt>
      <trkpt lat="36.2237299606204" lon="-121.75838998518884">
        <ele>230.2</ele>
      </trkpt>
      <trkpt lat="36.223259987309575" lon="-121.7589599546045">
        <ele>225.5</ele>
      </trkpt>
      <trkpt lat="36.223069969564676" lon="-121.75910999067128">
        <ele>225.5</ele>
      </trkpt>
      <trkpt lat="36.222869977355" lon="-121.75915994681418">
        <ele>226.4</ele>
      </trkpt>
      <trkpt lat="36.22273997403681" lon="-121.75912993960083">
        <ele>227.4</ele>
      </trkpt>
      <trkpt lat="36.22260997071862" lon="-121.75904997624457">
        <ele>227.8</ele>
      </trkpt>
      <trkpt lat="36.22253998182714" lon="-121.75898996181786">
        <ele>228.1</ele>
      </trkpt>
      <trkpt lat="36.2224399857223" lon="-121.75882995128632">
        <ele>225.0</ele>
      </trkpt>
      <trkpt lat="36.222379971295595" lon="-121.75862995907664">
        <ele>220.8</ele>
      </trkpt>
      <trkpt lat="36.222379971295595" lon="-121.75804993137717">
        <ele>211.9</ele>
      </trkpt>
      <trkpt lat="36.22234996408224" lon="-121.7577999830246">
        <ele>211.0</ele>
      </trkpt>
      <trkpt lat="36.222249967977405" lon="-121.75743998028338">
        <ele>209.2</ele>
      </trkpt>
      <trkpt lat="36.22215994633734" lon="-121.7572399880737">
        <ele>209.8</ele>
      </trkpt>
      <trkpt lat="36.22159995138645" lon="-121.75645996816456">
        <ele>199.9</ele>
      </trkpt>
      <trkpt lat="36.221369951963425" lon="-121.75607993267477">
        <ele>199.2</ele>
      </trkpt>
      <trkpt lat="36.22124992311001" lon="-121.75582998432219">
        <ele>198.4</ele>
      </trkpt>
      <trkpt lat="36.2211399525404" lon="-121.75554994493723">
        <ele>197.5</ele>
      </trkpt>
      <trkpt lat="36.220769975334406" lon="-121.75437999889255">
        <ele>189.2</ele>
      </trkpt>
      <trkpt lat="36.22059999033809" lon="-121.75414999946952">
        <ele>188.4</ele>
      </trkpt>
      <trkpt lat="36.22052991762757" lon="-121.75409995950758">
        <ele>189.0</ele>
      </trkpt>
      <trkpt lat="36.220359932631254" lon="-121.75405997782946">
        <ele>188.2</ele>
      </trkpt>
      <trkpt lat="36.22016999870539" lon="-121.75406995229423">
        <ele>188.1</ele>
      </trkpt>
      <trkpt lat="36.21999992989004" lon="-121.75411999225616">
        <ele>190.3</ele>
      </trkpt>
      <trkpt lat="36.2198499776423" lon="-121.754219988361">
        <ele>191.3</ele>
      </trkpt>
      <trkpt lat="36.21971997432411" lon="-121.75438997335732">
        <ele>190.5</ele>
      </trkpt>
      <trkpt lat="36.219329964369535" lon="-121.75470999442041">
        <ele>190.1</ele>
      </trkpt>
      <trkpt lat="36.21924991719425" lon="-121.75475995056331">
        <ele>190.1</ele>
      </trkpt>
      <trkpt lat="36.219049924984574" lon="-121.75480999052525">
        <ele>192.0</ele>
      </trkpt>
      <trkpt lat="36.21885999105871" lon="-121.75477998331189">
        <ele>192.3</ele>
      </trkpt>
      <trkpt lat="36.21867994777858" lon="-121.75470999442041">
        <ele>190.4</ele>
      </trkpt>
      <trkpt lat="36.21851993724704" lon="-121.75457999110222">
        <ele>188.5</ele>
      </trkpt>
      <trkpt lat="36.21839999221265" lon="-121.75441998057067">
        <ele>187.3</ele>
      </trkpt>
      <trkpt lat="36.218339977785945" lon="-121.75430992618203">
        <ele>186.9</ele>
      </trkpt>
      <trkpt lat="36.21824995614588" lon="-121.75406995229423">
        <ele>185.0</ele>
      </trkpt>
      <trkpt lat="36.218039989471436" lon="-121.7533499468118">
        <ele>175.9</ele>
      </trkpt>
      <trkpt lat="36.21785994619131" lon="-121.75296999514103">
        <ele>175.0</ele>
      </trkpt>
      <trkpt lat="36.21733993291855" lon="-121.75208997912705">
        <ele>174.9</ele>
      </trkpt>
      <trkpt lat="36.217269944027066" lon="-121.7519299685955">
        <ele>174.5</ele>
      </trkpt>
      <trkpt lat="36.21720992960036" lon="-121.75166996195912">
        <ele>173.4</ele>
      </trkpt>
      <trkpt lat="36.217199955135584" lon="-121.75146996974945">
        <ele>173.7</ele>
      </trkpt>
      <trkpt lat="36.21723993681371" lon="-121.75059992820024">
        <ele>170.2</ele>
      </trkpt>
      <trkpt lat="36.21716994792223" lon="-121.75042994320393">
        <ele>169.5</ele>
      </trkpt>
      <trkpt lat="36.217009937390685" lon="-121.75025995820761">
        <ele>168.4</ele>
      </trkpt>
      <trkpt lat="36.21690994128585" lon="-121.75018996931612">
        <ele>167.9</ele>
      </trkpt>
      <trkpt lat="36.216789996251464" lon="-121.75013992935419">
        <ele>167.3</ele>
      </trkpt>
      <trkpt lat="36.21664993464947" lon="-121.75013992935419">
        <ele>166.6</ele>
      </trkpt>
      <trkpt lat="36.21611994691193" lon="-121.75034997984767">
        <ele>163.9</ele>
      </trkpt>
      <trkpt lat="36.21567998081446" lon="-121.7505799792707">
        <ele>160.4</ele>
      </trkpt>
      <trkpt lat="36.215399941429496" lon="-121.75064996816218">
        <ele>160.4</ele>
      </trkpt>
      <trkpt lat="36.215119985863566" lon="-121.75055994652212">
        <ele>163.0</ele>
      </trkpt>
      <trkpt lat="36.21493994258344" lon="-121.75035995431244">
        <ele>164.8</ele>
      </trkpt>
      <trkpt lat="36.21482997201383" lon="-121.750009926036">
        <ele>166.3</ele>
      </trkpt>
      <trkpt lat="36.2147799320519" lon="-121.74963994883001">
        <ele>164.8</ele>
      </trkpt>
      <trkpt lat="36.21469996869564" lon="-121.74934993498027">
        <ele>164.0</ele>
      </trkpt>
      <trkpt lat="36.21452998369932" lon="-121.74889999441803">
        <ele>162.6</ele>
      </trkpt>
      <trkpt lat="36.21447994373739" lon="-121.74861995503306">
        <ele>163.4</ele>
      </trkpt>
      <trkpt lat="36.21450995095074" lon="-121.74820999614894">
        <ele>165.6</ele>
      </trkpt>
      <trkpt lat="36.21448991820216" lon="-121.74801997840405">
        <ele>164.0</ele>
      </trkpt>
      <trkpt lat="36.214429987594485" lon="-121.74772996455431">
        <ele>162.9</ele>
      </trkpt>
      <trkpt lat="36.21431993320584" lon="-121.74751999787986">
        <ele>161.2</ele>
      </trkpt>
      <trkpt lat="36.214169980958104" lon="-121.74734992906451">
        <ele>164.4</ele>
      </trkpt>
      <trkpt lat="36.213609986007214" lon="-121.74700995907187">
        <ele>169.6</ele>
      </trkpt>
      <trkpt lat="36.21344997547567" lon="-121.74681994132698">
        <ele>175.1</ele>
      </trkpt>
      <trkpt lat="36.21256995946169" lon="-121.74496997147799">
        <ele>178.4</ele>
      </trkpt>
      <trkpt lat="36.21235999278724" lon="-121.74448993988335">
        <ele>189.1</ele>
      </trkpt>
      <trkpt lat="36.21226997114718" lon="-121.74419992603362">
        <ele>190.8</ele>
      </trkpt>
      <trkpt lat="36.21220995672047" lon="-121.74391997046769">
        <ele>190.0</ele>
      </trkpt>
      <trkpt lat="36.212259996682405" lon="-121.74363993108273">
        <ele>190.3</ele>
      </trkpt>
      <trkpt lat="36.21244993060827" lon="-121.74328998662531">
        <ele>192.0</ele>
      </trkpt>
      <trkpt lat="36.212519919499755" lon="-121.74310994334519">
        <ele>191.6</ele>
      </trkpt>
      <trkpt lat="36.21252997778356" lon="-121.74290995113552">
        <ele>190.5</ele>
      </trkpt>
      <trkpt lat="36.21245998889208" lon="-121.74264994449914">
        <ele>192.3</ele>
      </trkpt>
      <trkpt lat="36.21232998557389" lon="-121.74247995950282">
        <ele>193.6</ele>
      </trkpt>
      <trkpt lat="36.21215991675854" lon="-121.74239999614656">
        <ele>192.3</ele>
      </trkpt>
      <trkpt lat="36.21171995066106" lon="-121.74231994897127">
        <ele>184.1</ele>
      </trkpt>
      <trkpt lat="36.21123991906643" lon="-121.74218994565308">
        <ele>179.8</ele>
      </trkpt>
      <trkpt lat="36.210929956287146" lon="-121.74205994233489">
        <ele>187.5</ele>
      </trkpt>
      <trkpt lat="36.210689982399344" lon="-121.74184997566044">
        <ele>190.5</ele>
      </trkpt>
      <trkpt lat="36.210539946332574" lon="-121.74158996902406">
        <ele>182.3</ele>
      </trkpt>
      <trkpt lat="36.21011992916465" lon="-121.73980998806655">
        <ele>174.2</ele>
      </trkpt>
      <trkpt lat="36.21000995859504" lon="-121.73954998143017">
        <ele>174.6</ele>
      </trkpt>
      <trkpt lat="36.20981994085014" lon="-121.73926994204521">
        <ele>178.3</ele>
      </trkpt>
      <trkpt lat="36.20848998427391" lon="-121.73802992329001">
        <ele>178.7</ele>
      </trkpt>
      <trkpt lat="36.20827993378043" lon="-121.73774996772408">
        <ele>178.6</ele>
      </trkpt>
      <trkpt lat="36.20821991935372" lon="-121.73759993165731">
        <ele>178.9</ele>
      </trkpt>
      <trkpt lat="36.2081899959594" lon="-121.73743992112577">
        <ele>178.8</ele>
      </trkpt>
      <trkpt lat="36.208199970424175" lon="-121.73728996887803">
        <ele>178.7</ele>
      </trkpt>
      <trkpt lat="36.20827993378043" lon="-121.73708997666836">
        <ele>178.9</ele>
      </trkpt>
      <trkpt lat="36.208519991487265" lon="-121.7366199195385">
        <ele>180.0</ele>
      </trkpt>
      <trkpt lat="36.20858998037875" lon="-121.73639997839928">
        <ele>180.2</ele>
      </trkpt>
      <trkpt lat="36.20858998037875" lon="-121.73617995344102">
        <ele>180.1</ele>
      </trkpt>
      <trkpt lat="36.20846995152533" lon="-121.73547998070717">
        <ele>177.1</ele>
      </trkpt>
      <trkpt lat="36.208499958738685" lon="-121.73520999960601">
        <ele>176.7</ele>
      </trkpt>
      <trkpt lat="36.20863993652165" lon="-121.73485997132957">
        <ele>177.5</ele>
      </trkpt>
      <trkpt lat="36.20871998369694" lon="-121.7345299758017">
        <ele>176.0</ele>
      </trkpt>
      <trkpt lat="36.208669943735" lon="-121.7342299874872">
        <ele>173.5</ele>
      </trkpt>
      <trkpt lat="36.20854999870062" lon="-121.73401993699372">
        <ele>173.5</ele>
      </trkpt>
      <trkpt lat="36.20839996263385" lon="-121.73390996642411">
        <ele>173.6</ele>
      </trkpt>
      <trkpt lat="36.20825998485088" lon="-121.73389999195933">
        <ele>174.0</ele>
      </trkpt>
      <trkpt lat="36.20807994157076" lon="-121.73391994088888">
        <ele>175.4</ele>
      </trkpt>
      <trkpt lat="36.20739991776645" lon="-121.73424993641675">
        <ele>177.9</ele>
      </trkpt>
      <trkpt lat="36.20710998773575" lon="-121.73435999080539">
        <ele>186.7</ele>
      </trkpt>
      <trkpt lat="36.20682994835079" lon="-121.73459996469319">
        <ele>188.6</ele>
      </trkpt>
      <trkpt lat="36.206479920074344" lon="-121.73501998186111">
        <ele>190.2</ele>
      </trkpt>
      <trkpt lat="36.20635997503996" lon="-121.73510991968215">
        <ele>192.6</ele>
      </trkpt>
      <trkpt lat="36.2058899179101" lon="-121.7353899590671">
        <ele>199.5</ele>
      </trkpt>
      <trkpt lat="36.205729991197586" lon="-121.73540999181569">
        <ele>202.6</ele>
      </trkpt>
      <trkpt lat="36.20552999898791" lon="-121.73536992631853">
        <ele>209.5</ele>
      </trkpt>
      <trkpt lat="36.20532992295921" lon="-121.73521997407079">
        <ele>205.4</ele>
      </trkpt>
      <trkpt lat="36.20493999682367" lon="-121.73449996858835">
        <ele>204.2</ele>
      </trkpt>
      <trkpt lat="36.2048399168998" lon="-121.73426996916533">
        <ele>203.9</ele>
      </trkpt>
      <trkpt lat="36.20474997907877" lon="-121.73397995531559">
        <ele>203.7</ele>
      </trkpt>
      <trkpt lat="36.20467999018729" lon="-121.73353998921812">
        <ele>203.0</ele>
      </trkpt>
      <trkpt lat="36.20460991747677" lon="-121.73294998705387">
        <ele>199.4</ele>
      </trkpt>
      <trkpt lat="36.20462995022535" lon="-121.73272996209562">
        <ele>198.5</ele>
      </trkpt>
      <trkpt lat="36.20467999018729" lon="-121.73256995156407">
        <ele>198.5</ele>
      </trkpt>
      <trkpt lat="36.20476992800832" lon="-121.73240994103253">
        <ele>198.9</ele>
      </trkpt>
      <trkpt lat="36.20498995296657" lon="-121.73213995993137">
        <ele>194.5</ele>
      </trkpt>
      <trkpt lat="36.20509992353618" lon="-121.73184994608164">
        <ele>193.8</ele>
      </trkpt>
      <trkpt lat="36.20511995628476" lon="-121.73151995055377">
        <ele>193.5</ele>
      </trkpt>
      <trkpt lat="36.20506991632283" lon="-121.73133999109268">
        <ele>193.1</ele>
      </trkpt>
      <trkpt lat="36.20500998571515" lon="-121.73120998777449">
        <ele>193.3</ele>
      </trkpt>
      <trkpt lat="36.20491996407509" lon="-121.7310699261725">
        <ele>193.6</ele>
      </trkpt>
      <trkpt lat="36.2044099252671" lon="-121.73062996007502">
        <ele>188.2</ele>
      </trkpt>
      <trkpt lat="36.20424999855459" lon="-121.730399960652">
        <ele>179.7</ele>
      </trkpt>
      <trkpt lat="36.204139944165945" lon="-121.73010994680226">
        <ele>179.4</ele>
      </trkpt>
      <trkpt lat="36.203989991918206" lon="-121.72986997291446">
        <ele>179.5</ele>
      </trkpt>
      <trkpt lat="36.203819923102856" lon="-121.72967995516956">
        <ele>179.4</ele>
      </trkpt>
      <trkpt lat="36.20361993089318" lon="-121.72949999570847">
        <ele>178.8</ele>
      </trkpt>
      <trkpt lat="36.203389931470156" lon="-121.72935993410647">
        <ele>177.9</ele>
      </trkpt>
      <trkpt lat="36.202119989320636" lon="-121.72900998964906">
        <ele>181.3</ele>
      </trkpt>
      <trkpt lat="36.20188998989761" lon="-121.7288399208337">
        <ele>179.7</ele>
      </trkpt>
      <trkpt lat="36.20171992108226" lon="-121.72857999801636">
        <ele>178.3</ele>
      </trkpt>
      <trkpt lat="36.201649932190776" lon="-121.72833994030952">
        <ele>175.4</ele>
      </trkpt>
      <trkpt lat="36.20161992497742" lon="-121.72807993367314">
        <ele>170.0</ele>
      </trkpt>
      <trkpt lat="36.20167993940413" lon="-121.72772998921573">
        <ele>167.8</ele>
      </trkpt>
      <trkpt lat="36.201969953253865" lon="-121.72718994319439">
        <ele>156.7</ele>
      </trkpt>
      <trkpt lat="36.2020199932158" lon="-121.72701995819807">
        <ele>156.4</ele>
      </trkpt>
      <trkpt lat="36.20204991661012" lon="-121.72669993713498">
        <ele>157.5</ele>
      </trkpt>
      <trkpt lat="36.20202996768057" lon="-121.72640992328525">
        <ele>157.7</ele>
      </trkpt>
      <trkpt lat="36.201989986002445" lon="-121.72616994939744">
        <ele>157.0</ele>
      </trkpt>
      <trkpt lat="36.20193994604051" lon="-121.72597993165255">
        <ele>155.0</ele>
      </trkpt>
      <trkpt lat="36.201859982684255" lon="-121.72580994665623">
        <ele>152.0</ele>
      </trkpt>
      <trkpt lat="36.20176996104419" lon="-121.72566996887326">
        <ele>150.2</ele>
      </trkpt>
      <trkpt lat="36.20167993940413" lon="-121.72556997276843">
        <ele>151.6</ele>
      </trkpt>
      <trkpt lat="36.20157994329929" lon="-121.72550995834172">
        <ele>152.2</ele>
      </trkpt>
      <trkpt lat="36.201219940558076" lon="-121.72536998055875">
        <ele>154.6</ele>
      </trkpt>
      <trkpt lat="36.200999999418855" lon="-121.72522991895676">
        <ele>159.8</ele>
      </trkpt>
      <trkpt lat="36.20081995613873" lon="-121.72499991953373">
        <ele>163.9</ele>
      </trkpt>
      <trkpt lat="36.20068995282054" lon="-121.72469993121922">
        <ele>164.7</ele>
      </trkpt>
      <trkpt lat="36.20063999667764" lon="-121.72440991736948">
        <ele>165.5</ele>
      </trkpt>
      <trkpt lat="36.20063999667764" lon="-121.72394991852343">
        <ele>167.2</ele>
      </trkpt>
      <trkpt lat="36.20059993118048" lon="-121.72321993857622">
        <ele>166.6</ele>
      </trkpt>
      <trkpt lat="36.20048996061087" lon="-121.72252994030714">
        <ele>167.8</ele>
      </trkpt>
      <trkpt lat="36.20031997561455" lon="-121.7219399381429">
        <ele>168.8</ele>
      </trkpt>
      <trkpt lat="36.19980993680656" lon="-121.72056999988854">
        <ele>168.6</ele>
      </trkpt>
      <trkpt lat="36.19963995181024" lon="-121.72024997882545">
        <ele>166.3</ele>
      </trkpt>
      <trkpt lat="36.19905992411077" lon="-121.71961999498308">
        <ele>177.3</ele>
      </trkpt>
      <trkpt lat="36.1988599319011" lon="-121.71929997391999">
        <ele>177.3</ele>
      </trkpt>
      <trkpt lat="36.19873998686671" lon="-121.71896997839212">
        <ele>177.8</ele>
      </trkpt>
      <trkpt lat="36.198509987443686" lon="-121.71813991852105">
        <ele>172.5</ele>
      </trkpt>
      <trkpt lat="36.198379984125495" lon="-121.71785996295512">
        <ele>172.6</ele>
      </trkpt>
      <trkpt lat="36.198229948058724" lon="-121.7176899779588">
        <ele>173.0</ele>
      </trkpt>
      <trkpt lat="36.19793993420899" lon="-121.71755997464061">
        <ele>178.5</ele>
      </trkpt>
      <trkpt lat="36.19739997200668" lon="-121.71744992025197">
        <ele>177.5</ele>
      </trkpt>
      <trkpt lat="36.19727994315326" lon="-121.71738998964429">
        <ele>177.2</ele>
      </trkpt>
      <trkpt lat="36.19715999811888" lon="-121.71728999353945">
        <ele>177.5</ele>
      </trkpt>
      <trkpt lat="36.197069976478815" lon="-121.71717993915081">
        <ele>177.9</ele>
      </trkpt>
      <trkpt lat="36.19696998037398" lon="-121.71698992140591">
        <ele>178.6</ele>
      </trkpt>
      <trkpt lat="36.196899991482496" lon="-121.71674994751811">
        <ele>179.5</ele>
      </trkpt>
      <trkpt lat="36.1967599298805" lon="-121.7160199675709">
        <ele>180.8</ele>
      </trkpt>
      <trkpt lat="36.19666999205947" lon="-121.71566993929446">
        <ele>180.4</ele>
      </trkpt>
      <trkpt lat="36.19652993045747" lon="-121.71537992544472">
        <ele>180.4</ele>
      </trkpt>
      <trkpt lat="36.19600991718471" lon="-121.71466997824609">
        <ele>180.2</ele>
      </trkpt>
      <trkpt lat="36.19581998325884" lon="-121.7144799605012">
        <ele>180.6</ele>
      </trkpt>
      <trkpt lat="36.19540994055569" lon="-121.71416999772191">
        <ele>178.4</ele>
      </trkpt>
      <trkpt lat="36.19526996277273" lon="-121.71398995444179">
        <ele>178.0</ele>
      </trkpt>
      <trkpt lat="36.19516996666789" lon="-121.71369994059205">
        <ele>177.7</ele>
      </trkpt>
      <trkpt lat="36.195159992203116" lon="-121.71334999613464">
        <ele>170.1</ele>
      </trkpt>
      <trkpt lat="36.19534992612898" lon="-121.7129199206829">
        <ele>163.6</ele>
      </trkpt>
      <trkpt lat="36.19552996940911" lon="-121.71273996122181">
        <ele>162.0</ele>
      </trkpt>
      <trkpt lat="36.196339996531606" lon="-121.7122499551624">
        <ele>165.9</ele>
      </trkpt>
      <trkpt lat="36.19649992324412" lon="-121.71211995184422">
        <ele>167.8</ele>
      </trkpt>
      <trkpt lat="36.196639984846115" lon="-121.71191995963454">
        <ele>169.4</ele>
      </trkpt>
      <trkpt lat="36.196729922667146" lon="-121.7117099929601">
        <ele>171.4</ele>
      </trkpt>
      <trkpt lat="36.1967599298805" lon="-121.7115199752152">
        <ele>172.5</ele>
      </trkpt>
      <trkpt lat="36.196729922667146" lon="-121.71133993193507">
        <ele>171.6</ele>
      </trkpt>
      <trkpt lat="36.19666999205947" lon="-121.71117992140353">
        <ele>170.8</ele>
      </trkpt>
      <trkpt lat="36.19656999595463" lon="-121.71104991808534">
        <ele>170.0</ele>
      </trkpt>
      <trkpt lat="36.196449967101216" lon="-121.7109599802643">
        <ele>169.2</ele>
      </trkpt>
      <trkpt lat="36.19576994329691" lon="-121.71068999916315">
        <ele>165.3</ele>
      </trkpt>
      <trkpt lat="36.19561999104917" lon="-121.71064993366599">
        <ele>164.4</ele>
      </trkpt>
      <trkpt lat="36.19531991891563" lon="-121.71063995920122">
        <ele>162.8</ele>
      </trkpt>
      <trkpt lat="36.194769982248545" lon="-121.71067994087934">
        <ele>164.3</ele>
      </trkpt>
      <trkpt lat="36.194169921800494" lon="-121.71081991866231">
        <ele>162.8</ele>
      </trkpt>
      <trkpt lat="36.1935599707067" lon="-121.71084992587566">
        <ele>172.9</ele>
      </trkpt>
      <trkpt lat="36.19294993579388" lon="-121.71086995862424">
        <ele>175.8</ele>
      </trkpt>
      <trkpt lat="36.19266998022795" lon="-121.71077993698418">
        <ele>176.9</ele>
      </trkpt>
      <trkpt lat="36.19248993694782" lon="-121.71061992645264">
        <ele>178.1</ele>
      </trkpt>
      <trkpt lat="36.19234995916486" lon="-121.71042999252677">
        <ele>178.0</ele>
      </trkpt>
      <trkpt lat="36.19209992699325" lon="-121.70963999815285">
        <ele>182.5</ele>
      </trkpt>
      <trkpt lat="36.19198995642364" lon="-121.70945995487273">
        <ele>181.3</ele>
      </trkpt>
      <trkpt lat="36.19181997142732" lon="-121.70927999541163">
        <ele>180.0</ele>
      </trkpt>
      <trkpt lat="36.191379921510816" lon="-121.70890993438661">
        <ele>181.4</ele>
      </trkpt>
      <trkpt lat="36.19114992208779" lon="-121.7085499316454">
        <ele>182.4</ele>
      </trkpt>
      <trkpt lat="36.190859992057085" lon="-121.70790997333825">
        <ele>179.4</ele>
      </trkpt>
      <trkpt lat="36.190689923241735" lon="-121.70766999945045">
        <ele>179.8</ele>
      </trkpt>
      <trkpt lat="36.18988995440304" lon="-121.70699995011091">
        <ele>179.4</ele>
      </trkpt>
      <trkpt lat="36.189679987728596" lon="-121.70679995790124">
        <ele>178.6</ele>
      </trkpt>
      <trkpt lat="36.189419981092215" lon="-121.7066399473697">
        <ele>177.5</ele>
      </trkpt>
      <trkpt lat="36.18921998888254" lon="-121.70655998401344">
        <ele>176.9</ele>
      </trkpt>
      <trkpt lat="36.18889996781945" lon="-121.70635999180377">
        <ele>176.1</ele>
      </trkpt>
      <trkpt lat="36.18860995396972" lon="-121.70609998516738">
        <ele>178.4</ele>
      </trkpt>
      <trkpt lat="36.188429994508624" lon="-121.70598993077874">
        <ele>179.0</ele>
      </trkpt>
      <trkpt lat="36.18828993290663" lon="-121.70591994188726">
        <ele>179.1</ele>
      </trkpt>
      <trkpt lat="36.18817996233702" lon="-121.7058899346739">
        <ele>178.6</ele>
      </trkpt>
      <trkpt lat="36.18753992021084" lon="-121.70585992746055">
        <ele>174.8</ele>
      </trkpt>
      <trkpt lat="36.18727999739349" lon="-121.70570997521281">
        <ele>177.0</ele>
      </trkpt>
      <trkpt lat="36.18710992857814" lon="-121.70552993193269">
        <ele>179.3</ele>
      </trkpt>
      <trkpt lat="36.186819998547435" lon="-121.70516992919147">
        <ele>180.2</ele>
      </trkpt>
      <trkpt lat="36.186519926413894" lon="-121.70473993755877">
        <ele>178.1</ele>
      </trkpt>
      <trkpt lat="36.1863399669528" lon="-121.704359985888">
        <ele>177.8</ele>
      </trkpt>
      <trkpt lat="36.186099993065" lon="-121.70376998372376">
        <ele>172.4</ele>
      </trkpt>
      <trkpt lat="36.18579992093146" lon="-121.70327997766435">
        <ele>169.9</ele>
      </trkpt>
      <trkpt lat="36.18498997762799" lon="-121.70208999887109">
        <ele>167.9</ele>
      </trkpt>
      <trkpt lat="36.18478998541832" lon="-121.7018299922347">
        <ele>166.7</ele>
      </trkpt>
      <trkpt lat="36.18464992381632" lon="-121.70167995616794">
        <ele>166.8</ele>
      </trkpt>
      <trkpt lat="36.18424993939698" lon="-121.70139991678298">
        <ele>167.0</ele>
      </trkpt>
      <trkpt lat="36.18383998051286" lon="-121.70113999396563">
        <ele>158.2</ele>
      </trkpt>
      <trkpt lat="36.18338995613158" lon="-121.70081997290254">
        <ele>154.3</ele>
      </trkpt>
      <trkpt lat="36.18311997503042" lon="-121.70058997347951">
        <ele>155.2</ele>
      </trkpt>
      <trkpt lat="36.18280992843211" lon="-121.70022997073829">
        <ele>146.1</ele>
      </trkpt>
      <trkpt lat="36.182549921795726" lon="-121.70005998574197">
        <ele>144.4</ele>
      </trkpt>
      <trkpt lat="36.182309947907925" lon="-121.69995998963714">
        <ele>143.2</ele>
      </trkpt>
      <trkpt lat="36.1820799484849" lon="-121.6999099496752">
        <ele>142.2</ele>
      </trkpt>
      <trkpt lat="36.18128995411098" lon="-121.69980995357037">
        <ele>131.0</ele>
      </trkpt>
      <trkpt lat="36.18055997416377" lon="-121.69987994246185">
        <ele>128.5</ele>
      </trkpt>
      <trkpt lat="36.180379930883646" lon="-121.69986996799707">
        <ele>128.5</ele>
      </trkpt>
      <trkpt lat="36.180249927565455" lon="-121.69983996078372">
        <ele>128.6</ele>
      </trkpt>
      <trkpt lat="36.18001992814243" lon="-121.69972999021411">
        <ele>129.7</ele>
      </trkpt>
      <trkpt lat="36.17904997430742" lon="-121.6990999225527">
        <ele>115.4</ele>
      </trkpt>
      <trkpt lat="36.178229972720146" lon="-121.69867998920381">
        <ele>117.5</ele>
      </trkpt>
      <trkpt lat="36.17808999493718" lon="-121.69862994924188">
        <ele>118.4</ele>
      </trkpt>
      <trkpt lat="36.177409971132874" lon="-121.69865995645523">
        <ele>115.8</ele>
      </trkpt>
      <trkpt lat="36.177279967814684" lon="-121.69863992370665">
        <ele>115.6</ele>
      </trkpt>
      <trkpt lat="36.177089950069785" lon="-121.69857999309897">
        <ele>115.5</ele>
      </trkpt>
      <trkpt lat="36.17690999060869" lon="-121.69844998978078">
        <ele>116.4</ele>
      </trkpt>
      <trkpt lat="36.17683991789818" lon="-121.69834999367595">
        <ele>115.6</ele>
      </trkpt>
      <trkpt lat="36.176789961755276" lon="-121.69822996482253">
        <ele>112.7</ele>
      </trkpt>
      <trkpt lat="36.176769929006696" lon="-121.69810993596911">
        <ele>109.3</ele>
      </trkpt>
      <trkpt lat="36.1767799872905" lon="-121.69790994375944">
        <ele>105.8</ele>
      </trkpt>
      <trkpt lat="36.17683991789818" lon="-121.69771992601454">
        <ele>104.9</ele>
      </trkpt>
      <trkpt lat="36.17700998671353" lon="-121.69739998877048">
        <ele>106.4</ele>
      </trkpt>
      <trkpt lat="36.177089950069785" lon="-121.69717996381223">
        <ele>106.2</ele>
      </trkpt>
      <trkpt lat="36.17711995728314" lon="-121.69699992053211">
        <ele>104.7</ele>
      </trkpt>
      <trkpt lat="36.17716999724507" lon="-121.69640991836786">
        <ele>95.7</ele>
      </trkpt>
      <trkpt lat="36.17716999724507" lon="-121.69623993337154">
        <ele>96.8</ele>
      </trkpt>
      <trkpt lat="36.17714996449649" lon="-121.69610993005335">
        <ele>96.8</ele>
      </trkpt>
      <trkpt lat="36.177109982818365" lon="-121.69596995227039">
        <ele>96.6</ele>
      </trkpt>
      <trkpt lat="36.176959946751595" lon="-121.69560994952917">
        <ele>94.4</ele>
      </trkpt>
      <trkpt lat="36.176919965073466" lon="-121.69539998285472">
        <ele>93.8</ele>
      </trkpt>
      <trkpt lat="36.176919965073466" lon="-121.69525992125273">
        <ele>93.8</ele>
      </trkpt>
      <trkpt lat="36.176939997822046" lon="-121.69513997621834">
        <ele>94.0</ele>
      </trkpt>
      <trkpt lat="36.17709992453456" lon="-121.69453999958932">
        <ele>90.7</ele>
      </trkpt>
      <trkpt lat="36.17714996449649" lon="-121.69422995299101">
        <ele>86.4</ele>
      </trkpt>
      <trkpt lat="36.17713999003172" lon="-121.69393993914127">
        <ele>77.1</ele>
      </trkpt>
      <trkpt lat="36.177089950069785" lon="-121.69375997968018">
        <ele>76.9</ele>
      </trkpt>
      <trkpt lat="36.17698995396495" lon="-121.69358999468386">
        <ele>77.0</ele>
      </trkpt>
      <trkpt lat="36.17686992511153" lon="-121.69345999136567">
        <ele>77.2</ele>
      </trkpt>
      <trkpt lat="36.176769929006696" lon="-121.69337994419038">
        <ele>77.2</ele>
      </trkpt>
      <trkpt lat="36.17661997675896" lon="-121.69332998804748">
        <ele>78.2</ele>
      </trkpt>
      <trkpt lat="36.17636994458735" lon="-121.69331992976367">
        <ele>79.7</ele>
      </trkpt>
      <trkpt lat="36.17617992684245" lon="-121.69340995140374">
        <ele>78.9</ele>
      </trkpt>
      <trkpt lat="36.17597993463278" lon="-121.69358999468386">
        <ele>78.6</ele>
      </trkpt>
      <trkpt lat="36.17568992078304" lon="-121.69396994635463">
        <ele>86.9</ele>
      </trkpt>
      <trkpt lat="36.17552999407053" lon="-121.69410992413759">
        <ele>91.3</ele>
      </trkpt>
      <trkpt lat="36.1752899363637" lon="-121.69418997131288">
        <ele>94.2</ele>
      </trkpt>
      <trkpt lat="36.175089944154024" lon="-121.69420992024243">
        <ele>95.4</ele>
      </trkpt>
      <trkpt lat="36.17499992251396" lon="-121.69418997131288">
        <ele>95.5</ele>
      </trkpt>
      <trkpt lat="36.17486991919577" lon="-121.6941199824214">
        <ele>95.1</ele>
      </trkpt>
      <trkpt lat="36.17473999969661" lon="-121.69394999742508">
        <ele>95.0</ele>
      </trkpt>
      <trkpt lat="36.1746699269861" lon="-121.69378998689353">
        <ele>95.1</ele>
      </trkpt>
      <trkpt lat="36.174469934776425" lon="-121.69319998472929">
        <ele>96.4</ele>
      </trkpt>
      <trkpt lat="36.17430992424488" lon="-121.69293997809291">
        <ele>96.3</ele>
      </trkpt>
      <trkpt lat="36.17421998642385" lon="-121.69284995645285">
        <ele>96.0</ele>
      </trkpt>
      <trkpt lat="36.174119990319014" lon="-121.69278994202614">
        <ele>95.5</ele>
      </trkpt>
      <trkpt lat="36.17382997646928" lon="-121.69265993870795">
        <ele>94.6</ele>
      </trkpt>
      <trkpt lat="36.173609951511025" lon="-121.69250998646021">
        <ele>100.7</ele>
      </trkpt>
      <trkpt lat="36.17346997372806" lon="-121.69232994318008">
        <ele>105.5</ele>
      </trkpt>
      <trkpt lat="36.17339998483658" lon="-121.6922099981457">
        <ele>105.9</ele>
      </trkpt>
      <trkpt lat="36.17329998873174" lon="-121.69186994433403">
        <ele>106.2</ele>
      </trkpt>
      <trkpt lat="36.17311994545162" lon="-121.69083997607231">
        <ele>108.0</ele>
      </trkpt>
      <trkpt lat="36.1729999165982" lon="-121.69038995169103">
        <ele>106.6</ele>
      </trkpt>
      <trkpt lat="36.17292992770672" lon="-121.69022994115949">
        <ele>107.6</ele>
      </trkpt>
      <trkpt lat="36.1727599427104" lon="-121.68997999280691">
        <ele>115.4</ele>
      </trkpt>
      <trkpt lat="36.172299943864346" lon="-121.68954991735518">
        <ele>118.5</ele>
      </trkpt>
      <trkpt lat="36.17215996608138" lon="-121.68937993235886">
        <ele>117.9</ele>
      </trkpt>
      <trkpt lat="36.172039937227964" lon="-121.68915999121964">
        <ele>117.1</ele>
      </trkpt>
      <trkpt lat="36.171979922801256" lon="-121.68888992629945">
        <ele>116.7</ele>
      </trkpt>
      <trkpt lat="36.17196994833648" lon="-121.68802994303405">
        <ele>119.1</ele>
      </trkpt>
      <trkpt lat="36.171929966658354" lon="-121.68778996914625">
        <ele>124.3</ele>
      </trkpt>
      <trkpt lat="36.171849919483066" lon="-121.6875199880451">
        <ele>131.3</ele>
      </trkpt>
      <trkpt lat="36.17172997444868" lon="-121.68722997419536">
        <ele>132.9</ele>
      </trkpt>
      <trkpt lat="36.17150994949043" lon="-121.68688992038369">
        <ele>131.9</ele>
      </trkpt>
      <trkpt lat="36.17097996175289" lon="-121.68625993654132">
        <ele>132.6</ele>
      </trkpt>
      <trkpt lat="36.170599926263094" lon="-121.68559994548559">
        <ele>133.6</ele>
      </trkpt>
      <trkpt lat="36.17034997791052" lon="-121.68529995717108">
        <ele>143.2</ele>
      </trkpt>
      <trkpt lat="36.16995996795595" lon="-121.684979936108">
        <ele>142.9</ele>
      </trkpt>
      <trkpt lat="36.16983993910253" lon="-121.68477994389832">
        <ele>143.3</ele>
      </trkpt>
      <trkpt lat="36.169739942997694" lon="-121.68440996669233">
        <ele>142.0</ele>
      </trkpt>
      <trkpt lat="36.16976995021105" lon="-121.68366992846131">
        <ele>131.6</ele>
      </trkpt>
      <trkpt lat="36.169699961319566" lon="-121.6833199840039">
        <ele>131.8</ele>
      </trkpt>
      <trkpt lat="36.16957993246615" lon="-121.68304991908371">
        <ele>132.2</ele>
      </trkpt>
      <trkpt lat="36.16909998469055" lon="-121.68249998241663">
        <ele>132.5</ele>
      </trkpt>
      <trkpt lat="36.168989930301905" lon="-121.68230996467173">
        <ele>132.2</ele>
      </trkpt>
      <trkpt lat="36.16888993419707" lon="-121.68204995803535">
        <ele>131.2</ele>
      </trkpt>
      <trkpt lat="36.16834997199476" lon="-121.68026997707784">
        <ele>130.2</ele>
      </trkpt>
      <trkpt lat="36.168149979785085" lon="-121.67921997606754">
        <ele>128.8</ele>
      </trkpt>
      <trkpt lat="36.16804998368025" lon="-121.67892996221781">
        <ele>131.0</ele>
      </trkpt>
      <trkpt lat="36.16789994761348" lon="-121.67864992283285">
        <ele>132.5</ele>
      </trkpt>
      <trkpt lat="36.16773993708193" lon="-121.67839997448027">
        <ele>126.7</ele>
      </trkpt>
      <trkpt lat="36.16751999594271" lon="-121.67816997505724">
        <ele>119.1</ele>
      </trkpt>
      <trkpt lat="36.16561998613179" lon="-121.67643995024264">
        <ele>115.7</ele>
      </trkpt>
      <trkpt lat="36.1651099473238" lon="-121.67591993696988">
        <ele>118.7</ele>
      </trkpt>
      <trkpt lat="36.16461994126439" lon="-121.67525994591415">
        <ele>107.3</ele>
      </trkpt>
      <trkpt lat="36.1640099901706" lon="-121.6743699554354">
        <ele>106.2</ele>
      </trkpt>
      <trkpt lat="36.16374998353422" lon="-121.67410994879901">
        <ele>104.9</ele>
      </trkpt>
      <trkpt lat="36.163489976897836" lon="-121.67389998212457">
        <ele>105.7</ele>
      </trkpt>
      <trkpt lat="36.163169955834746" lon="-121.67376997880638">
        <ele>106.3</ele>
      </trkpt>
      <trkpt lat="36.16250996477902" lon="-121.6735599283129">
        <ele>107.2</ele>
      </trkpt>
      <trkpt lat="36.16212992928922" lon="-121.67336999438703">
        <ele>106.8</ele>
      </trkpt>
      <trkpt lat="36.16164998151362" lon="-121.6729399189353">
        <ele>95.1</ele>
      </trkpt>
      <trkpt lat="36.16142995655537" lon="-121.67281997390091">
        <ele>94.8</ele>
      </trkpt>
      <trkpt lat="36.16108998656273" lon="-121.67272995226085">
        <ele>95.0</ele>
      </trkpt>
      <trkpt lat="36.160419937223196" lon="-121.67267999611795">
        <ele>93.1</ele>
      </trkpt>
      <trkpt lat="36.160179963335395" lon="-121.67260992340744">
        <ele>92.3</ele>
      </trkpt>
      <trkpt lat="36.15997997112572" lon="-121.67247992008924">
        <ele>87.7</ele>
      </trkpt>
      <trkpt lat="36.15981996059418" lon="-121.67230993509293">
        <ele>82.4</ele>
      </trkpt>
      <trkpt lat="36.15967998281121" lon="-121.67211991734803">
        <ele>81.2</ele>
      </trkpt>
      <trkpt lat="36.1593699362129" lon="-121.67134995572269">
        <ele>81.4</ele>
      </trkpt>
      <trkpt lat="36.15919995121658" lon="-121.6710299346596">
        <ele>77.9</ele>
      </trkpt>
      <trkpt lat="36.159039940685034" lon="-121.67077998630702">
        <ele>73.1</ele>
      </trkpt>
      <trkpt lat="36.15878999233246" lon="-121.67055996134877">
        <ele>67.6</ele>
      </trkpt>
      <trkpt lat="36.15855999290943" lon="-121.67045996524394">
        <ele>64.5</ele>
      </trkpt>
      <trkpt lat="36.158159924671054" lon="-121.67033993639052">
        <ele>63.6</ele>
      </trkpt>
      <trkpt lat="36.15797996520996" lon="-121.67030992917717">
        <ele>65.3</ele>
      </trkpt>
      <trkpt lat="36.15777997300029" lon="-121.67033993639052">
        <ele>68.7</ele>
      </trkpt>
      <trkpt lat="36.15717999637127" lon="-121.67047999799252">
        <ele>71.8</ele>
      </trkpt>
      <trkpt lat="36.156979920342565" lon="-121.67048997245729">
        <ele>71.1</ele>
      </trkpt>
      <trkpt lat="36.15673994645476" lon="-121.67042995803058">
        <ele>69.8</ele>
      </trkpt>
      <trkpt lat="36.15655998699367" lon="-121.67033993639052">
        <ele>67.2</ele>
      </trkpt>
      <trkpt lat="36.15629998035729" lon="-121.67013994418085">
        <ele>60.0</ele>
      </trkpt>
      <trkpt lat="36.156139969825745" lon="-121.66995998471975">
        <ele>57.0</ele>
      </trkpt>
      <trkpt lat="36.15519993938506" lon="-121.6684999410063">
        <ele>58.2</ele>
      </trkpt>
      <trkpt lat="36.15476994775236" lon="-121.66777993552387">
        <ele>56.5</ele>
      </trkpt>
      <trkpt lat="36.15423996001482" lon="-121.6668299306184">
        <ele>60.6</ele>
      </trkpt>
      <trkpt lat="36.15391993895173" lon="-121.66629994288087">
        <ele>63.3</ele>
      </trkpt>
      <trkpt lat="36.15369999781251" lon="-121.66601998731494">
        <ele>64.8</ele>
      </trkpt>
      <trkpt lat="36.15345994010568" lon="-121.66573994792998">
        <ele>66.5</ele>
      </trkpt>
      <trkpt lat="36.153069930151105" lon="-121.66532998904586">
        <ele>69.1</ele>
      </trkpt>
      <trkpt lat="36.15040993317962" lon="-121.66320995427668">
        <ele>72.3</ele>
      </trkpt>
      <trkpt lat="36.15000994876027" lon="-121.66280996985734">
        <ele>83.1</ele>
      </trkpt>
      <trkpt lat="36.14963997155428" lon="-121.66234997101128">
        <ele>83.8</ele>
      </trkpt>
      <trkpt lat="36.14865995943546" lon="-121.66102998889983">
        <ele>86.3</ele>
      </trkpt>
      <trkpt lat="36.14845996722579" lon="-121.66068993508816">
        <ele>86.8</ele>
      </trkpt>
      <trkpt lat="36.14830993115902" lon="-121.66033999063075">
        <ele>86.1</ele>
      </trkpt>
      <trkpt lat="36.147929979488254" lon="-121.65926995687187">
        <ele>87.3</ele>
      </trkpt>
      <trkpt lat="36.147629991173744" lon="-121.65876997634768">
        <ele>84.9</ele>
      </trkpt>
      <trkpt lat="36.1472799628973" lon="-121.6582699958235">
        <ele>90.6</ele>
      </trkpt>
      <trkpt lat="36.1470399890095" lon="-121.65797998197377">
        <ele>85.4</ele>
      </trkpt>
      <trkpt lat="36.14673991687596" lon="-121.65774998255074">
        <ele>84.8</ele>
      </trkpt>
      <trkpt lat="36.146019995212555" lon="-121.65747991763055">
        <ele>85.3</ele>
      </trkpt>
      <trkpt lat="36.145759988576174" lon="-121.65732996538281">
        <ele>88.3</ele>
      </trkpt>
      <trkpt lat="36.14542999304831" lon="-121.65710994042456">
        <ele>95.7</ele>
      </trkpt>
      <trkpt lat="36.14503998309374" lon="-121.65674993768334">
        <ele>96.2</ele>
      </trkpt>
      <trkpt lat="36.14335999824107" lon="-121.65501999668777">
        <ele>85.3</ele>
      </trkpt>
      <trkpt lat="36.14254997111857" lon="-121.65409999899566">
        <ele>84.8</ele>
      </trkpt>
      <trkpt lat="36.1419699434191" lon="-121.65353992022574">
        <ele>84.6</ele>
      </trkpt>
      <trkpt lat="36.14017998799682" lon="-121.65168995037675">
        <ele>71.7</ele>
      </trkpt>
      <trkpt lat="36.13631995394826" lon="-121.64774995297194">
        <ele>95.1</ele>
      </trkpt>
      <trkpt lat="36.135969925671816" lon="-121.647469997406">
        <ele>93.1</ele>
      </trkpt>
      <trkpt lat="36.13581997342408" lon="-121.64730998687446">
        <ele>93.8</ele>
      </trkpt>
      <trkpt lat="36.13483996130526" lon="-121.64668997749686">
        <ele>96.7</ele>
      </trkpt>
      <trkpt lat="36.134159937500954" lon="-121.64632997475564">
        <ele>102.3</ele>
      </trkpt>
      <trkpt lat="36.132139982655644" lon="-121.64515994489193">
        <ele>83.4</ele>
      </trkpt>
      <trkpt lat="36.12959993071854" lon="-121.64353997446597">
        <ele>72.5</ele>
      </trkpt>
      <trkpt lat="36.12904999405146" lon="-121.64307997561991">
        <ele>71.1</ele>
      </trkpt>
      <trkpt lat="36.12842998467386" lon="-121.64246994070709">
        <ele>69.9</ele>
      </trkpt>
      <trkpt lat="36.128039974719286" lon="-121.64205998182297">
        <ele>66.2</ele>
      </trkpt>
      <trkpt lat="36.127629932016134" lon="-121.64157995022833">
        <ele>61.8</ele>
      </trkpt>
      <trkpt lat="36.127069937065244" lon="-121.64072994142771">
        <ele>64.5</ele>
      </trkpt>
      <trkpt lat="36.126639945432544" lon="-121.63997992873192">
        <ele>65.3</ele>
      </trkpt>
      <trkpt lat="36.12569999881089" lon="-121.63820992223918">
        <ele>70.8</ele>
      </trkpt>
      <trkpt lat="36.12536991946399" lon="-121.63768999278545">
        <ele>71.3</ele>
      </trkpt>
      <trkpt lat="36.125049982219934" lon="-121.6372199356556">
        <ele>71.8</ele>
      </trkpt>
      <trkpt lat="36.122819976881146" lon="-121.63416992872953">
        <ele>90.3</ele>
      </trkpt>
      <trkpt lat="36.1211799737066" lon="-121.63137992843986">
        <ele>111.1</ele>
      </trkpt>
      <trkpt lat="36.120949974283576" lon="-121.63104993291199">
        <ele>117.7</ele>
      </trkpt>
      <trkpt lat="36.12069994211197" lon="-121.63076997734606">
        <ele>118.8</ele>
      </trkpt>
      <trkpt lat="36.120429961010814" lon="-121.63059999234974">
        <ele>122.0</ele>
      </trkpt>
      <trkpt lat="36.11994992941618" lon="-121.63040997460485">
        <ele>127.4</ele>
      </trkpt>
      <trkpt lat="36.11964994110167" lon="-121.63032992742956">
        <ele>130.8</ele>
      </trkpt>
      <trkpt lat="36.11846993677318" lon="-121.63018994964659">
        <ele>132.2</ele>
      </trkpt>
      <trkpt lat="36.11751993186772" lon="-121.63003999739885">
        <ele>132.9</ele>
      </trkpt>
      <trkpt lat="36.1160599719733" lon="-121.62952995859087">
        <ele>128.0</ele>
      </trkpt>
      <trkpt lat="36.11406994052231" lon="-121.62911999970675">
        <ele>119.8</ele>
      </trkpt>
      <trkpt lat="36.113039972260594" lon="-121.6287699714303">
        <ele>109.2</ele>
      </trkpt>
      <trkpt lat="36.112459944561124" lon="-121.62850996479392">
        <ele>109.5</ele>
      </trkpt>
      <trkpt lat="36.110399924218655" lon="-121.62717992439866">
        <ele>96.2</ele>
      </trkpt>
      <trkpt lat="36.11001997254789" lon="-121.6267199255526">
        <ele>92.9</ele>
      </trkpt>
      <trkpt lat="36.109559973701835" lon="-121.62578995339572">
        <ele>95.4</ele>
      </trkpt>
      <trkpt lat="36.10924992710352" lon="-121.6253699362278">
        <ele>91.9</ele>
      </trkpt>
      <trkpt lat="36.108849942684174" lon="-121.62510992959142">
        <ele>91.8</ele>
      </trkpt>
      <trkpt lat="36.10831995494664" lon="-121.62495997734368">
        <ele>93.2</ele>
      </trkpt>
      <trkpt lat="36.10782994888723" lon="-121.62465998902917">
        <ele>95.3</ele>
      </trkpt>
      <trkpt lat="36.10761998221278" lon="-121.62447994574904">
        <ele>96.3</ele>
      </trkpt>
      <trkpt lat="36.10743993893266" lon="-121.62424994632602">
        <ele>95.6</ele>
      </trkpt>
      <trkpt lat="36.10714992508292" lon="-121.62376999855042">
        <ele>95.1</ele>
      </trkpt>
      <trkpt lat="36.10700994729996" lon="-121.62358995527029">
        <ele>95.1</ele>
      </trkpt>
      <trkpt lat="36.106789922341704" lon="-121.62335995584726">
        <ele>95.2</ele>
      </trkpt>
      <trkpt lat="36.10656998120248" lon="-121.62319994531572">
        <ele>95.3</ele>
      </trkpt>
      <trkpt lat="36.10603999346495" lon="-121.62293993867934">
        <ele>95.5</ele>
      </trkpt>
      <trkpt lat="36.10565995797515" lon="-121.62280993536115">
        <ele>95.7</ele>
      </trkpt>
      <trkpt lat="36.10505998134613" lon="-121.6226499248296">
        <ele>96.1</ele>
      </trkpt>
      <trkpt lat="36.10449998639524" lon="-121.62239997647703">
        <ele>95.8</ele>
      </trkpt>
      <trkpt lat="36.103199953213334" lon="-121.62133991718292">
        <ele>94.0</ele>
      </trkpt>
      <trkpt lat="36.10296995379031" lon="-121.62117999047041">
        <ele>94.4</ele>
      </trkpt>
      <trkpt lat="36.10107991844416" lon="-121.62045998498797">
        <ele>92.3</ele>
      </trkpt>
      <trkpt lat="36.100709941238165" lon="-121.62037993781269">
        <ele>84.8</ele>
      </trkpt>
      <trkpt lat="36.10030995681882" lon="-121.62032998166978">
        <ele>83.5</ele>
      </trkpt>
      <trkpt lat="36.0995199624449" lon="-121.62037993781269">
        <ele>82.9</ele>
      </trkpt>
      <trkpt lat="36.098989974707365" lon="-121.62032998166978">
        <ele>83.2</ele>
      </trkpt>
      <trkpt lat="36.098709935322404" lon="-121.62022998556495">
        <ele>82.9</ele>
      </trkpt>
      <trkpt lat="36.0982299875468" lon="-121.6200099606067">
        <ele>80.5</ele>
      </trkpt>
      <trkpt lat="36.097489949315786" lon="-121.61971994675696">
        <ele>81.4</ele>
      </trkpt>
      <trkpt lat="36.0971799865365" lon="-121.61964995786548">
        <ele>82.9</ele>
      </trkpt>
      <trkpt lat="36.09551995061338" lon="-121.61950998008251">
        <ele>81.9</ele>
      </trkpt>
      <trkpt lat="36.0950199700892" lon="-121.61942993290722">
        <ele>81.2</ele>
      </trkpt>
      <trkpt lat="36.09442996792495" lon="-121.61924997344613">
        <ele>71.1</ele>
      </trkpt>
      <trkpt lat="36.09345993027091" lon="-121.61879994906485">
        <ele>70.3</ele>
      </trkpt>
      <trkpt lat="36.09330997802317" lon="-121.61875996738672">
        <ele>70.9</ele>
      </trkpt>
      <trkpt lat="36.09177994541824" lon="-121.61849996075034">
        <ele>70.9</ele>
      </trkpt>
      <trkpt lat="36.09153997153044" lon="-121.61840993911028">
        <ele>71.4</ele>
      </trkpt>
      <trkpt lat="36.09132992103696" lon="-121.6182899940759">
        <ele>71.1</ele>
      </trkpt>
      <trkpt lat="36.090589966624975" lon="-121.61769999191165">
        <ele>80.7</ele>
      </trkpt>
      <trkpt lat="36.09037999995053" lon="-121.61757996305823">
        <ele>82.8</ele>
      </trkpt>
      <trkpt lat="36.09014991670847" lon="-121.61750997416675">
        <ele>83.7</ele>
      </trkpt>
      <trkpt lat="36.08993995003402" lon="-121.61749999970198">
        <ele>84.4</ele>
      </trkpt>
      <trkpt lat="36.08973995782435" lon="-121.6175299230963">
        <ele>84.7</ele>
      </trkpt>
      <trkpt lat="36.08906999230385" lon="-121.61773997358978">
        <ele>81.9</ele>
      </trkpt>
      <trkpt lat="36.088829934597015" lon="-121.61775992251933">
        <ele>83.4</ele>
      </trkpt>
      <trkpt lat="36.088419975712895" lon="-121.617729999125">
        <ele>80.4</ele>
      </trkpt>
      <trkpt lat="36.08773995190859" lon="-121.61758993752301">
        <ele>82.5</ele>
      </trkpt>
      <trkpt lat="36.087219938635826" lon="-121.61759999580681">
        <ele>84.8</ele>
      </trkpt>
      <trkpt lat="36.08694995753467" lon="-121.61751994863153">
        <ele>89.8</ele>
      </trkpt>
      <trkpt lat="36.086679976433516" lon="-121.61737997084856">
        <ele>89.0</ele>
      </trkpt>
      <trkpt lat="36.086399937048554" lon="-121.61713999696076">
        <ele>85.9</ele>
      </trkpt>
      <trkpt lat="36.08619994483888" lon="-121.61683992482722">
        <ele>85.4</ele>
      </trkpt>
      <trkpt lat="36.08606994152069" lon="-121.61649995483458">
        <ele>84.1</ele>
      </trkpt>
      <trkpt lat="36.085909930989146" lon="-121.61575991660357">
        <ele>82.7</ele>
      </trkpt>
      <trkpt lat="36.08580993488431" lon="-121.61550996825099">
        <ele>83.2</ele>
      </trkpt>
      <trkpt lat="36.085649924352765" lon="-121.61523998714983">
        <ele>83.7</ele>
      </trkpt>
      <trkpt lat="36.08530995436013" lon="-121.61489993333817">
        <ele>81.2</ele>
      </trkpt>
      <trkpt lat="36.08457997441292" lon="-121.61428998224437">
        <ele>83.3</ele>
      </trkpt>
      <trkpt lat="36.084099942818284" lon="-121.61383995786309">
        <ele>86.6</ele>
      </trkpt>
      <trkpt lat="36.08376994729042" lon="-121.61359998397529">
        <ele>87.4</ele>
      </trkpt>
      <trkpt lat="36.083479933440685" lon="-121.6134599223733">
        <ele>96.0</ele>
      </trkpt>
      <trkpt lat="36.08314993791282" lon="-121.61343997344375">
        <ele>89.3</ele>
      </trkpt>
      <trkpt lat="36.082809967920184" lon="-121.61333997733891">
        <ele>83.0</ele>
      </trkpt>
      <trkpt lat="36.08133994974196" lon="-121.61250991746783">
        <ele>71.3</ele>
      </trkpt>
      <trkpt lat="36.080619944259524" lon="-121.6119899880141">
        <ele>68.9</ele>
      </trkpt>
      <trkpt lat="36.08015994541347" lon="-121.61152998916805">
        <ele>73.1</ele>
      </trkpt>
      <trkpt lat="36.07967999763787" lon="-121.61116998642683">
        <ele>70.5</ele>
      </trkpt>
      <trkpt lat="36.07910994440317" lon="-121.61092992872">
        <ele>70.6</ele>
      </trkpt>
      <trkpt lat="36.078879944980145" lon="-121.61076991818845">
        <ele>70.4</ele>
      </trkpt>
      <trkpt lat="36.0786699783057" lon="-121.61057998426259">
        <ele>69.5</ele>
      </trkpt>
      <trkpt lat="36.07836998999119" lon="-121.61018997430801">
        <ele>69.0</ele>
      </trkpt>
      <trkpt lat="36.07783991843462" lon="-121.60932999104261">
        <ele>72.4</ele>
      </trkpt>
      <trkpt lat="36.076619932428" lon="-121.60705992020667">
        <ele>82.0</ele>
      </trkpt>
      <trkpt lat="36.07632991857827" lon="-121.60661995410919">
        <ele>84.9</ele>
      </trkpt>
      <trkpt lat="36.07609991915524" lon="-121.60640998743474">
        <ele>84.0</ele>
      </trkpt>
      <trkpt lat="36.0759499669075" lon="-121.60633999854326">
        <ele>82.9</ele>
      </trkpt>
      <trkpt lat="36.07576992362738" lon="-121.60628995858133">
        <ele>82.4</ele>
      </trkpt>
      <trkpt lat="36.07529995031655" lon="-121.6062499769032">
        <ele>72.8</ele>
      </trkpt>
      <trkpt lat="36.07502996921539" lon="-121.60633999854326">
        <ele>70.6</ele>
      </trkpt>
      <trkpt lat="36.074349945411086" lon="-121.60660997964442">
        <ele>69.9</ele>
      </trkpt>
      <trkpt lat="36.07413997873664" lon="-121.60664996132255">
        <ele>69.2</ele>
      </trkpt>
      <trkpt lat="36.073939986526966" lon="-121.60662992857397">
        <ele>66.5</ele>
      </trkpt>
      <trkpt lat="36.07351996935904" lon="-121.60646991804242">
        <ele>58.5</ele>
      </trkpt>
      <trkpt lat="36.072609946131706" lon="-121.60587999969721">
        <ele>58.7</ele>
      </trkpt>
      <trkpt lat="36.072369972243905" lon="-121.60565997473896">
        <ele>57.6</ele>
      </trkpt>
      <trkpt lat="36.072129998356104" lon="-121.60530994646251">
        <ele>56.9</ele>
      </trkpt>
      <trkpt lat="36.07139993458986" lon="-121.60349995829165">
        <ele>58.3</ele>
      </trkpt>
      <trkpt lat="36.0710199829191" lon="-121.60272999666631">
        <ele>53.6</ele>
      </trkpt>
      <trkpt lat="36.07074991799891" lon="-121.6022399906069">
        <ele>47.8</ele>
      </trkpt>
      <trkpt lat="36.070499969646335" lon="-121.60172995179892">
        <ele>37.7</ele>
      </trkpt>
      <trkpt lat="36.07031992636621" lon="-121.60121999680996">
        <ele>34.3</ele>
      </trkpt>
      <trkpt lat="36.0697799641639" lon="-121.59911999478936">
        <ele>32.1</ele>
      </trkpt>
      <trkpt lat="36.06964996084571" lon="-121.59874993376434">
        <ele>31.7</ele>
      </trkpt>
      <trkpt lat="36.06945994310081" lon="-121.59838993102312">
        <ele>34.3</ele>
      </trkpt>
      <trkpt lat="36.068739937618375" lon="-121.59734998829663">
        <ele>31.0</ele>
      </trkpt>
      <trkpt lat="36.06820994988084" lon="-121.59661992453039">
        <ele>32.0</ele>
      </trkpt>
      <trkpt lat="36.06771994382143" lon="-121.59588994458318">
        <ele>41.1</ele>
      </trkpt>
      <trkpt lat="36.06723999604583" lon="-121.59511998295784">
        <ele>43.5</ele>
      </trkpt>
      <trkpt lat="36.06698996387422" lon="-121.59461991861463">
        <ele>44.7</ele>
      </trkpt>
      <trkpt lat="36.06610994786024" lon="-121.59249996766448">
        <ele>58.7</ele>
      </trkpt>
      <trkpt lat="36.0659599956125" lon="-121.59224993549287">
        <ele>57.3</ele>
      </trkpt>
      <trkpt lat="36.06574994511902" lon="-121.59206997603178">
        <ele>56.9</ele>
      </trkpt>
      <trkpt lat="36.065279971808195" lon="-121.59195992164314">
        <ele>55.0</ele>
      </trkpt>
      <trkpt lat="36.06480999849737" lon="-121.59177996218204">
        <ele>54.4</ele>
      </trkpt>
      <trkpt lat="36.064209938049316" lon="-121.59149992279708">
        <ele>56.6</ele>
      </trkpt>
      <trkpt lat="36.063669975847006" lon="-121.59120999276638">
        <ele>61.7</ele>
      </trkpt>
      <trkpt lat="36.06332992203534" lon="-121.59112994559109">
        <ele>60.3</ele>
      </trkpt>
      <trkpt lat="36.06304996646941" lon="-121.59111997112632">
        <ele>56.5</ele>
      </trkpt>
      <trkpt lat="36.061499984934926" lon="-121.59125994890928">
        <ele>54.2</ele>
      </trkpt>
      <trkpt lat="36.06098994612694" lon="-121.59116992726922">
        <ele>56.2</ele>
      </trkpt>
      <trkpt lat="36.05804999358952" lon="-121.59044992178679">
        <ele>67.4</ele>
      </trkpt>
      <trkpt lat="36.057309955358505" lon="-121.59025998786092">
        <ele>69.8</ele>
      </trkpt>
      <trkpt lat="36.056559942662716" lon="-121.59002998843789">
        <ele>77.3</ele>
      </trkpt>
      <trkpt lat="36.05617999099195" lon="-121.58983997069299">
        <ele>77.4</ele>
      </trkpt>
      <trkpt lat="36.05585996992886" lon="-121.58956998959184">
        <ele>77.0</ele>
      </trkpt>
      <trkpt lat="36.055589988827705" lon="-121.58922993578017">
        <ele>79.4</ele>
      </trkpt>
      <trkpt lat="36.05507995001972" lon="-121.58825998194516">
        <ele>78.4</ele>
      </trkpt>
      <trkpt lat="36.054879957810044" lon="-121.5879299864173">
        <ele>79.2</ele>
      </trkpt>
      <trkpt lat="36.05464995838702" lon="-121.58771993592381">
        <ele>81.2</ele>
      </trkpt>
      <trkpt lat="36.054259948432446" lon="-121.58761993981898">
        <ele>81.4</ele>
      </trkpt>
      <trkpt lat="36.05191997252405" lon="-121.58738994039595">
        <ele>80.3</ele>
      </trkpt>
      <trkpt lat="36.051699947565794" lon="-121.58739999867976">
        <ele>80.1</ele>
      </trkpt>
      <trkpt lat="36.05148998089135" lon="-121.58745992928743">
        <ele>79.8</ele>
      </trkpt>
      <trkpt lat="36.05129996314645" lon="-121.58758993260562">
        <ele>79.0</ele>
      </trkpt>
      <trkpt lat="36.05106996372342" lon="-121.58782999031246">
        <ele>77.7</ele>
      </trkpt>
      <trkpt lat="36.05028994381428" lon="-121.58929992467165">
        <ele>79.8</ele>
      </trkpt>
      <trkpt lat="36.050089951604605" lon="-121.58957996405661">
        <ele>79.4</ele>
      </trkpt>
      <trkpt lat="36.04987998493016" lon="-121.58972991630435">
        <ele>79.5</ele>
      </trkpt>
      <trkpt lat="36.04966993443668" lon="-121.58978993073106">
        <ele>79.8</ele>
      </trkpt>
      <trkpt lat="36.049529956653714" lon="-121.58980996347964">
        <ele>79.3</ele>
      </trkpt>
      <trkpt lat="36.04936994612217" lon="-121.58977995626628">
        <ele>78.7</ele>
      </trkpt>
      <trkpt lat="36.049229968339205" lon="-121.58971994183958">
        <ele>77.9</ele>
      </trkpt>
      <trkpt lat="36.04899996891618" lon="-121.58948994241655">
        <ele>77.0</ele>
      </trkpt>
      <trkpt lat="36.04813998565078" lon="-121.58819996751845">
        <ele>68.2</ele>
      </trkpt>
      <trkpt lat="36.046479949727654" lon="-121.58638997934759">
        <ele>52.7</ele>
      </trkpt>
      <trkpt lat="36.04568995535374" lon="-121.58566997386515">
        <ele>56.6</ele>
      </trkpt>
      <trkpt lat="36.04337998665869" lon="-121.58371992409229">
        <ele>45.5</ele>
      </trkpt>
      <trkpt lat="36.04119993746281" lon="-121.5814899187535">
        <ele>49.7</ele>
      </trkpt>
      <trkpt lat="36.04061999358237" lon="-121.58098993822932">
        <ele>52.4</ele>
      </trkpt>
      <trkpt lat="36.03999998420477" lon="-121.58065994270146">
        <ele>53.3</ele>
      </trkpt>
      <trkpt lat="36.03911996819079" lon="-121.58040999434888">
        <ele>64.8</ele>
      </trkpt>
      <trkpt lat="36.03825998492539" lon="-121.58011998049915">
        <ele>67.2</ele>
      </trkpt>
      <trkpt lat="36.03724996559322" lon="-121.57959996722639">
        <ele>68.5</ele>
      </trkpt>
      <trkpt lat="36.03543997742236" lon="-121.57830999232829">
        <ele>67.0</ele>
      </trkpt>
      <trkpt lat="36.033909944817424" lon="-121.5771299879998">
        <ele>81.7</ele>
      </trkpt>
      <trkpt lat="36.03337995707989" lon="-121.57674995251">
        <ele>80.3</ele>
      </trkpt>
      <trkpt lat="36.032619969919324" lon="-121.57629992812872">
        <ele>79.8</ele>
      </trkpt>
      <trkpt lat="36.03189996443689" lon="-121.57581998035312">
        <ele>79.4</ele>
      </trkpt>
      <trkpt lat="36.031329995021224" lon="-121.57532997429371">
        <ele>81.2</ele>
      </trkpt>
      <trkpt lat="36.030429946258664" lon="-121.5745999943465">
        <ele>94.5</ele>
      </trkpt>
      <trkpt lat="36.02996994741261" lon="-121.57437996938825">
        <ele>91.1</ele>
      </trkpt>
      <trkpt lat="36.02916997857392" lon="-121.5740299411118">
        <ele>83.5</ele>
      </trkpt>
      <trkpt lat="36.02674995549023" lon="-121.57298999838531">
        <ele>77.7</ele>
      </trkpt>
      <trkpt lat="36.02615995332599" lon="-121.57268992625177">
        <ele>71.2</ele>
      </trkpt>
      <trkpt lat="36.02539996616542" lon="-121.57212993130088">
        <ele>68.2</ele>
      </trkpt>
      <trkpt lat="36.02448994293809" lon="-121.5713099297136">
        <ele>66.8</ele>
      </trkpt>
      <trkpt lat="36.024159947410226" lon="-121.5709599852562">
        <ele>66.2</ele>
      </trkpt>
      <trkpt lat="36.02383992634714" lon="-121.57054994255304">
        <ele>66.1</ele>
      </trkpt>
      <trkpt lat="36.02313995361328" lon="-121.56942995265126">
        <ele>65.2</ele>
      </trkpt>
      <trkpt lat="36.021409928798676" lon="-121.5655699186027">
        <ele>65.1</ele>
      </trkpt>
      <trkpt lat="36.02123994380236" lon="-121.56510991975665">
        <ele>65.3</ele>
      </trkpt>
      <trkpt lat="36.021169954910874" lon="-121.5646499209106">
        <ele>66.7</ele>
      </trkpt>
      <trkpt lat="36.021209936589" lon="-121.56395992264152">
        <ele>71.7</ele>
      </trkpt>
      <trkpt lat="36.021539932116866" lon="-121.56283993273973">
        <ele>79.6</ele>
      </trkpt>
      <trkpt lat="36.021709917113185" lon="-121.5621199272573">
        <ele>80.8</ele>
      </trkpt>
      <trkpt lat="36.021899934858084" lon="-121.5610199701041">
        <ele>80.1</ele>
      </trkpt>
      <trkpt lat="36.02188996039331" lon="-121.56050993129611">
        <ele>81.7</ele>
      </trkpt>
      <trkpt lat="36.02184997871518" lon="-121.55999997630715">
        <ele>91.0</ele>
      </trkpt>
      <trkpt lat="36.0217799898237" lon="-121.55940997414291">
        <ele>97.7</ele>
      </trkpt>
      <trkpt lat="36.02176993153989" lon="-121.55916991643608">
        <ele>106.3</ele>
      </trkpt>
      <trkpt lat="36.02192994207144" lon="-121.55628997832537">
        <ele>101.6</ele>
      </trkpt>
      <trkpt lat="36.021989956498146" lon="-121.55459993518889">
        <ele>99.3</ele>
      </trkpt>
      <trkpt lat="36.02193991653621" lon="-121.55413993634284">
        <ele>92.7</ele>
      </trkpt>
      <trkpt lat="36.021749982610345" lon="-121.55316998250782">
        <ele>95.2</ele>
      </trkpt>
      <trkpt lat="36.021599946543574" lon="-121.55285993590951">
        <ele>95.7</ele>
      </trkpt>
      <trkpt lat="36.021429961547256" lon="-121.55259992927313">
        <ele>98.2</ele>
      </trkpt>
      <trkpt lat="36.02102997712791" lon="-121.55223992653191">
        <ele>98.9</ele>
      </trkpt>
      <trkpt lat="36.02067198604345" lon="-121.5518379304558">
        <ele>107.6</ele>
      </trkpt>
      <trkpt lat="36.020616916939616" lon="-121.55165797099471">
        <ele>110.0</ele>
      </trkpt>
      <trkpt lat="36.02056494913995" lon="-121.55112295411527">
        <ele>105.3</ele>
      </trkpt>
      <trkpt lat="36.020593950524926" lon="-121.55072892084718">
        <ele>104.3</ele>
      </trkpt>
      <trkpt lat="36.02096099406481" lon="-121.54872698709369">
        <ele>109.9</ele>
      </trkpt>
      <trkpt lat="36.02098194882274" lon="-121.54841995798051">
        <ele>114.3</ele>
      </trkpt>
      <trkpt lat="36.020890921354294" lon="-121.54757397249341">
        <ele>113.8</ele>
      </trkpt>
      <trkpt lat="36.020570984110236" lon="-121.54641995206475">
        <ele>122.4</ele>
      </trkpt>
      <trkpt lat="36.02042295970023" lon="-121.54542191885412">
        <ele>126.5</ele>
      </trkpt>
      <trkpt lat="36.02039094083011" lon="-121.54490592889488">
        <ele>127.8</ele>
      </trkpt>
      <trkpt lat="36.020401921123266" lon="-121.54433595947921">
        <ele>129.2</ele>
      </trkpt>
      <trkpt lat="36.0205349419266" lon="-121.54337095096707">
        <ele>137.1</ele>
      </trkpt>
      <trkpt lat="36.020523961633444" lon="-121.54259998351336">
        <ele>141.1</ele>
      </trkpt>
      <trkpt lat="36.02046998217702" lon="-121.54224392026663">
        <ele>147.5</ele>
      </trkpt>
      <trkpt lat="36.020401921123266" lon="-121.54200796969235">
        <ele>152.1</ele>
      </trkpt>
      <trkpt lat="36.01915796287358" lon="-121.53834893368185">
        <ele>144.0</ele>
      </trkpt>
      <trkpt lat="36.01850291714072" lon="-121.53653198853135">
        <ele>133.7</ele>
      </trkpt>
      <trkpt lat="36.01838992908597" lon="-121.53628095053136">
        <ele>130.9</ele>
      </trkpt>
      <trkpt lat="36.018188931047916" lon="-121.53600694611669">
        <ele>128.8</ele>
      </trkpt>
      <trkpt lat="36.017778972163796" lon="-121.535584917292">
        <ele>129.8</ele>
      </trkpt>
      <trkpt lat="36.016981936991215" lon="-121.53491696342826">
        <ele>125.8</ele>
      </trkpt>
      <trkpt lat="36.01683994755149" lon="-121.53470791876316">
        <ele>122.3</ele>
      </trkpt>
      <trkpt lat="36.01624097675085" lon="-121.53359396383166">
        <ele>111.3</ele>
      </trkpt>
      <trkpt lat="36.015906957909465" lon="-121.53265695087612">
        <ele>106.6</ele>
      </trkpt>
      <trkpt lat="36.01572398096323" lon="-121.53203895315528">
        <ele>103.3</ele>
      </trkpt>
      <trkpt lat="36.015474954620004" lon="-121.53105592355132">
        <ele>98.4</ele>
      </trkpt>
      <trkpt lat="36.01518292911351" lon="-121.53019996359944">
        <ele>95.2</ele>
      </trkpt>
      <trkpt lat="36.01510698907077" lon="-121.52939094230533">
        <ele>96.0</ele>
      </trkpt>
      <trkpt lat="36.01496399380267" lon="-121.52897193096578">
        <ele>87.1</ele>
      </trkpt>
      <trkpt lat="36.01475494913757" lon="-121.52852492406964">
        <ele>85.2</ele>
      </trkpt>
      <trkpt lat="36.01432194001973" lon="-121.52808093465865">
        <ele>79.5</ele>
      </trkpt>
      <trkpt lat="36.0138329397887" lon="-121.52744692750275">
        <ele>77.3</ele>
      </trkpt>
      <trkpt lat="36.0132509842515" lon="-121.52682398445904">
        <ele>69.9</ele>
      </trkpt>
      <trkpt lat="36.0128209926188" lon="-121.52643095701933">
        <ele>67.3</ele>
      </trkpt>
      <trkpt lat="36.01237691938877" lon="-121.52593097649515">
        <ele>65.6</ele>
      </trkpt>
      <trkpt lat="36.01153193973005" lon="-121.52510292828083">
        <ele>53.2</ele>
      </trkpt>
      <trkpt lat="36.01071797311306" lon="-121.52448199689388">
        <ele>57.0</ele>
      </trkpt>
      <trkpt lat="36.01021992042661" lon="-121.5240129455924">
        <ele>56.2</ele>
      </trkpt>
      <trkpt lat="36.010058987885714" lon="-121.52380792424083">
        <ele>54.1</ele>
      </trkpt>
      <trkpt lat="36.009953962638974" lon="-121.52361497282982">
        <ele>52.5</ele>
      </trkpt>
      <trkpt lat="36.00984097458422" lon="-121.52324197813869">
        <ele>52.3</ele>
      </trkpt>
      <trkpt lat="36.00981398485601" lon="-121.52303092181683">
        <ele>53.4</ele>
      </trkpt>
      <trkpt lat="36.00959999486804" lon="-121.52038995176554">
        <ele>35.4</ele>
      </trkpt>
      <trkpt lat="36.00964995101094" lon="-121.52029993012547">
        <ele>39.3</ele>
      </trkpt>
      <trkpt lat="36.00942992605269" lon="-121.5196099318564">
        <ele>32.1</ele>
      </trkpt>
      <trkpt lat="36.00946999154985" lon="-121.51911992579699">
        <ele>22.1</ele>
      </trkpt>
      <trkpt lat="36.009529922157526" lon="-121.51895999908447">
        <ele>16.8</ele>
      </trkpt>
      <trkpt lat="36.00965992547572" lon="-121.518749948591">
        <ele>11.4</ele>
      </trkpt>
      <trkpt lat="36.009589936584234" lon="-121.51867995969951">
        <ele>10.1</ele>
      </trkpt>
      <trkpt lat="36.00935993716121" lon="-121.51867995969951">
        <ele>9.2</ele>
      </trkpt>
      <trkpt lat="36.00981993600726" lon="-121.51839992031455">
        <ele>13.8</ele>
      </trkpt>
      <trkpt lat="36.00998992100358" lon="-121.518379971385">
        <ele>15.4</ele>
      </trkpt>
      <trkpt lat="36.010109949857" lon="-121.51833998970687">
        <ele>16.7</ele>
      </trkpt>
      <trkpt lat="36.009929990395904" lon="-121.5181399974972">
        <ele>19.4</ele>
      </trkpt>
      <trkpt lat="36.00970996543765" lon="-121.51801996864378">
        <ele>19.8</ele>
      </trkpt>
      <trkpt lat="36.00940997712314" lon="-121.51790999807417">
        <ele>20.3</ele>
      </trkpt>
      <trkpt lat="36.00918995216489" lon="-121.51795995421708">
        <ele>23.8</ele>
      </trkpt>
      <trkpt lat="36.009029941633344" lon="-121.51806992478669">
        <ele>29.9</ele>
      </trkpt>
      <trkpt lat="36.00889993831515" lon="-121.51821996085346">
        <ele>30.8</ele>
      </trkpt>
      <trkpt lat="36.00876993499696" lon="-121.51826991699636">
        <ele>32.4</ele>
      </trkpt>
      <trkpt lat="36.00864998996258" lon="-121.51816992089152">
        <ele>35.3</ele>
      </trkpt>
      <trkpt lat="36.008559968322515" lon="-121.51819992810488">
        <ele>36.2</ele>
      </trkpt>
      <trkpt lat="36.00845997221768" lon="-121.51792994700372">
        <ele>35.3</ele>
      </trkpt>
      <trkpt lat="36.00839995779097" lon="-121.51764999143779">
        <ele>33.2</ele>
      </trkpt>
      <trkpt lat="36.00833994336426" lon="-121.51700994931161">
        <ele>35.3</ele>
      </trkpt>
      <trkpt lat="36.00821999832988" lon="-121.51644995436072">
        <ele>36.1</ele>
      </trkpt>
      <trkpt lat="36.00793995894492" lon="-121.51538997888565">
        <ele>33.3</ele>
      </trkpt>
      <trkpt lat="36.00788991898298" lon="-121.51506995782256">
        <ele>33.6</ele>
      </trkpt>
      <trkpt lat="36.00790995173156" lon="-121.51428993791342">
        <ele>48.5</ele>
      </trkpt>
      <trkpt lat="36.00787994451821" lon="-121.51391996070743">
        <ele>49.3</ele>
      </trkpt>
      <trkpt lat="36.00777994841337" lon="-121.51332995854318">
        <ele>46.5</ele>
      </trkpt>
      <trkpt lat="36.00761993788183" lon="-121.51276996359229">
        <ele>43.5</ele>
      </trkpt>
      <trkpt lat="36.00712993182242" lon="-121.51146993041039">
        <ele>44.9</ele>
      </trkpt>
      <trkpt lat="36.00635997019708" lon="-121.5102899260819">
        <ele>42.6</ele>
      </trkpt>
      <trkpt lat="36.005829982459545" lon="-121.50938996113837">
        <ele>43.8</ele>
      </trkpt>
      <trkpt lat="36.005679946392775" lon="-121.50917999446392">
        <ele>42.8</ele>
      </trkpt>
      <trkpt lat="36.00546997971833" lon="-121.50893993675709">
        <ele>44.0</ele>
      </trkpt>
      <trkpt lat="36.005249954760075" lon="-121.50872997008264">
        <ele>46.6</ele>
      </trkpt>
      <trkpt lat="36.00506999529898" lon="-121.50848999619484">
        <ele>53.1</ele>
      </trkpt>
      <trkpt lat="36.00482993759215" lon="-121.50808992795646">
        <ele>54.8</ele>
      </trkpt>
      <trkpt lat="36.004499942064285" lon="-121.50762992911041">
        <ele>52.6</ele>
      </trkpt>
      <trkpt lat="36.00414999760687" lon="-121.50725995190442">
        <ele>55.2</ele>
      </trkpt>
      <trkpt lat="36.00385998375714" lon="-121.5068999491632">
        <ele>54.7</ele>
      </trkpt>
      <trkpt lat="36.003379952162504" lon="-121.50614993646741">
        <ele>55.3</ele>
      </trkpt>
      <trkpt lat="36.00299991667271" lon="-121.50539992377162">
        <ele>57.3</ele>
      </trkpt>
      <trkpt lat="36.00276991724968" lon="-121.50505995377898">
        <ele>58.1</ele>
      </trkpt>
      <trkpt lat="36.00225996226072" lon="-121.50453994050622">
        <ele>70.2</ele>
      </trkpt>
      <trkpt lat="36.00210992619395" lon="-121.50434992276132">
        <ele>70.0</ele>
      </trkpt>
      <trkpt lat="36.00180993787944" lon="-121.50382999330759">
        <ele>69.9</ele>
      </trkpt>
      <trkpt lat="36.00112999789417" lon="-121.50297998450696">
        <ele>66.8</ele>
      </trkpt>
      <trkpt lat="36.00089999847114" lon="-121.50259994901717">
        <ele>66.6</ele>
      </trkpt>
      <trkpt lat="36.00061995908618" lon="-121.50198999792337">
        <ele>68.5</ele>
      </trkpt>
      <trkpt lat="36.00040999241173" lon="-121.5016499441117">
        <ele>70.9</ele>
      </trkpt>
      <trkpt lat="36.000179992988706" lon="-121.50137996301055">
        <ele>76.1</ele>
      </trkpt>
      <trkpt lat="35.99966995418072" lon="-121.50089993141592">
        <ele>85.1</ele>
      </trkpt>
      <trkpt lat="35.99803992547095" lon="-121.49957994930446">
        <ele>82.6</ele>
      </trkpt>
      <trkpt lat="35.996849946677685" lon="-121.49852994829416">
        <ele>85.2</ele>
      </trkpt>
      <trkpt lat="35.99650997668505" lon="-121.49824999272823">
        <ele>82.5</ele>
      </trkpt>
      <trkpt lat="35.99604997783899" lon="-121.4980099350214">
        <ele>82.8</ele>
      </trkpt>
      <trkpt lat="35.99221995100379" lon="-121.49631997570395">
        <ele>66.5</ele>
      </trkpt>
      <trkpt lat="35.9916599560529" lon="-121.49596994742751">
        <ele>65.4</ele>
      </trkpt>
      <trkpt lat="35.99131998606026" lon="-121.49570994079113">
        <ele>62.4</ele>
      </trkpt>
      <trkpt lat="35.98970999009907" lon="-121.49467997252941">
        <ele>56.7</ele>
      </trkpt>
      <trkpt lat="35.98882997408509" lon="-121.49422994814813">
        <ele>55.6</ele>
      </trkpt>
      <trkpt lat="35.9861599188298" lon="-121.49299998767674">
        <ele>44.6</ele>
      </trkpt>
      <trkpt lat="35.98527998663485" lon="-121.49269999936223">
        <ele>34.9</ele>
      </trkpt>
      <trkpt lat="35.98504998721182" lon="-121.49253998883069">
        <ele>34.6</ele>
      </trkpt>
      <trkpt lat="35.98489995114505" lon="-121.49238995276392">
        <ele>31.3</ele>
      </trkpt>
      <trkpt lat="35.98458998836577" lon="-121.49194998666644">
        <ele>30.9</ele>
      </trkpt>
      <trkpt lat="35.9840599168092" lon="-121.49147992953658">
        <ele>29.9</ele>
      </trkpt>
      <trkpt lat="35.98385992459953" lon="-121.49133995175362">
        <ele>28.4</ele>
      </trkpt>
      <trkpt lat="35.98334996961057" lon="-121.49106997065246">
        <ele>26.6</ele>
      </trkpt>
      <trkpt lat="35.982859963551164" lon="-121.49083997122943">
        <ele>24.9</ele>
      </trkpt>
      <trkpt lat="35.9816699847579" lon="-121.49021996185184">
        <ele>23.0</ele>
      </trkpt>
      <trkpt lat="35.98119992762804" lon="-121.49004997685552">
        <ele>22.7</ele>
      </trkpt>
      <trkpt lat="35.98097998648882" lon="-121.49003991857171">
        <ele>22.0</ele>
      </trkpt>
      <trkpt lat="35.98074998706579" lon="-121.49005995132029">
        <ele>21.3</ele>
      </trkpt>
      <trkpt lat="35.98039995878935" lon="-121.49013999849558">
        <ele>19.5</ele>
      </trkpt>
      <trkpt lat="35.980219999328256" lon="-121.49013999849558">
        <ele>20.2</ele>
      </trkpt>
      <trkpt lat="35.98005998879671" lon="-121.49009993299842">
        <ele>21.0</ele>
      </trkpt>
      <trkpt lat="35.97981993108988" lon="-121.48997998796403">
        <ele>21.9</ele>
      </trkpt>
      <trkpt lat="35.97954994998872" lon="-121.48979994468391">
        <ele>21.8</ele>
      </trkpt>
      <trkpt lat="35.97915994003415" lon="-121.48948998190463">
        <ele>23.4</ele>
      </trkpt>
      <trkpt lat="35.97874998115003" lon="-121.48923994973302">
        <ele>28.5</ele>
      </trkpt>
      <trkpt lat="35.97827992402017" lon="-121.48905999027193">
        <ele>27.9</ele>
      </trkpt>
      <trkpt lat="35.976219987496734" lon="-121.48836999200284">
        <ele>36.9</ele>
      </trkpt>
      <trkpt lat="35.97502992488444" lon="-121.48788996040821">
        <ele>44.6</ele>
      </trkpt>
      <trkpt lat="35.97451996989548" lon="-121.48779993876815">
        <ele>43.9</ele>
      </trkpt>
      <trkpt lat="35.97432995215058" lon="-121.48774998262525">
        <ele>44.8</ele>
      </trkpt>
      <trkpt lat="35.973729975521564" lon="-121.48750992491841">
        <ele>45.9</ele>
      </trkpt>
      <trkpt lat="35.9734499361366" lon="-121.48735997267067">
        <ele>45.0</ele>
      </trkpt>
      <trkpt lat="35.97317995503545" lon="-121.48712997324765">
        <ele>48.9</ele>
      </trkpt>
      <trkpt lat="35.97221997566521" lon="-121.48619991727173">
        <ele>50.4</ele>
      </trkpt>
      <trkpt lat="35.97127994522452" lon="-121.4851899817586">
        <ele>46.0</ele>
      </trkpt>
      <trkpt lat="35.97076999023557" lon="-121.48477993905544">
        <ele>50.1</ele>
      </trkpt>
      <trkpt lat="35.97034997306764" lon="-121.48450995795429">
        <ele>50.0</ele>
      </trkpt>
      <trkpt lat="35.96879999153316" lon="-121.48367998190224">
        <ele>58.0</ele>
      </trkpt>
      <trkpt lat="35.968509977683425" lon="-121.48354997858405">
        <ele>56.4</ele>
      </trkpt>
      <trkpt lat="35.96819993108511" lon="-121.48347998969257">
        <ele>54.7</ele>
      </trkpt>
      <trkpt lat="35.96791997551918" lon="-121.48343992419541">
        <ele>53.3</ele>
      </trkpt>
      <trkpt lat="35.96758997999132" lon="-121.48344998247921">
        <ele>51.6</ele>
      </trkpt>
      <trkpt lat="35.967309940606356" lon="-121.48349993862212">
        <ele>52.4</ele>
      </trkpt>
      <trkpt lat="35.96581997349858" lon="-121.48404995910823">
        <ele>46.2</ele>
      </trkpt>
      <trkpt lat="35.96546994522214" lon="-121.48411994799972">
        <ele>49.9</ele>
      </trkpt>
      <trkpt lat="35.96505998633802" lon="-121.48412992246449">
        <ele>44.2</ele>
      </trkpt>
      <trkpt lat="35.963029973208904" lon="-121.4839499630034">
        <ele>45.8</ele>
      </trkpt>
      <trkpt lat="35.96176992170513" lon="-121.48380998522043">
        <ele>53.7</ele>
      </trkpt>
      <trkpt lat="35.961419977247715" lon="-121.48367998190224">
        <ele>55.3</ele>
      </trkpt>
      <trkpt lat="35.961079923436046" lon="-121.48348996415734">
        <ele>55.8</ele>
      </trkpt>
      <trkpt lat="35.96069997176528" lon="-121.48323993198574">
        <ele>58.3</ele>
      </trkpt>
      <trkpt lat="35.959979966282845" lon="-121.48269996978343">
        <ele>57.1</ele>
      </trkpt>
      <trkpt lat="35.9595799818635" lon="-121.48245999589562">
        <ele>61.3</ele>
      </trkpt>
      <trkpt lat="35.958559988066554" lon="-121.48195993155241">
        <ele>74.1</ele>
      </trkpt>
      <trkpt lat="35.95774996094406" lon="-121.48168995045125">
        <ele>80.1</ele>
      </trkpt>
      <trkpt lat="35.956949992105365" lon="-121.48151996545494">
        <ele>73.6</ele>
      </trkpt>
      <trkpt lat="35.95629997551441" lon="-121.48145995102823">
        <ele>74.0</ele>
      </trkpt>
      <trkpt lat="35.95541995950043" lon="-121.48145995102823">
        <ele>71.0</ele>
      </trkpt>
      <trkpt lat="35.95453994348645" lon="-121.48142994381487">
        <ele>61.9</ele>
      </trkpt>
      <trkpt lat="35.95391993410885" lon="-121.48133992217481">
        <ele>59.3</ele>
      </trkpt>
      <trkpt lat="35.95334996469319" lon="-121.48118996992707">
        <ele>57.2</ele>
      </trkpt>
      <trkpt lat="35.9528399258852" lon="-121.48101998493075">
        <ele>56.0</ele>
      </trkpt>
      <trkpt lat="35.95176997594535" lon="-121.4805499278009">
        <ele>51.4</ele>
      </trkpt>
      <trkpt lat="35.94698994420469" lon="-121.47724997252226">
        <ele>37.5</ele>
      </trkpt>
      <trkpt lat="35.94694996252656" lon="-121.47707998752594">
        <ele>39.1</ele>
      </trkpt>
      <trkpt lat="35.946599934250116" lon="-121.47645997814834">
        <ele>44.8</ele>
      </trkpt>
      <trkpt lat="35.94626993872225" lon="-121.47624992765486">
        <ele>45.0</ele>
      </trkpt>
      <trkpt lat="35.94610992819071" lon="-121.47621992044151">
        <ele>43.3</ele>
      </trkpt>
      <trkpt lat="35.94563995487988" lon="-121.47618999704719">
        <ele>38.9</ele>
      </trkpt>
      <trkpt lat="35.94551992602646" lon="-121.47620994597673">
        <ele>38.1</ele>
      </trkpt>
      <trkpt lat="35.94048994593322" lon="-121.47269994020462">
        <ele>38.3</ele>
      </trkpt>
      <trkpt lat="35.9387799538672" lon="-121.47153996862471">
        <ele>41.4</ele>
      </trkpt>
      <trkpt lat="35.93719996511936" lon="-121.47040992043912">
        <ele>34.7</ele>
      </trkpt>
      <trkpt lat="35.93656998127699" lon="-121.47001999430358">
        <ele>35.2</ele>
      </trkpt>
      <trkpt lat="35.936089949682355" lon="-121.4697599876672">
        <ele>35.6</ele>
      </trkpt>
      <trkpt lat="35.93527992255986" lon="-121.46941993385553">
        <ele>36.3</ele>
      </trkpt>
      <trkpt lat="35.9343399759382" lon="-121.4691899344325">
        <ele>43.5</ele>
      </trkpt>
      <trkpt lat="35.93264993280172" lon="-121.46887997165322">
        <ele>45.0</ele>
      </trkpt>
      <trkpt lat="35.93098998069763" lon="-121.46850999444723">
        <ele>47.8</ele>
      </trkpt>
      <trkpt lat="35.929559944197536" lon="-121.46797992289066">
        <ele>49.1</ele>
      </trkpt>
      <trkpt lat="35.92760997824371" lon="-121.46717995405197">
        <ele>49.3</ele>
      </trkpt>
      <trkpt lat="35.92537997290492" lon="-121.46632994525135">
        <ele>52.2</ele>
      </trkpt>
      <trkpt lat="35.924679916352034" lon="-121.46615996025503">
        <ele>52.4</ele>
      </trkpt>
      <trkpt lat="35.923519944772124" lon="-121.46603993140161">
        <ele>55.6</ele>
      </trkpt>
      <trkpt lat="35.92275995761156" lon="-121.46604998968542">
        <ele>53.2</ele>
      </trkpt>
      <trkpt lat="35.92197993770242" lon="-121.46615996025503">
        <ele>50.0</ele>
      </trkpt>
      <trkpt lat="35.92141994275153" lon="-121.46628996357322">
        <ele>49.7</ele>
      </trkpt>
      <trkpt lat="35.92034999281168" lon="-121.46667997352779">
        <ele>51.5</ele>
      </trkpt>
      <trkpt lat="35.91968991793692" lon="-121.46704995073378">
        <ele>47.3</ele>
      </trkpt>
      <trkpt lat="35.91894996352494" lon="-121.46757993847132">
        <ele>44.8</ele>
      </trkpt>
      <trkpt lat="35.91804999858141" lon="-121.4682699367404">
        <ele>50.8</ele>
      </trkpt>
      <trkpt lat="35.91731993481517" lon="-121.46877997554839">
        <ele>50.5</ele>
      </trkpt>
      <trkpt lat="35.91703997924924" lon="-121.46892992779613">
        <ele>52.7</ele>
      </trkpt>
      <trkpt lat="35.91662993654609" lon="-121.46911994554102">
        <ele>58.9</ele>
      </trkpt>
      <trkpt lat="35.91637998819351" lon="-121.4691899344325">
        <ele>60.5</ele>
      </trkpt>
      <trkpt lat="35.91615996323526" lon="-121.46921994164586">
        <ele>61.0</ele>
      </trkpt>
      <trkpt lat="35.91575997881591" lon="-121.46921994164586">
        <ele>60.4</ele>
      </trkpt>
      <trkpt lat="35.9154499322176" lon="-121.46919999271631">
        <ele>60.2</ele>
      </trkpt>
      <trkpt lat="35.915139969438314" lon="-121.4691399782896">
        <ele>61.0</ele>
      </trkpt>
      <trkpt lat="35.91480997391045" lon="-121.46903998218477">
        <ele>61.4</ele>
      </trkpt>
      <trkpt lat="35.914539992809296" lon="-121.468889946118">
        <ele>62.0</ele>
      </trkpt>
      <trkpt lat="35.9137299656868" lon="-121.46830991841853">
        <ele>62.1</ele>
      </trkpt>
      <trkpt lat="35.906889997422695" lon="-121.4626699872315">
        <ele>90.3</ele>
      </trkpt>
      <trkpt lat="35.90618994086981" lon="-121.46237997338176">
        <ele>90.5</ele>
      </trkpt>
      <trkpt lat="35.90580998919904" lon="-121.46227997727692">
        <ele>94.4</ele>
      </trkpt>
      <trkpt lat="35.905559957027435" lon="-121.46216992288828">
        <ele>100.7</ele>
      </trkpt>
      <trkpt lat="35.905409920960665" lon="-121.46205995231867">
        <ele>100.1</ele>
      </trkpt>
      <trkpt lat="35.90513993985951" lon="-121.46164999343455">
        <ele>97.3</ele>
      </trkpt>
      <trkpt lat="35.90491999872029" lon="-121.46139996126294">
        <ele>94.0</ele>
      </trkpt>
      <trkpt lat="35.90472998097539" lon="-121.46122997626662">
        <ele>92.3</ele>
      </trkpt>
      <trkpt lat="35.90452998876572" lon="-121.46112998016179">
        <ele>91.4</ele>
      </trkpt>
      <trkpt lat="35.904379952698946" lon="-121.46108999848366">
        <ele>92.0</ele>
      </trkpt>
      <trkpt lat="35.90404995717108" lon="-121.46109997294843">
        <ele>91.7</ele>
      </trkpt>
      <trkpt lat="35.90360999107361" lon="-121.4612399507314">
        <ele>90.9</ele>
      </trkpt>
      <trkpt lat="35.90317999944091" lon="-121.46141999401152">
        <ele>91.0</ele>
      </trkpt>
      <trkpt lat="35.902999956160784" lon="-121.46150993183255">
        <ele>90.8</ele>
      </trkpt>
      <trkpt lat="35.90154997073114" lon="-121.46244996227324">
        <ele>80.0</ele>
      </trkpt>
      <trkpt lat="35.90117999352515" lon="-121.4626699872315">
        <ele>75.2</ele>
      </trkpt>
      <trkpt lat="35.900879921391606" lon="-121.46276998333633">
        <ele>75.7</ele>
      </trkpt>
      <trkpt lat="35.90075997635722" lon="-121.46278993226588">
        <ele>76.3</ele>
      </trkpt>
      <trkpt lat="35.9005799330771" lon="-121.4627799578011">
        <ele>77.9</ele>
      </trkpt>
      <trkpt lat="35.90023996308446" lon="-121.46268993616104">
        <ele>79.8</ele>
      </trkpt>
      <trkpt lat="35.900019938126206" lon="-121.46254995837808">
        <ele>79.0</ele>
      </trkpt>
      <trkpt lat="35.899799996986985" lon="-121.46236999891698">
        <ele>78.9</ele>
      </trkpt>
      <trkpt lat="35.899589946493506" lon="-121.4620499778539">
        <ele>80.7</ele>
      </trkpt>
      <trkpt lat="35.89941996149719" lon="-121.46168997511268">
        <ele>85.3</ele>
      </trkpt>
      <trkpt lat="35.89923991821706" lon="-121.4612399507314">
        <ele>88.8</ele>
      </trkpt>
      <trkpt lat="35.899049984291196" lon="-121.46089998073876">
        <ele>79.7</ele>
      </trkpt>
      <trkpt lat="35.89881998486817" lon="-121.4606199413538">
        <ele>68.5</ele>
      </trkpt>
      <trkpt lat="35.89860993437469" lon="-121.46039991639555">
        <ele>62.9</ele>
      </trkpt>
      <trkpt lat="35.89810995385051" lon="-121.46004997193813">
        <ele>57.2</ele>
      </trkpt>
      <trkpt lat="35.89782999828458" lon="-121.45992994308472">
        <ele>52.4</ele>
      </trkpt>
      <trkpt lat="35.897479970008135" lon="-121.45982994697988">
        <ele>51.2</ele>
      </trkpt>
      <trkpt lat="35.89668997563422" lon="-121.45966993644834">
        <ele>58.9</ele>
      </trkpt>
      <trkpt lat="35.89604993350804" lon="-121.45974998362362">
        <ele>55.2</ele>
      </trkpt>
      <trkpt lat="35.8957099635154" lon="-121.45986992865801">
        <ele>52.1</ele>
      </trkpt>
      <trkpt lat="35.89542992413044" lon="-121.46011996082962">
        <ele>41.6</ele>
      </trkpt>
      <trkpt lat="35.894989958032966" lon="-121.46028994582593">
        <ele>35.1</ele>
      </trkpt>
      <trkpt lat="35.894579999148846" lon="-121.46038994193077">
        <ele>36.5</ele>
      </trkpt>
      <trkpt lat="35.8937999792397" lon="-121.46049999631941">
        <ele>39.3</ele>
      </trkpt>
      <trkpt lat="35.8927399199456" lon="-121.4606799557805">
        <ele>43.2</ele>
      </trkpt>
      <trkpt lat="35.89166997000575" lon="-121.46068993024528">
        <ele>45.3</ele>
      </trkpt>
      <trkpt lat="35.891379956156015" lon="-121.46066998131573">
        <ele>45.3</ele>
      </trkpt>
      <trkpt lat="35.89121994562447" lon="-121.4606799557805">
        <ele>45.4</ele>
      </trkpt>
      <trkpt lat="35.89086991734803" lon="-121.46075991913676">
        <ele>45.5</ele>
      </trkpt>
      <trkpt lat="35.890579987317324" lon="-121.46085999906063">
        <ele>45.5</ele>
      </trkpt>
      <trkpt lat="35.88998998515308" lon="-121.46117993630469">
        <ele>50.7</ele>
      </trkpt>
      <trkpt lat="35.889749927446246" lon="-121.46120994351804">
        <ele>56.9</ele>
      </trkpt>
      <trkpt lat="35.889489920809865" lon="-121.46119996905327">
        <ele>60.8</ele>
      </trkpt>
      <trkpt lat="35.88925992138684" lon="-121.46114992909133">
        <ele>61.7</ele>
      </trkpt>
      <trkpt lat="35.889079961925745" lon="-121.46106996573508">
        <ele>61.2</ele>
      </trkpt>
      <trkpt lat="35.88858995586634" lon="-121.46071993745863">
        <ele>59.8</ele>
      </trkpt>
      <trkpt lat="35.88831997476518" lon="-121.46057995967567">
        <ele>63.2</ele>
      </trkpt>
      <trkpt lat="35.88818997144699" lon="-121.46054995246232">
        <ele>64.3</ele>
      </trkpt>
      <trkpt lat="35.88751992210746" lon="-121.46054995246232">
        <ele>68.5</ele>
      </trkpt>
      <trkpt lat="35.88729998096824" lon="-121.46048993803561">
        <ele>72.5</ele>
      </trkpt>
      <trkpt lat="35.8871999848634" lon="-121.4604399818927">
        <ele>74.6</ele>
      </trkpt>
      <trkpt lat="35.88696998544037" lon="-121.46027997136116">
        <ele>76.3</ele>
      </trkpt>
      <trkpt lat="35.886609982699156" lon="-121.45991996861994">
        <ele>74.0</ele>
      </trkpt>
      <trkpt lat="35.88350993581116" lon="-121.45632999949157">
        <ele>84.1</ele>
      </trkpt>
      <trkpt lat="35.883129984140396" lon="-121.45585994236171">
        <ele>91.7</ele>
      </trkpt>
      <trkpt lat="35.88283997029066" lon="-121.45545995794237">
        <ele>96.1</ele>
      </trkpt>
      <trkpt lat="35.88270996697247" lon="-121.45520992577076">
        <ele>96.3</ele>
      </trkpt>
      <trkpt lat="35.88249991647899" lon="-121.45460994914174">
        <ele>97.7</ele>
      </trkpt>
      <trkpt lat="35.88229992426932" lon="-121.45360998809338">
        <ele>90.2</ele>
      </trkpt>
      <trkpt lat="35.88220998644829" lon="-121.45327999256551">
        <ele>89.6</ele>
      </trkpt>
      <trkpt lat="35.88189993984997" lon="-121.45250994712114">
        <ele>97.6</ele>
      </trkpt>
      <trkpt lat="35.881799943745136" lon="-121.45230995491147">
        <ele>98.7</ele>
      </trkpt>
      <trkpt lat="35.881709922105074" lon="-121.45217995159328">
        <ele>98.9</ele>
      </trkpt>
      <trkpt lat="35.880549950525165" lon="-121.45083993673325">
        <ele>102.0</ele>
      </trkpt>
      <trkpt lat="35.87884993292391" lon="-121.44901997409761">
        <ele>103.1</ele>
      </trkpt>
      <trkpt lat="35.877689961344004" lon="-121.4476699847728">
        <ele>103.8</ele>
      </trkpt>
      <trkpt lat="35.877179922536016" lon="-121.4470999315381">
        <ele>97.0</ele>
      </trkpt>
      <trkpt lat="35.87654993869364" lon="-121.44643994048238">
        <ele>97.4</ele>
      </trkpt>
      <trkpt lat="35.87548996321857" lon="-121.44560996443033">
        <ele>101.2</ele>
      </trkpt>
      <trkpt lat="35.874789990484715" lon="-121.44521995447576">
        <ele>102.2</ele>
      </trkpt>
      <trkpt lat="35.87265998125076" lon="-121.4442699495703">
        <ele>101.3</ele>
      </trkpt>
      <trkpt lat="35.872339960187674" lon="-121.44404992461205">
        <ele>103.0</ele>
      </trkpt>
      <trkpt lat="35.87205992080271" lon="-121.44375999458134">
        <ele>104.7</ele>
      </trkpt>
      <trkpt lat="35.87183997966349" lon="-121.44339999184012">
        <ele>105.2</ele>
      </trkpt>
      <trkpt lat="35.87168994359672" lon="-121.44298994913697">
        <ele>104.6</ele>
      </trkpt>
      <trkpt lat="35.871029952540994" lon="-121.43988998606801">
        <ele>92.3</ele>
      </trkpt>
      <trkpt lat="35.87088997475803" lon="-121.43945999443531">
        <ele>80.9</ele>
      </trkpt>
      <trkpt lat="35.870659975335" lon="-121.43905992619693">
        <ele>78.7</ele>
      </trkpt>
      <trkpt lat="35.86994994431734" lon="-121.43830999732018">
        <ele>84.1</ele>
      </trkpt>
      <trkpt lat="35.86908996105194" lon="-121.43744993023574">
        <ele>91.3</ele>
      </trkpt>
      <trkpt lat="35.867789927870035" lon="-121.43620999529958">
        <ele>88.7</ele>
      </trkpt>
      <trkpt lat="35.867489939555526" lon="-121.43597999587655">
        <ele>84.1</ele>
      </trkpt>
      <trkpt lat="35.86686993017793" lon="-121.43570993095636">
        <ele>75.9</ele>
      </trkpt>
      <trkpt lat="35.866629956290126" lon="-121.43550993874669">
        <ele>75.1</ele>
      </trkpt>
      <trkpt lat="35.86646994575858" lon="-121.43521992489696">
        <ele>76.3</ele>
      </trkpt>
      <trkpt lat="35.86632996797562" lon="-121.43471994437277">
        <ele>82.7</ele>
      </trkpt>
      <trkpt lat="35.866049928590655" lon="-121.43403992056847">
        <ele>81.5</ele>
      </trkpt>
      <trkpt lat="35.86528994143009" lon="-121.43287994898856">
        <ele>62.2</ele>
      </trkpt>
      <trkpt lat="35.86427992209792" lon="-121.43193991854787">
        <ele>17.2</ele>
      </trkpt>
      <trkpt lat="35.8641099371016" lon="-121.431749984622">
        <ele>19.8</ele>
      </trkpt>
      <trkpt lat="35.863939952105284" lon="-121.43147991970181">
        <ele>19.1</ele>
      </trkpt>
      <trkpt lat="35.86332991719246" lon="-121.4296499826014">
        <ele>35.2</ele>
      </trkpt>
      <trkpt lat="35.8631999976933" lon="-121.4293999504298">
        <ele>41.4</ele>
      </trkpt>
      <trkpt lat="35.86295993998647" lon="-121.42905998043716">
        <ele>50.7</ele>
      </trkpt>
      <trkpt lat="35.862269941717386" lon="-121.42846997827291">
        <ele>44.0</ele>
      </trkpt>
      <trkpt lat="35.86207992397249" lon="-121.42826998606324">
        <ele>42.9</ele>
      </trkpt>
      <trkpt lat="35.8619499206543" lon="-121.42804996110499">
        <ele>42.3</ele>
      </trkpt>
      <trkpt lat="35.86130996234715" lon="-121.42681991681457">
        <ele>42.2</ele>
      </trkpt>
      <trkpt lat="35.86107996292412" lon="-121.42632999457419">
        <ele>45.3</ele>
      </trkpt>
      <trkpt lat="35.86083998903632" lon="-121.42593998461962">
        <ele>43.9</ele>
      </trkpt>
      <trkpt lat="35.86048996075988" lon="-121.42546992748976">
        <ele>40.1</ele>
      </trkpt>
      <trkpt lat="35.86031997576356" lon="-121.4251999463886">
        <ele>39.1</ele>
      </trkpt>
      <trkpt lat="35.86006994359195" lon="-121.42462997697294">
        <ele>30.2</ele>
      </trkpt>
      <trkpt lat="35.85995997302234" lon="-121.42430995590985">
        <ele>33.2</ele>
      </trkpt>
      <trkpt lat="35.85982996970415" lon="-121.42376999370754">
        <ele>34.0</ele>
      </trkpt>
      <trkpt lat="35.859449934214354" lon="-121.42173998057842">
        <ele>24.2</ele>
      </trkpt>
      <trkpt lat="35.85926997475326" lon="-121.42106993123889">
        <ele>23.5</ele>
      </trkpt>
      <trkpt lat="35.8591799531132" lon="-121.42063993960619">
        <ele>24.2</ele>
      </trkpt>
      <trkpt lat="35.858869990333915" lon="-121.41855997033417">
        <ele>26.2</ele>
      </trkpt>
      <trkpt lat="35.858589950948954" lon="-121.41717997379601">
        <ele>26.2</ele>
      </trkpt>
      <trkpt lat="35.85847998037934" lon="-121.41670991666615">
        <ele>12.1</ele>
      </trkpt>
      <trkpt lat="35.85835995152593" lon="-121.41635997220874">
        <ele>13.4</ele>
      </trkpt>
      <trkpt lat="35.85814998485148" lon="-121.41585999168456">
        <ele>27.6</ele>
      </trkpt>
      <trkpt lat="35.85773994214833" lon="-121.41500998288393">
        <ele>26.6</ele>
      </trkpt>
      <trkpt lat="35.857389997690916" lon="-121.41443992964923">
        <ele>23.3</ele>
      </trkpt>
      <trkpt lat="35.85620999336243" lon="-121.41279992647469">
        <ele>23.7</ele>
      </trkpt>
      <trkpt lat="35.85593992844224" lon="-121.41246993094683">
        <ele>24.6</ele>
      </trkpt>
      <trkpt lat="35.85541999898851" lon="-121.41197992488742">
        <ele>22.8</ele>
      </trkpt>
      <trkpt lat="35.85499998182058" lon="-121.41169996932149">
        <ele>22.8</ele>
      </trkpt>
      <trkpt lat="35.85470996797085" lon="-121.41158999875188">
        <ele>27.7</ele>
      </trkpt>
      <trkpt lat="35.85400999523699" lon="-121.41152998432517">
        <ele>25.2</ele>
      </trkpt>
      <trkpt lat="35.85385995917022" lon="-121.41142998822033">
        <ele>27.3</ele>
      </trkpt>
      <trkpt lat="35.85370992310345" lon="-121.41126997768879">
        <ele>28.3</ele>
      </trkpt>
      <trkpt lat="35.85358997806907" lon="-121.41107995994389">
        <ele>28.0</ele>
      </trkpt>
      <trkpt lat="35.8534399420023" lon="-121.4107599388808">
        <ele>28.2</ele>
      </trkpt>
      <trkpt lat="35.85323994979262" lon="-121.41041996888816">
        <ele>28.4</ele>
      </trkpt>
      <trkpt lat="35.852959994226694" lon="-121.4101399295032">
        <ele>27.4</ele>
      </trkpt>
      <trkpt lat="35.85268992930651" lon="-121.40997991897166">
        <ele>25.8</ele>
      </trkpt>
      <trkpt lat="35.852389940992" lon="-121.4098499994725">
        <ele>26.7</ele>
      </trkpt>
      <trkpt lat="35.85105998441577" lon="-121.4095199201256">
        <ele>33.7</ele>
      </trkpt>
      <trkpt lat="35.85081992670894" lon="-121.409409949556">
        <ele>34.1</ele>
      </trkpt>
      <trkpt lat="35.8506699744612" lon="-121.40928992070258">
        <ele>37.4</ele>
      </trkpt>
      <trkpt lat="35.85053997114301" lon="-121.4090899284929">
        <ele>41.8</ele>
      </trkpt>
      <trkpt lat="35.85026999004185" lon="-121.40856999903917">
        <ele>48.7</ele>
      </trkpt>
      <trkpt lat="35.85010997951031" lon="-121.40829993411899">
        <ele>47.8</ele>
      </trkpt>
      <trkpt lat="35.849609998986125" lon="-121.40782996080816">
        <ele>46.0</ele>
      </trkpt>
      <trkpt lat="35.84931998513639" lon="-121.4076099358499">
        <ele>45.0</ele>
      </trkpt>
      <trkpt lat="35.84879997186363" lon="-121.40731992200017">
        <ele>43.3</ele>
      </trkpt>
      <trkpt lat="35.848409961909056" lon="-121.40719997696579">
        <ele>42.3</ele>
      </trkpt>
      <trkpt lat="35.84691999480128" lon="-121.40707994811237">
        <ele>46.3</ele>
      </trkpt>
      <trkpt lat="35.8466599881649" lon="-121.40701993368566">
        <ele>47.4</ele>
      </trkpt>
      <trkpt lat="35.84646997042" lon="-121.40685992315412">
        <ele>51.4</ele>
      </trkpt>
      <trkpt lat="35.84632999263704" lon="-121.40662992373109">
        <ele>55.3</ele>
      </trkpt>
      <trkpt lat="35.846239970996976" lon="-121.40628995373845">
        <ele>68.1</ele>
      </trkpt>
      <trkpt lat="35.846239970996976" lon="-121.40600999817252">
        <ele>74.6</ele>
      </trkpt>
      <trkpt lat="35.84618993103504" lon="-121.40573993325233">
        <ele>75.0</ele>
      </trkpt>
      <trkpt lat="35.84604995325208" lon="-121.40556994825602">
        <ele>71.2</ele>
      </trkpt>
      <trkpt lat="35.84587996825576" lon="-121.40550993382931">
        <ele>66.2</ele>
      </trkpt>
      <trkpt lat="35.845699924975634" lon="-121.40548998489976">
        <ele>67.2</ele>
      </trkpt>
      <trkpt lat="35.84510992281139" lon="-121.40557992272079">
        <ele>71.3</ele>
      </trkpt>
      <trkpt lat="35.84484999999404" lon="-121.40557992272079">
        <ele>75.0</ele>
      </trkpt>
      <trkpt lat="35.84465998224914" lon="-121.40550993382931">
        <ele>75.6</ele>
      </trkpt>
      <trkpt lat="35.844499971717596" lon="-121.40538998879492">
        <ele>76.6</ele>
      </trkpt>
      <trkpt lat="35.84432998672128" lon="-121.4052099455148">
        <ele>77.6</ele>
      </trkpt>
      <trkpt lat="35.84418992511928" lon="-121.40499997884035">
        <ele>80.3</ele>
      </trkpt>
      <trkpt lat="35.843919944018126" lon="-121.40431995503604">
        <ele>85.8</ele>
      </trkpt>
      <trkpt lat="35.84377996623516" lon="-121.40407998114824">
        <ele>84.6</ele>
      </trkpt>
      <trkpt lat="35.843509985134006" lon="-121.40377999283373">
        <ele>89.0</ele>
      </trkpt>
      <trkpt lat="35.84326992742717" lon="-121.40343993902206">
        <ele>95.6</ele>
      </trkpt>
      <trkpt lat="35.84235998801887" lon="-121.40163992531598">
        <ele>104.6</ele>
      </trkpt>
      <trkpt lat="35.842219926416874" lon="-121.40141998417675">
        <ele>104.7</ele>
      </trkpt>
      <trkpt lat="35.842069974169135" lon="-121.40122996643186">
        <ele>102.8</ele>
      </trkpt>
      <trkpt lat="35.8418299164623" lon="-121.40103994868696">
        <ele>104.2</ele>
      </trkpt>
      <trkpt lat="35.84141995757818" lon="-121.40087993815541">
        <ele>106.6</ele>
      </trkpt>
      <trkpt lat="35.84112994372845" lon="-121.40085998922586">
        <ele>105.7</ele>
      </trkpt>
      <trkpt lat="35.84042997099459" lon="-121.40103994868696">
        <ele>111.1</ele>
      </trkpt>
      <trkpt lat="35.840179938822985" lon="-121.40102997422218">
        <ele>113.1</ele>
      </trkpt>
      <trkpt lat="35.83997994661331" lon="-121.40088999643922">
        <ele>117.0</ele>
      </trkpt>
      <trkpt lat="35.83988992497325" lon="-121.40071992762387">
        <ele>119.4</ele>
      </trkpt>
      <trkpt lat="35.83982999436557" lon="-121.40053996816278">
        <ele>119.4</ele>
      </trkpt>
      <trkpt lat="35.839769979938865" lon="-121.40016999095678">
        <ele>124.1</ele>
      </trkpt>
      <trkpt lat="35.8396799582988" lon="-121.3999099843204">
        <ele>125.2</ele>
      </trkpt>
      <trkpt lat="35.839429926127195" lon="-121.39959993772209">
        <ele>122.7</ele>
      </trkpt>
      <trkpt lat="35.837709959596395" lon="-121.39815992675722">
        <ele>138.3</ele>
      </trkpt>
      <trkpt lat="35.83745992742479" lon="-121.39787997119129">
        <ele>145.1</ele>
      </trkpt>
      <trkpt lat="35.83723998628557" lon="-121.39759993180633">
        <ele>146.2</ele>
      </trkpt>
      <trkpt lat="35.83707997575402" lon="-121.39727999456227">
        <ele>147.9</ele>
      </trkpt>
      <trkpt lat="35.83676992915571" lon="-121.39641992747784">
        <ele>151.2</ele>
      </trkpt>
      <trkpt lat="35.836529955267906" lon="-121.39602991752326">
        <ele>152.0</ele>
      </trkpt>
      <trkpt lat="35.83589997142553" lon="-121.39525995589793">
        <ele>157.9</ele>
      </trkpt>
      <trkpt lat="35.83578991703689" lon="-121.39501998201013">
        <ele>159.2</ele>
      </trkpt>
      <trkpt lat="35.83571992814541" lon="-121.39473994262516">
        <ele>163.5</ele>
      </trkpt>
      <trkpt lat="35.835709953680634" lon="-121.39443995431066">
        <ele>165.6</ele>
      </trkpt>
      <trkpt lat="35.83576996810734" lon="-121.39412999153137">
        <ele>169.1</ele>
      </trkpt>
      <trkpt lat="35.83620993420482" lon="-121.39325994998217">
        <ele>171.7</ele>
      </trkpt>
      <trkpt lat="35.836289981380105" lon="-121.3930599577725">
        <ele>172.5</ele>
      </trkpt>
      <trkpt lat="35.83634999580681" lon="-121.3926299661398">
        <ele>168.4</ele>
      </trkpt>
      <trkpt lat="35.83630993030965" lon="-121.39232997782528">
        <ele>161.9</ele>
      </trkpt>
      <trkpt lat="35.83624999970198" lon="-121.39216996729374">
        <ele>154.9</ele>
      </trkpt>
      <trkpt lat="35.83608998917043" lon="-121.39197994954884">
        <ele>147.8</ele>
      </trkpt>
      <trkpt lat="35.83592997863889" lon="-121.39194994233549">
        <ele>154.4</ele>
      </trkpt>
      <trkpt lat="35.83575999364257" lon="-121.39198992401361">
        <ele>161.9</ele>
      </trkpt>
      <trkpt lat="35.83550895564258" lon="-121.39219896867871">
        <ele>164.8</ele>
      </trkpt>
      <trkpt lat="35.83530996926129" lon="-121.39238999225199">
        <ele>164.7</ele>
      </trkpt>
      <trkpt lat="35.834979973733425" lon="-121.39284999109805">
        <ele>165.3</ele>
      </trkpt>
      <trkpt lat="35.83486991934478" lon="-121.39296993613243">
        <ele>167.5</ele>
      </trkpt>
      <trkpt lat="35.83460999652743" lon="-121.3931199721992">
        <ele>177.5</ele>
      </trkpt>
      <trkpt lat="35.834359964355826" lon="-121.3931199721992">
        <ele>179.4</ele>
      </trkpt>
      <trkpt lat="35.83415997214615" lon="-121.39298996888101">
        <ele>180.7</ele>
      </trkpt>
      <trkpt lat="35.833989987149835" lon="-121.39276994392276">
        <ele>183.7</ele>
      </trkpt>
      <trkpt lat="35.833819918334484" lon="-121.39232997782528">
        <ele>189.3</ele>
      </trkpt>
      <trkpt lat="35.83373995497823" lon="-121.39216996729374">
        <ele>189.2</ele>
      </trkpt>
      <trkpt lat="35.833669966086745" lon="-121.39205999672413">
        <ele>188.9</ele>
      </trkpt>
      <trkpt lat="35.83347994834185" lon="-121.39190996065736">
        <ele>187.9</ele>
      </trkpt>
      <trkpt lat="35.833259923383594" lon="-121.39188992790878">
        <ele>190.2</ele>
      </trkpt>
      <trkpt lat="35.83274996839464" lon="-121.39198992401361">
        <ele>191.1</ele>
      </trkpt>
      <trkpt lat="35.83262993954122" lon="-121.39198992401361">
        <ele>193.0</ele>
      </trkpt>
      <trkpt lat="35.83242994733155" lon="-121.39191993512213">
        <ele>197.5</ele>
      </trkpt>
      <trkpt lat="35.83229994401336" lon="-121.3918299973011">
        <ele>200.6</ele>
      </trkpt>
      <trkpt lat="35.83212995901704" lon="-121.3916299212724">
        <ele>203.2</ele>
      </trkpt>
      <trkpt lat="35.83139997906983" lon="-121.39068997465074">
        <ele>208.5</ele>
      </trkpt>
      <trkpt lat="35.83126997575164" lon="-121.39044991694391">
        <ele>210.7</ele>
      </trkpt>
      <trkpt lat="35.83114994689822" lon="-121.39004993252456">
        <ele>217.7</ele>
      </trkpt>
      <trkpt lat="35.83101994358003" lon="-121.38979998417199">
        <ele>216.3</ele>
      </trkpt>
      <trkpt lat="35.83087996579707" lon="-121.38964994810522">
        <ele>212.4</ele>
      </trkpt>
      <trkpt lat="35.83058995194733" lon="-121.3894799631089">
        <ele>215.8</ele>
      </trkpt>
      <trkpt lat="35.829889979213476" lon="-121.38916991651058">
        <ele>222.5</ele>
      </trkpt>
      <trkpt lat="35.82970993593335" lon="-121.38905994594097">
        <ele>224.0</ele>
      </trkpt>
      <trkpt lat="35.82931992597878" lon="-121.38873992487788">
        <ele>226.7</ele>
      </trkpt>
      <trkpt lat="35.82911993376911" lon="-121.3884899765253">
        <ele>229.1</ele>
      </trkpt>
      <trkpt lat="35.82840998657048" lon="-121.38727996498346">
        <ele>225.2</ele>
      </trkpt>
      <trkpt lat="35.828079991042614" lon="-121.38691996224225">
        <ele>224.5</ele>
      </trkpt>
      <trkpt lat="35.8277699444443" lon="-121.38664998114109">
        <ele>224.0</ele>
      </trkpt>
      <trkpt lat="35.82746995612979" lon="-121.38643993064761">
        <ele>218.8</ele>
      </trkpt>
      <trkpt lat="35.82707994617522" lon="-121.38620993122458">
        <ele>216.9</ele>
      </trkpt>
      <trkpt lat="35.82665992900729" lon="-121.38600993901491">
        <ele>216.8</ele>
      </trkpt>
      <trkpt lat="35.82637997344136" lon="-121.38584992848337">
        <ele>217.3</ele>
      </trkpt>
      <trkpt lat="35.826189955696464" lon="-121.38558992184699">
        <ele>219.0</ele>
      </trkpt>
      <trkpt lat="35.82602994516492" lon="-121.38534994795918">
        <ele>219.1</ele>
      </trkpt>
      <trkpt lat="35.82592994906008" lon="-121.38509999960661">
        <ele>219.7</ele>
      </trkpt>
      <trkpt lat="35.82572995685041" lon="-121.38419995084405">
        <ele>226.6</ele>
      </trkpt>
      <trkpt lat="35.82565996795893" lon="-121.38361992314458">
        <ele>225.9</ele>
      </trkpt>
      <trkpt lat="35.8256699424237" lon="-121.3829899393022">
        <ele>226.8</ele>
      </trkpt>
      <trkpt lat="35.82564999349415" lon="-121.38272993266582">
        <ele>227.3</ele>
      </trkpt>
      <trkpt lat="35.825569946318865" lon="-121.38251996599138">
        <ele>224.9</ele>
      </trkpt>
      <trkpt lat="35.8245699852705" lon="-121.3812099583447">
        <ele>226.8</ele>
      </trkpt>
      <trkpt lat="35.82436999306083" lon="-121.38098993338645">
        <ele>227.0</ele>
      </trkpt>
      <trkpt lat="35.82378996536136" lon="-121.38065993785858">
        <ele>234.6</ele>
      </trkpt>
      <trkpt lat="35.82360992208123" lon="-121.3805399928242">
        <ele>235.1</ele>
      </trkpt>
      <trkpt lat="35.82342996262014" lon="-121.38038995675743">
        <ele>235.2</ele>
      </trkpt>
      <trkpt lat="35.823229970410466" lon="-121.38014998286963">
        <ele>236.8</ele>
      </trkpt>
      <trkpt lat="35.823079934343696" lon="-121.37984999455512">
        <ele>238.7</ele>
      </trkpt>
      <trkpt lat="35.822989996522665" lon="-121.37960993684828">
        <ele>240.7</ele>
      </trkpt>
      <trkpt lat="35.82292998209596" lon="-121.37935998849571">
        <ele>240.4</ele>
      </trkpt>
      <trkpt lat="35.82292998209596" lon="-121.37901993468404">
        <ele>239.1</ele>
      </trkpt>
      <trkpt lat="35.82295998930931" lon="-121.37865993194282">
        <ele>237.4</ele>
      </trkpt>
      <trkpt lat="35.82293995656073" lon="-121.37835994362831">
        <ele>238.3</ele>
      </trkpt>
      <trkpt lat="35.82286996766925" lon="-121.37806992977858">
        <ele>238.3</ele>
      </trkpt>
      <trkpt lat="35.822729989886284" lon="-121.37783993035555">
        <ele>236.1</ele>
      </trkpt>
      <trkpt lat="35.82257995381951" lon="-121.37769995257258">
        <ele>236.1</ele>
      </trkpt>
      <trkpt lat="35.822389936074615" lon="-121.37764999642968">
        <ele>235.3</ele>
      </trkpt>
      <trkpt lat="35.82145996391773" lon="-121.37752996757627">
        <ele>232.0</ele>
      </trkpt>
      <trkpt lat="35.82123993895948" lon="-121.37739996425807">
        <ele>229.6</ele>
      </trkpt>
      <trkpt lat="35.821079928427935" lon="-121.37717993929982">
        <ele>229.0</ele>
      </trkpt>
      <trkpt lat="35.82102997228503" lon="-121.37696997262537">
        <ele>228.2</ele>
      </trkpt>
      <trkpt lat="35.82102997228503" lon="-121.37673997320235">
        <ele>227.4</ele>
      </trkpt>
      <trkpt lat="35.82112996838987" lon="-121.37644995935261">
        <ele>225.8</ele>
      </trkpt>
      <trkpt lat="35.82125997170806" lon="-121.37628994882107">
        <ele>224.8</ele>
      </trkpt>
      <trkpt lat="35.821529952809215" lon="-121.37611996382475">
        <ele>225.5</ele>
      </trkpt>
      <trkpt lat="35.82169993780553" lon="-121.37593992054462">
        <ele>225.1</ele>
      </trkpt>
      <trkpt lat="35.821809992194176" lon="-121.3757099211216">
        <ele>224.1</ele>
      </trkpt>
      <trkpt lat="35.821849973872304" lon="-121.37534991838038">
        <ele>222.8</ele>
      </trkpt>
      <trkpt lat="35.821849973872304" lon="-121.37500994838774">
        <ele>228.1</ele>
      </trkpt>
      <trkpt lat="35.82177998498082" lon="-121.3746099639684">
        <ele>221.0</ele>
      </trkpt>
      <trkpt lat="35.821679988875985" lon="-121.3743699900806">
        <ele>214.0</ele>
      </trkpt>
      <trkpt lat="35.821549985557795" lon="-121.37421995401382">
        <ele>211.3</ele>
      </trkpt>
      <trkpt lat="35.82134999334812" lon="-121.37409992516041">
        <ele>209.9</ele>
      </trkpt>
      <trkpt lat="35.82114991731942" lon="-121.3740499690175">
        <ele>205.4</ele>
      </trkpt>
      <trkpt lat="35.82089996896684" lon="-121.37409992516041">
        <ele>199.7</ele>
      </trkpt>
      <trkpt lat="35.82017996348441" lon="-121.3744799606502">
        <ele>183.9</ele>
      </trkpt>
      <trkpt lat="35.81990998238325" lon="-121.37451994232833">
        <ele>184.3</ele>
      </trkpt>
      <trkpt lat="35.81969993188977" lon="-121.37442992068827">
        <ele>186.1</ele>
      </trkpt>
      <trkpt lat="35.819529946893454" lon="-121.37426999397576">
        <ele>188.7</ele>
      </trkpt>
      <trkpt lat="35.819359961897135" lon="-121.37403999455273">
        <ele>189.3</ele>
      </trkpt>
      <trkpt lat="35.81917991861701" lon="-121.37384997680783">
        <ele>182.3</ele>
      </trkpt>
      <trkpt lat="35.8190199919045" lon="-121.3737999368459">
        <ele>175.2</ele>
      </trkpt>
      <trkpt lat="35.81884992308915" lon="-121.37377998791635">
        <ele>173.4</ele>
      </trkpt>
      <trkpt lat="35.81851992756128" lon="-121.37386992573738">
        <ele>169.8</ele>
      </trkpt>
      <trkpt lat="35.81813997589052" lon="-121.37389993295074">
        <ele>166.8</ele>
      </trkpt>
      <trkpt lat="35.81795993261039" lon="-121.37383991852403">
        <ele>165.4</ele>
      </trkpt>
      <trkpt lat="35.81783998757601" lon="-121.373749980703">
        <ele>165.4</ele>
      </trkpt>
      <trkpt lat="35.81769992597401" lon="-121.37359994463623">
        <ele>167.4</ele>
      </trkpt>
      <trkpt lat="35.8175899554044" lon="-121.37324991635978">
        <ele>177.3</ele>
      </trkpt>
      <trkpt lat="35.8175399992615" lon="-121.37199992313981">
        <ele>175.5</ele>
      </trkpt>
      <trkpt lat="35.817509992048144" lon="-121.37161997146904">
        <ele>173.3</ele>
      </trkpt>
      <trkpt lat="35.81741997040808" lon="-121.3712199870497">
        <ele>168.0</ele>
      </trkpt>
      <trkpt lat="35.81728996708989" lon="-121.37087993323803">
        <ele>164.3</ele>
      </trkpt>
      <trkpt lat="35.81709994934499" lon="-121.37056997045875">
        <ele>158.5</ele>
      </trkpt>
      <trkpt lat="35.81671999767423" lon="-121.37019999325275">
        <ele>155.5</ele>
      </trkpt>
      <trkpt lat="35.81638991832733" lon="-121.37004995718598">
        <ele>151.4</ele>
      </trkpt>
      <trkpt lat="35.814719991758466" lon="-121.36986999772489">
        <ele>133.0</ele>
      </trkpt>
      <trkpt lat="35.814439952373505" lon="-121.36977997608483">
        <ele>130.9</ele>
      </trkpt>
      <trkpt lat="35.81431992352009" lon="-121.36967997997999">
        <ele>134.5</ele>
      </trkpt>
      <trkpt lat="35.814139964058995" lon="-121.36926993727684">
        <ele>140.4</ele>
      </trkpt>
      <trkpt lat="35.81406997516751" lon="-121.36875998228788">
        <ele>140.5</ele>
      </trkpt>
      <trkpt lat="35.81399998627603" lon="-121.36795992963016">
        <ele>139.2</ele>
      </trkpt>
      <trkpt lat="35.81392999738455" lon="-121.36741996742785">
        <ele>136.1</ele>
      </trkpt>
      <trkpt lat="35.813819942995906" lon="-121.3670699391514">
        <ele>131.4</ele>
      </trkpt>
      <trkpt lat="35.81363998353481" lon="-121.36673994362354">
        <ele>123.0</ele>
      </trkpt>
      <trkpt lat="35.81339992582798" lon="-121.36649996973574">
        <ele>120.2</ele>
      </trkpt>
      <trkpt lat="35.81309993751347" lon="-121.36635999195278">
        <ele>117.8</ele>
      </trkpt>
      <trkpt lat="35.81266994588077" lon="-121.36629997752607">
        <ele>117.3</ele>
      </trkpt>
      <trkpt lat="35.8122299797833" lon="-121.36629997752607">
        <ele>107.7</ele>
      </trkpt>
      <trkpt lat="35.81201992928982" lon="-121.36625999584794">
        <ele>105.5</ele>
      </trkpt>
      <trkpt lat="35.81186997704208" lon="-121.3661599997431">
        <ele>111.6</ele>
      </trkpt>
      <trkpt lat="35.81169999204576" lon="-121.36594994924963">
        <ele>115.2</ele>
      </trkpt>
      <trkpt lat="35.81154995597899" lon="-121.36569991707802">
        <ele>114.0</ele>
      </trkpt>
      <trkpt lat="35.81147996708751" lon="-121.36543999426067">
        <ele>117.6</ele>
      </trkpt>
      <trkpt lat="35.81145993433893" lon="-121.36517998762429">
        <ele>117.9</ele>
      </trkpt>
      <trkpt lat="35.8116099704057" lon="-121.36449996381998">
        <ele>116.6</ele>
      </trkpt>
      <trkpt lat="35.811669984832406" lon="-121.36410995386541">
        <ele>115.2</ele>
      </trkpt>
      <trkpt lat="35.8116599265486" lon="-121.36379999108613">
        <ele>112.9</ele>
      </trkpt>
      <trkpt lat="35.81154995597899" lon="-121.36298996396363">
        <ele>109.8</ele>
      </trkpt>
      <trkpt lat="35.81152992323041" lon="-121.36265996843576">
        <ele>111.0</ele>
      </trkpt>
      <trkpt lat="35.811539981514215" lon="-121.36239996179938">
        <ele>111.4</ele>
      </trkpt>
      <trkpt lat="35.811599995940924" lon="-121.36215998791158">
        <ele>112.1</ele>
      </trkpt>
      <trkpt lat="35.81171994097531" lon="-121.36197994463146">
        <ele>114.2</ele>
      </trkpt>
      <trkpt lat="35.81189998425543" lon="-121.36182999238372">
        <ele>116.5</ele>
      </trkpt>
      <trkpt lat="35.81214993260801" lon="-121.36172999627888">
        <ele>113.6</ele>
      </trkpt>
      <trkpt lat="35.81264999695122" lon="-121.36161994189024">
        <ele>108.9</ele>
      </trkpt>
      <trkpt lat="35.812939926981926" lon="-121.36149999685585">
        <ele>109.9</ele>
      </trkpt>
      <trkpt lat="35.813259948045015" lon="-121.36128994636238">
        <ele>114.1</ele>
      </trkpt>
      <trkpt lat="35.81354996189475" lon="-121.36118995025754">
        <ele>113.5</ele>
      </trkpt>
      <trkpt lat="35.813769986853" lon="-121.36105994693935">
        <ele>114.4</ele>
      </trkpt>
      <trkpt lat="35.81406997516751" lon="-121.36071997694671">
        <ele>104.5</ele>
      </trkpt>
      <trkpt lat="35.81422998569906" lon="-121.3604199886322">
        <ele>103.5</ele>
      </trkpt>
      <trkpt lat="35.81440994516015" lon="-121.36018998920918">
        <ele>105.8</ele>
      </trkpt>
      <trkpt lat="35.8146299701184" lon="-121.35996996425092">
        <ele>107.3</ele>
      </trkpt>
      <trkpt lat="35.8148199878633" lon="-121.35980995371938">
        <ele>109.1</ele>
      </trkpt>
      <trkpt lat="35.81549992784858" lon="-121.35931994765997">
        <ele>111.7</ele>
      </trkpt>
      <trkpt lat="35.81562993116677" lon="-121.35918994434178">
        <ele>107.5</ele>
      </trkpt>
      <trkpt lat="35.81569992005825" lon="-121.35904996655881">
        <ele>105.0</ele>
      </trkpt>
      <trkpt lat="35.815709978342056" lon="-121.35890998877585">
        <ele>101.3</ele>
      </trkpt>
      <trkpt lat="35.81566999666393" lon="-121.35875995270908">
        <ele>96.8</ele>
      </trkpt>
      <trkpt lat="35.81554996781051" lon="-121.35860991664231">
        <ele>88.8</ele>
      </trkpt>
      <trkpt lat="35.81545994617045" lon="-121.35856993496418">
        <ele>82.3</ele>
      </trkpt>
      <trkpt lat="35.81532994285226" lon="-121.35856993496418">
        <ele>84.3</ele>
      </trkpt>
      <trkpt lat="35.81519993953407" lon="-121.35862994939089">
        <ele>85.8</ele>
      </trkpt>
      <trkpt lat="35.81495996564627" lon="-121.3587999343872">
        <ele>81.1</ele>
      </trkpt>
      <trkpt lat="35.81459996290505" lon="-121.35888995602727">
        <ele>82.6</ele>
      </trkpt>
      <trkpt lat="35.814329981803894" lon="-121.35890998877585">
        <ele>85.4</ele>
      </trkpt>
      <trkpt lat="35.81348399631679" lon="-121.35886196047068">
        <ele>93.4</ele>
      </trkpt>
      <trkpt lat="35.811949940398335" lon="-121.35860991664231">
        <ele>104.9</ele>
      </trkpt>
      <trkpt lat="35.81175992265344" lon="-121.35860991664231">
        <ele>102.3</ele>
      </trkpt>
      <trkpt lat="35.8116099704057" lon="-121.35866993106902">
        <ele>104.9</ele>
      </trkpt>
      <trkpt lat="35.81130998209119" lon="-121.35889993049204">
        <ele>109.8</ele>
      </trkpt>
      <trkpt lat="35.811239993199706" lon="-121.35891996324062">
        <ele>110.9</ele>
      </trkpt>
      <trkpt lat="35.81086993217468" lon="-121.35895994491875">
        <ele>118.1</ele>
      </trkpt>
      <trkpt lat="35.810679998248816" lon="-121.35904996655881">
        <ele>119.9</ele>
      </trkpt>
      <trkpt lat="35.81000994890928" lon="-121.35958992876112">
        <ele>122.4</ele>
      </trkpt>
      <trkpt lat="35.809669978916645" lon="-121.35990994982421">
        <ele>133.1</ele>
      </trkpt>
      <trkpt lat="35.80958993174136" lon="-121.36002997867763">
        <ele>135.8</ele>
      </trkpt>
      <trkpt lat="35.80946998670697" lon="-121.36023994535208">
        <ele>138.4</ele>
      </trkpt>
      <trkpt lat="35.809349957853556" lon="-121.36063992977142">
        <ele>137.4</ele>
      </trkpt>
      <trkpt lat="35.8092699944973" lon="-121.36074998416007">
        <ele>131.7</ele>
      </trkpt>
      <trkpt lat="35.809219954535365" lon="-121.3607899658382">
        <ele>128.6</ele>
      </trkpt>
      <trkpt lat="35.80915994010866" lon="-121.36080999858677">
        <ele>126.6</ele>
      </trkpt>
      <trkpt lat="35.808979980647564" lon="-121.36077999137342">
        <ele>126.9</ele>
      </trkpt>
      <trkpt lat="35.80877998843789" lon="-121.36069994419813">
        <ele>132.4</ele>
      </trkpt>
      <trkpt lat="35.808619977906346" lon="-121.36057999916375">
        <ele>135.2</ele>
      </trkpt>
      <trkpt lat="35.808509923517704" lon="-121.36043993756175">
        <ele>135.9</ele>
      </trkpt>
      <trkpt lat="35.80844999291003" lon="-121.36030993424356">
        <ele>138.0</ele>
      </trkpt>
      <trkpt lat="35.808359971269965" lon="-121.35994993150234">
        <ele>143.2</ele>
      </trkpt>
      <trkpt lat="35.80828998237848" lon="-121.35977994650602">
        <ele>143.0</ele>
      </trkpt>
      <trkpt lat="35.80819996073842" lon="-121.35961993597448">
        <ele>143.5</ele>
      </trkpt>
      <trkpt lat="35.80795998685062" lon="-121.35934995487332">
        <ele>145.9</ele>
      </trkpt>
      <trkpt lat="35.80782998353243" lon="-121.35913998819888">
        <ele>149.7</ele>
      </trkpt>
      <trkpt lat="35.807779943570495" lon="-121.35902993381023">
        <ele>151.8</ele>
      </trkpt>
      <trkpt lat="35.807609958574176" lon="-121.35839994996786">
        <ele>156.9</ele>
      </trkpt>
      <trkpt lat="35.80729999579489" lon="-121.35789996944368">
        <ele>157.7</ele>
      </trkpt>
      <trkpt lat="35.80695994198322" lon="-121.35721994563937">
        <ele>167.6</ele>
      </trkpt>
      <trkpt lat="35.806919960305095" lon="-121.35707996785641">
        <ele>168.3</ele>
      </trkpt>
      <trkpt lat="35.80681996420026" lon="-121.35684996843338">
        <ele>165.8</ele>
      </trkpt>
      <trkpt lat="35.80668996088207" lon="-121.35668995790184">
        <ele>162.4</ele>
      </trkpt>
      <trkpt lat="35.806319983676076" lon="-121.35645995847881">
        <ele>173.9</ele>
      </trkpt>
      <trkpt lat="35.806189980357885" lon="-121.35631998069584">
        <ele>177.3</ele>
      </trkpt>
      <trkpt lat="35.8061199914664" lon="-121.35614999569952">
        <ele>178.9</ele>
      </trkpt>
      <trkpt lat="35.805929973721504" lon="-121.35518993251026">
        <ele>177.4</ele>
      </trkpt>
      <trkpt lat="35.80591999925673" lon="-121.35495993308723">
        <ele>178.3</ele>
      </trkpt>
      <trkpt lat="35.80598998814821" lon="-121.35365998372436">
        <ele>192.5</ele>
      </trkpt>
      <trkpt lat="35.80594992265105" lon="-121.35335999540985">
        <ele>194.3</ele>
      </trkpt>
      <trkpt lat="35.805849926546216" lon="-121.35311993770301">
        <ele>194.4</ele>
      </trkpt>
      <trkpt lat="35.80572998151183" lon="-121.35292991995811">
        <ele>197.7</ele>
      </trkpt>
      <trkpt lat="35.80521994270384" lon="-121.35240999050438">
        <ele>196.6</ele>
      </trkpt>
      <trkpt lat="35.8050599321723" lon="-121.35233991779387">
        <ele>195.8</ele>
      </trkpt>
      <trkpt lat="35.8046299405396" lon="-121.35229993611574">
        <ele>195.4</ele>
      </trkpt>
      <trkpt lat="35.804449981078506" lon="-121.35221997275949">
        <ele>197.2</ele>
      </trkpt>
      <trkpt lat="35.80366996116936" lon="-121.35161999613047">
        <ele>214.9</ele>
      </trkpt>
      <trkpt lat="35.8035299833864" lon="-121.35142997838557">
        <ele>222.0</ele>
      </trkpt>
      <trkpt lat="35.80350995063782" lon="-121.35120995342731">
        <ele>224.7</ele>
      </trkpt>
      <trkpt lat="35.80355999059975" lon="-121.35106997564435">
        <ele>223.6</ele>
      </trkpt>
      <trkpt lat="35.80382997170091" lon="-121.35054996237159">
        <ele>224.4</ele>
      </trkpt>
      <trkpt lat="35.80411998555064" lon="-121.35007998906076">
        <ele>230.4</ele>
      </trkpt>
      <trkpt lat="35.80415996722877" lon="-121.3499899674207">
        <ele>230.2</ele>
      </trkpt>
      <trkpt lat="35.80417999997735" lon="-121.34982995688915">
        <ele>227.1</ele>
      </trkpt>
      <trkpt lat="35.804149992763996" lon="-121.34968997910619">
        <ele>221.8</ele>
      </trkpt>
      <trkpt lat="35.80409995280206" lon="-121.34959995746613">
        <ele>218.3</ele>
      </trkpt>
      <trkpt lat="35.80404999665916" lon="-121.34954991750419">
        <ele>217.3</ele>
      </trkpt>
      <trkpt lat="35.80391999334097" lon="-121.34947992861271">
        <ele>220.1</ele>
      </trkpt>
      <trkpt lat="35.803679935634136" lon="-121.34951999410987">
        <ele>214.8</ele>
      </trkpt>
      <trkpt lat="35.803589997813106" lon="-121.34950993582606">
        <ele>213.4</ele>
      </trkpt>
      <trkpt lat="35.8033899217844" lon="-121.34941999800503">
        <ele>212.8</ele>
      </trkpt>
      <trkpt lat="35.80323996953666" lon="-121.34927993640304">
        <ele>215.5</ele>
      </trkpt>
      <trkpt lat="35.80307995900512" lon="-121.34902998805046">
        <ele>214.3</ele>
      </trkpt>
      <trkpt lat="35.8029599301517" lon="-121.34895999915898">
        <ele>216.0</ele>
      </trkpt>
      <trkpt lat="35.802839985117316" lon="-121.34897994808853">
        <ele>215.4</ele>
      </trkpt>
      <trkpt lat="35.80258995294571" lon="-121.34911992587149">
        <ele>204.8</ele>
      </trkpt>
      <trkpt lat="35.80249993130565" lon="-121.34914993308485">
        <ele>202.1</ele>
      </trkpt>
      <trkpt lat="35.802389960736036" lon="-121.34914993308485">
        <ele>201.1</ele>
      </trkpt>
      <trkpt lat="35.801939936354756" lon="-121.34887995198369">
        <ele>199.7</ele>
      </trkpt>
      <trkpt lat="35.80129997804761" lon="-121.34859999641776">
        <ele>201.2</ele>
      </trkpt>
      <trkpt lat="35.80095992423594" lon="-121.34817997924984">
        <ele>199.2</ele>
      </trkpt>
      <trkpt lat="35.80076999031007" lon="-121.34798996150494">
        <ele>198.0</ele>
      </trkpt>
      <trkpt lat="35.8005699981004" lon="-121.34783992543817">
        <ele>197.3</ele>
      </trkpt>
      <trkpt lat="35.80030999146402" lon="-121.34773992933333">
        <ele>193.5</ele>
      </trkpt>
      <trkpt lat="35.79998997040093" lon="-121.3476999476552">
        <ele>190.6</ele>
      </trkpt>
      <trkpt lat="35.79962996765971" lon="-121.3476999476552">
        <ele>190.7</ele>
      </trkpt>
      <trkpt lat="35.79880996607244" lon="-121.34780991822481">
        <ele>185.4</ele>
      </trkpt>
      <trkpt lat="35.798689937219024" lon="-121.34776993654668">
        <ele>185.4</ele>
      </trkpt>
      <trkpt lat="35.798629922792315" lon="-121.34771998040378">
        <ele>185.5</ele>
      </trkpt>
      <trkpt lat="35.79857996664941" lon="-121.34762995876372">
        <ele>185.9</ele>
      </trkpt>
      <trkpt lat="35.79856999218464" lon="-121.34757991880178">
        <ele>186.1</ele>
      </trkpt>
      <trkpt lat="35.79856999218464" lon="-121.34742996655405">
        <ele>185.8</ele>
      </trkpt>
      <trkpt lat="35.798629922792315" lon="-121.34720994159579">
        <ele>185.5</ele>
      </trkpt>
      <trkpt lat="35.798759926110506" lon="-121.34690995328128">
        <ele>186.2</ele>
      </trkpt>
      <trkpt lat="35.798819940537214" lon="-121.34681993164122">
        <ele>186.8</ele>
      </trkpt>
      <trkpt lat="35.798969976603985" lon="-121.34667995385826">
        <ele>187.3</ele>
      </trkpt>
      <trkpt lat="35.799159994348884" lon="-121.34660996496677">
        <ele>187.8</ele>
      </trkpt>
      <trkpt lat="35.79923995770514" lon="-121.34653997607529">
        <ele>184.6</ele>
      </trkpt>
      <trkpt lat="35.79929997213185" lon="-121.34644995443523">
        <ele>182.3</ele>
      </trkpt>
      <trkpt lat="35.79927993938327" lon="-121.34627996943891">
        <ele>179.9</ele>
      </trkpt>
      <trkpt lat="35.799189917743206" lon="-121.3461599405855">
        <ele>177.8</ele>
      </trkpt>
      <trkpt lat="35.79899998381734" lon="-121.34609992615879">
        <ele>174.0</ele>
      </trkpt>
      <trkpt lat="35.79874995164573" lon="-121.34605994448066">
        <ele>172.7</ele>
      </trkpt>
      <trkpt lat="35.79856999218464" lon="-121.34605994448066">
        <ele>172.7</ele>
      </trkpt>
      <trkpt lat="35.798329934477806" lon="-121.34611995890737">
        <ele>169.5</ele>
      </trkpt>
      <trkpt lat="35.79812994226813" lon="-121.34622992947698">
        <ele>167.7</ele>
      </trkpt>
      <trkpt lat="35.79770992510021" lon="-121.34655992500484">
        <ele>159.9</ele>
      </trkpt>
      <trkpt lat="35.797529965639114" lon="-121.34667995385826">
        <ele>159.7</ele>
      </trkpt>
      <trkpt lat="35.797339947894216" lon="-121.34675991721451">
        <ele>160.8</ele>
      </trkpt>
      <trkpt lat="35.79711992293596" lon="-121.34676997549832">
        <ele>160.3</ele>
      </trkpt>
      <trkpt lat="35.796979945153" lon="-121.34669998660684">
        <ele>159.9</ele>
      </trkpt>
      <trkpt lat="35.79670996405184" lon="-121.34649999439716">
        <ele>157.0</ele>
      </trkpt>
      <trkpt lat="35.79639991745353" lon="-121.34605994448066">
        <ele>152.3</ele>
      </trkpt>
      <trkpt lat="35.79627997241914" lon="-121.34591996669769">
        <ele>146.9</ele>
      </trkpt>
      <trkpt lat="35.796179976314306" lon="-121.3458399195224">
        <ele>145.6</ele>
      </trkpt>
      <trkpt lat="35.79553993418813" lon="-121.34539995342493">
        <ele>147.3</ele>
      </trkpt>
      <trkpt lat="35.79517993144691" lon="-121.34523994289339">
        <ele>146.2</ele>
      </trkpt>
      <trkpt lat="35.79502997919917" lon="-121.34514992125332">
        <ele>144.7</ele>
      </trkpt>
      <trkpt lat="35.79483996145427" lon="-121.3448699656874">
        <ele>144.7</ele>
      </trkpt>
      <trkpt lat="35.79480995424092" lon="-121.34471992962062">
        <ele>145.0</ele>
      </trkpt>
      <trkpt lat="35.79485999420285" lon="-121.34417996741831">
        <ele>146.9</ele>
      </trkpt>
      <trkpt lat="35.79481992870569" lon="-121.34389992803335">
        <ele>146.5</ele>
      </trkpt>
      <trkpt lat="35.794739965349436" lon="-121.34365995414555">
        <ele>147.9</ele>
      </trkpt>
      <trkpt lat="35.794419944286346" lon="-121.3429599814117">
        <ele>152.9</ele>
      </trkpt>
      <trkpt lat="35.79423998482525" lon="-121.34242999367416">
        <ele>157.2</ele>
      </trkpt>
      <trkpt lat="35.79423998482525" lon="-121.34223997592926">
        <ele>157.8</ele>
      </trkpt>
      <trkpt lat="35.79435992985964" lon="-121.34191995486617">
        <ele>158.8</ele>
      </trkpt>
      <trkpt lat="35.794349955394864" lon="-121.3417699187994">
        <ele>158.8</ele>
      </trkpt>
      <trkpt lat="35.79429999925196" lon="-121.34168995544314">
        <ele>160.2</ele>
      </trkpt>
      <trkpt lat="35.7942099776119" lon="-121.34165994822979">
        <ele>162.3</ele>
      </trkpt>
      <trkpt lat="35.79379993490875" lon="-121.34179992601275">
        <ele>158.6</ele>
      </trkpt>
      <trkpt lat="35.79332996159792" lon="-121.3417199626565">
        <ele>161.1</ele>
      </trkpt>
      <trkpt lat="35.7931599766016" lon="-121.34164997376502">
        <ele>159.2</ele>
      </trkpt>
      <trkpt lat="35.79300994053483" lon="-121.3415299449116">
        <ele>154.6</ele>
      </trkpt>
      <trkpt lat="35.79285998828709" lon="-121.34112996049225">
        <ele>155.0</ele>
      </trkpt>
      <trkpt lat="35.792719926685095" lon="-121.3408599793911">
        <ele>147.9</ele>
      </trkpt>
      <trkpt lat="35.79246997833252" lon="-121.34057994000614">
        <ele>146.7</ele>
      </trkpt>
      <trkpt lat="35.79223997890949" lon="-121.34035999886692">
        <ele>144.9</ele>
      </trkpt>
      <trkpt lat="35.792009979486465" lon="-121.34018993005157">
        <ele>144.2</ele>
      </trkpt>
      <trkpt lat="35.790889989584684" lon="-121.33947998285294">
        <ele>133.1</ele>
      </trkpt>
      <trkpt lat="35.790739953517914" lon="-121.33944997563958">
        <ele>136.8</ele>
      </trkpt>
      <trkpt lat="35.79055999405682" lon="-121.33945995010436">
        <ele>136.6</ele>
      </trkpt>
      <trkpt lat="35.790399983525276" lon="-121.33941996842623">
        <ele>134.9</ele>
      </trkpt>
      <trkpt lat="35.789579981938004" lon="-121.33895996958017">
        <ele>128.3</ele>
      </trkpt>
      <trkpt lat="35.788959972560406" lon="-121.33843995630741">
        <ele>121.2</ele>
      </trkpt>
      <trkpt lat="35.788659984245896" lon="-121.3380799535662">
        <ele>115.4</ele>
      </trkpt>
      <trkpt lat="35.78847994096577" lon="-121.3378899358213">
        <ele>115.4</ele>
      </trkpt>
      <trkpt lat="35.78834993764758" lon="-121.33771995082498">
        <ele>112.2</ele>
      </trkpt>
      <trkpt lat="35.78829998150468" lon="-121.33761995472014">
        <ele>111.8</ele>
      </trkpt>
      <trkpt lat="35.78829998150468" lon="-121.3372799847275">
        <ele>112.2</ele>
      </trkpt>
      <trkpt lat="35.78847994096577" lon="-121.33685996755958">
        <ele>113.6</ele>
      </trkpt>
      <trkpt lat="35.788509948179126" lon="-121.3366599753499">
        <ele>112.4</ele>
      </trkpt>
      <trkpt lat="35.788529980927706" lon="-121.33606997318566">
        <ele>106.6</ele>
      </trkpt>
      <trkpt lat="35.7885199226439" lon="-121.33580996654928">
        <ele>106.5</ele>
      </trkpt>
      <trkpt lat="35.78848999924958" lon="-121.33559999987483">
        <ele>104.6</ele>
      </trkpt>
      <trkpt lat="35.78835999593139" lon="-121.33540998212993">
        <ele>101.3</ele>
      </trkpt>
      <trkpt lat="35.78755994327366" lon="-121.33485996164382">
        <ele>108.4</ele>
      </trkpt>
      <trkpt lat="35.78730999492109" lon="-121.33443994447589">
        <ele>103.5</ele>
      </trkpt>
      <trkpt lat="35.78720999881625" lon="-121.33432997390628">
        <ele>107.0</ele>
      </trkpt>
      <trkpt lat="35.7870399300009" lon="-121.33419997058809">
        <ele>108.3</ele>
      </trkpt>
      <trkpt lat="35.78687991946936" lon="-121.3341299816966">
        <ele>108.5</ele>
      </trkpt>
      <trkpt lat="35.78586998395622" lon="-121.33402998559177">
        <ele>113.7</ele>
      </trkpt>
      <trkpt lat="35.785779962316155" lon="-121.33398992009461">
        <ele>113.4</ele>
      </trkpt>
      <trkpt lat="35.78568994067609" lon="-121.33389998227358">
        <ele>113.7</ele>
      </trkpt>
      <trkpt lat="35.78556999564171" lon="-121.33358993567526">
        <ele>114.1</ele>
      </trkpt>
      <trkpt lat="35.785509981215" lon="-121.33348993957043">
        <ele>114.0</ele>
      </trkpt>
      <trkpt lat="35.78527998179197" lon="-121.3332599401474">
        <ele>113.8</ele>
      </trkpt>
      <trkpt lat="35.785089964047074" lon="-121.33314996957779">
        <ele>113.5</ele>
      </trkpt>
      <trkpt lat="35.784899946302176" lon="-121.33309992961586">
        <ele>109.1</ele>
      </trkpt>
      <trkpt lat="35.78462996520102" lon="-121.33305994793773">
        <ele>107.5</ele>
      </trkpt>
      <trkpt lat="35.78441999852657" lon="-121.33291997015476">
        <ele>107.0</ele>
      </trkpt>
      <trkpt lat="35.784209948033094" lon="-121.3326399307698">
        <ele>107.1</ele>
      </trkpt>
      <trkpt lat="35.784099977463484" lon="-121.33228998631239">
        <ele>107.4</ele>
      </trkpt>
      <trkpt lat="35.78400995582342" lon="-121.33210994303226">
        <ele>104.8</ele>
      </trkpt>
      <trkpt lat="35.78384994529188" lon="-121.33194993250072">
        <ele>102.6</ele>
      </trkpt>
      <trkpt lat="35.783759923651814" lon="-121.33182998746634">
        <ele>102.6</ele>
      </trkpt>
      <trkpt lat="35.78327997587621" lon="-121.33098995313048">
        <ele>101.1</ele>
      </trkpt>
      <trkpt lat="35.78262995928526" lon="-121.33008998818696">
        <ele>100.4</ele>
      </trkpt>
      <trkpt lat="35.782359978184104" lon="-121.3296299893409">
        <ele>92.6</ele>
      </trkpt>
      <trkpt lat="35.78219996765256" lon="-121.32947995327413">
        <ele>89.9</ele>
      </trkpt>
      <trkpt lat="35.782019924372435" lon="-121.32940996438265">
        <ele>95.9</ele>
      </trkpt>
      <trkpt lat="35.78178992494941" lon="-121.32941993884742">
        <ele>97.2</ele>
      </trkpt>
      <trkpt lat="35.78071997500956" lon="-121.32958992384374">
        <ele>102.6</ele>
      </trkpt>
      <trkpt lat="35.78052995726466" lon="-121.32958992384374">
        <ele>102.1</ele>
      </trkpt>
      <trkpt lat="35.780279925093055" lon="-121.32955991663039">
        <ele>101.1</ele>
      </trkpt>
      <trkpt lat="35.77998999506235" lon="-121.32946997880936">
        <ele>100.4</ele>
      </trkpt>
      <trkpt lat="35.779419941827655" lon="-121.32923997938633">
        <ele>100.1</ele>
      </trkpt>
      <trkpt lat="35.778839997947216" lon="-121.32895994000137">
        <ele>101.7</ele>
      </trkpt>
      <trkpt lat="35.77803994528949" lon="-121.32844998501241">
        <ele>100.5</ele>
      </trkpt>
      <trkpt lat="35.7774799503386" lon="-121.3281399384141">
        <ele>101.7</ele>
      </trkpt>
      <trkpt lat="35.777079965919256" lon="-121.32793994620442">
        <ele>100.2</ele>
      </trkpt>
      <trkpt lat="35.77615996822715" lon="-121.32756996899843">
        <ele>95.4</ele>
      </trkpt>
      <trkpt lat="35.775789991021156" lon="-121.32734994404018">
        <ele>94.4</ele>
      </trkpt>
      <trkpt lat="35.77528992667794" lon="-121.32685993798077">
        <ele>93.9</ele>
      </trkpt>
      <trkpt lat="35.77500997111201" lon="-121.32655994966626">
        <ele>94.0</ele>
      </trkpt>
      <trkpt lat="35.774799920618534" lon="-121.32637999020517">
        <ele>93.9</ele>
      </trkpt>
      <trkpt lat="35.77452993951738" lon="-121.32618997246027">
        <ele>94.2</ele>
      </trkpt>
      <trkpt lat="35.77435995452106" lon="-121.32607991807163">
        <ele>94.8</ele>
      </trkpt>
      <trkpt lat="35.77412995509803" lon="-121.32599995471537">
        <ele>95.3</ele>
      </trkpt>
      <trkpt lat="35.77377992682159" lon="-121.32593994028866">
        <ele>94.6</ele>
      </trkpt>
      <trkpt lat="35.77354992739856" lon="-121.32581999525428">
        <ele>94.4</ele>
      </trkpt>
      <trkpt lat="35.773469964042306" lon="-121.32569996640086">
        <ele>94.5</ele>
      </trkpt>
      <trkpt lat="35.77332998625934" lon="-121.325369970873">
        <ele>88.7</ele>
      </trkpt>
      <trkpt lat="35.7732199318707" lon="-121.32518992759287">
        <ele>83.1</ele>
      </trkpt>
      <trkpt lat="35.773099986836314" lon="-121.32511993870139">
        <ele>84.9</ele>
      </trkpt>
      <trkpt lat="35.77269991859794" lon="-121.32508993148804">
        <ele>84.6</ele>
      </trkpt>
      <trkpt lat="35.772479977458715" lon="-121.324999993667">
        <ele>83.2</ele>
      </trkpt>
      <trkpt lat="35.77236992307007" lon="-121.32490997202694">
        <ele>82.9</ele>
      </trkpt>
      <trkpt lat="35.77199994586408" lon="-121.32449992932379">
        <ele>82.9</ele>
      </trkpt>
      <trkpt lat="35.771879917010665" lon="-121.32438995875418">
        <ele>81.9</ele>
      </trkpt>
      <trkpt lat="35.771729964762926" lon="-121.32428996264935">
        <ele>79.2</ele>
      </trkpt>
      <trkpt lat="35.771059999242425" lon="-121.32415995933115">
        <ele>75.2</ele>
      </trkpt>
      <trkpt lat="35.77085992321372" lon="-121.32402995601296">
        <ele>71.7</ele>
      </trkpt>
      <trkpt lat="35.77048994600773" lon="-121.32372996769845">
        <ele>69.3</ele>
      </trkpt>
      <trkpt lat="35.76993992552161" lon="-121.3235099427402">
        <ele>65.3</ele>
      </trkpt>
      <trkpt lat="35.7697799988091" lon="-121.32341992110014">
        <ele>64.3</ele>
      </trkpt>
      <trkpt lat="35.76954999938607" lon="-121.32323996163905">
        <ele>59.5</ele>
      </trkpt>
      <trkpt lat="35.76934992335737" lon="-121.3230199366808">
        <ele>58.3</ele>
      </trkpt>
      <trkpt lat="35.76925998553634" lon="-121.3228899333626">
        <ele>57.8</ele>
      </trkpt>
      <trkpt lat="35.76922997832298" lon="-121.32278993725777">
        <ele>57.1</ele>
      </trkpt>
      <trkpt lat="35.76922997832298" lon="-121.32269999943674">
        <ele>56.9</ele>
      </trkpt>
      <trkpt lat="35.769429970532656" lon="-121.32232993841171">
        <ele>57.6</ele>
      </trkpt>
      <trkpt lat="35.76952996663749" lon="-121.32203992456198">
        <ele>52.3</ele>
      </trkpt>
      <trkpt lat="35.769709926098585" lon="-121.32179995067418">
        <ele>53.9</ele>
      </trkpt>
      <trkpt lat="35.769709926098585" lon="-121.32160993292928">
        <ele>50.4</ele>
      </trkpt>
      <trkpt lat="35.76966994442046" lon="-121.32152996957302">
        <ele>48.0</ele>
      </trkpt>
      <trkpt lat="35.769599955528975" lon="-121.32144992239773">
        <ele>46.4</ele>
      </trkpt>
      <trkpt lat="35.76952996663749" lon="-121.32141999900341">
        <ele>46.7</ele>
      </trkpt>
      <trkpt lat="35.769409937784076" lon="-121.32146995514631">
        <ele>47.8</ele>
      </trkpt>
      <trkpt lat="35.76913995668292" lon="-121.32171998731792">
        <ele>47.7</ele>
      </trkpt>
      <trkpt lat="35.76891993172467" lon="-121.32189994677901">
        <ele>46.9</ele>
      </trkpt>
      <trkpt lat="35.76878992840648" lon="-121.3219799939543">
        <ele>46.7</ele>
      </trkpt>
      <trkpt lat="35.768659925088286" lon="-121.32203992456198">
        <ele>46.5</ele>
      </trkpt>
      <trkpt lat="35.768159944564104" lon="-121.32214997895062">
        <ele>46.3</ele>
      </trkpt>
      <trkpt lat="35.76808995567262" lon="-121.32217998616397">
        <ele>45.4</ele>
      </trkpt>
      <trkpt lat="35.767839923501015" lon="-121.3224599417299">
        <ele>41.5</ele>
      </trkpt>
      <trkpt lat="35.76769994571805" lon="-121.32257997058332">
        <ele>41.4</ele>
      </trkpt>
      <trkpt lat="35.76746994629502" lon="-121.32265993393958">
        <ele>38.9</ele>
      </trkpt>
      <trkpt lat="35.767239946871996" lon="-121.32270997390151">
        <ele>35.8</ele>
      </trkpt>
      <trkpt lat="35.76691992580891" lon="-121.32268994115293">
        <ele>34.0</ele>
      </trkpt>
      <trkpt lat="35.76679998077452" lon="-121.32261995226145">
        <ele>34.0</ele>
      </trkpt>
      <trkpt lat="35.7666299957782" lon="-121.322409985587">
        <ele>34.2</ele>
      </trkpt>
      <trkpt lat="35.76631994917989" lon="-121.32167992182076">
        <ele>28.4</ele>
      </trkpt>
      <trkpt lat="35.76515997759998" lon="-121.32008995860815">
        <ele>16.4</ele>
      </trkpt>
      <trkpt lat="35.76483995653689" lon="-121.31974998861551">
        <ele>13.0</ele>
      </trkpt>
      <trkpt lat="35.76442999765277" lon="-121.31939996033907">
        <ele>9.0</ele>
      </trkpt>
      <trkpt lat="35.76390998438001" lon="-121.31911992095411">
        <ele>7.4</ele>
      </trkpt>
      <trkpt lat="35.76347999274731" lon="-121.3189599942416">
        <ele>7.6</ele>
      </trkpt>
      <trkpt lat="35.76320992782712" lon="-121.3188799470663">
        <ele>7.9</ele>
      </trkpt>
      <trkpt lat="35.76294992119074" lon="-121.31884993985295">
        <ele>9.6</ele>
      </trkpt>
      <trkpt lat="35.76273995451629" lon="-121.3188799470663">
        <ele>12.6</ele>
      </trkpt>
      <trkpt lat="35.76253996230662" lon="-121.3189599942416">
        <ele>13.4</ele>
      </trkpt>
      <trkpt lat="35.762319937348366" lon="-121.31911992095411">
        <ele>13.5</ele>
      </trkpt>
      <trkpt lat="35.7621799595654" lon="-121.3192499242723">
        <ele>13.6</ele>
      </trkpt>
      <trkpt lat="35.762059930711985" lon="-121.31940993480384">
        <ele>14.5</ele>
      </trkpt>
      <trkpt lat="35.761999916285276" lon="-121.31953993812203">
        <ele>15.2</ele>
      </trkpt>
      <trkpt lat="35.76173999346793" lon="-121.3205499574542">
        <ele>20.8</ele>
      </trkpt>
      <trkpt lat="35.7615599501878" lon="-121.32088992744684">
        <ele>23.0</ele>
      </trkpt>
      <trkpt lat="35.76144997961819" lon="-121.32104993797839">
        <ele>23.9</ele>
      </trkpt>
      <trkpt lat="35.76128996908665" lon="-121.32123995572329">
        <ele>27.8</ele>
      </trkpt>
      <trkpt lat="35.76114999130368" lon="-121.3213599845767">
        <ele>29.5</ele>
      </trkpt>
      <trkpt lat="35.76097992248833" lon="-121.32144992239773">
        <ele>29.2</ele>
      </trkpt>
      <trkpt lat="35.76072997413576" lon="-121.32152996957302">
        <ele>29.2</ele>
      </trkpt>
      <trkpt lat="35.76043996028602" lon="-121.32154991850257">
        <ele>31.3</ele>
      </trkpt>
      <trkpt lat="35.760079957544804" lon="-121.32147992961109">
        <ele>36.0</ele>
      </trkpt>
      <trkpt lat="35.75994995422661" lon="-121.32142997346818">
        <ele>36.5</ele>
      </trkpt>
      <trkpt lat="35.759739987552166" lon="-121.32129997015">
        <ele>36.7</ele>
      </trkpt>
      <trkpt lat="35.75955994427204" lon="-121.32111992686987">
        <ele>36.7</ele>
      </trkpt>
      <trkpt lat="35.759289963170886" lon="-121.32074994966388">
        <ele>39.1</ele>
      </trkpt>
      <trkpt lat="35.75770997442305" lon="-121.31818994879723">
        <ele>41.1</ele>
      </trkpt>
      <trkpt lat="35.75733999721706" lon="-121.31755996495485">
        <ele>41.5</ele>
      </trkpt>
      <trkpt lat="35.75675996951759" lon="-121.31645992398262">
        <ele>41.5</ele>
      </trkpt>
      <trkpt lat="35.75650993734598" lon="-121.31607997231185">
        <ele>41.4</ele>
      </trkpt>
      <trkpt lat="35.75368992984295" lon="-121.3125999737531">
        <ele>39.3</ele>
      </trkpt>
      <trkpt lat="35.75346998870373" lon="-121.31237994879484">
        <ele>39.5</ele>
      </trkpt>
      <trkpt lat="35.75301996432245" lon="-121.31204995326698">
        <ele>40.2</ele>
      </trkpt>
      <trkpt lat="35.752629954367876" lon="-121.31185993552208">
        <ele>40.2</ele>
      </trkpt>
      <trkpt lat="35.75240992940962" lon="-121.3117899466306">
        <ele>40.2</ele>
      </trkpt>
      <trkpt lat="35.752109941095114" lon="-121.3117399904877">
        <ele>40.3</ele>
      </trkpt>
      <trkpt lat="35.75166997499764" lon="-121.31171995773911">
        <ele>41.0</ele>
      </trkpt>
      <trkpt lat="35.75076992623508" lon="-121.31175993941724">
        <ele>43.7</ele>
      </trkpt>
      <trkpt lat="35.74913998134434" lon="-121.31175993941724">
        <ele>28.2</ele>
      </trkpt>
      <trkpt lat="35.74827999807894" lon="-121.31183998659253">
        <ele>41.8</ele>
      </trkpt>
      <trkpt lat="35.744159957394004" lon="-121.3124699704349">
        <ele>33.2</ele>
      </trkpt>
      <trkpt lat="35.73819992132485" lon="-121.31330992095172">
        <ele>23.7</ele>
      </trkpt>
      <trkpt lat="35.73209999129176" lon="-121.3141399808228">
        <ele>19.2</ele>
      </trkpt>
      <trkpt lat="35.72818991728127" lon="-121.31470995023847">
        <ele>33.1</ele>
      </trkpt>
      <trkpt lat="35.72770996950567" lon="-121.3147599902004">
        <ele>33.4</ele>
      </trkpt>
      <trkpt lat="35.72732993401587" lon="-121.31472998298705">
        <ele>33.7</ele>
      </trkpt>
      <trkpt lat="35.727169923484325" lon="-121.31468991748989">
        <ele>33.8</ele>
      </trkpt>
      <trkpt lat="35.72700999677181" lon="-121.3146199285984">
        <ele>33.5</ele>
      </trkpt>
      <trkpt lat="35.726759964600205" lon="-121.31444994360209">
        <ele>32.6</ele>
      </trkpt>
      <trkpt lat="35.72594993747771" lon="-121.31377997808158">
        <ele>24.4</ele>
      </trkpt>
      <trkpt lat="35.72577995248139" lon="-121.31366992369294">
        <ele>24.1</ele>
      </trkpt>
      <trkpt lat="35.72528994642198" lon="-121.31344998255372">
        <ele>27.0</ele>
      </trkpt>
      <trkpt lat="35.724999932572246" lon="-121.3132699392736">
        <ele>28.5</ele>
      </trkpt>
      <trkpt lat="35.72472995147109" lon="-121.3129499182105">
        <ele>29.0</ele>
      </trkpt>
      <trkpt lat="35.72362999431789" lon="-121.31140999495983">
        <ele>24.7</ele>
      </trkpt>
      <trkpt lat="35.723169995471835" lon="-121.31084991618991">
        <ele>24.3</ele>
      </trkpt>
      <trkpt lat="35.722269946709275" lon="-121.3100699800998">
        <ele>28.0</ele>
      </trkpt>
      <trkpt lat="35.71924994699657" lon="-121.30827994085848">
        <ele>28.4</ele>
      </trkpt>
      <trkpt lat="35.7171399705112" lon="-121.30697999149561">
        <ele>20.7</ele>
      </trkpt>
      <trkpt lat="35.71574999950826" lon="-121.30614993162453">
        <ele>11.7</ele>
      </trkpt>
      <trkpt lat="35.712299924343824" lon="-121.30412997677922">
        <ele>6.2</ele>
      </trkpt>
      <trkpt lat="35.71161998435855" lon="-121.30380995571613">
        <ele>4.8</ele>
      </trkpt>
      <trkpt lat="35.71133994497359" lon="-121.30372999235988">
        <ele>3.9</ele>
      </trkpt>
      <trkpt lat="35.71071993559599" lon="-121.30363997071981">
        <ele>2.8</ele>
      </trkpt>
      <trkpt lat="35.710019962862134" lon="-121.30361993797123">
        <ele>3.7</ele>
      </trkpt>
      <trkpt lat="35.70964998565614" lon="-121.30368992686272">
        <ele>4.9</ele>
      </trkpt>
      <trkpt lat="35.70806999690831" lon="-121.30406996235251">
        <ele>14.4</ele>
      </trkpt>
      <trkpt lat="35.70631993934512" lon="-121.30439995788038">
        <ele>27.7</ele>
      </trkpt>
      <trkpt lat="35.705529944971204" lon="-121.3044399395585">
        <ele>28.1</ele>
      </trkpt>
      <trkpt lat="35.704669961705804" lon="-121.30426995456219">
        <ele>26.6</ele>
      </trkpt>
      <trkpt lat="35.70377997122705" lon="-121.3039499334991">
        <ele>23.8</ele>
      </trkpt>
      <trkpt lat="35.703039932996035" lon="-121.30352991633117">
        <ele>21.5</ele>
      </trkpt>
      <trkpt lat="35.70239997468889" lon="-121.30294997245073">
        <ele>18.6</ele>
      </trkpt>
      <trkpt lat="35.70186998695135" lon="-121.30234999582171">
        <ele>17.5</ele>
      </trkpt>
      <trkpt lat="35.70122994482517" lon="-121.30132991820574">
        <ele>16.8</ele>
      </trkpt>
      <trkpt lat="35.700569953769445" lon="-121.29973995499313">
        <ele>20.8</ele>
      </trkpt>
      <trkpt lat="35.69883992895484" lon="-121.29516997374594">
        <ele>22.2</ele>
      </trkpt>
      <trkpt lat="35.698399962857366" lon="-121.29431996494532">
        <ele>18.8</ele>
      </trkpt>
      <trkpt lat="35.698099974542856" lon="-121.29389994777739">
        <ele>17.4</ele>
      </trkpt>
      <trkpt lat="35.69778992794454" lon="-121.29348998889327">
        <ele>18.7</ele>
      </trkpt>
      <trkpt lat="35.69689993746579" lon="-121.29262992180884">
        <ele>16.4</ele>
      </trkpt>
      <trkpt lat="35.692469934001565" lon="-121.2886499427259">
        <ele>15.4</ele>
      </trkpt>
      <trkpt lat="35.691799968481064" lon="-121.28807997331023">
        <ele>15.6</ele>
      </trkpt>
      <trkpt lat="35.691309962421656" lon="-121.28763992339373">
        <ele>16.3</ele>
      </trkpt>
      <trkpt lat="35.69081995636225" lon="-121.28723993897438">
        <ele>15.7</ele>
      </trkpt>
      <trkpt lat="35.69007991813123" lon="-121.2869299761951">
        <ele>15.0</ele>
      </trkpt>
      <trkpt lat="35.68951992318034" lon="-121.28676996566355">
        <ele>12.4</ele>
      </trkpt>
      <trkpt lat="35.688879964873195" lon="-121.28672998398542">
        <ele>10.4</ele>
      </trkpt>
      <trkpt lat="35.68764992058277" lon="-121.28693995065987">
        <ele>13.6</ele>
      </trkpt>
      <trkpt lat="35.687139965593815" lon="-121.28689996898174">
        <ele>14.5</ele>
      </trkpt>
      <trkpt lat="35.68659991957247" lon="-121.28676996566355">
        <ele>14.6</ele>
      </trkpt>
      <trkpt lat="35.686279982328415" lon="-121.28661992959678">
        <ele>14.1</ele>
      </trkpt>
      <trkpt lat="35.68594998680055" lon="-121.28643997013569">
        <ele>13.9</ele>
      </trkpt>
      <trkpt lat="35.685289995744824" lon="-121.28588994964957">
        <ele>13.1</ele>
      </trkpt>
      <trkpt lat="35.68476998247206" lon="-121.28547999076545">
        <ele>12.4</ele>
      </trkpt>
      <trkpt lat="35.68426991812885" lon="-121.28517991863191">
        <ele>11.9</ele>
      </trkpt>
      <trkpt lat="35.683849984779954" lon="-121.28503994084895">
        <ele>11.5</ele>
      </trkpt>
      <trkpt lat="35.683419993147254" lon="-121.28493994474411">
        <ele>13.4</ele>
      </trkpt>
      <trkpt lat="35.683039957657456" lon="-121.28489996306598">
        <ele>13.9</ele>
      </trkpt>
      <trkpt lat="35.6812899839133" lon="-121.28496995195746">
        <ele>13.2</ele>
      </trkpt>
      <trkpt lat="35.67859997972846" lon="-121.28499995917082">
        <ele>16.3</ele>
      </trkpt>
      <trkpt lat="35.67793998867273" lon="-121.28486995585263">
        <ele>15.7</ele>
      </trkpt>
      <trkpt lat="35.67709995433688" lon="-121.28465998917818">
        <ele>17.0</ele>
      </trkpt>
      <trkpt lat="35.67629998549819" lon="-121.28426997922361">
        <ele>17.5</ele>
      </trkpt>
      <trkpt lat="35.67565994337201" lon="-121.28389991819859">
        <ele>16.9</ele>
      </trkpt>
      <trkpt lat="35.67481999285519" lon="-121.28323992714286">
        <ele>15.9</ele>
      </trkpt>
      <trkpt lat="35.674569960683584" lon="-121.28306994214654">
        <ele>16.5</ele>
      </trkpt>
      <trkpt lat="35.67242997698486" lon="-121.28079995512962">
        <ele>23.8</ele>
      </trkpt>
      <trkpt lat="35.670549999922514" lon="-121.2787199858576">
        <ele>27.6</ele>
      </trkpt>
      <trkpt lat="35.670209946110845" lon="-121.27831991761923">
        <ele>27.1</ele>
      </trkpt>
      <trkpt lat="35.670019928365946" lon="-121.27796997316182">
        <ele>26.7</ele>
      </trkpt>
      <trkpt lat="35.66970996558666" lon="-121.27720998600125">
        <ele>28.9</ele>
      </trkpt>
      <trkpt lat="35.66909993067384" lon="-121.27559999004006">
        <ele>28.7</ele>
      </trkpt>
      <trkpt lat="35.66879994235933" lon="-121.27479993738234">
        <ele>28.1</ele>
      </trkpt>
      <trkpt lat="35.66840993240476" lon="-121.27363996580243">
        <ele>24.5</ele>
      </trkpt>
      <trkpt lat="35.66796996630728" lon="-121.2724899686873">
        <ele>22.7</ele>
      </trkpt>
      <trkpt lat="35.66748993471265" lon="-121.27111994661391">
        <ele>17.7</ele>
      </trkpt>
      <trkpt lat="35.66720997914672" lon="-121.27004999667406">
        <ele>15.9</ele>
      </trkpt>
      <trkpt lat="35.66670999862254" lon="-121.26764992251992">
        <ele>15.4</ele>
      </trkpt>
      <trkpt lat="35.666489973664284" lon="-121.26671995036304">
        <ele>18.7</ele>
      </trkpt>
      <trkpt lat="35.66630993038416" lon="-121.2661899626255">
        <ele>19.8</ele>
      </trkpt>
      <trkpt lat="35.665179966017604" lon="-121.26333994790912">
        <ele>17.8</ele>
      </trkpt>
      <trkpt lat="35.6649399921298" lon="-121.26268993131816">
        <ele>13.0</ele>
      </trkpt>
      <trkpt lat="35.664839996024966" lon="-121.26229992136359">
        <ele>10.1</ele>
      </trkpt>
      <trkpt lat="35.664749974384904" lon="-121.26153993420303">
        <ele>7.4</ele>
      </trkpt>
      <trkpt lat="35.664709992706776" lon="-121.26097993925214">
        <ele>6.0</ele>
      </trkpt>
      <trkpt lat="35.66462994553149" lon="-121.26054994761944">
        <ele>4.3</ele>
      </trkpt>
      <trkpt lat="35.66447999328375" lon="-121.26003999263048">
        <ele>3.5</ele>
      </trkpt>
      <trkpt lat="35.663119945675135" lon="-121.25665999017656">
        <ele>10.4</ele>
      </trkpt>
      <trkpt lat="35.662819957360625" lon="-121.25617995858192">
        <ele>8.5</ele>
      </trkpt>
      <trkpt lat="35.66095992922783" lon="-121.25363999046385">
        <ele>6.4</ele>
      </trkpt>
      <trkpt lat="35.66047998145223" lon="-121.25300992280245">
        <ele>6.6</ele>
      </trkpt>
      <trkpt lat="35.66031997092068" lon="-121.25283993780613">
        <ele>7.2</ele>
      </trkpt>
      <trkpt lat="35.65949996933341" lon="-121.25222998671234">
        <ele>5.5</ele>
      </trkpt>
      <trkpt lat="35.659209955483675" lon="-121.2519899290055">
        <ele>5.5</ele>
      </trkpt>
      <trkpt lat="35.65871994942427" lon="-121.25147997401655">
        <ele>6.1</ele>
      </trkpt>
      <trkpt lat="35.65839992836118" lon="-121.25097999349236">
        <ele>5.6</ele>
      </trkpt>
      <trkpt lat="35.65657996572554" lon="-121.24732992611825">
        <ele>12.7</ele>
      </trkpt>
      <trkpt lat="35.655879992991686" lon="-121.24596996232867">
        <ele>9.4</ele>
      </trkpt>
      <trkpt lat="35.65549995750189" lon="-121.24537996016443">
        <ele>8.5</ele>
      </trkpt>
      <trkpt lat="35.65524992533028" lon="-121.24509992077947">
        <ele>7.9</ele>
      </trkpt>
      <trkpt lat="35.65480995923281" lon="-121.24454998411238">
        <ele>6.5</ele>
      </trkpt>
      <trkpt lat="35.654439982026815" lon="-121.24396995641291">
        <ele>2.9</ele>
      </trkpt>
      <trkpt lat="35.654159942641854" lon="-121.2434299942106">
        <ele>2.7</ele>
      </trkpt>
      <trkpt lat="35.65395995043218" lon="-121.24290998093784">
        <ele>3.0</ele>
      </trkpt>
      <trkpt lat="35.65376993268728" lon="-121.2421899754554">
        <ele>4.5</ele>
      </trkpt>
      <trkpt lat="35.653669936582446" lon="-121.24158999882638">
        <ele>5.0</ele>
      </trkpt>
      <trkpt lat="35.65363992936909" lon="-121.24100997112691">
        <ele>5.9</ele>
      </trkpt>
      <trkpt lat="35.653669936582446" lon="-121.24016993679106">
        <ele>6.0</ele>
      </trkpt>
      <trkpt lat="35.65394997596741" lon="-121.23785996809602">
        <ele>7.5</ele>
      </trkpt>
      <trkpt lat="35.65395995043218" lon="-121.237119929865">
        <ele>7.6</ele>
      </trkpt>
      <trkpt lat="35.65392994321883" lon="-121.23665993101895">
        <ele>7.4</ele>
      </trkpt>
      <trkpt lat="35.65389993600547" lon="-121.2364499643445">
        <ele>7.2</ele>
      </trkpt>
      <trkpt lat="35.65375995822251" lon="-121.235779998824">
        <ele>6.2</ele>
      </trkpt>
      <trkpt lat="35.653599947690964" lon="-121.2352099455893">
        <ele>6.1</ele>
      </trkpt>
      <trkpt lat="35.652829986065626" lon="-121.23296996578574">
        <ele>4.3</ele>
      </trkpt>
      <trkpt lat="35.65260996110737" lon="-121.23211995698512">
        <ele>3.4</ele>
      </trkpt>
      <trkpt lat="35.65244995057583" lon="-121.23105998151004">
        <ele>4.0</ele>
      </trkpt>
      <trkpt lat="35.652419943362474" lon="-121.23055991716683">
        <ele>3.9</ele>
      </trkpt>
      <trkpt lat="35.6524099688977" lon="-121.23001995496452">
        <ele>3.9</ele>
      </trkpt>
      <trkpt lat="35.65247995778918" lon="-121.22909995727241">
        <ele>4.2</ele>
      </trkpt>
      <trkpt lat="35.65306995995343" lon="-121.22378993779421">
        <ele>13.6</ele>
      </trkpt>
      <trkpt lat="35.65317993052304" lon="-121.22272996231914">
        <ele>3.9</ele>
      </trkpt>
      <trkpt lat="35.6532699521631" lon="-121.22165992856026">
        <ele>8.1</ele>
      </trkpt>
      <trkpt lat="35.653259977698326" lon="-121.22079994529486">
        <ele>4.8</ele>
      </trkpt>
      <trkpt lat="35.65320993773639" lon="-121.2196699809283">
        <ele>6.5</ele>
      </trkpt>
      <trkpt lat="35.653169956058264" lon="-121.2180499266833">
        <ele>14.9</ele>
      </trkpt>
      <trkpt lat="35.653129974380136" lon="-121.2172699905932">
        <ele>17.3</ele>
      </trkpt>
      <trkpt lat="35.65300994552672" lon="-121.21600993908942">
        <ele>21.1</ele>
      </trkpt>
      <trkpt lat="35.65293995663524" lon="-121.21508994139731">
        <ele>24.7</ele>
      </trkpt>
      <trkpt lat="35.65287994220853" lon="-121.21465994976461">
        <ele>26.3</ele>
      </trkpt>
      <trkpt lat="35.652739964425564" lon="-121.21389996260405">
        <ele>27.5</ele>
      </trkpt>
      <trkpt lat="35.652659917250276" lon="-121.21360994875431">
        <ele>27.8</ele>
      </trkpt>
      <trkpt lat="35.6524099688977" lon="-121.21285993605852">
        <ele>26.8</ele>
      </trkpt>
      <trkpt lat="35.652139987796545" lon="-121.21222995221615">
        <ele>25.1</ele>
      </trkpt>
      <trkpt lat="35.651819966733456" lon="-121.2115799356252">
        <ele>23.8</ele>
      </trkpt>
      <trkpt lat="35.65145996399224" lon="-121.21074995957315">
        <ele>24.4</ele>
      </trkpt>
      <trkpt lat="35.6513599678874" lon="-121.21045994572341">
        <ele>24.7</ele>
      </trkpt>
      <trkpt lat="35.651239939033985" lon="-121.20980992913246">
        <ele>23.8</ele>
      </trkpt>
      <trkpt lat="35.65122996456921" lon="-121.20946995913982">
        <ele>23.9</ele>
      </trkpt>
      <trkpt lat="35.65127992071211" lon="-121.20889998972416">
        <ele>21.3</ele>
      </trkpt>
      <trkpt lat="35.65133993513882" lon="-121.20860997587442">
        <ele>20.6</ele>
      </trkpt>
      <trkpt lat="35.65173991955817" lon="-121.20730994269252">
        <ele>16.0</ele>
      </trkpt>
      <trkpt lat="35.651879981160164" lon="-121.20660996995866">
        <ele>12.5</ele>
      </trkpt>
      <trkpt lat="35.65191996283829" lon="-121.20624996721745">
        <ele>14.0</ele>
      </trkpt>
      <trkpt lat="35.65193999558687" lon="-121.20582995004952">
        <ele>16.3</ele>
      </trkpt>
      <trkpt lat="35.65188995562494" lon="-121.20521999895573">
        <ele>19.5</ele>
      </trkpt>
      <trkpt lat="35.65180999226868" lon="-121.2047999817878">
        <ele>21.0</ele>
      </trkpt>
      <trkpt lat="35.65172994509339" lon="-121.20449999347329">
        <ele>21.1</ele>
      </trkpt>
      <trkpt lat="35.6515999417752" lon="-121.20412993244827">
        <ele>20.6</ele>
      </trkpt>
      <trkpt lat="35.64759992994368" lon="-121.19467992335558">
        <ele>24.0</ele>
      </trkpt>
      <trkpt lat="35.64654992893338" lon="-121.19223995134234">
        <ele>17.9</ele>
      </trkpt>
      <trkpt lat="35.644899951294065" lon="-121.1880699545145">
        <ele>9.0</ele>
      </trkpt>
      <trkpt lat="35.643479973077774" lon="-121.18440999649465">
        <ele>15.1</ele>
      </trkpt>
      <trkpt lat="35.643119970336556" lon="-121.18349997326732">
        <ele>12.5</ele>
      </trkpt>
      <trkpt lat="35.642839930951595" lon="-121.18286998942494">
        <ele>5.5</ele>
      </trkpt>
      <trkpt lat="35.64220994710922" lon="-121.18123996071517">
        <ele>11.2</ele>
      </trkpt>
      <trkpt lat="35.641849944368005" lon="-121.18019993416965">
        <ele>13.7</ele>
      </trkpt>
      <trkpt lat="35.64159999601543" lon="-121.17931991815567">
        <ele>14.8</ele>
      </trkpt>
      <trkpt lat="35.640669940039515" lon="-121.17550992406905">
        <ele>16.7</ele>
      </trkpt>
      <trkpt lat="35.64057991839945" lon="-121.17518998682499">
        <ele>16.8</ele>
      </trkpt>
      <trkpt lat="35.64039995893836" lon="-121.17459998466074">
        <ele>18.4</ele>
      </trkpt>
      <trkpt lat="35.64013995230198" lon="-121.17391996085644">
        <ele>18.6</ele>
      </trkpt>
      <trkpt lat="35.63802997581661" lon="-121.16930999793112">
        <ele>17.1</ele>
      </trkpt>
      <trkpt lat="35.63764994032681" lon="-121.16852997802198">
        <ele>16.2</ele>
      </trkpt>
      <trkpt lat="35.6369199603796" lon="-121.16694998927414">
        <ele>20.6</ele>
      </trkpt>
      <trkpt lat="35.63668996095657" lon="-121.16650993935764">
        <ele>21.3</ele>
      </trkpt>
      <trkpt lat="35.63643992878497" lon="-121.16608992218971">
        <ele>21.9</ele>
      </trkpt>
      <trkpt lat="35.636179922148585" lon="-121.16570997051895">
        <ele>21.9</ele>
      </trkpt>
      <trkpt lat="35.63583995215595" lon="-121.1652999278158">
        <ele>20.0</ele>
      </trkpt>
      <trkpt lat="35.63557994551957" lon="-121.16501997224987">
        <ele>17.9</ele>
      </trkpt>
      <trkpt lat="35.63517996110022" lon="-121.16465996950865">
        <ele>16.5</ele>
      </trkpt>
      <trkpt lat="35.63442994840443" lon="-121.1640699673444">
        <ele>15.2</ele>
      </trkpt>
      <trkpt lat="35.633279951289296" lon="-121.1631999257952">
        <ele>13.2</ele>
      </trkpt>
      <trkpt lat="35.63270998187363" lon="-121.1627199780196">
        <ele>12.3</ele>
      </trkpt>
      <trkpt lat="35.63229993917048" lon="-121.16240993142128">
        <ele>10.5</ele>
      </trkpt>
      <trkpt lat="35.63003992661834" lon="-121.16082994267344">
        <ele>12.6</ele>
      </trkpt>
      <trkpt lat="35.62758998014033" lon="-121.1589499656111">
        <ele>6.2</ele>
      </trkpt>
      <trkpt lat="35.62718999572098" lon="-121.15860999561846">
        <ele>10.1</ele>
      </trkpt>
      <trkpt lat="35.626099929213524" lon="-121.15761992521584">
        <ele>10.8</ele>
      </trkpt>
      <trkpt lat="35.625259978696704" lon="-121.15675994195044">
        <ele>9.6</ele>
      </trkpt>
      <trkpt lat="35.62451994046569" lon="-121.15608997642994">
        <ele>11.1</ele>
      </trkpt>
      <trkpt lat="35.622449945658445" lon="-121.15466999821365">
        <ele>16.1</ele>
      </trkpt>
      <trkpt lat="35.62155995517969" lon="-121.15399994887412">
        <ele>19.8</ele>
      </trkpt>
      <trkpt lat="35.62088998965919" lon="-121.15341992117465">
        <ele>21.1</ele>
      </trkpt>
      <trkpt lat="35.62058991752565" lon="-121.15312999114394">
        <ele>20.8</ele>
      </trkpt>
      <trkpt lat="35.61963999643922" lon="-121.15211997181177">
        <ele>21.3</ele>
      </trkpt>
      <trkpt lat="35.61881999485195" lon="-121.15107994526625">
        <ele>21.0</ele>
      </trkpt>
      <trkpt lat="35.61831993050873" lon="-121.15037997253239">
        <ele>20.1</ele>
      </trkpt>
      <trkpt lat="35.61746992170811" lon="-121.14933994598687">
        <ele>17.8</ele>
      </trkpt>
      <trkpt lat="35.616349931806326" lon="-121.14805994555354">
        <ele>16.4</ele>
      </trkpt>
      <trkpt lat="35.61433995142579" lon="-121.14567998796701">
        <ele>15.0</ele>
      </trkpt>
      <trkpt lat="35.613249968737364" lon="-121.14456997253001">
        <ele>14.8</ele>
      </trkpt>
      <trkpt lat="35.611639972776175" lon="-121.14268999546766">
        <ele>14.3</ele>
      </trkpt>
      <trkpt lat="35.61014992184937" lon="-121.14089995622635">
        <ele>18.9</ele>
      </trkpt>
      <trkpt lat="35.606099953874946" lon="-121.13610995002091">
        <ele>24.5</ele>
      </trkpt>
      <trkpt lat="35.60537994839251" lon="-121.13522993400693">
        <ele>24.6</ele>
      </trkpt>
      <trkpt lat="35.60282992199063" lon="-121.13226994872093">
        <ele>15.9</ele>
      </trkpt>
      <trkpt lat="35.60122998431325" lon="-121.13036993891001">
        <ele>11.4</ele>
      </trkpt>
      <trkpt lat="35.600749952718616" lon="-121.12983995117247">
        <ele>12.2</ele>
      </trkpt>
      <trkpt lat="35.599159989506006" lon="-121.12794999964535">
        <ele>12.7</ele>
      </trkpt>
      <trkpt lat="35.598859917372465" lon="-121.12763995304704">
        <ele>13.6</ele>
      </trkpt>
      <trkpt lat="35.598209984600544" lon="-121.12704995088279">
        <ele>14.9</ele>
      </trkpt>
      <trkpt lat="35.59754999354482" lon="-121.12658995203674">
        <ele>12.9</ele>
      </trkpt>
      <trkpt lat="35.597139950841665" lon="-121.12634997814894">
        <ele>12.0</ele>
      </trkpt>
      <trkpt lat="35.59682998806238" lon="-121.12619994208217">
        <ele>11.0</ele>
      </trkpt>
      <trkpt lat="35.59424995444715" lon="-121.12509998492897">
        <ele>10.5</ele>
      </trkpt>
      <trkpt lat="35.592349944636226" lon="-121.12445994280279">
        <ele>7.2</ele>
      </trkpt>
      <trkpt lat="35.5916019435972" lon="-121.12418593838811">
        <ele>9.9</ele>
      </trkpt>
      <trkpt lat="35.58956991881132" lon="-121.12335998564959">
        <ele>17.0</ele>
      </trkpt>
      <trkpt lat="35.58882996439934" lon="-121.12302999012172">
        <ele>18.3</ele>
      </trkpt>
      <trkpt lat="35.58745994232595" lon="-121.12245993688703">
        <ele>16.4</ele>
      </trkpt>
      <trkpt lat="35.587039925158024" lon="-121.1222399957478">
        <ele>17.9</ele>
      </trkpt>
      <trkpt lat="35.58648998849094" lon="-121.12189994193614">
        <ele>19.1</ele>
      </trkpt>
      <trkpt lat="35.5859499424696" lon="-121.12151999026537">
        <ele>20.5</ele>
      </trkpt>
      <trkpt lat="35.58550997637212" lon="-121.1211299803108">
        <ele>20.7</ele>
      </trkpt>
      <trkpt lat="35.5837999843061" lon="-121.11948997713625">
        <ele>19.2</ele>
      </trkpt>
      <trkpt lat="35.58266993612051" lon="-121.1184599250555">
        <ele>12.0</ele>
      </trkpt>
      <trkpt lat="35.58163996785879" lon="-121.11747999675572">
        <ele>7.8</ele>
      </trkpt>
      <trkpt lat="35.57980994693935" lon="-121.11569993197918">
        <ele>12.3</ele>
      </trkpt>
      <trkpt lat="35.578939989209175" lon="-121.11488998867571">
        <ele>12.8</ele>
      </trkpt>
      <trkpt lat="35.57766996324062" lon="-121.11366991885006">
        <ele>14.1</ele>
      </trkpt>
      <trkpt lat="35.57660998776555" lon="-121.11269996501505">
        <ele>13.3</ele>
      </trkpt>
      <trkpt lat="35.57602996006608" lon="-121.11224994063377">
        <ele>14.8</ele>
      </trkpt>
      <trkpt lat="35.57535999454558" lon="-121.11191994510591">
        <ele>14.5</ele>
      </trkpt>
      <trkpt lat="35.57351999916136" lon="-121.11131996847689">
        <ele>15.7</ele>
      </trkpt>
      <trkpt lat="35.57307994924486" lon="-121.11114998348057">
        <ele>16.2</ele>
      </trkpt>
      <trkpt lat="35.572709972038865" lon="-121.11095996573567">
        <ele>16.8</ele>
      </trkpt>
      <trkpt lat="35.57238198816776" lon="-121.11076299101114">
        <ele>17.3</ele>
      </trkpt>
      <trkpt lat="35.572069929912686" lon="-121.11054992303252">
        <ele>17.0</ele>
      </trkpt>
      <trkpt lat="35.57181998156011" lon="-121.11034993082285">
        <ele>17.5</ele>
      </trkpt>
      <trkpt lat="35.57147992774844" lon="-121.11001993529499">
        <ele>18.2</ele>
      </trkpt>
      <trkpt lat="35.571099976077676" lon="-121.10955993644893">
        <ele>18.6</ele>
      </trkpt>
      <trkpt lat="35.570729998871684" lon="-121.10903992317617">
        <ele>20.5</ele>
      </trkpt>
      <trkpt lat="35.5704599339515" lon="-121.10858998261392">
        <ele>21.0</ele>
      </trkpt>
      <trkpt lat="35.57022993452847" lon="-121.10811992548406">
        <ele>22.3</ele>
      </trkpt>
      <trkpt lat="35.56994997896254" lon="-121.10738994553685">
        <ele>21.9</ele>
      </trkpt>
      <trkpt lat="35.56911991909146" lon="-121.10450992360711">
        <ele>10.5</ele>
      </trkpt>
      <trkpt lat="35.568929985165596" lon="-121.10392997972667">
        <ele>6.6</ele>
      </trkpt>
      <trkpt lat="35.56839999742806" lon="-121.10277998261154">
        <ele>6.8</ele>
      </trkpt>
      <trkpt lat="35.56784997694194" lon="-121.10184992663562">
        <ele>6.8</ele>
      </trkpt>
      <trkpt lat="35.56727992370725" lon="-121.10104995779693">
        <ele>6.8</ele>
      </trkpt>
      <trkpt lat="35.56465999223292" lon="-121.09776995144784">
        <ele>6.8</ele>
      </trkpt>
      <trkpt lat="35.564179960638285" lon="-121.09723996371031">
        <ele>6.8</ele>
      </trkpt>
      <trkpt lat="35.563469929620624" lon="-121.096559939906">
        <ele>6.8</ele>
      </trkpt>
      <trkpt lat="35.56326993741095" lon="-121.09639992937446">
        <ele>6.8</ele>
      </trkpt>
      <trkpt lat="35.56252998299897" lon="-121.09589994885027">
        <ele>6.8</ele>
      </trkpt>
      <trkpt lat="35.560959968715906" lon="-121.09500995837152">
        <ele>7.7</ele>
      </trkpt>
      <trkpt lat="35.56014994159341" lon="-121.09450997784734">
        <ele>8.8</ele>
      </trkpt>
      <trkpt lat="35.55913992226124" lon="-121.09392995014787">
        <ele>21.4</ele>
      </trkpt>
      <trkpt lat="35.557649955153465" lon="-121.09300995245576">
        <ele>20.5</ele>
      </trkpt>
      <trkpt lat="35.55724997073412" lon="-121.09271993860602">
        <ele>22.6</ele>
      </trkpt>
      <trkpt lat="35.556979989632964" lon="-121.092489939183">
        <ele>21.9</ele>
      </trkpt>
      <trkpt lat="35.556549998000264" lon="-121.09201996587217">
        <ele>17.3</ele>
      </trkpt>
      <trkpt lat="35.55614992976189" lon="-121.09151998534799">
        <ele>17.6</ele>
      </trkpt>
      <trkpt lat="35.55576997809112" lon="-121.09091992489994">
        <ele>18.3</ele>
      </trkpt>
      <trkpt lat="35.5554099753499" lon="-121.09024995937943">
        <ele>19.9</ele>
      </trkpt>
      <trkpt lat="35.55527997203171" lon="-121.0899099893868">
        <ele>21.0</ele>
      </trkpt>
      <trkpt lat="35.55509992875159" lon="-121.08935996890068">
        <ele>20.9</ele>
      </trkpt>
      <trkpt lat="35.55495995096862" lon="-121.08884993009269">
        <ele>20.7</ele>
      </trkpt>
      <trkpt lat="35.554789965972304" lon="-121.08783999457955">
        <ele>30.7</ele>
      </trkpt>
      <trkpt lat="35.55475995875895" lon="-121.08734998852015">
        <ele>31.6</ele>
      </trkpt>
      <trkpt lat="35.554789965972304" lon="-121.08644993975759">
        <ele>33.4</ele>
      </trkpt>
      <trkpt lat="35.554899936541915" lon="-121.08548996038735">
        <ele>41.0</ele>
      </trkpt>
      <trkpt lat="35.55501996539533" lon="-121.08452998101711">
        <ele>58.0</ele>
      </trkpt>
      <trkpt lat="35.55529992096126" lon="-121.08285997062922">
        <ele>72.6</ele>
      </trkpt>
      <trkpt lat="35.55544995702803" lon="-121.0816999990493">
        <ele>87.7</ele>
      </trkpt>
      <trkpt lat="35.555649949237704" lon="-121.08038999140263">
        <ele>85.1</ele>
      </trkpt>
      <trkpt lat="35.55569998919964" lon="-121.07997994869947">
        <ele>84.9</ele>
      </trkpt>
      <trkpt lat="35.55571993812919" lon="-121.07930998317897">
        <ele>86.6</ele>
      </trkpt>
      <trkpt lat="35.55570996366441" lon="-121.07890999875963">
        <ele>88.6</ele>
      </trkpt>
      <trkpt lat="35.555669981986284" lon="-121.07854999601841">
        <ele>89.2</ele>
      </trkpt>
      <trkpt lat="35.5555999930948" lon="-121.07812997885048">
        <ele>91.5</ele>
      </trkpt>
      <trkpt lat="35.55543998256326" lon="-121.07741994783282">
        <ele>92.9</ele>
      </trkpt>
      <trkpt lat="35.555219957605004" lon="-121.07669994235039">
        <ele>90.3</ele>
      </trkpt>
      <trkpt lat="35.55507997982204" lon="-121.0763299651444">
        <ele>90.3</ele>
      </trkpt>
      <trkpt lat="35.55466993711889" lon="-121.07548993080854">
        <ele>86.1</ele>
      </trkpt>
      <trkpt lat="35.55440993048251" lon="-121.07502993196249">
        <ele>79.9</ele>
      </trkpt>
      <trkpt lat="35.553909949958324" lon="-121.07442995533347">
        <ele>70.8</ele>
      </trkpt>
      <trkpt lat="35.55237991735339" lon="-121.07278995215893">
        <ele>73.4</ele>
      </trkpt>
      <trkpt lat="35.551309967413545" lon="-121.07156996615231">
        <ele>81.1</ele>
      </trkpt>
      <trkpt lat="35.550129963085055" lon="-121.07030999846756">
        <ele>86.1</ele>
      </trkpt>
      <trkpt lat="35.54903998039663" lon="-121.06905992142856">
        <ele>68.9</ele>
      </trkpt>
      <trkpt lat="35.54846992716193" lon="-121.06847997754812">
        <ele>66.4</ele>
      </trkpt>
      <trkpt lat="35.546709978953004" lon="-121.06652992777526">
        <ele>54.4</ele>
      </trkpt>
      <trkpt lat="35.54551991634071" lon="-121.06525998562574">
        <ele>44.7</ele>
      </trkpt>
      <trkpt lat="35.544519955292344" lon="-121.0640999302268">
        <ele>33.0</ele>
      </trkpt>
      <trkpt lat="35.54424997419119" lon="-121.06374998576939">
        <ele>32.8</ele>
      </trkpt>
      <trkpt lat="35.543899945914745" lon="-121.0632399469614">
        <ele>32.8</ele>
      </trkpt>
      <trkpt lat="35.543529968708754" lon="-121.06260996311903">
        <ele>33.0</ele>
      </trkpt>
      <trkpt lat="35.54312998428941" lon="-121.06181996874511">
        <ele>32.4</ele>
      </trkpt>
      <trkpt lat="35.54239992052317" lon="-121.06050996109843">
        <ele>28.8</ele>
      </trkpt>
      <trkpt lat="35.541919972747564" lon="-121.0596099961549">
        <ele>25.3</ele>
      </trkpt>
      <trkpt lat="35.541489981114864" lon="-121.05888999067247">
        <ele>24.8</ele>
      </trkpt>
      <trkpt lat="35.541149927303195" lon="-121.05841993354261">
        <ele>25.1</ele>
      </trkpt>
      <trkpt lat="35.54075991734862" lon="-121.05791995301843">
        <ele>26.0</ele>
      </trkpt>
      <trkpt lat="35.536999963223934" lon="-121.05325995013118">
        <ele>24.7</ele>
      </trkpt>
      <trkpt lat="35.53659997880459" lon="-121.05285996571183">
        <ele>27.0</ele>
      </trkpt>
      <trkpt lat="35.536249950528145" lon="-121.05253994464874">
        <ele>28.0</ele>
      </trkpt>
      <trkpt lat="35.53534998558462" lon="-121.05185992084444">
        <ele>27.1</ele>
      </trkpt>
      <trkpt lat="35.53251991979778" lon="-121.04997994378209">
        <ele>28.5</ele>
      </trkpt>
      <trkpt lat="35.532339960336685" lon="-121.04983996599913">
        <ele>29.2</ele>
      </trkpt>
      <trkpt lat="35.5318399798125" lon="-121.04940997436643">
        <ele>29.9</ele>
      </trkpt>
      <trkpt lat="35.5309799965471" lon="-121.0485599655658">
        <ele>30.9</ele>
      </trkpt>
      <trkpt lat="35.53069995716214" lon="-121.0483099333942">
        <ele>30.9</ele>
      </trkpt>
      <trkpt lat="35.52953998558223" lon="-121.04717996902764">
        <ele>38.0</ele>
      </trkpt>
      <trkpt lat="35.52907998673618" lon="-121.046699937433">
        <ele>37.6</ele>
      </trkpt>
      <trkpt lat="35.527159944176674" lon="-121.04477997869253">
        <ele>34.8</ele>
      </trkpt>
      <trkpt lat="35.52715592086315" lon="-121.04480093345046">
        <ele>34.8</ele>
      </trkpt>
      <trkpt lat="35.527159944176674" lon="-121.04477997869253">
        <ele>34.8</ele>
      </trkpt>
      <trkpt lat="35.52684998139739" lon="-121.0445399209857">
        <ele>34.8</ele>
      </trkpt>
      <trkpt lat="35.52646994590759" lon="-121.04426993988454">
        <ele>34.8</ele>
      </trkpt>
      <trkpt lat="35.52601992152631" lon="-121.04401999153197">
        <ele>34.8</ele>
      </trkpt>
      <trkpt lat="35.52405998110771" lon="-121.04301994666457">
        <ele>34.8</ele>
      </trkpt>
      <trkpt lat="35.52359998226166" lon="-121.04269992560148">
        <ele>34.8</ele>
      </trkpt>
      <trkpt lat="35.523079968988895" lon="-121.04222995229065">
        <ele>34.8</ele>
      </trkpt>
      <trkpt lat="35.52286991849542" lon="-121.04199995286763">
        <ele>34.8</ele>
      </trkpt>
      <trkpt lat="35.522309923544526" lon="-121.04125999845564">
        <ele>34.8</ele>
      </trkpt>
      <trkpt lat="35.51994999870658" lon="-121.03738998994231">
        <ele>34.8</ele>
      </trkpt>
      <trkpt lat="35.51928992383182" lon="-121.03634996339679">
        <ele>34.8</ele>
      </trkpt>
      <trkpt lat="35.518869990482926" lon="-121.03573992848396">
        <ele>34.8</ele>
      </trkpt>
      <trkpt lat="35.51874996162951" lon="-121.03558997623622">
        <ele>34.8</ele>
      </trkpt>
      <trkpt lat="35.518009923398495" lon="-121.03485999628901">
        <ele>35.4</ele>
      </trkpt>
      <trkpt lat="35.51361998543143" lon="-121.03078999556601">
        <ele>44.8</ele>
      </trkpt>
      <trkpt lat="35.51195994950831" lon="-121.02919994853437">
        <ele>48.1</ele>
      </trkpt>
      <trkpt lat="35.511369947344065" lon="-121.02852998301387">
        <ele>49.3</ele>
      </trkpt>
      <trkpt lat="35.51070995628834" lon="-121.02766999974847">
        <ele>53.4</ele>
      </trkpt>
      <trkpt lat="35.51023998297751" lon="-121.02696994319558">
        <ele>55.8</ele>
      </trkpt>
      <trkpt lat="35.509479995816946" lon="-121.02576998993754">
        <ele>56.1</ele>
      </trkpt>
      <trkpt lat="35.50883995369077" lon="-121.02469995617867">
        <ele>57.2</ele>
      </trkpt>
      <trkpt lat="35.50824995152652" lon="-121.02381994016469">
        <ele>57.5</ele>
      </trkpt>
      <trkpt lat="35.5073999427259" lon="-121.02241999469697">
        <ele>59.6</ele>
      </trkpt>
      <trkpt lat="35.507219983264804" lon="-121.02208999916911">
        <ele>62.1</ele>
      </trkpt>
      <trkpt lat="35.50594995729625" lon="-121.02004992775619">
        <ele>68.5</ele>
      </trkpt>
      <trkpt lat="35.505269933491945" lon="-121.01888995617628">
        <ele>85.5</ele>
      </trkpt>
      <trkpt lat="35.50471999682486" lon="-121.01798999123275">
        <ele>89.5</ele>
      </trkpt>
      <trkpt lat="35.502969939261675" lon="-121.01526997983456">
        <ele>74.5</ele>
      </trkpt>
      <trkpt lat="35.50250994041562" lon="-121.01465994492173">
        <ele>73.7</ele>
      </trkpt>
      <trkpt lat="35.50205999985337" lon="-121.0141299571842">
        <ele>69.0</ele>
      </trkpt>
      <trkpt lat="35.49848997965455" lon="-121.01012994535267">
        <ele>68.3</ele>
      </trkpt>
      <trkpt lat="35.49814992584288" lon="-121.00971998646855">
        <ele>68.3</ele>
      </trkpt>
      <trkpt lat="35.497809955850244" lon="-121.00929996930063">
        <ele>67.3</ele>
      </trkpt>
      <trkpt lat="35.497209979221225" lon="-121.00850997492671">
        <ele>62.3</ele>
      </trkpt>
      <trkpt lat="35.49483999609947" lon="-121.00533993914723">
        <ele>56.5</ele>
      </trkpt>
      <trkpt lat="35.49429995007813" lon="-121.00468992255628">
        <ele>54.8</ele>
      </trkpt>
      <trkpt lat="35.493919998407364" lon="-121.00435992702842">
        <ele>51.9</ele>
      </trkpt>
      <trkpt lat="35.493469974026084" lon="-121.00403998978436">
        <ele>51.0</ele>
      </trkpt>
      <trkpt lat="35.49149997532368" lon="-121.00306995213032">
        <ele>47.4</ele>
      </trkpt>
      <trkpt lat="35.491149947047234" lon="-121.00284992717206">
        <ele>47.1</ele>
      </trkpt>
      <trkpt lat="35.49094995483756" lon="-121.00269997492433">
        <ele>47.5</ele>
      </trkpt>
      <trkpt lat="35.49025995656848" lon="-121.00211994722486">
        <ele>47.8</ele>
      </trkpt>
      <trkpt lat="35.48767992295325" lon="-120.99973998963833">
        <ele>45.6</ele>
      </trkpt>
      <trkpt lat="35.48700995743275" lon="-120.99915996193886">
        <ele>45.4</ele>
      </trkpt>
      <trkpt lat="35.48675992526114" lon="-120.99896994419396">
        <ele>44.4</ele>
      </trkpt>
      <trkpt lat="35.48526995815337" lon="-120.99808992817998">
        <ele>39.2</ele>
      </trkpt>
      <trkpt lat="35.484449956566095" lon="-120.99762992933393">
        <ele>44.0</ele>
      </trkpt>
      <trkpt lat="35.48353993333876" lon="-120.99707999266684">
        <ele>40.0</ele>
      </trkpt>
      <trkpt lat="35.48243997618556" lon="-120.99646995775402">
        <ele>45.9</ele>
      </trkpt>
      <trkpt lat="35.48185994848609" lon="-120.99607994779944">
        <ele>41.5</ele>
      </trkpt>
      <trkpt lat="35.4808699619025" lon="-120.99521996453404">
        <ele>31.5</ele>
      </trkpt>
      <trkpt lat="35.48030996695161" lon="-120.99458998069167">
        <ele>29.2</ele>
      </trkpt>
      <trkpt lat="35.47988994978368" lon="-120.99402998574078">
        <ele>29.7</ele>
      </trkpt>
      <trkpt lat="35.47940991818905" lon="-120.9933299291879">
        <ele>32.0</ele>
      </trkpt>
      <trkpt lat="35.47870994545519" lon="-120.99235997535288">
        <ele>24.4</ele>
      </trkpt>
      <trkpt lat="35.478279953822494" lon="-120.99182998761535">
        <ele>23.7</ele>
      </trkpt>
      <trkpt lat="35.477899918332696" lon="-120.99142991937697">
        <ele>22.2</ele>
      </trkpt>
      <trkpt lat="35.47726993449032" lon="-120.99092993885279">
        <ele>21.1</ele>
      </trkpt>
      <trkpt lat="35.476649925112724" lon="-120.99052995443344">
        <ele>20.8</ele>
      </trkpt>
      <trkpt lat="35.475789941847324" lon="-120.99000994116068">
        <ele>22.5</ele>
      </trkpt>
      <trkpt lat="35.475489953532815" lon="-120.98978991620243">
        <ele>24.7</ele>
      </trkpt>
      <trkpt lat="35.47514998354018" lon="-120.98947995342314">
        <ele>26.5</ele>
      </trkpt>
      <trkpt lat="35.474759973585606" lon="-120.9890799690038">
        <ele>25.0</ele>
      </trkpt>
      <trkpt lat="35.47456995584071" lon="-120.98886991851032">
        <ele>25.5</ele>
      </trkpt>
      <trkpt lat="35.47433995641768" lon="-120.98854998126626">
        <ele>25.7</ele>
      </trkpt>
      <trkpt lat="35.47413996420801" lon="-120.98822996020317">
        <ele>22.3</ele>
      </trkpt>
      <trkpt lat="35.47397995367646" lon="-120.98792997188866">
        <ele>22.0</ele>
      </trkpt>
      <trkpt lat="35.47358994372189" lon="-120.98700997419655">
        <ele>21.1</ele>
      </trkpt>
      <trkpt lat="35.47349992208183" lon="-120.98671996034682">
        <ele>20.7</ele>
      </trkpt>
      <trkpt lat="35.47324997372925" lon="-120.98562997765839">
        <ele>15.7</ele>
      </trkpt>
      <trkpt lat="35.47306993044913" lon="-120.98453999496996">
        <ele>14.6</ele>
      </trkpt>
      <trkpt lat="35.4729799926281" lon="-120.98410991951823">
        <ele>12.4</ele>
      </trkpt>
      <trkpt lat="35.47287999652326" lon="-120.98375997506082">
        <ele>11.6</ele>
      </trkpt>
      <trkpt lat="35.472719985991716" lon="-120.98332998342812">
        <ele>11.6</ele>
      </trkpt>
      <trkpt lat="35.47253994271159" lon="-120.98287995904684">
        <ele>11.3</ele>
      </trkpt>
      <trkpt lat="35.47231991775334" lon="-120.98242993466556">
        <ele>11.5</ele>
      </trkpt>
      <trkpt lat="35.471859918907285" lon="-120.98163994029164">
        <ele>10.1</ele>
      </trkpt>
      <trkpt lat="35.469259936362505" lon="-120.97763992846012">
        <ele>9.4</ele>
      </trkpt>
      <trkpt lat="35.46583995223045" lon="-120.97309995442629">
        <ele>9.0</ele>
      </trkpt>
      <trkpt lat="35.46512992121279" lon="-120.97197996452451">
        <ele>12.0</ele>
      </trkpt>
      <trkpt lat="35.462729930877686" lon="-120.96793997101486">
        <ele>11.7</ele>
      </trkpt>
      <trkpt lat="35.455829948186874" lon="-120.95621997490525">
        <ele>18.0</ele>
      </trkpt>
      <trkpt lat="35.45548997819424" lon="-120.95551991835237">
        <ele>18.3</ele>
      </trkpt>
      <trkpt lat="35.4551999643445" lon="-120.95480997115374">
        <ele>18.7</ele>
      </trkpt>
      <trkpt lat="35.45147999189794" lon="-120.94442998990417">
        <ele>20.9</ele>
      </trkpt>
      <trkpt lat="35.451319981366396" lon="-120.94391995109618">
        <ele>21.4</ele>
      </trkpt>
      <trkpt lat="35.4511299636215" lon="-120.94319994561374">
        <ele>21.7</ele>
      </trkpt>
      <trkpt lat="35.450929971411824" lon="-120.94210996292531">
        <ele>29.6</ele>
      </trkpt>
      <trkpt lat="35.45083994977176" lon="-120.94152993522584">
        <ele>30.0</ele>
      </trkpt>
      <trkpt lat="35.450739953666925" lon="-120.94066995196044">
        <ele>29.3</ele>
      </trkpt>
      <trkpt lat="35.450069988146424" lon="-120.93368992209435">
        <ele>12.0</ele>
      </trkpt>
      <trkpt lat="35.449639996513724" lon="-120.92882992699742">
        <ele>21.9</ele>
      </trkpt>
      <trkpt lat="35.44938996434212" lon="-120.92618996277452">
        <ele>21.6</ele>
      </trkpt>
      <trkpt lat="35.44936993159354" lon="-120.92584999278188">
        <ele>21.5</ele>
      </trkpt>
      <trkpt lat="35.44935995712876" lon="-120.92474995180964">
        <ele>21.5</ele>
      </trkpt>
      <trkpt lat="35.44938996434212" lon="-120.92399993911386">
        <ele>20.1</ele>
      </trkpt>
      <trkpt lat="35.449429946020246" lon="-120.9234799258411">
        <ele>19.6</ele>
      </trkpt>
      <trkpt lat="35.4494099970907" lon="-120.9232669416815">
        <ele>19.2</ele>
      </trkpt>
      <trkpt lat="35.44941997155547" lon="-120.92326995916665">
        <ele>19.3</ele>
      </trkpt>
      <trkpt lat="35.44949993491173" lon="-120.92184998095036">
        <ele>17.7</ele>
      </trkpt>
      <trkpt lat="35.44990997761488" lon="-120.91787997633219">
        <ele>20.2</ele>
      </trkpt>
      <trkpt lat="35.449619963765144" lon="-120.91772994026542">
        <ele>18.3</ele>
      </trkpt>
      <trkpt lat="35.44952994212508" lon="-120.9176199696958">
        <ele>17.8</ele>
      </trkpt>
      <trkpt lat="35.449489960446954" lon="-120.9175099991262">
        <ele>17.3</ele>
      </trkpt>
      <trkpt lat="35.44947998598218" lon="-120.91727999970317">
        <ele>17.1</ele>
      </trkpt>
      <trkpt lat="35.449509993195534" lon="-120.91710993088782">
        <ele>17.4</ele>
      </trkpt>
      <trkpt lat="35.44977997429669" lon="-120.91642999090254">
        <ele>19.6</ele>
      </trkpt>
      <trkpt lat="35.44984996318817" lon="-120.91617995873094">
        <ele>20.7</ele>
      </trkpt>
      <trkpt lat="35.449879970401525" lon="-120.91597996652126">
        <ele>22.0</ele>
      </trkpt>
      <trkpt lat="35.449939984828234" lon="-120.91498997993767">
        <ele>19.5</ele>
      </trkpt>
      <trkpt lat="35.44992992654443" lon="-120.91470994055271">
        <ele>18.4</ele>
      </trkpt>
      <trkpt lat="35.44986999593675" lon="-120.9142199344933">
        <ele>17.9</ele>
      </trkpt>
      <trkpt lat="35.44979992322624" lon="-120.91385993175209">
        <ele>18.0</ele>
      </trkpt>
      <trkpt lat="35.449579982087016" lon="-120.91317999176681">
        <ele>15.1</ele>
      </trkpt>
      <trkpt lat="35.44933992438018" lon="-120.91235999017954">
        <ele>15.3</ele>
      </trkpt>
      <trkpt lat="35.44924998655915" lon="-120.91182991862297">
        <ele>15.6</ele>
      </trkpt>
      <trkpt lat="35.44922995381057" lon="-120.9112599492073">
        <ele>16.7</ele>
      </trkpt>
      <trkpt lat="35.44927999377251" lon="-120.91072996146977">
        <ele>19.7</ele>
      </trkpt>
      <trkpt lat="35.44933992438018" lon="-120.91047992929816">
        <ele>20.7</ele>
      </trkpt>
      <trkpt lat="35.4494599532336" lon="-120.91005999594927">
        <ele>18.2</ele>
      </trkpt>
      <trkpt lat="35.44990997761488" lon="-120.90873993001878">
        <ele>10.0</ele>
      </trkpt>
      <trkpt lat="35.44996999204159" lon="-120.90851998887956">
        <ele>8.6</ele>
      </trkpt>
      <trkpt lat="35.45001994818449" lon="-120.9082399494946">
        <ele>7.5</ele>
      </trkpt>
      <trkpt lat="35.45003998093307" lon="-120.90786997228861">
        <ele>6.6</ele>
      </trkpt>
      <trkpt lat="35.450009973719716" lon="-120.90720998123288">
        <ele>5.1</ele>
      </trkpt>
      <trkpt lat="35.449899919331074" lon="-120.90665996074677">
        <ele>3.8</ele>
      </trkpt>
      <trkpt lat="35.44981995597482" lon="-120.90642996132374">
        <ele>3.8</ele>
      </trkpt>
      <trkpt lat="35.44954997487366" lon="-120.90580995194614">
        <ele>3.3</ele>
      </trkpt>
      <trkpt lat="35.4492199793458" lon="-120.90512992814183">
        <ele>2.8</ele>
      </trkpt>
      <trkpt lat="35.4484099522233" lon="-120.90353996492922">
        <ele>4.8</ele>
      </trkpt>
      <trkpt lat="35.445989929139614" lon="-120.89859992265701">
        <ele>17.7</ele>
      </trkpt>
      <trkpt lat="35.44380996376276" lon="-120.89419992640615">
        <ele>24.2</ele>
      </trkpt>
      <trkpt lat="35.44269994832575" lon="-120.89201996102929">
        <ele>23.7</ele>
      </trkpt>
      <trkpt lat="35.44243994168937" lon="-120.89155996218324">
        <ele>23.3</ele>
      </trkpt>
      <trkpt lat="35.44212997891009" lon="-120.89111999608576">
        <ele>23.3</ele>
      </trkpt>
      <trkpt lat="35.44165992178023" lon="-120.89057995006442">
        <ele>23.9</ele>
      </trkpt>
      <trkpt lat="35.44135993346572" lon="-120.89025992900133">
        <ele>23.1</ele>
      </trkpt>
      <trkpt lat="35.43953997083008" lon="-120.88851992972195">
        <ele>8.5</ele>
      </trkpt>
      <trkpt lat="35.43923998251557" lon="-120.88828993029892">
        <ele>10.5</ele>
      </trkpt>
      <trkpt lat="35.43862994760275" lon="-120.88789992034435">
        <ele>8.0</ele>
      </trkpt>
      <trkpt lat="35.43813994154334" lon="-120.88764997199178">
        <ele>9.9</ele>
      </trkpt>
      <trkpt lat="35.43596995063126" lon="-120.88673994876444">
        <ele>9.6</ele>
      </trkpt>
      <trkpt lat="35.43508993461728" lon="-120.886389920488">
        <ele>9.3</ele>
      </trkpt>
      <trkpt lat="35.43510594405234" lon="-120.88633895851672">
        <ele>9.1</ele>
      </trkpt>
      <trkpt lat="35.43508993461728" lon="-120.886389920488">
        <ele>9.3</ele>
      </trkpt>
      <trkpt lat="35.433619916439056" lon="-120.88582992553711">
        <ele>9.5</ele>
      </trkpt>
      <trkpt lat="35.43298993259668" lon="-120.88554996997118">
        <ele>13.8</ele>
      </trkpt>
      <trkpt lat="35.432689944282174" lon="-120.88536992669106">
        <ele>14.3</ele>
      </trkpt>
      <trkpt lat="35.43230999261141" lon="-120.8850999455899">
        <ele>14.6</ele>
      </trkpt>
      <trkpt lat="35.43187991715968" lon="-120.88475997559726">
        <ele>15.4</ele>
      </trkpt>
      <trkpt lat="35.42843998409808" lon="-120.88169999420643">
        <ele>12.9</ele>
      </trkpt>
      <trkpt lat="35.42816991917789" lon="-120.88148994371295">
        <ele>13.4</ele>
      </trkpt>
      <trkpt lat="35.42721999809146" lon="-120.8808499854058">
        <ele>14.3</ele>
      </trkpt>
      <trkpt lat="35.422959979623556" lon="-120.87841998785734">
        <ele>19.2</ele>
      </trkpt>
      <trkpt lat="35.42240995913744" lon="-120.87813994847238">
        <ele>18.7</ele>
      </trkpt>
      <trkpt lat="35.42040995322168" lon="-120.8772599324584">
        <ele>14.0</ele>
      </trkpt>
      <trkpt lat="35.41974996216595" lon="-120.87694996967912">
        <ele>14.6</ele>
      </trkpt>
      <trkpt lat="35.41408999823034" lon="-120.87372997775674">
        <ele>9.3</ele>
      </trkpt>
      <trkpt lat="35.41299993172288" lon="-120.87320996448398">
        <ele>7.4</ele>
      </trkpt>
      <trkpt lat="35.412709917873144" lon="-120.87308993563056">
        <ele>7.5</ele>
      </trkpt>
      <trkpt lat="35.411399994045496" lon="-120.87269992567599">
        <ele>8.1</ele>
      </trkpt>
      <trkpt lat="35.40971992537379" lon="-120.87224998511374">
        <ele>8.3</ele>
      </trkpt>
      <trkpt lat="35.409139981493354" lon="-120.87202996015549">
        <ele>8.9</ele>
      </trkpt>
      <trkpt lat="35.40885994210839" lon="-120.87188998237252">
        <ele>9.7</ele>
      </trkpt>
      <trkpt lat="35.40839994326234" lon="-120.87159996852279">
        <ele>12.6</ele>
      </trkpt>
      <trkpt lat="35.40794991888106" lon="-120.8712299913168">
        <ele>19.0</ele>
      </trkpt>
      <trkpt lat="35.40605996735394" lon="-120.86953994818032">
        <ele>20.7</ele>
      </trkpt>
      <trkpt lat="35.404029954224825" lon="-120.86766994558275">
        <ele>14.1</ele>
      </trkpt>
      <trkpt lat="35.40345998480916" lon="-120.86703996174037">
        <ele>14.9</ele>
      </trkpt>
      <trkpt lat="35.4021299444139" lon="-120.8654899802059">
        <ele>14.8</ele>
      </trkpt>
      <trkpt lat="35.4014599788934" lon="-120.86475991643965">
        <ele>14.3</ele>
      </trkpt>
      <trkpt lat="35.40106996893883" lon="-120.86437996476889">
        <ele>13.8</ele>
      </trkpt>
      <trkpt lat="35.40048994123936" lon="-120.8638699259609">
        <ele>13.7</ele>
      </trkpt>
      <trkpt lat="35.40008995682001" lon="-120.86355996318161">
        <ele>13.8</ele>
      </trkpt>
      <trkpt lat="35.399559969082475" lon="-120.86317992769182">
        <ele>13.7</ele>
      </trkpt>
      <trkpt lat="35.39866997860372" lon="-120.86261993274093">
        <ele>13.5</ele>
      </trkpt>
      <trkpt lat="35.39817997254431" lon="-120.86234995163977">
        <ele>13.5</ele>
      </trkpt>
      <trkpt lat="35.39748997427523" lon="-120.86202993057668">
        <ele>13.9</ele>
      </trkpt>
      <trkpt lat="35.39696996100247" lon="-120.86181996390224">
        <ele>14.2</ele>
      </trkpt>
      <trkpt lat="35.39437995292246" lon="-120.86082997731864">
        <ele>13.8</ele>
      </trkpt>
      <trkpt lat="35.39439294487238" lon="-120.86077096872032">
        <ele>14.0</ele>
      </trkpt>
      <trkpt lat="35.39437995292246" lon="-120.86082997731864">
        <ele>13.8</ele>
      </trkpt>
      <trkpt lat="35.39007995277643" lon="-120.85919994860888">
        <ele>11.3</ele>
      </trkpt>
      <trkpt lat="35.387679962441325" lon="-120.8583299908787">
        <ele>11.2</ele>
      </trkpt>
      <trkpt lat="35.3845399338752" lon="-120.85707999765873">
        <ele>9.6</ele>
      </trkpt>
      <trkpt lat="35.38283991627395" lon="-120.85645998828113">
        <ele>10.1</ele>
      </trkpt>
      <trkpt lat="35.3799899853766" lon="-120.85589999333024">
        <ele>8.8</ele>
      </trkpt>
      <trkpt lat="35.37996995262802" lon="-120.85602999664843">
        <ele>8.5</ele>
      </trkpt>
      <trkpt lat="35.379839949309826" lon="-120.85600996389985">
        <ele>8.4</ele>
      </trkpt>
      <trkpt lat="35.37969997152686" lon="-120.85596998222172">
        <ele>8.4</ele>
      </trkpt>
      <trkpt lat="35.37970198318362" lon="-120.85594793781638">
        <ele>8.5</ele>
      </trkpt>
      <trkpt lat="35.37910996936262" lon="-120.85577996447682">
        <ele>8.2</ele>
      </trkpt>
      <trkpt lat="35.37885993719101" lon="-120.85566999390721">
        <ele>7.9</ele>
      </trkpt>
      <trkpt lat="35.378419971093535" lon="-120.85555993951857">
        <ele>7.5</ele>
      </trkpt>
      <trkpt lat="35.37822995334864" lon="-120.85553999058902">
        <ele>7.4</ele>
      </trkpt>
      <trkpt lat="35.378119982779026" lon="-120.85549992509186">
        <ele>7.4</ele>
      </trkpt>
      <trkpt lat="35.37789995782077" lon="-120.85538995452225">
        <ele>7.3</ele>
      </trkpt>
      <trkpt lat="35.37748999893665" lon="-120.85508996620774">
        <ele>7.2</ele>
      </trkpt>
      <trkpt lat="35.3772699739784" lon="-120.85497999563813">
        <ele>7.3</ele>
      </trkpt>
      <trkpt lat="35.37660998292267" lon="-120.85485996678472">
        <ele>7.1</ele>
      </trkpt>
      <trkpt lat="35.37646992132068" lon="-120.85469995625317">
        <ele>7.0</ele>
      </trkpt>
      <trkpt lat="35.37632994353771" lon="-120.85445998236537">
        <ele>6.9</ele>
      </trkpt>
      <trkpt lat="35.37554992362857" lon="-120.85394994355738">
        <ele>6.9</ele>
      </trkpt>
      <trkpt lat="35.3753599897027" lon="-120.85383997298777">
        <ele>6.9</ele>
      </trkpt>
      <trkpt lat="35.37519997917116" lon="-120.85377995856106">
        <ele>6.9</ele>
      </trkpt>
      <trkpt lat="35.3747299220413" lon="-120.85340998135507">
        <ele>7.1</ele>
      </trkpt>
      <trkpt lat="35.37398996762931" lon="-120.85297998972237">
        <ele>6.4</ele>
      </trkpt>
      <trkpt lat="35.373689979314804" lon="-120.85269995033741">
        <ele>6.7</ele>
      </trkpt>
      <trkpt lat="35.373389991000295" lon="-120.85237992927432">
        <ele>8.2</ele>
      </trkpt>
      <trkpt lat="35.373349925503135" lon="-120.85225998423994">
        <ele>9.0</ele>
      </trkpt>
      <trkpt lat="35.3732499293983" lon="-120.85206996649504">
        <ele>10.2</ele>
      </trkpt>
      <trkpt lat="35.3730099555105" lon="-120.85175991989672">
        <ele>11.8</ele>
      </trkpt>
      <trkpt lat="35.37296997383237" lon="-120.85167995654047">
        <ele>12.0</ele>
      </trkpt>
      <trkpt lat="35.372939966619015" lon="-120.8513999171555">
        <ele>12.4</ele>
      </trkpt>
      <trkpt lat="35.372789930552244" lon="-120.85136999376118">
        <ele>12.4</ele>
      </trkpt>
      <trkpt lat="35.37255993112922" lon="-120.85124996490777">
        <ele>12.4</ele>
      </trkpt>
      <trkpt lat="35.37239992059767" lon="-120.85113999433815">
        <ele>12.4</ele>
      </trkpt>
      <trkpt lat="35.37208995781839" lon="-120.85078996606171">
        <ele>12.4</ele>
      </trkpt>
      <trkpt lat="35.371779995039105" lon="-120.85050992667675">
        <ele>12.4</ele>
      </trkpt>
      <trkpt lat="35.37135997787118" lon="-120.85019996389747">
        <ele>13.5</ele>
      </trkpt>
      <trkpt lat="35.37121295928955" lon="-120.85015394724905">
        <ele>15.2</ele>
      </trkpt>
      <trkpt lat="35.370619939640164" lon="-120.85002997890115">
        <ele>22.2</ele>
      </trkpt>
      <trkpt lat="35.37011995911598" lon="-120.8499999716878">
        <ele>24.8</ele>
      </trkpt>
      <trkpt lat="35.36641993559897" lon="-120.8499999716878">
        <ele>20.3</ele>
      </trkpt>
      <trkpt lat="35.363419968634844" lon="-120.84996996447444">
        <ele>17.6</ele>
      </trkpt>
      <trkpt lat="35.360329980030656" lon="-120.84996996447444">
        <ele>17.6</ele>
      </trkpt>
      <trkpt lat="35.36001993343234" lon="-120.84994993172586">
        <ele>17.4</ele>
      </trkpt>
      <trkpt lat="35.35887999460101" lon="-120.84946998395026">
        <ele>20.9</ele>
      </trkpt>
      <trkpt lat="35.35855997353792" lon="-120.84923998452723">
        <ele>21.6</ele>
      </trkpt>
      <trkpt lat="35.357559928670526" lon="-120.8484399318695">
        <ele>14.2</ele>
      </trkpt>
      <trkpt lat="35.356159983202815" lon="-120.84658996202052">
        <ele>13.9</ele>
      </trkpt>
      <trkpt lat="35.35607993602753" lon="-120.84643992595375">
        <ele>14.7</ele>
      </trkpt>
      <trkpt lat="35.35601992160082" lon="-120.84612996317446">
        <ele>16.3</ele>
      </trkpt>
      <trkpt lat="35.35601992160082" lon="-120.84534994326532">
        <ele>21.3</ele>
      </trkpt>
      <trkpt lat="35.35599997267127" lon="-120.84507996216416">
        <ele>22.8</ele>
      </trkpt>
      <trkpt lat="35.35595999099314" lon="-120.84488994441926">
        <ele>23.4</ele>
      </trkpt>
      <trkpt lat="35.355859994888306" lon="-120.84464997053146">
        <ele>23.8</ele>
      </trkpt>
      <trkpt lat="35.35569998435676" lon="-120.84445995278656">
        <ele>23.9</ele>
      </trkpt>
      <trkpt lat="35.35562999546528" lon="-120.84440999664366">
        <ele>23.8</ele>
      </trkpt>
      <trkpt lat="35.35468996502459" lon="-120.8438899833709">
        <ele>23.4</ele>
      </trkpt>
      <trkpt lat="35.35445996560156" lon="-120.84380993619561">
        <ele>23.5</ele>
      </trkpt>
      <trkpt lat="35.35391991958022" lon="-120.84372997283936">
        <ele>22.4</ele>
      </trkpt>
      <trkpt lat="35.3537499345839" lon="-120.84371999837458">
        <ele>21.9</ele>
      </trkpt>
      <trkpt lat="35.35374892875552" lon="-120.84376995451748">
        <ele>21.5</ele>
      </trkpt>
      <trkpt lat="35.3537499345839" lon="-120.84371999837458">
        <ele>21.9</ele>
      </trkpt>
      <trkpt lat="35.35227991640568" lon="-120.84360994398594">
        <ele>18.8</ele>
      </trkpt>
      <trkpt lat="35.35203994251788" lon="-120.84355998784304">
        <ele>18.4</ele>
      </trkpt>
      <trkpt lat="35.35114995203912" lon="-120.84325999952853">
        <ele>16.8</ele>
      </trkpt>
      <trkpt lat="35.35079992376268" lon="-120.84318992681801">
        <ele>14.7</ele>
      </trkpt>
      <trkpt lat="35.35051996819675" lon="-120.84322999231517">
        <ele>11.6</ele>
      </trkpt>
      <trkpt lat="35.35019994713366" lon="-120.84330995567143">
        <ele>7.5</ele>
      </trkpt>
      <trkpt lat="35.350079918280244" lon="-120.8433199301362">
        <ele>7.0</ele>
      </trkpt>
      <trkpt lat="35.3492499422282" lon="-120.8432099595666">
        <ele>6.3</ele>
      </trkpt>
      <trkpt lat="35.34836992621422" lon="-120.84332998842001">
        <ele>6.2</ele>
      </trkpt>
      <trkpt lat="35.34812995232642" lon="-120.84333996288478">
        <ele>6.4</ele>
      </trkpt>
      <trkpt lat="35.3477699495852" lon="-120.84329998120666">
        <ele>6.7</ele>
      </trkpt>
      <trkpt lat="35.347439954057336" lon="-120.84322999231517">
        <ele>7.1</ele>
      </trkpt>
      <trkpt lat="35.347199980169535" lon="-120.84306998178363">
        <ele>7.5</ele>
      </trkpt>
      <trkpt lat="35.34688993357122" lon="-120.84275993518531">
        <ele>8.0</ele>
      </trkpt>
      <trkpt lat="35.34681994467974" lon="-120.84266999736428">
        <ele>8.1</ele>
      </trkpt>
      <trkpt lat="35.34649992361665" lon="-120.84207999520004">
        <ele>8.4</ele>
      </trkpt>
      <trkpt lat="35.34577991813421" lon="-120.84016992710531">
        <ele>6.7</ele>
      </trkpt>
      <trkpt lat="35.345549918711185" lon="-120.8393899910152">
        <ele>6.8</ele>
      </trkpt>
      <trkpt lat="35.34549996256828" lon="-120.8390099555254">
        <ele>6.9</ele>
      </trkpt>
      <trkpt lat="35.34550993703306" lon="-120.83886997774243">
        <ele>6.9</ele>
      </trkpt>
      <trkpt lat="35.34553994424641" lon="-120.83873997442424">
        <ele>6.9</ele>
      </trkpt>
      <trkpt lat="35.345679922029376" lon="-120.83846999332309">
        <ele>6.8</ele>
      </trkpt>
      <trkpt lat="35.34613992087543" lon="-120.83781997673213">
        <ele>6.8</ele>
      </trkpt>
      <trkpt lat="35.34639992751181" lon="-120.8373399451375">
        <ele>6.9</ele>
      </trkpt>
      <trkpt lat="35.34731992520392" lon="-120.83545996807516">
        <ele>7.0</ele>
      </trkpt>
      <trkpt lat="35.34777992404997" lon="-120.83447995595634">
        <ele>7.0</ele>
      </trkpt>
      <trkpt lat="35.34802995622158" lon="-120.83405993878841">
        <ele>7.1</ele>
      </trkpt>
      <trkpt lat="35.348319970071316" lon="-120.83374997600913">
        <ele>7.0</ele>
      </trkpt>
      <trkpt lat="35.3485799767077" lon="-120.83352995105088">
        <ele>6.1</ele>
      </trkpt>
      <trkpt lat="35.3488199505955" lon="-120.83339994773269">
        <ele>5.6</ele>
      </trkpt>
      <trkpt lat="35.34931993111968" lon="-120.83322996273637">
        <ele>7.0</ele>
      </trkpt>
      <trkpt lat="35.349759981036186" lon="-120.8330299705267">
        <ele>5.9</ele>
      </trkpt>
      <trkpt lat="35.34999995492399" lon="-120.83290994167328">
        <ele>6.3</ele>
      </trkpt>
      <trkpt lat="35.350189972668886" lon="-120.83277993835509">
        <ele>6.8</ele>
      </trkpt>
      <trkpt lat="35.35058995708823" lon="-120.83241993561387">
        <ele>7.2</ele>
      </trkpt>
      <trkpt lat="35.35085993818939" lon="-120.83213998004794">
        <ele>7.8</ele>
      </trkpt>
      <trkpt lat="35.351389925926924" lon="-120.83149993792176">
        <ele>7.1</ele>
      </trkpt>
      <trkpt lat="35.35199996083975" lon="-120.83084992133081">
        <ele>7.1</ele>
      </trkpt>
      <trkpt lat="35.352399945259094" lon="-120.8304999768734">
        <ele>7.1</ele>
      </trkpt>
      <trkpt lat="35.35285994410515" lon="-120.83016998134553">
        <ele>7.2</ele>
      </trkpt>
      <trkpt lat="35.35332991741598" lon="-120.82993998192251">
        <ele>7.3</ele>
      </trkpt>
      <trkpt lat="35.35354994237423" lon="-120.82979992032051">
        <ele>7.4</ele>
      </trkpt>
      <trkpt lat="35.35387993790209" lon="-120.82954997196794">
        <ele>7.4</ele>
      </trkpt>
      <trkpt lat="35.35470999777317" lon="-120.82865998148918">
        <ele>7.3</ele>
      </trkpt>
      <trkpt lat="35.35489993169904" lon="-120.82841992378235">
        <ele>7.3</ele>
      </trkpt>
      <trkpt lat="35.35496992059052" lon="-120.82823996432126">
        <ele>7.4</ele>
      </trkpt>
      <trkpt lat="35.355019960552454" lon="-120.82804994657636">
        <ele>7.6</ele>
      </trkpt>
      <trkpt lat="35.35384993068874" lon="-120.82750998437405">
        <ele>9.9</ele>
      </trkpt>
      <trkpt lat="35.35352999344468" lon="-120.82741996273398">
        <ele>10.7</ele>
      </trkpt>
      <trkpt lat="35.35328993573785" lon="-120.82740998826921">
        <ele>11.3</ele>
      </trkpt>
      <trkpt lat="35.35301995463669" lon="-120.82745994441211">
        <ele>11.9</ele>
      </trkpt>
      <trkpt lat="35.35268995910883" lon="-120.8275899477303">
        <ele>12.4</ele>
      </trkpt>
      <trkpt lat="35.35249994136393" lon="-120.82772992551327">
        <ele>12.3</ele>
      </trkpt>
      <trkpt lat="35.35215997137129" lon="-120.828019939363">
        <ele>12.0</ele>
      </trkpt>
      <trkpt lat="35.351859983056784" lon="-120.82816997542977">
        <ele>12.0</ele>
      </trkpt>
      <trkpt lat="35.351429991424084" lon="-120.82823996432126">
        <ele>12.3</ele>
      </trkpt>
      <trkpt lat="35.35105993039906" lon="-120.82826997153461">
        <ele>12.3</ele>
      </trkpt>
      <trkpt lat="35.35079992376268" lon="-120.82826997153461">
        <ele>12.4</ele>
      </trkpt>
      <trkpt lat="35.350189972668886" lon="-120.82805992104113">
        <ele>12.5</ele>
      </trkpt>
      <trkpt lat="35.34991999156773" lon="-120.82789999432862">
        <ele>12.5</ele>
      </trkpt>
      <trkpt lat="35.34970994107425" lon="-120.82769991829991">
        <ele>12.5</ele>
      </trkpt>
      <trkpt lat="35.34933996386826" lon="-120.82713992334902">
        <ele>12.6</ele>
      </trkpt>
      <trkpt lat="35.34920996055007" lon="-120.82699994556606">
        <ele>12.7</ele>
      </trkpt>
      <trkpt lat="35.348919946700335" lon="-120.82678997889161">
        <ele>12.7</ele>
      </trkpt>
      <trkpt lat="35.34871995449066" lon="-120.82668998278677">
        <ele>12.7</ele>
      </trkpt>
      <trkpt lat="35.34785997122526" lon="-120.82639996893704">
        <ele>12.4</ele>
      </trkpt>
      <trkpt lat="35.347589990124106" lon="-120.82625999115407">
        <ele>12.3</ele>
      </trkpt>
      <trkpt lat="35.34696998074651" lon="-120.82587995566428">
        <ele>12.2</ele>
      </trkpt>
      <trkpt lat="35.34681994467974" lon="-120.8258099667728">
        <ele>12.2</ele>
      </trkpt>
      <trkpt lat="35.346579970791936" lon="-120.8257299195975">
        <ele>12.3</ele>
      </trkpt>
      <trkpt lat="35.346319964155555" lon="-120.82569999620318">
        <ele>12.4</ele>
      </trkpt>
      <trkpt lat="35.34529997035861" lon="-120.82565993070602">
        <ele>12.7</ele>
      </trkpt>
      <trkpt lat="35.3448099642992" lon="-120.82560997456312">
        <ele>12.8</ele>
      </trkpt>
      <trkpt lat="35.344389947131276" lon="-120.82551995292306">
        <ele>13.0</ele>
      </trkpt>
      <trkpt lat="35.34381997771561" lon="-120.82535994239151">
        <ele>13.0</ele>
      </trkpt>
      <trkpt lat="35.34305999055505" lon="-120.82502994686365">
        <ele>12.8</ele>
      </trkpt>
      <trkpt lat="35.34267995506525" lon="-120.8248199801892">
        <ele>12.6</ele>
      </trkpt>
      <trkpt lat="35.3414099290967" lon="-120.82401992753148">
        <ele>12.3</ele>
      </trkpt>
      <trkpt lat="35.340969962999225" lon="-120.8237699791789">
        <ele>11.1</ele>
      </trkpt>
      <trkpt lat="35.34033997915685" lon="-120.82350997254252">
        <ele>10.4</ele>
      </trkpt>
      <trkpt lat="35.3398799803108" lon="-120.82336999475956">
        <ele>10.0</ele>
      </trkpt>
      <trkpt lat="35.339379999786615" lon="-120.82328994758427">
        <ele>10.5</ele>
      </trkpt>
      <trkpt lat="35.33479996025562" lon="-120.82330998033285">
        <ele>13.6</ele>
      </trkpt>
      <trkpt lat="35.333319967612624" lon="-120.82335993647575">
        <ele>26.7</ele>
      </trkpt>
      <trkpt lat="35.3299399651587" lon="-120.82334996201098">
        <ele>26.9</ele>
      </trkpt>
      <trkpt lat="35.3295599296689" lon="-120.82331995479763">
        <ele>25.5</ele>
      </trkpt>
      <trkpt lat="35.32911996357143" lon="-120.82322993315756">
        <ele>25.0</ele>
      </trkpt>
      <trkpt lat="35.32875996083021" lon="-120.82310998812318">
        <ele>27.5</ele>
      </trkpt>
      <trkpt lat="35.3284599725157" lon="-120.82297998480499">
        <ele>30.1</ele>
      </trkpt>
      <trkpt lat="35.32797994092107" lon="-120.8227099198848">
        <ele>34.9</ele>
      </trkpt>
      <trkpt lat="35.32660991884768" lon="-120.82173996604979">
        <ele>39.8</ele>
      </trkpt>
      <trkpt lat="35.32627992331982" lon="-120.82153997384012">
        <ele>38.4</ele>
      </trkpt>
      <trkpt lat="35.3261099383235" lon="-120.82145992666483">
        <ele>37.5</ele>
      </trkpt>
      <trkpt lat="35.325609957799315" lon="-120.82126999273896">
        <ele>34.0</ele>
      </trkpt>
      <trkpt lat="35.324919959530234" lon="-120.82114996388555">
        <ele>28.6</ele>
      </trkpt>
      <trkpt lat="35.32456993125379" lon="-120.82111995667219">
        <ele>25.6</ele>
      </trkpt>
      <trkpt lat="35.32402996905148" lon="-120.82115993835032">
        <ele>23.5</ele>
      </trkpt>
      <trkpt lat="35.32350995577872" lon="-120.82127996720374">
        <ele>22.8</ele>
      </trkpt>
      <trkpt lat="35.323159927502275" lon="-120.82140997052193">
        <ele>23.0</ele>
      </trkpt>
      <trkpt lat="35.32283999025822" lon="-120.82154994830489">
        <ele>23.7</ele>
      </trkpt>
      <trkpt lat="35.3225299436599" lon="-120.82173996604979">
        <ele>24.6</ele>
      </trkpt>
      <trkpt lat="35.32202996313572" lon="-120.82211991772056">
        <ele>25.8</ele>
      </trkpt>
      <trkpt lat="35.32118992879987" lon="-120.82287998870015">
        <ele>28.3</ele>
      </trkpt>
      <trkpt lat="35.320819951593876" lon="-120.82311996258795">
        <ele>29.0</ele>
      </trkpt>
      <trkpt lat="35.32053999602795" lon="-120.82325994037092">
        <ele>29.6</ele>
      </trkpt>
      <trkpt lat="35.32016993500292" lon="-120.82335993647575">
        <ele>30.6</ele>
      </trkpt>
      <trkpt lat="35.31968998722732" lon="-120.82340997643769">
        <ele>30.8</ele>
      </trkpt>
      <trkpt lat="35.317399967461824" lon="-120.82345993258059">
        <ele>37.8</ele>
      </trkpt>
      <trkpt lat="35.31585996039212" lon="-120.82342992536724">
        <ele>32.0</ele>
      </trkpt>
      <trkpt lat="35.31454995274544" lon="-120.82342992536724">
        <ele>29.8</ele>
      </trkpt>
      <trkpt lat="35.31395995058119" lon="-120.82344995811582">
        <ele>32.4</ele>
      </trkpt>
      <trkpt lat="35.31368996948004" lon="-120.82347996532917">
        <ele>34.3</ele>
      </trkpt>
      <trkpt lat="35.31299997121096" lon="-120.82361994311213">
        <ele>37.1</ele>
      </trkpt>
      <trkpt lat="35.31269998289645" lon="-120.82369999028742">
        <ele>35.8</ele>
      </trkpt>
      <trkpt lat="35.31226999126375" lon="-120.82383996807039">
        <ele>37.9</ele>
      </trkpt>
      <trkpt lat="35.312029933556914" lon="-120.8239599969238">
        <ele>39.0</ele>
      </trkpt>
      <trkpt lat="35.31156993471086" lon="-120.82424992695451">
        <ele>41.5</ele>
      </trkpt>
      <trkpt lat="35.311319986358285" lon="-120.82441999576986">
        <ele>43.1</ele>
      </trkpt>
      <trkpt lat="35.310139982029796" lon="-120.82541995681822">
        <ele>49.1</ele>
      </trkpt>
      <trkpt lat="35.309299947693944" lon="-120.8238999824971">
        <ele>52.1</ele>
      </trkpt>
      <trkpt lat="35.30898998491466" lon="-120.82329992204905">
        <ele>52.3</ele>
      </trkpt>
      <trkpt lat="35.30885998159647" lon="-120.82299993373454">
        <ele>52.2</ele>
      </trkpt>
      <trkpt lat="35.3072299528867" lon="-120.81657998263836">
        <ele>48.8</ele>
      </trkpt>
      <trkpt lat="35.30602999962866" lon="-120.81165997311473">
        <ele>24.2</ele>
      </trkpt>
      <trkpt lat="35.30572992749512" lon="-120.81052992492914">
        <ele>27.1</ele>
      </trkpt>
      <trkpt lat="35.30483993701637" lon="-120.80683995969594">
        <ele>24.5</ele>
      </trkpt>
      <trkpt lat="35.304659977555275" lon="-120.80614996142685">
        <ele>25.1</ele>
      </trkpt>
      <trkpt lat="35.30393997207284" lon="-120.8030999545008">
        <ele>36.8</ele>
      </trkpt>
      <trkpt lat="35.30350998044014" lon="-120.80140999518335">
        <ele>34.3</ele>
      </trkpt>
      <trkpt lat="35.30326992273331" lon="-120.80036996863782">
        <ele>32.7</ele>
      </trkpt>
      <trkpt lat="35.302789974957705" lon="-120.79773997887969">
        <ele>28.5</ele>
      </trkpt>
      <trkpt lat="35.30258998274803" lon="-120.79675996676087">
        <ele>27.4</ele>
      </trkpt>
      <trkpt lat="35.30238999053836" lon="-120.79559999518096">
        <ele>28.2</ele>
      </trkpt>
      <trkpt lat="35.30202998779714" lon="-120.79419996589422">
        <ele>23.7</ele>
      </trkpt>
      <trkpt lat="35.301739973947406" lon="-120.79333998262882">
        <ele>18.5</ele>
      </trkpt>
      <trkpt lat="35.30047992244363" lon="-120.79010993242264">
        <ele>12.8</ele>
      </trkpt>
      <trkpt lat="35.29936999082565" lon="-120.78713997267187">
        <ele>12.5</ele>
      </trkpt>
      <trkpt lat="35.2991999220103" lon="-120.78660998493433">
        <ele>12.5</ele>
      </trkpt>
      <trkpt lat="35.29893999919295" lon="-120.78549996949732">
        <ele>12.2</ele>
      </trkpt>
      <trkpt lat="35.29882994480431" lon="-120.78477996401489">
        <ele>12.4</ele>
      </trkpt>
      <trkpt lat="35.29877998866141" lon="-120.78410999849439">
        <ele>13.0</ele>
      </trkpt>
      <trkpt lat="35.298749981448054" lon="-120.7834099419415">
        <ele>13.0</ele>
      </trkpt>
      <trkpt lat="35.29875995591283" lon="-120.78283997252584">
        <ele>13.5</ele>
      </trkpt>
      <trkpt lat="35.29878996312618" lon="-120.78232993371785">
        <ele>14.4</ele>
      </trkpt>
      <trkpt lat="35.29888995923102" lon="-120.78145997598767">
        <ele>16.2</ele>
      </trkpt>
      <trkpt lat="35.2989599481225" lon="-120.78100995160639">
        <ele>16.8</ele>
      </trkpt>
      <trkpt lat="35.29910998418927" lon="-120.78033998608589">
        <ele>17.2</ele>
      </trkpt>
      <trkpt lat="35.29978992417455" lon="-120.77796991914511">
        <ele>16.9</ele>
      </trkpt>
      <trkpt lat="35.299929985776544" lon="-120.77709996141493">
        <ele>17.1</ele>
      </trkpt>
      <trkpt lat="35.29996996745467" lon="-120.77660995535553">
        <ele>17.0</ele>
      </trkpt>
      <trkpt lat="35.29996996745467" lon="-120.7757599465549">
        <ele>18.2</ele>
      </trkpt>
      <trkpt lat="35.299909953027964" lon="-120.77519995160401">
        <ele>18.6</ele>
      </trkpt>
      <trkpt lat="35.29965992085636" lon="-120.77404995448887">
        <ele>18.2</ele>
      </trkpt>
      <trkpt lat="35.299529917538166" lon="-120.77364997006953">
        <ele>18.0</ele>
      </trkpt>
      <trkpt lat="35.29879993759096" lon="-120.7717499602586">
        <ele>17.7</ele>
      </trkpt>
      <trkpt lat="35.29710997827351" lon="-120.76711996458471">
        <ele>24.9</ele>
      </trkpt>
      <trkpt lat="35.29658996500075" lon="-120.76574994251132">
        <ele>24.5</ele>
      </trkpt>
      <trkpt lat="35.294129960238934" lon="-120.75900997035205">
        <ele>33.2</ele>
      </trkpt>
      <trkpt lat="35.29039992950857" lon="-120.74894992634654">
        <ele>46.8</ele>
      </trkpt>
      <trkpt lat="35.28969995677471" lon="-120.74700993485749">
        <ele>49.3</ele>
      </trkpt>
      <trkpt lat="35.28330992907286" lon="-120.72959996759892">
        <ele>49.0</ele>
      </trkpt>
      <trkpt lat="35.27785993181169" lon="-120.71469996124506">
        <ele>43.2</ele>
      </trkpt>
      <trkpt lat="35.2772999368608" lon="-120.71301997639239">
        <ele>43.6</ele>
      </trkpt>
      <trkpt lat="35.27709994465113" lon="-120.71254991926253">
        <ele>44.4</ele>
      </trkpt>
      <trkpt lat="35.27688997797668" lon="-120.71211992762983">
        <ele>45.0</ele>
      </trkpt>
      <trkpt lat="35.27660993859172" lon="-120.71161994710565">
        <ele>45.2</ele>
      </trkpt>
      <trkpt lat="35.27706993743777" lon="-120.71127997711301">
        <ele>44.3</ele>
      </trkpt>
      <trkpt lat="35.281219985336065" lon="-120.70880999788642">
        <ele>42.5</ele>
      </trkpt>
      <trkpt lat="35.28144998475909" lon="-120.70861998014152">
        <ele>42.6</ele>
      </trkpt>
      <trkpt lat="35.281889950856566" lon="-120.70814992301166">
        <ele>42.7</ele>
      </trkpt>
      <trkpt lat="35.28212992474437" lon="-120.70773996412754">
        <ele>42.8</ele>
      </trkpt>
      <trkpt lat="35.28230996802449" lon="-120.70734995417297">
        <ele>42.9</ele>
      </trkpt>
      <trkpt lat="35.283219991251826" lon="-120.70530996657908">
        <ele>43.5</ele>
      </trkpt>
      <trkpt lat="35.28385994955897" lon="-120.7038199994713">
        <ele>46.3</ele>
      </trkpt>
      <trkpt lat="35.28418994508684" lon="-120.7031299173832">
        <ele>46.8</ele>
      </trkpt>
      <trkpt lat="35.284529998898506" lon="-120.70260998792946">
        <ele>47.3</ele>
      </trkpt>
      <trkpt lat="35.28612993657589" lon="-120.7005999237299">
        <ele>50.6</ele>
      </trkpt>
      <trkpt lat="35.286269998177886" lon="-120.70038995705545">
        <ele>50.6</ele>
      </trkpt>
      <trkpt lat="35.28638994321227" lon="-120.70015995763242">
        <ele>50.1</ele>
      </trkpt>
      <trkpt lat="35.28777999803424" lon="-120.69670996628702">
        <ele>58.2</ele>
      </trkpt>
      <trkpt lat="35.28799993917346" lon="-120.69620998576283">
        <ele>59.7</ele>
      </trkpt>
      <trkpt lat="35.2893999684602" lon="-120.69321999326348">
        <ele>62.8</ele>
      </trkpt>
      <trkpt lat="35.28979995287955" lon="-120.69237995892763">
        <ele>65.7</ele>
      </trkpt>
      <trkpt lat="35.289919981732965" lon="-120.69215993396938">
        <ele>66.4</ele>
      </trkpt>
      <trkpt lat="35.29104994609952" lon="-120.69049998186529">
        <ele>72.5</ele>
      </trkpt>
      <trkpt lat="35.29138999991119" lon="-120.68994996137917">
        <ele>75.1</ele>
      </trkpt>
      <trkpt lat="35.29177992604673" lon="-120.68907991982996">
        <ele>77.5</ele>
      </trkpt>
      <trkpt lat="35.29201998375356" lon="-120.68863995373249">
        <ele>77.7</ele>
      </trkpt>
      <trkpt lat="35.292369928210974" lon="-120.68818992935121">
        <ele>78.9</ele>
      </trkpt>
      <trkpt lat="35.29371991753578" lon="-120.68670993670821">
        <ele>89.0</ele>
      </trkpt>
      <trkpt lat="35.29391999356449" lon="-120.68639997392893">
        <ele>91.8</ele>
      </trkpt>
      <trkpt lat="35.294089978560805" lon="-120.68595992401242">
        <ele>93.7</ele>
      </trkpt>
      <trkpt lat="35.294129960238934" lon="-120.68568994291127">
        <ele>94.1</ele>
      </trkpt>
      <trkpt lat="35.29413993470371" lon="-120.67718993872404">
        <ele>75.4</ele>
      </trkpt>
      <trkpt lat="35.294109927490354" lon="-120.67513997666538">
        <ele>75.0</ele>
      </trkpt>
      <trkpt lat="35.29409995302558" lon="-120.67164991982281">
        <ele>76.1</ele>
      </trkpt>
      <trkpt lat="35.28863998129964" lon="-120.67164991982281">
        <ele>72.5</ele>
      </trkpt>
      <trkpt lat="35.288479970768094" lon="-120.67155998200178">
        <ele>72.3</ele>
      </trkpt>
      <trkpt lat="35.2887799590826" lon="-120.66933995112777">
        <ele>64.9</ele>
      </trkpt>
      <trkpt lat="35.28645993210375" lon="-120.66837997175753">
        <ele>62.9</ele>
      </trkpt>
      <trkpt lat="35.286443922668695" lon="-120.6684319395572">
        <ele>62.8</ele>
      </trkpt>
      <trkpt lat="35.28645993210375" lon="-120.66837997175753">
        <ele>62.9</ele>
      </trkpt>
      <trkpt lat="35.28590999543667" lon="-120.66815994679928">
        <ele>62.3</ele>
      </trkpt>
      <trkpt lat="35.28142995201051" lon="-120.66421994939446">
        <ele>67.6</ele>
      </trkpt>
      <trkpt lat="35.280619924888015" lon="-120.66354998387396">
        <ele>63.0</ele>
      </trkpt>
      <trkpt lat="35.280509954318404" lon="-120.66342995502055">
        <ele>62.5</ele>
      </trkpt>
      <trkpt lat="35.27986999601126" lon="-120.66286996006966">
        <ele>61.5</ele>
      </trkpt>
      <trkpt lat="35.27703993022442" lon="-120.66751998849213">
        <ele>55.8</ele>
      </trkpt>
      <trkpt lat="35.27664992026985" lon="-120.66818995401263">
        <ele>54.3</ele>
      </trkpt>
      <trkpt lat="35.27535994537175" lon="-120.66917994059622">
        <ele>50.6</ele>
      </trkpt>
      <trkpt lat="35.2751999348402" lon="-120.66925998777151">
        <ele>50.4</ele>
      </trkpt>
      <trkpt lat="35.27355993166566" lon="-120.6695699505508">
        <ele>50.3</ele>
      </trkpt>
      <trkpt lat="35.272429967299104" lon="-120.66973993554711">
        <ele>50.8</ele>
      </trkpt>
      <trkpt lat="35.269614988937974" lon="-120.67028199322522">
        <ele>49.5</ele>
      </trkpt>
      <trkpt lat="35.268739918246865" lon="-120.67038995213807">
        <ele>48.8</ele>
      </trkpt>
      <trkpt lat="35.26785998605192" lon="-120.67039992660284">
        <ele>47.6</ele>
      </trkpt>
      <trkpt lat="35.26721994392574" lon="-120.67038995213807">
        <ele>46.6</ele>
      </trkpt>
      <trkpt lat="35.26573995128274" lon="-120.6704399921">
        <ele>45.8</ele>
      </trkpt>
      <trkpt lat="35.26551992632449" lon="-120.67046999931335">
        <ele>46.2</ele>
      </trkpt>
      <trkpt lat="35.26393993757665" lon="-120.67045994102955">
        <ele>49.4</ele>
      </trkpt>
      <trkpt lat="35.26344993151724" lon="-120.670299930498">
        <ele>49.0</ele>
      </trkpt>
      <trkpt lat="35.26212994940579" lon="-120.66958998329937">
        <ele>48.5</ele>
      </trkpt>
      <trkpt lat="35.26159996166825" lon="-120.66931991837919">
        <ele>48.5</ele>
      </trkpt>
      <trkpt lat="35.261299973353744" lon="-120.6691999733448">
        <ele>47.8</ele>
      </trkpt>
      <trkpt lat="35.259899944067" lon="-120.66886997781694">
        <ele>45.1</ele>
      </trkpt>
      <trkpt lat="35.25942997075617" lon="-120.66873997449875">
        <ele>44.7</ele>
      </trkpt>
      <trkpt lat="35.25843998417258" lon="-120.66852992400527">
        <ele>43.2</ele>
      </trkpt>
      <trkpt lat="35.258229933679104" lon="-120.6685199495405">
        <ele>43.0</ele>
      </trkpt>
      <trkpt lat="35.2571299765259" lon="-120.66859999671578">
        <ele>43.6</ele>
      </trkpt>
      <trkpt lat="35.25509996339679" lon="-120.66882999613881">
        <ele>38.5</ele>
      </trkpt>
      <trkpt lat="35.254749935120344" lon="-120.66892999224365">
        <ele>38.2</ele>
      </trkpt>
      <trkpt lat="35.25460995733738" lon="-120.66898992285132">
        <ele>38.1</ele>
      </trkpt>
      <trkpt lat="35.25376992300153" lon="-120.66947992891073">
        <ele>38.1</ele>
      </trkpt>
      <trkpt lat="35.24317997507751" lon="-120.67581991665065">
        <ele>35.0</ele>
      </trkpt>
      <trkpt lat="35.24199997074902" lon="-120.67663991823792">
        <ele>36.5</ele>
      </trkpt>
      <trkpt lat="35.24024999700487" lon="-120.67777994088829">
        <ele>37.4</ele>
      </trkpt>
      <trkpt lat="35.23832995444536" lon="-120.67910998128355">
        <ele>36.4</ele>
      </trkpt>
      <trkpt lat="35.23664996959269" lon="-120.68022997118533">
        <ele>29.9</ele>
      </trkpt>
      <trkpt lat="35.23630999960005" lon="-120.68050992675126">
        <ele>29.8</ele>
      </trkpt>
      <trkpt lat="35.23587992414832" lon="-120.68091996945441">
        <ele>29.2</ele>
      </trkpt>
      <trkpt lat="35.23543995805085" lon="-120.68145993165672">
        <ele>26.8</ele>
      </trkpt>
      <trkpt lat="35.235159918665886" lon="-120.68188992328942">
        <ele>26.2</ele>
      </trkpt>
      <trkpt lat="35.23481994867325" lon="-120.68247992545366">
        <ele>26.5</ele>
      </trkpt>
      <trkpt lat="35.23264995776117" lon="-120.68765994161367">
        <ele>25.1</ele>
      </trkpt>
      <trkpt lat="35.23236991837621" lon="-120.68820996209979">
        <ele>25.1</ele>
      </trkpt>
      <trkpt lat="35.23222994059324" lon="-120.68843996152282">
        <ele>25.5</ele>
      </trkpt>
      <trkpt lat="35.23110995069146" lon="-120.69006999023259">
        <ele>27.7</ele>
      </trkpt>
      <trkpt lat="35.230879951268435" lon="-120.69033997133374">
        <ele>28.2</ele>
      </trkpt>
      <trkpt lat="35.23069999180734" lon="-120.69046997465193">
        <ele>28.8</ele>
      </trkpt>
      <trkpt lat="35.23049999959767" lon="-120.69054993800819">
        <ele>28.9</ele>
      </trkpt>
      <trkpt lat="35.23023999296129" lon="-120.69059997797012">
        <ele>28.6</ele>
      </trkpt>
      <trkpt lat="35.22864994592965" lon="-120.69080994464457">
        <ele>26.8</ele>
      </trkpt>
      <trkpt lat="35.22820997983217" lon="-120.69081991910934">
        <ele>27.1</ele>
      </trkpt>
      <trkpt lat="35.22561997175217" lon="-120.6906099524349">
        <ele>15.3</ele>
      </trkpt>
      <trkpt lat="35.225119991227984" lon="-120.69063995964825">
        <ele>17.9</ele>
      </trkpt>
      <trkpt lat="35.22497992962599" lon="-120.69067994132638">
        <ele>19.4</ele>
      </trkpt>
      <trkpt lat="35.22471992298961" lon="-120.6907999701798">
        <ele>22.4</ele>
      </trkpt>
      <trkpt lat="35.224589919671416" lon="-120.69088999181986">
        <ele>23.8</ele>
      </trkpt>
      <trkpt lat="35.224349945783615" lon="-120.69110993295908">
        <ele>25.1</ele>
      </trkpt>
      <trkpt lat="35.223919954150915" lon="-120.69175994955003">
        <ele>26.3</ele>
      </trkpt>
      <trkpt lat="35.22342994809151" lon="-120.69259998388588">
        <ele>25.6</ele>
      </trkpt>
      <trkpt lat="35.22319994866848" lon="-120.6928999722004">
        <ele>25.4</ele>
      </trkpt>
      <trkpt lat="35.22332995198667" lon="-120.69321999326348">
        <ele>25.2</ele>
      </trkpt>
      <trkpt lat="35.22327999584377" lon="-120.69333993829787">
        <ele>25.2</ele>
      </trkpt>
      <trkpt lat="35.22319994866848" lon="-120.6934399344027">
        <ele>25.2</ele>
      </trkpt>
      <trkpt lat="35.22306994535029" lon="-120.69353993050754">
        <ele>25.2</ele>
      </trkpt>
      <trkpt lat="35.22278998978436" lon="-120.69361997768283">
        <ele>25.2</ele>
      </trkpt>
      <trkpt lat="35.22255999036133" lon="-120.6936299521476">
        <ele>28.0</ele>
      </trkpt>
      <trkpt lat="35.22221599705517" lon="-120.69356398656964">
        <ele>32.4</ele>
      </trkpt>
      <trkpt lat="35.22128996439278" lon="-120.69328998215497">
        <ele>25.5</ele>
      </trkpt>
      <trkpt lat="35.221039932221174" lon="-120.69326994940639">
        <ele>23.7</ele>
      </trkpt>
      <trkpt lat="35.22082996554673" lon="-120.69327992387116">
        <ele>24.0</ele>
      </trkpt>
      <trkpt lat="35.220569958910346" lon="-120.69333993829787">
        <ele>24.4</ele>
      </trkpt>
      <trkpt lat="35.2203599922359" lon="-120.69342995993793">
        <ele>24.3</ele>
      </trkpt>
      <trkpt lat="35.22009998559952" lon="-120.6935799960047">
        <ele>23.4</ele>
      </trkpt>
      <trkpt lat="35.21829997189343" lon="-120.69489997811615">
        <ele>25.8</ele>
      </trkpt>
      <trkpt lat="35.21586997434497" lon="-120.69687995128334">
        <ele>29.5</ele>
      </trkpt>
      <trkpt lat="35.215629916638136" lon="-120.6970199290663">
        <ele>31.6</ele>
      </trkpt>
      <trkpt lat="35.21518995054066" lon="-120.69719997234643">
        <ele>32.6</ele>
      </trkpt>
      <trkpt lat="35.21487998776138" lon="-120.69725998677313">
        <ele>33.5</ele>
      </trkpt>
      <trkpt lat="35.214639930054545" lon="-120.69727993570268">
        <ele>32.5</ele>
      </trkpt>
      <trkpt lat="35.21311995573342" lon="-120.69722997955978">
        <ele>30.3</ele>
      </trkpt>
      <trkpt lat="35.211499985307455" lon="-120.69721992127597">
        <ele>22.9</ele>
      </trkpt>
      <trkpt lat="35.21107996813953" lon="-120.69723995402455">
        <ele>22.0</ele>
      </trkpt>
      <trkpt lat="35.21047999151051" lon="-120.69729996845126">
        <ele>19.6</ele>
      </trkpt>
      <trkpt lat="35.20951992832124" lon="-120.69743994623423">
        <ele>17.6</ele>
      </trkpt>
      <trkpt lat="35.20882993005216" lon="-120.69747992791235">
        <ele>16.8</ele>
      </trkpt>
      <trkpt lat="35.20856992341578" lon="-120.69746995344758">
        <ele>16.9</ele>
      </trkpt>
      <trkpt lat="35.206559943035245" lon="-120.69719997234643">
        <ele>17.7</ele>
      </trkpt>
      <trkpt lat="35.20604998804629" lon="-120.69714993238449">
        <ele>16.9</ele>
      </trkpt>
      <trkpt lat="35.205459985882044" lon="-120.69714993238449">
        <ele>21.1</ele>
      </trkpt>
      <trkpt lat="35.204819943755865" lon="-120.6972099468112">
        <ele>22.1</ele>
      </trkpt>
      <trkpt lat="35.20201996900141" lon="-120.69765997119248">
        <ele>22.3</ele>
      </trkpt>
      <trkpt lat="35.20164999179542" lon="-120.69774999283254">
        <ele>22.0</ele>
      </trkpt>
      <trkpt lat="35.200519943609834" lon="-120.69816992618144">
        <ele>21.4</ele>
      </trkpt>
      <trkpt lat="35.19928998313844" lon="-120.69872992113233">
        <ele>22.1</ele>
      </trkpt>
      <trkpt lat="35.19814996048808" lon="-120.6993099488318">
        <ele>23.9</ele>
      </trkpt>
      <trkpt lat="35.19700993783772" lon="-120.69991998374462">
        <ele>27.8</ele>
      </trkpt>
      <trkpt lat="35.19674993120134" lon="-120.70008996874094">
        <ele>27.4</ele>
      </trkpt>
      <trkpt lat="35.196119947358966" lon="-120.70056991651654">
        <ele>28.0</ele>
      </trkpt>
      <trkpt lat="35.19503993913531" lon="-120.70053999312222">
        <ele>23.8</ele>
      </trkpt>
      <trkpt lat="35.19451992586255" lon="-120.70055994205177">
        <ele>20.6</ele>
      </trkpt>
      <trkpt lat="35.19412999972701" lon="-120.7006099820137">
        <ele>18.8</ele>
      </trkpt>
      <trkpt lat="35.193709982559085" lon="-120.70069991983473">
        <ele>17.2</ele>
      </trkpt>
      <trkpt lat="35.19189999438822" lon="-120.70119998417795">
        <ele>19.8</ele>
      </trkpt>
      <trkpt lat="35.19155994057655" lon="-120.70125999860466">
        <ele>22.6</ele>
      </trkpt>
      <trkpt lat="35.18867991864681" lon="-120.70157993584871">
        <ele>23.1</ele>
      </trkpt>
      <trkpt lat="35.18841999582946" lon="-120.70162997581065">
        <ele>23.1</ele>
      </trkpt>
      <trkpt lat="35.188209945335984" lon="-120.70168999023736">
        <ele>23.5</ele>
      </trkpt>
      <trkpt lat="35.18774994648993" lon="-120.70186994969845">
        <ele>23.2</ele>
      </trkpt>
      <trkpt lat="35.18713999539614" lon="-120.70222995243967">
        <ele>20.0</ele>
      </trkpt>
      <trkpt lat="35.186619982123375" lon="-120.70261996239424">
        <ele>17.3</ele>
      </trkpt>
      <trkpt lat="35.18617993220687" lon="-120.70290997624397">
        <ele>13.3</ele>
      </trkpt>
      <trkpt lat="35.18564994446933" lon="-120.70314995013177">
        <ele>10.8</ele>
      </trkpt>
      <trkpt lat="35.18538993783295" lon="-120.70322999730706">
        <ele>9.9</ele>
      </trkpt>
      <trkpt lat="35.184429958462715" lon="-120.70344993844628">
        <ele>10.6</ele>
      </trkpt>
      <trkpt lat="35.18178999423981" lon="-120.70400993339717">
        <ele>8.7</ele>
      </trkpt>
      <trkpt lat="35.18128992989659" lon="-120.70402996614575">
        <ele>6.6</ele>
      </trkpt>
      <trkpt lat="35.18121994100511" lon="-120.70406994782388">
        <ele>7.2</ele>
      </trkpt>
      <trkpt lat="35.181079963222146" lon="-120.7042399328202">
        <ele>9.8</ele>
      </trkpt>
      <trkpt lat="35.18022995442152" lon="-120.70334994234145">
        <ele>10.4</ele>
      </trkpt>
      <trkpt lat="35.1800599694252" lon="-120.70310996845365">
        <ele>15.0</ele>
      </trkpt>
      <trkpt lat="35.17990993335843" lon="-120.70277997292578">
        <ele>14.9</ele>
      </trkpt>
      <trkpt lat="35.179809937253594" lon="-120.70241997018456">
        <ele>14.9</ele>
      </trkpt>
      <trkpt lat="35.179769955575466" lon="-120.70216993801296">
        <ele>15.6</ele>
      </trkpt>
      <trkpt lat="35.17975998111069" lon="-120.70039993152022">
        <ele>28.0</ele>
      </trkpt>
      <trkpt lat="35.17940995283425" lon="-120.70007999427617">
        <ele>32.0</ele>
      </trkpt>
      <trkpt lat="35.178649965673685" lon="-120.6992599926889">
        <ele>36.4</ele>
      </trkpt>
      <trkpt lat="35.17839993350208" lon="-120.69904994219542">
        <ele>37.2</ele>
      </trkpt>
      <trkpt lat="35.178029956296086" lon="-120.69878993555903">
        <ele>45.0</ele>
      </trkpt>
      <trkpt lat="35.17745998688042" lon="-120.69846999831498">
        <ele>48.6</ele>
      </trkpt>
      <trkpt lat="35.17706997692585" lon="-120.69832993671298">
        <ele>47.2</ele>
      </trkpt>
      <trkpt lat="35.176889933645725" lon="-120.69827998057008">
        <ele>48.0</ele>
      </trkpt>
      <trkpt lat="35.17667996697128" lon="-120.6982599478215">
        <ele>47.5</ele>
      </trkpt>
      <trkpt lat="35.17584999091923" lon="-120.69829992949963">
        <ele>44.8</ele>
      </trkpt>
      <trkpt lat="35.17532997764647" lon="-120.69822994060814">
        <ele>41.9</ele>
      </trkpt>
      <trkpt lat="35.174849946051836" lon="-120.69811997003853">
        <ele>38.9</ele>
      </trkpt>
      <trkpt lat="35.17448994331062" lon="-120.69797999225557">
        <ele>35.8</ele>
      </trkpt>
      <trkpt lat="35.1740799844265" lon="-120.69776994176209">
        <ele>33.8</ele>
      </trkpt>
      <trkpt lat="35.173709923401475" lon="-120.69752996787429">
        <ele>32.9</ele>
      </trkpt>
      <trkpt lat="35.17323995009065" lon="-120.69712998345494">
        <ele>32.8</ele>
      </trkpt>
      <trkpt lat="35.17309997230768" lon="-120.69697994738817">
        <ele>33.0</ele>
      </trkpt>
      <trkpt lat="35.173039957880974" lon="-120.69687995128334">
        <ele>33.4</ele>
      </trkpt>
      <trkpt lat="35.17189398407936" lon="-120.69563599303365">
        <ele>35.3</ele>
      </trkpt>
      <trkpt lat="35.171389980241656" lon="-120.69515998475254">
        <ele>34.4</ele>
      </trkpt>
      <trkpt lat="35.17081992700696" lon="-120.69455992430449">
        <ele>33.0</ele>
      </trkpt>
      <trkpt lat="35.169519977644086" lon="-120.6931399460882">
        <ele>32.4</ele>
      </trkpt>
      <trkpt lat="35.16879997216165" lon="-120.69245992228389">
        <ele>32.9</ele>
      </trkpt>
      <trkpt lat="35.166829973459244" lon="-120.69078999571502">
        <ele>32.7</ele>
      </trkpt>
      <trkpt lat="35.1659999974072" lon="-120.69005993194878">
        <ele>28.8</ele>
      </trkpt>
      <trkpt lat="35.165029959753156" lon="-120.68916994147003">
        <ele>27.0</ele>
      </trkpt>
      <trkpt lat="35.16425999812782" lon="-120.68851992487907">
        <ele>23.3</ele>
      </trkpt>
      <trkpt lat="35.163849955424666" lon="-120.68798993714154">
        <ele>24.2</ele>
      </trkpt>
      <trkpt lat="35.16362993046641" lon="-120.6876499671489">
        <ele>26.3</ele>
      </trkpt>
      <trkpt lat="35.16348995268345" lon="-120.68738996051252">
        <ele>27.0</ele>
      </trkpt>
      <trkpt lat="35.16331996768713" lon="-120.68695996887982">
        <ele>27.6</ele>
      </trkpt>
      <trkpt lat="35.16277992166579" lon="-120.68532994017005">
        <ele>27.4</ele>
      </trkpt>
      <trkpt lat="35.16183997504413" lon="-120.68279994651675">
        <ele>32.3</ele>
      </trkpt>
      <trkpt lat="35.159869976341724" lon="-120.67775999195874">
        <ele>35.9</ele>
      </trkpt>
      <trkpt lat="35.159439984709024" lon="-120.67673999816179">
        <ele>35.7</ele>
      </trkpt>
      <trkpt lat="35.15515993349254" lon="-120.66581997089088">
        <ele>27.6</ele>
      </trkpt>
      <trkpt lat="35.154999922961" lon="-120.66541998647153">
        <ele>25.7</ele>
      </trkpt>
      <trkpt lat="35.15484997071326" lon="-120.66511999815702">
        <ele>26.5</ele>
      </trkpt>
      <trkpt lat="35.154648972675204" lon="-120.66482193768024">
        <ele>28.0</ele>
      </trkpt>
      <trkpt lat="35.15437999740243" lon="-120.66435992717743">
        <ele>28.2</ele>
      </trkpt>
      <trkpt lat="35.15425996854901" lon="-120.66410997882485">
        <ele>28.7</ele>
      </trkpt>
      <trkpt lat="35.15415997244418" lon="-120.66382993943989">
        <ele>29.4</ele>
      </trkpt>
      <trkpt lat="35.154069950804114" lon="-120.66347999498248">
        <ele>29.6</ele>
      </trkpt>
      <trkpt lat="35.15385998412967" lon="-120.66243996843696">
        <ele>29.6</ele>
      </trkpt>
      <trkpt lat="35.153619926422834" lon="-120.66182993352413">
        <ele>29.5</ele>
      </trkpt>
      <trkpt lat="35.15342999249697" lon="-120.66142994910479">
        <ele>30.2</ele>
      </trkpt>
      <trkpt lat="35.152439922094345" lon="-120.65960998646915">
        <ele>36.3</ele>
      </trkpt>
      <trkpt lat="35.152139933779836" lon="-120.6590199843049">
        <ele>36.6</ele>
      </trkpt>
      <trkpt lat="35.15180993825197" lon="-120.65819998271763">
        <ele>39.7</ele>
      </trkpt>
      <trkpt lat="35.15102991834283" lon="-120.65600995905697">
        <ele>39.2</ele>
      </trkpt>
      <trkpt lat="35.15061995945871" lon="-120.65511996857822">
        <ele>37.2</ele>
      </trkpt>
      <trkpt lat="35.15038996003568" lon="-120.65470992587507">
        <ele>34.8</ele>
      </trkpt>
      <trkpt lat="35.14968998730183" lon="-120.65335993655026">
        <ele>34.4</ele>
      </trkpt>
      <trkpt lat="35.149599965661764" lon="-120.65315994434059">
        <ele>34.5</ele>
      </trkpt>
      <trkpt lat="35.14947993680835" lon="-120.65267999656498">
        <ele>34.1</ele>
      </trkpt>
      <trkpt lat="35.1495099440217" lon="-120.65174994058907">
        <ele>34.1</ele>
      </trkpt>
      <trkpt lat="35.14948999509215" lon="-120.6515499483794">
        <ele>34.2</ele>
      </trkpt>
      <trkpt lat="35.149449929594994" lon="-120.6513599306345">
        <ele>34.5</ele>
      </trkpt>
      <trkpt lat="35.1477899774909" lon="-120.64705993048847">
        <ele>35.1</ele>
      </trkpt>
      <trkpt lat="35.14748998917639" lon="-120.64646992832422">
        <ele>34.7</ele>
      </trkpt>
      <trkpt lat="35.14730994589627" lon="-120.64621997997165">
        <ele>34.3</ele>
      </trkpt>
      <trkpt lat="35.14672799035907" lon="-120.64556795172393">
        <ele>32.6</ele>
      </trkpt>
      <trkpt lat="35.146569991484284" lon="-120.64535999670625">
        <ele>30.3</ele>
      </trkpt>
      <trkpt lat="35.14633999206126" lon="-120.64488993957639">
        <ele>28.4</ele>
      </trkpt>
      <trkpt lat="35.146079985424876" lon="-120.6448999978602">
        <ele>26.9</ele>
      </trkpt>
      <trkpt lat="35.145819978788495" lon="-120.64483998343349">
        <ele>26.6</ele>
      </trkpt>
      <trkpt lat="35.144509971141815" lon="-120.64472992904484">
        <ele>21.5</ele>
      </trkpt>
      <trkpt lat="35.144269997254014" lon="-120.64467997290194">
        <ele>19.8</ele>
      </trkpt>
      <trkpt lat="35.14411996118724" lon="-120.64460998401046">
        <ele>19.0</ele>
      </trkpt>
      <trkpt lat="35.143949976190925" lon="-120.64449992962182">
        <ele>18.3</ele>
      </trkpt>
      <trkpt lat="35.14198995195329" lon="-120.64232993870974">
        <ele>12.4</ele>
      </trkpt>
      <trkpt lat="35.14181996695697" lon="-120.6422299426049">
        <ele>12.3</ele>
      </trkpt>
      <trkpt lat="35.14169993810356" lon="-120.64218996092677">
        <ele>12.0</ele>
      </trkpt>
      <trkpt lat="35.14144998975098" lon="-120.64213992096484">
        <ele>11.6</ele>
      </trkpt>
      <trkpt lat="35.14128997921944" lon="-120.64205995760858">
        <ele>11.4</ele>
      </trkpt>
      <trkpt lat="35.13819999061525" lon="-120.63860996626318">
        <ele>5.0</ele>
      </trkpt>
      <trkpt lat="35.13796999119222" lon="-120.63837996684015">
        <ele>5.2</ele>
      </trkpt>
      <trkpt lat="35.13777997344732" lon="-120.63824996352196">
        <ele>5.1</ele>
      </trkpt>
      <trkpt lat="35.13762993738055" lon="-120.63817997463048">
        <ele>5.1</ele>
      </trkpt>
      <trkpt lat="35.13742994517088" lon="-120.63811996020377">
        <ele>5.1</ele>
      </trkpt>
      <trkpt lat="35.13628992252052" lon="-120.63793991692364">
        <ele>5.5</ele>
      </trkpt>
      <trkpt lat="35.136149944737554" lon="-120.63788996078074">
        <ele>5.7</ele>
      </trkpt>
      <trkpt lat="35.13594995252788" lon="-120.63777999021113">
        <ele>5.9</ele>
      </trkpt>
      <trkpt lat="35.13572992756963" lon="-120.63758997246623">
        <ele>6.2</ele>
      </trkpt>
      <trkpt lat="35.1333499699831" lon="-120.63492997549474">
        <ele>6.9</ele>
      </trkpt>
      <trkpt lat="35.13240993954241" lon="-120.63392993062735">
        <ele>7.0</ele>
      </trkpt>
      <trkpt lat="35.13149991631508" lon="-120.63287992961705">
        <ele>6.9</ele>
      </trkpt>
      <trkpt lat="35.131319956853986" lon="-120.63269997015595">
        <ele>6.9</ele>
      </trkpt>
      <trkpt lat="35.13104997575283" lon="-120.63246997073293">
        <ele>6.9</ele>
      </trkpt>
      <trkpt lat="35.130629958584905" lon="-120.63216998241842">
        <ele>6.9</ele>
      </trkpt>
      <trkpt lat="35.13022997416556" lon="-120.63203997910023">
        <ele>7.0</ele>
      </trkpt>
      <trkpt lat="35.13001992367208" lon="-120.6319999974221">
        <ele>7.0</ele>
      </trkpt>
      <trkpt lat="35.12711995281279" lon="-120.63178994692862">
        <ele>8.4</ele>
      </trkpt>
      <trkpt lat="35.12659993954003" lon="-120.63172993250191">
        <ele>8.2</ele>
      </trkpt>
      <trkpt lat="35.12589996680617" lon="-120.63156992197037">
        <ele>7.9</ele>
      </trkpt>
      <trkpt lat="35.125299990177155" lon="-120.63135995529592">
        <ele>7.4</ele>
      </trkpt>
      <trkpt lat="35.12492992915213" lon="-120.63120991922915">
        <ele>7.3</ele>
      </trkpt>
      <trkpt lat="35.12413993477821" lon="-120.63082996755838">
        <ele>7.0</ele>
      </trkpt>
      <trkpt lat="35.12217999435961" lon="-120.62992991879582">
        <ele>6.4</ele>
      </trkpt>
      <trkpt lat="35.12103997170925" lon="-120.6296999193728">
        <ele>3.8</ele>
      </trkpt>
      <trkpt lat="35.12086998671293" lon="-120.6296499632299">
        <ele>3.8</ele>
      </trkpt>
      <trkpt lat="35.11982996016741" lon="-120.62915995717049">
        <ele>3.8</ele>
      </trkpt>
      <trkpt lat="35.11810999363661" lon="-120.62838999554515">
        <ele>5.6</ele>
      </trkpt>
      <trkpt lat="35.11660996824503" lon="-120.62766999006271">
        <ele>7.3</ele>
      </trkpt>
      <trkpt lat="35.11219999752939" lon="-120.62560996972024">
        <ele>5.5</ele>
      </trkpt>
      <trkpt lat="35.10732994414866" lon="-120.62338993884623">
        <ele>7.8</ele>
      </trkpt>
      <trkpt lat="35.106549924239516" lon="-120.62300998717546">
        <ele>7.8</ele>
      </trkpt>
      <trkpt lat="35.10626996867359" lon="-120.62283991836011">
        <ele>8.0</ele>
      </trkpt>
      <trkpt lat="35.10603996925056" lon="-120.62264998443425">
        <ele>8.0</ele>
      </trkpt>
      <trkpt lat="35.105279982089996" lon="-120.6218699645251">
        <ele>8.6</ele>
      </trkpt>
      <trkpt lat="35.10407994501293" lon="-120.6207099929452">
        <ele>9.6</ele>
      </trkpt>
      <trkpt lat="35.10380996391177" lon="-120.62039994634688">
        <ele>9.5</ele>
      </trkpt>
      <trkpt lat="35.10362992063165" lon="-120.62011999078095">
        <ele>10.3</ele>
      </trkpt>
      <trkpt lat="35.103559931740165" lon="-120.61997992917895">
        <ele>10.8</ele>
      </trkpt>
      <trkpt lat="35.103429928421974" lon="-120.61962998472154">
        <ele>11.7</ele>
      </trkpt>
      <trkpt lat="35.1032299362123" lon="-120.61880998313427">
        <ele>13.9</ele>
      </trkpt>
      <trkpt lat="35.103149972856045" lon="-120.61856992542744">
        <ele>13.9</ele>
      </trkpt>
      <trkpt lat="35.10291997343302" lon="-120.61814999207854">
        <ele>13.4</ele>
      </trkpt>
      <trkpt lat="35.09883999824524" lon="-120.61249991878867">
        <ele>8.8</ele>
      </trkpt>
      <trkpt lat="35.09840992279351" lon="-120.611929949373">
        <ele>8.8</ele>
      </trkpt>
      <trkpt lat="35.09825997054577" lon="-120.61163993552327">
        <ele>8.8</ele>
      </trkpt>
      <trkpt lat="35.098189981654286" lon="-120.61141999438405">
        <ele>8.9</ele>
      </trkpt>
      <trkpt lat="35.09815997444093" lon="-120.61115998774767">
        <ele>9.2</ele>
      </trkpt>
      <trkpt lat="35.09812996722758" lon="-120.60600997880101">
        <ele>13.2</ele>
      </trkpt>
      <trkpt lat="35.09812996722758" lon="-120.60394995845854">
        <ele>14.3</ele>
      </trkpt>
      <trkpt lat="35.09814999997616" lon="-120.6022599991411">
        <ele>14.5</ele>
      </trkpt>
      <trkpt lat="35.09813994169235" lon="-120.59671998023987">
        <ele>15.7</ele>
      </trkpt>
      <trkpt lat="35.09815997444093" lon="-120.59302993118763">
        <ele>14.9</ele>
      </trkpt>
      <trkpt lat="35.09812996722758" lon="-120.58787992224097">
        <ele>15.9</ele>
      </trkpt>
      <trkpt lat="35.09812996722758" lon="-120.58371998369694">
        <ele>16.5</ele>
      </trkpt>
      <trkpt lat="35.09814999997616" lon="-120.5822699982673">
        <ele>18.0</ele>
      </trkpt>
      <trkpt lat="35.098109934479" lon="-120.5819999333471">
        <ele>18.7</ele>
      </trkpt>
      <trkpt lat="35.09799996390939" lon="-120.58181997388601">
        <ele>18.4</ele>
      </trkpt>
      <trkpt lat="35.09781992062926" lon="-120.5816499888897">
        <ele>18.1</ele>
      </trkpt>
      <trkpt lat="35.09770995005965" lon="-120.58159994892776">
        <ele>18.0</ele>
      </trkpt>
      <trkpt lat="35.09751993231475" lon="-120.5815699417144">
        <ele>17.8</ele>
      </trkpt>
      <trkpt lat="35.09640991687775" lon="-120.58144999668002">
        <ele>17.8</ele>
      </trkpt>
      <trkpt lat="35.09587992914021" lon="-120.58141998946667">
        <ele>17.9</ele>
      </trkpt>
      <trkpt lat="35.095159923657775" lon="-120.5816499888897">
        <ele>19.2</ele>
      </trkpt>
      <trkpt lat="35.0944799836725" lon="-120.58180999942124">
        <ele>16.9</ele>
      </trkpt>
      <trkpt lat="35.09394999593496" lon="-120.58189993724227">
        <ele>16.5</ele>
      </trkpt>
      <trkpt lat="35.093309953808784" lon="-120.58192994445562">
        <ele>19.8</ele>
      </trkpt>
      <trkpt lat="35.093179950490594" lon="-120.5819499772042">
        <ele>21.6</ele>
      </trkpt>
      <trkpt lat="35.09273998439312" lon="-120.58217997662723">
        <ele>22.2</ele>
      </trkpt>
      <trkpt lat="35.092409988865256" lon="-120.58230997994542">
        <ele>24.9</ele>
      </trkpt>
      <trkpt lat="35.092239920049906" lon="-120.58234996162355">
        <ele>25.4</ele>
      </trkpt>
      <trkpt lat="35.092129949480295" lon="-120.58233998715878">
        <ele>26.4</ele>
      </trkpt>
      <trkpt lat="35.0919499900192" lon="-120.58227997273207">
        <ele>29.2</ele>
      </trkpt>
      <trkpt lat="35.091869942843914" lon="-120.58221995830536">
        <ele>31.3</ele>
      </trkpt>
      <trkpt lat="35.09121992625296" lon="-120.58157999999821">
        <ele>38.0</ele>
      </trkpt>
      <trkpt lat="35.091139962896705" lon="-120.58152996003628">
        <ele>39.2</ele>
      </trkpt>
      <trkpt lat="35.09106997400522" lon="-120.5815099272877">
        <ele>39.7</ele>
      </trkpt>
      <trkpt lat="35.0908999890089" lon="-120.58152996003628">
        <ele>39.4</ele>
      </trkpt>
      <trkpt lat="35.08986993692815" lon="-120.58182994835079">
        <ele>49.3</ele>
      </trkpt>
      <trkpt lat="35.089699951931834" lon="-120.58189993724227">
        <ele>50.2</ele>
      </trkpt>
      <trkpt lat="35.088969971984625" lon="-120.58233998715878">
        <ele>56.3</ele>
      </trkpt>
      <trkpt lat="35.08882999420166" lon="-120.58240997605026">
        <ele>58.1</ele>
      </trkpt>
      <trkpt lat="35.088519947603345" lon="-120.58248993940651">
        <ele>62.1</ele>
      </trkpt>
      <trkpt lat="35.08826999925077" lon="-120.58260996825993">
        <ele>63.2</ele>
      </trkpt>
      <trkpt lat="35.08803999982774" lon="-120.58282999321818">
        <ele>64.7</ele>
      </trkpt>
      <trkpt lat="35.087899938225746" lon="-120.58292998932302">
        <ele>64.0</ele>
      </trkpt>
      <trkpt lat="35.0873099360615" lon="-120.5831299815327">
        <ele>73.1</ele>
      </trkpt>
      <trkpt lat="35.08544999174774" lon="-120.583669943735">
        <ele>70.6</ele>
      </trkpt>
      <trkpt lat="35.085189985111356" lon="-120.58377999812365">
        <ele>69.7</ele>
      </trkpt>
      <trkpt lat="35.083319982513785" lon="-120.58439992368221">
        <ele>64.1</ele>
      </trkpt>
      <trkpt lat="35.083189979195595" lon="-120.58445993810892">
        <ele>63.4</ele>
      </trkpt>
      <trkpt lat="35.082889990881085" lon="-120.58463998138905">
        <ele>61.9</ele>
      </trkpt>
      <trkpt lat="35.08269997313619" lon="-120.58480996638536">
        <ele>60.6</ele>
      </trkpt>
      <trkpt lat="35.08076995611191" lon="-120.58669991791248">
        <ele>54.4</ele>
      </trkpt>
      <trkpt lat="35.07964996621013" lon="-120.58773994445801">
        <ele>54.5</ele>
      </trkpt>
      <trkpt lat="35.07892996072769" lon="-120.58850998990238">
        <ele>56.3</ele>
      </trkpt>
      <trkpt lat="35.07870993576944" lon="-120.58869992382824">
        <ele>57.0</ele>
      </trkpt>
      <trkpt lat="35.078379940241575" lon="-120.58890997432172">
        <ele>57.6</ele>
      </trkpt>
      <trkpt lat="35.078119933605194" lon="-120.58903997763991">
        <ele>57.7</ele>
      </trkpt>
      <trkpt lat="35.07773998193443" lon="-120.5891599226743">
        <ele>58.7</ele>
      </trkpt>
      <trkpt lat="35.07686994038522" lon="-120.5893499404192">
        <ele>64.4</ele>
      </trkpt>
      <trkpt lat="35.07589998655021" lon="-120.58951992541552">
        <ele>62.6</ele>
      </trkpt>
      <trkpt lat="35.07554995827377" lon="-120.58960994705558">
        <ele>62.4</ele>
      </trkpt>
      <trkpt lat="35.07428999058902" lon="-120.59006994590163">
        <ele>70.1</ele>
      </trkpt>
      <trkpt lat="35.072859954088926" lon="-120.59063999913633">
        <ele>73.8</ele>
      </trkpt>
      <trkpt lat="35.07256994023919" lon="-120.59079992584884">
        <ele>73.8</ele>
      </trkpt>
      <trkpt lat="35.07206995971501" lon="-120.5911299213767">
        <ele>71.9</ele>
      </trkpt>
      <trkpt lat="35.06401997990906" lon="-120.5969499796629">
        <ele>28.8</ele>
      </trkpt>
      <trkpt lat="35.06336996331811" lon="-120.59720998629928">
        <ele>28.9</ele>
      </trkpt>
      <trkpt lat="35.06312998943031" lon="-120.59726991690695">
        <ele>28.9</ele>
      </trkpt>
      <trkpt lat="35.06269999779761" lon="-120.59731995686889">
        <ele>28.9</ele>
      </trkpt>
      <trkpt lat="35.062329936772585" lon="-120.5972999241203">
        <ele>28.7</ele>
      </trkpt>
      <trkpt lat="35.06119997240603" lon="-120.59715994633734">
        <ele>28.9</ele>
      </trkpt>
      <trkpt lat="35.05981997586787" lon="-120.5969499796629">
        <ele>30.9</ele>
      </trkpt>
      <trkpt lat="35.05844995379448" lon="-120.59679994359612">
        <ele>19.4</ele>
      </trkpt>
      <trkpt lat="35.0573799200356" lon="-120.59655996970832">
        <ele>13.0</ele>
      </trkpt>
      <trkpt lat="35.056549943983555" lon="-120.59620994143188">
        <ele>15.4</ele>
      </trkpt>
      <trkpt lat="35.0558999273926" lon="-120.59597994200885">
        <ele>20.8</ele>
      </trkpt>
      <trkpt lat="35.05373999476433" lon="-120.59563997201622">
        <ele>29.9</ele>
      </trkpt>
      <trkpt lat="35.0533199775964" lon="-120.59554995037615">
        <ele>31.6</ele>
      </trkpt>
      <trkpt lat="35.052829971536994" lon="-120.5953299254179">
        <ele>31.5</ele>
      </trkpt>
      <trkpt lat="35.052359998226166" lon="-120.59499992989004">
        <ele>30.9</ele>
      </trkpt>
      <trkpt lat="35.05195992998779" lon="-120.59459994547069">
        <ele>30.9</ele>
      </trkpt>
      <trkpt lat="35.051519963890314" lon="-120.59404992498457">
        <ele>30.9</ele>
      </trkpt>
      <trkpt lat="35.051049990579486" lon="-120.59353996999562">
        <ele>30.9</ele>
      </trkpt>
      <trkpt lat="35.05058999173343" lon="-120.59316999278963">
        <ele>30.9</ele>
      </trkpt>
      <trkpt lat="35.05011993460357" lon="-120.5929299350828">
        <ele>30.9</ele>
      </trkpt>
      <trkpt lat="35.049589946866035" lon="-120.59278995729983">
        <ele>31.5</ele>
      </trkpt>
      <trkpt lat="35.04895996302366" lon="-120.59270999394357">
        <ele>33.2</ele>
      </trkpt>
      <trkpt lat="35.04836996085942" lon="-120.59256993234158">
        <ele>33.6</ele>
      </trkpt>
      <trkpt lat="35.04802999086678" lon="-120.59235996566713">
        <ele>33.9</ele>
      </trkpt>
      <trkpt lat="35.0477699842304" lon="-120.5921299662441">
        <ele>33.9</ele>
      </trkpt>
      <trkpt lat="35.047569992020726" lon="-120.59184992685914">
        <ele>34.2</ele>
      </trkpt>
      <trkpt lat="35.047399923205376" lon="-120.59152998961508">
        <ele>33.5</ele>
      </trkpt>
      <trkpt lat="35.047309985384345" lon="-120.5912699829787">
        <ele>33.6</ele>
      </trkpt>
      <trkpt lat="35.04724997095764" lon="-120.59086999855936">
        <ele>34.7</ele>
      </trkpt>
      <trkpt lat="35.04722993820906" lon="-120.59049993753433">
        <ele>33.3</ele>
      </trkpt>
      <trkpt lat="35.04725994542241" lon="-120.58672992512584">
        <ele>35.0</ele>
      </trkpt>
      <trkpt lat="35.04723999649286" lon="-120.57944999076426">
        <ele>39.9</ele>
      </trkpt>
      <trkpt lat="35.047289952635765" lon="-120.57690993882716">
        <ele>41.3</ele>
      </trkpt>
      <trkpt lat="35.047289952635765" lon="-120.57224993593991">
        <ele>45.0</ele>
      </trkpt>
      <trkpt lat="35.04723999649286" lon="-120.57156999595463">
        <ele>45.8</ele>
      </trkpt>
      <trkpt lat="35.047139916568995" lon="-120.57097999379039">
        <ele>46.8</ele>
      </trkpt>
      <trkpt lat="35.04692994989455" lon="-120.57034992612898">
        <ele>46.8</ele>
      </trkpt>
      <trkpt lat="35.04667991772294" lon="-120.56980996392667">
        <ele>47.5</ele>
      </trkpt>
      <trkpt lat="35.04649995826185" lon="-120.56951995007694">
        <ele>48.2</ele>
      </trkpt>
      <trkpt lat="35.04617993719876" lon="-120.56911996565759">
        <ele>49.6</ele>
      </trkpt>
      <trkpt lat="35.045829992741346" lon="-120.56876993738115">
        <ele>49.9</ele>
      </trkpt>
      <trkpt lat="35.04546999000013" lon="-120.56850993074477">
        <ele>49.9</ele>
      </trkpt>
      <trkpt lat="35.045009991154075" lon="-120.56827993132174">
        <ele>49.9</ele>
      </trkpt>
      <trkpt lat="35.04443993791938" lon="-120.5681199207902">
        <ele>49.4</ele>
      </trkpt>
      <trkpt lat="35.04368992522359" lon="-120.56807993911207">
        <ele>49.9</ele>
      </trkpt>
      <trkpt lat="35.0409799721092" lon="-120.5680699646473">
        <ele>52.5</ele>
      </trkpt>
      <trkpt lat="35.040499940514565" lon="-120.567989917472">
        <ele>48.9</ele>
      </trkpt>
      <trkpt lat="35.04007992334664" lon="-120.56781993247569">
        <ele>48.3</ele>
      </trkpt>
      <trkpt lat="35.039789993315935" lon="-120.56762999854982">
        <ele>49.3</ele>
      </trkpt>
      <trkpt lat="35.039529986679554" lon="-120.56740997359157">
        <ele>50.3</ele>
      </trkpt>
      <trkpt lat="35.03938992507756" lon="-120.5672599375248">
        <ele>50.9</ele>
      </trkpt>
      <trkpt lat="35.03525999374688" lon="-120.56226993910968">
        <ele>69.3</ele>
      </trkpt>
      <trkpt lat="35.034979954361916" lon="-120.56196995079517">
        <ele>69.4</ele>
      </trkpt>
      <trkpt lat="35.03476998768747" lon="-120.56177993305027">
        <ele>69.5</ele>
      </trkpt>
      <trkpt lat="35.034249974414706" lon="-120.56144993752241">
        <ele>70.5</ele>
      </trkpt>
      <trkpt lat="35.03388997167349" lon="-120.56128992699087">
        <ele>72.4</ele>
      </trkpt>
      <trkpt lat="35.03350993618369" lon="-120.56118993088603">
        <ele>73.1</ele>
      </trkpt>
      <trkpt lat="35.0331399589777" lon="-120.56111994199455">
        <ele>74.0</ele>
      </trkpt>
      <trkpt lat="35.032709967345" lon="-120.56110996752977">
        <ele>74.0</ele>
      </trkpt>
      <trkpt lat="35.03158997744322" lon="-120.56113997474313">
        <ele>70.8</ele>
      </trkpt>
      <trkpt lat="35.02680994570255" lon="-120.56116998195648">
        <ele>64.0</ele>
      </trkpt>
      <trkpt lat="35.0265899207443" lon="-120.56122999638319">
        <ele>63.4</ele>
      </trkpt>
      <trkpt lat="35.020779920741916" lon="-120.56341993622482">
        <ele>41.5</ele>
      </trkpt>
      <trkpt lat="35.02005999907851" lon="-120.56370995007455">
        <ele>38.1</ele>
      </trkpt>
      <trkpt lat="35.016889963299036" lon="-120.56502993218601">
        <ele>21.9</ele>
      </trkpt>
      <trkpt lat="35.01467999070883" lon="-120.56599996984005">
        <ele>21.9</ele>
      </trkpt>
      <trkpt lat="35.013339975848794" lon="-120.56652995757759">
        <ele>21.9</ele>
      </trkpt>
      <trkpt lat="35.01109999604523" lon="-120.5674499552697">
        <ele>22.9</ele>
      </trkpt>
      <trkpt lat="35.00479998998344" lon="-120.5700899194926">
        <ele>24.4</ele>
      </trkpt>
      <trkpt lat="35.004039919003844" lon="-120.57038999162614">
        <ele>24.9</ele>
      </trkpt>
      <trkpt lat="35.00378997065127" lon="-120.57045998051763">
        <ele>24.9</ele>
      </trkpt>
      <trkpt lat="35.003609927371144" lon="-120.57048998773098">
        <ele>24.9</ele>
      </trkpt>
      <trkpt lat="35.00293996185064" lon="-120.57051999494433">
        <ele>24.9</ele>
      </trkpt>
      <trkpt lat="35.00230997800827" lon="-120.57051999494433">
        <ele>25.9</ele>
      </trkpt>
      <trkpt lat="35.001029977574944" lon="-120.57050993666053">
        <ele>26.0</ele>
      </trkpt>
      <trkpt lat="34.999999925494194" lon="-120.5704699549824">
        <ele>26.9</ele>
      </trkpt>
      <trkpt lat="34.99905997887254" lon="-120.5704699549824">
        <ele>27.7</ele>
      </trkpt>
      <trkpt lat="34.997739996761084" lon="-120.57049996219575">
        <ele>27.8</ele>
      </trkpt>
      <trkpt lat="34.996239971369505" lon="-120.57057992555201">
        <ele>24.9</ele>
      </trkpt>
      <trkpt lat="34.99600997194648" lon="-120.57055997662246">
        <ele>24.8</ele>
      </trkpt>
      <trkpt lat="34.9940299987793" lon="-120.57052996940911">
        <ele>25.0</ele>
      </trkpt>
      <trkpt lat="34.99261999502778" lon="-120.57054991833866">
        <ele>25.8</ele>
      </trkpt>
      <trkpt lat="34.99021992087364" lon="-120.57053994387388">
        <ele>27.8</ele>
      </trkpt>
      <trkpt lat="34.98425996862352" lon="-120.57055997662246">
        <ele>26.8</ele>
      </trkpt>
      <trkpt lat="34.981029918417335" lon="-120.57058998383582">
        <ele>26.0</ele>
      </trkpt>
      <trkpt lat="34.973939917981625" lon="-120.57109993882477">
        <ele>24.8</ele>
      </trkpt>
      <trkpt lat="34.97344999574125" lon="-120.57123991660774">
        <ele>25.6</ele>
      </trkpt>
      <trkpt lat="34.97273996472359" lon="-120.57162992656231">
        <ele>25.5</ele>
      </trkpt>
      <trkpt lat="34.96927999891341" lon="-120.57378994300961">
        <ele>23.9</ele>
      </trkpt>
      <trkpt lat="34.96917991898954" lon="-120.57383998297155">
        <ele>23.5</ele>
      </trkpt>
      <trkpt lat="34.969039941206574" lon="-120.5738599319011">
        <ele>22.9</ele>
      </trkpt>
      <trkpt lat="34.96784996241331" lon="-120.57388993911445">
        <ele>22.8</ele>
      </trkpt>
      <trkpt lat="34.957779943943024" lon="-120.57401994243264">
        <ele>26.6</ele>
      </trkpt>
      <trkpt lat="34.95282992720604" lon="-120.5741099640727">
        <ele>25.8</ele>
      </trkpt>
      <trkpt lat="34.94923995807767" lon="-120.57413997128606">
        <ele>24.8</ele>
      </trkpt>
      <trkpt lat="34.94872991926968" lon="-120.5741599202156">
        <ele>24.8</ele>
      </trkpt>
      <trkpt lat="34.945169957354665" lon="-120.57416997849941">
        <ele>24.8</ele>
      </trkpt>
      <trkpt lat="34.94293995201588" lon="-120.57421993464231">
        <ele>24.8</ele>
      </trkpt>
      <trkpt lat="34.942099917680025" lon="-120.57414994575083">
        <ele>24.8</ele>
      </trkpt>
      <trkpt lat="34.94124999269843" lon="-120.57387996464968">
        <ele>24.8</ele>
      </trkpt>
      <trkpt lat="34.940639957785606" lon="-120.57360998354852">
        <ele>24.8</ele>
      </trkpt>
      <trkpt lat="34.93886995129287" lon="-120.57239997200668">
        <ele>27.8</ele>
      </trkpt>
      <trkpt lat="34.93682996369898" lon="-120.57112994603813">
        <ele>30.6</ele>
      </trkpt>
      <trkpt lat="34.93252996355295" lon="-120.5683699529618">
        <ele>37.6</ele>
      </trkpt>
      <trkpt lat="34.929809952154756" lon="-120.56683992035687">
        <ele>41.4</ele>
      </trkpt>
      <trkpt lat="34.927619928494096" lon="-120.56567994877696">
        <ele>49.8</ele>
      </trkpt>
      <trkpt lat="34.926369935274124" lon="-120.56494996882975">
        <ele>49.8</ele>
      </trkpt>
      <trkpt lat="34.92564992979169" lon="-120.56456993333995">
        <ele>49.4</ele>
      </trkpt>
      <trkpt lat="34.92383994162083" lon="-120.56356997229159">
        <ele>49.8</ele>
      </trkpt>
      <trkpt lat="34.92351992055774" lon="-120.56333997286856">
        <ele>49.9</ele>
      </trkpt>
      <trkpt lat="34.9229899328202" lon="-120.56289992295206">
        <ele>50.3</ele>
      </trkpt>
      <trkpt lat="34.922699918970466" lon="-120.56261996738613">
        <ele>50.5</ele>
      </trkpt>
      <trkpt lat="34.922329941764474" lon="-120.56216994300485">
        <ele>50.9</ele>
      </trkpt>
      <trkpt lat="34.91989994421601" lon="-120.5587499588728">
        <ele>44.1</ele>
      </trkpt>
      <trkpt lat="34.91858993656933" lon="-120.55682991631329">
        <ele>41.2</ele>
      </trkpt>
      <trkpt lat="34.91735997609794" lon="-120.55514993146062">
        <ele>40.9</ele>
      </trkpt>
      <trkpt lat="34.915259974077344" lon="-120.55210998281837">
        <ele>39.4</ele>
      </trkpt>
      <trkpt lat="34.914189940318465" lon="-120.55061993189156">
        <ele>40.9</ele>
      </trkpt>
      <trkpt lat="34.905139999464154" lon="-120.53775999695063">
        <ele>41.1</ele>
      </trkpt>
      <trkpt lat="34.904519990086555" lon="-120.53675995208323">
        <ele>42.9</ele>
      </trkpt>
      <trkpt lat="34.90413995459676" lon="-120.53604992106557">
        <ele>43.4</ele>
      </trkpt>
      <trkpt lat="34.90364994853735" lon="-120.53495993837714">
        <ele>43.1</ele>
      </trkpt>
      <trkpt lat="34.90057999268174" lon="-120.52685991860926">
        <ele>36.7</ele>
      </trkpt>
      <trkpt lat="34.90033993497491" lon="-120.52635993808508">
        <ele>37.7</ele>
      </trkpt>
      <trkpt lat="34.90012996830046" lon="-120.52596992813051">
        <ele>37.6</ele>
      </trkpt>
      <trkpt lat="34.89985998719931" lon="-120.52556994371116">
        <ele>37.7</ele>
      </trkpt>
      <trkpt lat="34.89953996613622" lon="-120.52516995929182">
        <ele>37.8</ele>
      </trkpt>
      <trkpt lat="34.89919999614358" lon="-120.52478992380202">
        <ele>36.1</ele>
      </trkpt>
      <trkpt lat="34.898049999028444" lon="-120.52362995222211">
        <ele>34.6</ele>
      </trkpt>
      <trkpt lat="34.89777993410826" lon="-120.52325997501612">
        <ele>34.4</ele>
      </trkpt>
      <trkpt lat="34.89748992025852" lon="-120.52272998727858">
        <ele>34.5</ele>
      </trkpt>
      <trkpt lat="34.8964599519968" lon="-120.52065999247134">
        <ele>35.1</ele>
      </trkpt>
      <trkpt lat="34.896159963682294" lon="-120.52010997198522">
        <ele>34.8</ele>
      </trkpt>
      <trkpt lat="34.89539997652173" lon="-120.5188899859786">
        <ele>35.6</ele>
      </trkpt>
      <trkpt lat="34.89459992386401" lon="-120.51767997443676">
        <ele>36.4</ele>
      </trkpt>
      <trkpt lat="34.89383993670344" lon="-120.51644993014634">
        <ele>37.2</ele>
      </trkpt>
      <trkpt lat="34.892489947378635" lon="-120.51435998640954">
        <ele>46.4</ele>
      </trkpt>
      <trkpt lat="34.8915799241513" lon="-120.51296993158758">
        <ele>47.8</ele>
      </trkpt>
      <trkpt lat="34.89054995588958" lon="-120.51145993173122">
        <ele>46.6</ele>
      </trkpt>
      <trkpt lat="34.88854994997382" lon="-120.50841998308897">
        <ele>49.9</ele>
      </trkpt>
      <trkpt lat="34.88705998286605" lon="-120.5061199888587">
        <ele>48.8</ele>
      </trkpt>
      <trkpt lat="34.88606999628246" lon="-120.50454997457564">
        <ele>52.6</ele>
      </trkpt>
      <trkpt lat="34.8839299287647" lon="-120.50137993879616">
        <ele>53.6</ele>
      </trkpt>
      <trkpt lat="34.88313993439078" lon="-120.50004998221993">
        <ele>53.9</ele>
      </trkpt>
      <trkpt lat="34.88140999339521" lon="-120.49745997413993">
        <ele>56.9</ele>
      </trkpt>
      <trkpt lat="34.88121997565031" lon="-120.49706996418536">
        <ele>55.8</ele>
      </trkpt>
      <trkpt lat="34.88097991794348" lon="-120.49643998034298">
        <ele>55.3</ele>
      </trkpt>
      <trkpt lat="34.88032998517156" lon="-120.49485999159515">
        <ele>56.6</ele>
      </trkpt>
      <trkpt lat="34.87977996468544" lon="-120.49344998784363">
        <ele>62.3</ele>
      </trkpt>
      <trkpt lat="34.8785699531436" lon="-120.49054993316531">
        <ele>63.0</ele>
      </trkpt>
      <trkpt lat="34.87824993208051" lon="-120.48970998264849">
        <ele>63.9</ele>
      </trkpt>
      <trkpt lat="34.8775199521333" lon="-120.48798993229866">
        <ele>65.4</ele>
      </trkpt>
      <trkpt lat="34.87728995271027" lon="-120.48736992292106">
        <ele>65.9</ele>
      </trkpt>
      <trkpt lat="34.876609928905964" lon="-120.48514997586608">
        <ele>66.8</ele>
      </trkpt>
      <trkpt lat="34.87616996280849" lon="-120.48362991772592">
        <ele>68.7</ele>
      </trkpt>
      <trkpt lat="34.8756599240005" lon="-120.48194993287325">
        <ele>68.5</ele>
      </trkpt>
      <trkpt lat="34.87365991808474" lon="-120.47551992349327">
        <ele>69.2</ele>
      </trkpt>
      <trkpt lat="34.87186996266246" lon="-120.46962996013463">
        <ele>73.3</ele>
      </trkpt>
      <trkpt lat="34.8715899232775" lon="-120.46886997297406">
        <ele>73.8</ele>
      </trkpt>
      <trkpt lat="34.87131994217634" lon="-120.46823998913169">
        <ele>73.8</ele>
      </trkpt>
      <trkpt lat="34.870789954438806" lon="-120.46735997311771">
        <ele>74.7</ele>
      </trkpt>
      <trkpt lat="34.87026994116604" lon="-120.46655992045999">
        <ele>74.1</ele>
      </trkpt>
      <trkpt lat="34.86555998213589" lon="-120.4593999311328">
        <ele>82.8</ele>
      </trkpt>
      <trkpt lat="34.86397999338806" lon="-120.45696993358433">
        <ele>88.2</ele>
      </trkpt>
      <trkpt lat="34.86327993683517" lon="-120.45597994700074">
        <ele>87.3</ele>
      </trkpt>
      <trkpt lat="34.86291993409395" lon="-120.45554995536804">
        <ele>87.2</ele>
      </trkpt>
      <trkpt lat="34.86248994246125" lon="-120.45513999648392">
        <ele>89.0</ele>
      </trkpt>
      <trkpt lat="34.86211996525526" lon="-120.4548299498856">
        <ele>93.2</ele>
      </trkpt>
      <trkpt lat="34.86176993697882" lon="-120.45456994324923">
        <ele>94.7</ele>
      </trkpt>
      <trkpt lat="34.861379927024245" lon="-120.45435997657478">
        <ele>96.0</ele>
      </trkpt>
      <trkpt lat="34.860949935391545" lon="-120.45416995882988">
        <ele>97.3</ele>
      </trkpt>
      <trkpt lat="34.860559925436974" lon="-120.45403995551169">
        <ele>98.3</ele>
      </trkpt>
      <trkpt lat="34.860129933804274" lon="-120.45392998494208">
        <ele>101.7</ele>
      </trkpt>
      <trkpt lat="34.85961997881532" lon="-120.45384993776679">
        <ele>104.7</ele>
      </trkpt>
      <trkpt lat="34.85905998386443" lon="-120.45379998162389">
        <ele>102.7</ele>
      </trkpt>
      <trkpt lat="34.857189981266856" lon="-120.45376997441053">
        <ele>112.4</ele>
      </trkpt>
      <trkpt lat="34.85680994577706" lon="-120.45378992334008">
        <ele>110.8</ele>
      </trkpt>
      <trkpt lat="34.856239976361394" lon="-120.45377994887531">
        <ele>109.0</ele>
      </trkpt>
      <trkpt lat="34.85504999756813" lon="-120.45363997109234">
        <ele>116.5</ele>
      </trkpt>
      <trkpt lat="34.85368994995952" lon="-120.4535399749875">
        <ele>109.2</ele>
      </trkpt>
      <trkpt lat="34.85196998342872" lon="-120.45334995724261">
        <ele>111.8</ele>
      </trkpt>
      <trkpt lat="34.8503699619323" lon="-120.453099925071">
        <ele>122.5</ele>
      </trkpt>
      <trkpt lat="34.849579967558384" lon="-120.45293999835849">
        <ele>123.7</ele>
      </trkpt>
      <trkpt lat="34.8416699655354" lon="-120.45208998955786">
        <ele>133.2</ele>
      </trkpt>
      <trkpt lat="34.83773994259536" lon="-120.45168992131948">
        <ele>142.9</ele>
      </trkpt>
      <trkpt lat="34.83456999063492" lon="-120.45133997686207">
        <ele>145.2</ele>
      </trkpt>
      <trkpt lat="34.833449916914105" lon="-120.4511399846524">
        <ele>151.1</ele>
      </trkpt>
      <trkpt lat="34.83270996250212" lon="-120.45098994858563">
        <ele>157.4</ele>
      </trkpt>
      <trkpt lat="34.83048993162811" lon="-120.45052994973958">
        <ele>171.4</ele>
      </trkpt>
      <trkpt lat="34.8289499245584" lon="-120.45018997974694">
        <ele>169.7</ele>
      </trkpt>
      <trkpt lat="34.827389968559146" lon="-120.4498999658972">
        <ele>163.2</ele>
      </trkpt>
      <trkpt lat="34.82687992975116" lon="-120.44984992593527">
        <ele>162.5</ele>
      </trkpt>
      <trkpt lat="34.8265599925071" lon="-120.4498399514705">
        <ele>162.5</ele>
      </trkpt>
      <trkpt lat="34.826099993661046" lon="-120.44985998421907">
        <ele>160.4</ele>
      </trkpt>
      <trkpt lat="34.82309994287789" lon="-120.4500899836421">
        <ele>176.5</ele>
      </trkpt>
      <trkpt lat="34.82239997014403" lon="-120.45014999806881">
        <ele>180.0</ele>
      </trkpt>
      <trkpt lat="34.82118995860219" lon="-120.45029995031655">
        <ele>157.1</ele>
      </trkpt>
      <trkpt lat="34.82041999697685" lon="-120.45031998306513">
        <ele>158.3</ele>
      </trkpt>
      <trkpt lat="34.819759922102094" lon="-120.45024999417365">
        <ele>171.8</ele>
      </trkpt>
      <trkpt lat="34.81732992455363" lon="-120.44977993704379">
        <ele>156.3</ele>
      </trkpt>
      <trkpt lat="34.81480998918414" lon="-120.44916998595">
        <ele>149.4</ele>
      </trkpt>
      <trkpt lat="34.81242994777858" lon="-120.44863999821246">
        <ele>142.4</ele>
      </trkpt>
      <trkpt lat="34.81201998889446" lon="-120.44850999489427">
        <ele>141.2</ele>
      </trkpt>
      <trkpt lat="34.81147994287312" lon="-120.44831997714937">
        <ele>140.9</ele>
      </trkpt>
      <trkpt lat="34.80836992152035" lon="-120.44683998450637">
        <ele>141.8</ele>
      </trkpt>
      <trkpt lat="34.80533994734287" lon="-120.44526997022331">
        <ele>135.7</ele>
      </trkpt>
      <trkpt lat="34.804379967972636" lon="-120.44474995695055">
        <ele>132.9</ele>
      </trkpt>
      <trkpt lat="34.802659917622805" lon="-120.44387999922037">
        <ele>136.2</ele>
      </trkpt>
      <trkpt lat="34.799969997256994" lon="-120.44247996993363">
        <ele>138.5</ele>
      </trkpt>
      <trkpt lat="34.79706994257867" lon="-120.44099997729063">
        <ele>133.3</ele>
      </trkpt>
      <trkpt lat="34.79537998326123" lon="-120.44009992852807">
        <ele>126.4</ele>
      </trkpt>
      <trkpt lat="34.786869920790195" lon="-120.43578995391726">
        <ele>118.6</ele>
      </trkpt>
      <trkpt lat="34.785279957577586" lon="-120.43501999229193">
        <ele>118.6</ele>
      </trkpt>
      <trkpt lat="34.78382997214794" lon="-120.43435991741717">
        <ele>110.8</ele>
      </trkpt>
      <trkpt lat="34.78161999955773" lon="-120.43326993472874">
        <ele>110.6</ele>
      </trkpt>
      <trkpt lat="34.77944992482662" lon="-120.4322499409318">
        <ele>108.5</ele>
      </trkpt>
      <trkpt lat="34.77728999219835" lon="-120.43121997267008">
        <ele>105.9</ele>
      </trkpt>
      <trkpt lat="34.77710994891822" lon="-120.43111997656524">
        <ele>105.3</ele>
      </trkpt>
      <trkpt lat="34.77331998758018" lon="-120.42933999560773">
        <ele>100.2</ele>
      </trkpt>
      <trkpt lat="34.772559916600585" lon="-120.42898996733129">
        <ele>100.6</ele>
      </trkpt>
      <trkpt lat="34.77082997560501" lon="-120.42830994352698">
        <ele>97.8</ele>
      </trkpt>
      <trkpt lat="34.770089937373996" lon="-120.42797994799912">
        <ele>97.8</ele>
      </trkpt>
      <trkpt lat="34.76966992020607" lon="-120.42782999575138">
        <ele>97.8</ele>
      </trkpt>
      <trkpt lat="34.76915996521711" lon="-120.42759999632835">
        <ele>100.4</ele>
      </trkpt>
      <trkpt lat="34.76867993362248" lon="-120.42726991698146">
        <ele>108.9</ele>
      </trkpt>
      <trkpt lat="34.76803997531533" lon="-120.42673992924392">
        <ele>102.3</ele>
      </trkpt>
      <trkpt lat="34.76776999421418" lon="-120.42641999199986">
        <ele>99.1</ele>
      </trkpt>
      <trkpt lat="34.76753999479115" lon="-120.42610994540155">
        <ele>96.9</ele>
      </trkpt>
      <trkpt lat="34.76728996261954" lon="-120.42566997930408">
        <ele>97.1</ele>
      </trkpt>
      <trkpt lat="34.76646996103227" lon="-120.42412997223437">
        <ele>97.5</ele>
      </trkpt>
      <trkpt lat="34.75728993304074" lon="-120.4268099181354">
        <ele>104.5</ele>
      </trkpt>
      <trkpt lat="34.75722991861403" lon="-120.42681997641921">
        <ele>104.9</ele>
      </trkpt>
      <trkpt lat="34.75714995525777" lon="-120.42679994367063">
        <ele>105.5</ele>
      </trkpt>
      <trkpt lat="34.756959937512875" lon="-120.42714997194707">
        <ele>106.9</ele>
      </trkpt>
      <trkpt lat="34.75687997415662" lon="-120.42750997468829">
        <ele>107.8</ele>
      </trkpt>
      <trkpt lat="34.75685994140804" lon="-120.42783997021616">
        <ele>107.9</ele>
      </trkpt>
      <trkpt lat="34.7569499630481" lon="-120.42820994742215">
        <ele>107.8</ele>
      </trkpt>
      <trkpt lat="34.757409961894155" lon="-120.4291099961847">
        <ele>104.6</ele>
      </trkpt>
      <trkpt lat="34.75745991803706" lon="-120.42926992289722">
        <ele>106.3</ele>
      </trkpt>
      <trkpt lat="34.75747995078564" lon="-120.42941995896399">
        <ele>108.5</ele>
      </trkpt>
      <trkpt lat="34.75746997632086" lon="-120.42957996949553">
        <ele>111.1</ele>
      </trkpt>
      <trkpt lat="34.757389929145575" lon="-120.42986998334527">
        <ele>114.7</ele>
      </trkpt>
      <trkpt lat="34.757369980216026" lon="-120.43003996834159">
        <ele>114.8</ele>
      </trkpt>
      <trkpt lat="34.7573799546808" lon="-120.43020995333791">
        <ele>114.7</ele>
      </trkpt>
      <trkpt lat="34.757409961894155" lon="-120.43037993833423">
        <ele>115.1</ele>
      </trkpt>
      <trkpt lat="34.75774993188679" lon="-120.43131996877491">
        <ele>116.0</ele>
      </trkpt>
      <trkpt lat="34.7577599901706" lon="-120.4314499720931">
        <ele>116.8</ele>
      </trkpt>
      <trkpt lat="34.75767994299531" lon="-120.4316899459809">
        <ele>119.2</ele>
      </trkpt>
      <trkpt lat="34.75759997963905" lon="-120.4317699931562">
        <ele>120.1</ele>
      </trkpt>
      <trkpt lat="34.75743996910751" lon="-120.4318799637258">
        <ele>121.5</ele>
      </trkpt>
      <trkpt lat="34.75688994862139" lon="-120.4320599231869">
        <ele>121.7</ele>
      </trkpt>
      <trkpt lat="34.75640991702676" lon="-120.4320699814707">
        <ele>120.8</ele>
      </trkpt>
      <trkpt lat="34.75572997704148" lon="-120.43215991929173">
        <ele>121.7</ele>
      </trkpt>
      <trkpt lat="34.75494995713234" lon="-120.43241992592812">
        <ele>124.1</ele>
      </trkpt>
      <trkpt lat="34.75464996881783" lon="-120.43242998421192">
        <ele>125.3</ele>
      </trkpt>
      <trkpt lat="34.75406994111836" lon="-120.43237994424999">
        <ele>125.3</ele>
      </trkpt>
      <trkpt lat="34.75391998887062" lon="-120.43242998421192">
        <ele>126.1</ele>
      </trkpt>
      <trkpt lat="34.753779927268624" lon="-120.43250994756818">
        <ele>127.6</ele>
      </trkpt>
      <trkpt lat="34.753629975020885" lon="-120.4326799325645">
        <ele>129.6</ele>
      </trkpt>
      <trkpt lat="34.75327994674444" lon="-120.43338996358216">
        <ele>131.7</ele>
      </trkpt>
      <trkpt lat="34.75313996896148" lon="-120.4335999302566">
        <ele>133.3</ele>
      </trkpt>
      <trkpt lat="34.75295992568135" lon="-120.43376999907196">
        <ele>133.8</ele>
      </trkpt>
      <trkpt lat="34.75277996622026" lon="-120.43387996964157">
        <ele>133.8</ele>
      </trkpt>
      <trkpt lat="34.75221997126937" lon="-120.43407996185124">
        <ele>134.4</ele>
      </trkpt>
      <trkpt lat="34.751009959727526" lon="-120.43461992405355">
        <ele>134.9</ele>
      </trkpt>
      <trkpt lat="34.750559935346246" lon="-120.43490993790329">
        <ele>136.5</ele>
      </trkpt>
      <trkpt lat="34.749779999256134" lon="-120.43550999835134">
        <ele>135.9</ele>
      </trkpt>
      <trkpt lat="34.74961998872459" lon="-120.43557998724282">
        <ele>136.2</ele>
      </trkpt>
      <trkpt lat="34.749459978193045" lon="-120.43560999445617">
        <ele>136.6</ele>
      </trkpt>
      <trkpt lat="34.74904993548989" lon="-120.4356399178505">
        <ele>139.7</ele>
      </trkpt>
      <trkpt lat="34.74888992495835" lon="-120.43566992506385">
        <ele>142.2</ele>
      </trkpt>
      <trkpt lat="34.74764999002218" lon="-120.43624995276332">
        <ele>144.5</ele>
      </trkpt>
      <trkpt lat="34.74735997617245" lon="-120.43640996329486">
        <ele>145.7</ele>
      </trkpt>
      <trkpt lat="34.74710994400084" lon="-120.43649998493493">
        <ele>147.6</ele>
      </trkpt>
      <trkpt lat="34.746239986270666" lon="-120.4366899188608">
        <ele>154.3</ele>
      </trkpt>
      <trkpt lat="34.745659958571196" lon="-120.43689996935427">
        <ele>156.3</ele>
      </trkpt>
      <trkpt lat="34.74542995914817" lon="-120.43700993992388">
        <ele>158.9</ele>
      </trkpt>
      <trkpt lat="34.74521999247372" lon="-120.43715997599065">
        <ele>160.3</ele>
      </trkpt>
      <trkpt lat="34.74502997472882" lon="-120.43732996098697">
        <ele>162.0</ele>
      </trkpt>
      <trkpt lat="34.7448499314487" lon="-120.43751997873187">
        <ele>162.8</ele>
      </trkpt>
      <trkpt lat="34.74470995366573" lon="-120.43769993819296">
        <ele>162.9</ele>
      </trkpt>
      <trkpt lat="34.74435992538929" lon="-120.43859998695552">
        <ele>169.9</ele>
      </trkpt>
      <trkpt lat="34.74430996924639" lon="-120.43868992477655">
        <ele>170.3</ele>
      </trkpt>
      <trkpt lat="34.74416999146342" lon="-120.43882998637855">
        <ele>170.0</ele>
      </trkpt>
      <trkpt lat="34.7439899481833" lon="-120.43906996026635">
        <ele>171.5</ele>
      </trkpt>
      <trkpt lat="34.74390998482704" lon="-120.43926995247602">
        <ele>174.3</ele>
      </trkpt>
      <trkpt lat="34.74384997040033" lon="-120.4396599624306">
        <ele>179.5</ele>
      </trkpt>
      <trkpt lat="34.743809988722205" lon="-120.43973992578685">
        <ele>180.0</ele>
      </trkpt>
      <trkpt lat="34.7437499742955" lon="-120.43977999128401">
        <ele>180.4</ele>
      </trkpt>
      <trkpt lat="34.743679985404015" lon="-120.43978996574879">
        <ele>180.8</ele>
      </trkpt>
      <trkpt lat="34.74357998929918" lon="-120.4397699330002">
        <ele>181.4</ele>
      </trkpt>
      <trkpt lat="34.743249993771315" lon="-120.43960992246866">
        <ele>182.4</ele>
      </trkpt>
      <trkpt lat="34.7431799210608" lon="-120.4394699446857">
        <ele>182.3</ele>
      </trkpt>
      <trkpt lat="34.7431799210608" lon="-120.43939995579422">
        <ele>182.5</ele>
      </trkpt>
      <trkpt lat="34.743229961022735" lon="-120.4392899852246">
        <ele>182.9</ele>
      </trkpt>
      <trkpt lat="34.74325996823609" lon="-120.43915998190641">
        <ele>183.7</ele>
      </trkpt>
      <trkpt lat="34.74326994270086" lon="-120.43864994309843">
        <ele>187.4</ele>
      </trkpt>
      <trkpt lat="34.74330992437899" lon="-120.43851993978024">
        <ele>187.2</ele>
      </trkpt>
      <trkpt lat="34.74343992769718" lon="-120.4382399842143">
        <ele>185.7</ele>
      </trkpt>
      <trkpt lat="34.74344998598099" lon="-120.43813998810947">
        <ele>186.2</ele>
      </trkpt>
      <trkpt lat="34.74342995323241" lon="-120.43802993372083">
        <ele>187.0</ele>
      </trkpt>
      <trkpt lat="34.74338997155428" lon="-120.4379399958998">
        <ele>187.7</ele>
      </trkpt>
      <trkpt lat="34.7433199826628" lon="-120.43786992318928">
        <ele>188.7</ele>
      </trkpt>
      <trkpt lat="34.74272998049855" lon="-120.43755996041">
        <ele>190.4</ele>
      </trkpt>
      <trkpt lat="34.74242999218404" lon="-120.43746993876994">
        <ele>190.4</ele>
      </trkpt>
      <trkpt lat="34.7422699816525" lon="-120.43745996430516">
        <ele>192.0</ele>
      </trkpt>
      <trkpt lat="34.741809982806444" lon="-120.43747999705374">
        <ele>202.8</ele>
      </trkpt>
      <trkpt lat="34.74136993288994" lon="-120.43745996430516">
        <ele>209.2</ele>
      </trkpt>
      <trkpt lat="34.74127999506891" lon="-120.43741998262703">
        <ele>209.8</ele>
      </trkpt>
      <trkpt lat="34.741189973428845" lon="-120.43734999373555">
        <ele>209.3</ele>
      </trkpt>
      <trkpt lat="34.74104999564588" lon="-120.43715997599065">
        <ele>206.8</ele>
      </trkpt>
      <trkpt lat="34.74096994847059" lon="-120.43710993602872">
        <ele>207.3</ele>
      </trkpt>
      <trkpt lat="34.74085997790098" lon="-120.43707992881536">
        <ele>208.5</ele>
      </trkpt>
      <trkpt lat="34.74074992351234" lon="-120.43708998709917">
        <ele>210.0</ele>
      </trkpt>
      <trkpt lat="34.74065998569131" lon="-120.43713994324207">
        <ele>211.9</ele>
      </trkpt>
      <trkpt lat="34.74024994298816" lon="-120.43741998262703">
        <ele>217.4</ele>
      </trkpt>
      <trkpt lat="34.74014994688332" lon="-120.43743993155658">
        <ele>217.0</ele>
      </trkpt>
      <trkpt lat="34.74003997631371" lon="-120.43742995709181">
        <ele>216.7</ele>
      </trkpt>
      <trkpt lat="34.739939980208874" lon="-120.43735996820033">
        <ele>216.4</ele>
      </trkpt>
      <trkpt lat="34.7397899441421" lon="-120.43716995045543">
        <ele>215.0</ele>
      </trkpt>
      <trkpt lat="34.73970998078585" lon="-120.43709996156394">
        <ele>214.4</ele>
      </trkpt>
      <trkpt lat="34.73960998468101" lon="-120.43707992881536">
        <ele>214.5</ele>
      </trkpt>
      <trkpt lat="34.739449974149466" lon="-120.43711999431252">
        <ele>215.9</ele>
      </trkpt>
      <trkpt lat="34.73927998915315" lon="-120.43727992102504">
        <ele>221.2</ele>
      </trkpt>
      <trkpt lat="34.7389299608767" lon="-120.43787998147309">
        <ele>232.2</ele>
      </trkpt>
      <trkpt lat="34.73881999030709" lon="-120.43800998479128">
        <ele>231.5</ele>
      </trkpt>
      <trkpt lat="34.73829997703433" lon="-120.43837996199727">
        <ele>232.9</ele>
      </trkpt>
      <trkpt lat="34.73821992985904" lon="-120.43840996921062">
        <ele>232.7</ele>
      </trkpt>
      <trkpt lat="34.73812999203801" lon="-120.43838993646204">
        <ele>232.1</ele>
      </trkpt>
      <trkpt lat="34.73801993764937" lon="-120.43831994757056">
        <ele>231.9</ele>
      </trkpt>
      <trkpt lat="34.73796998150647" lon="-120.43821995146573">
        <ele>232.0</ele>
      </trkpt>
      <trkpt lat="34.73778993822634" lon="-120.43748997151852">
        <ele>241.1</ele>
      </trkpt>
      <trkpt lat="34.737729923799634" lon="-120.43735996820033">
        <ele>243.4</ele>
      </trkpt>
      <trkpt lat="34.73766999319196" lon="-120.43727992102504">
        <ele>245.1</ele>
      </trkpt>
      <trkpt lat="34.73756999708712" lon="-120.43720993213356">
        <ele>246.2</ele>
      </trkpt>
      <trkpt lat="34.73747997544706" lon="-120.4371799249202">
        <ele>245.1</ele>
      </trkpt>
      <trkpt lat="34.73728995770216" lon="-120.43719995766878">
        <ele>244.9</ele>
      </trkpt>
      <trkpt lat="34.73718996159732" lon="-120.43724999763072">
        <ele>247.4</ele>
      </trkpt>
      <trkpt lat="34.73710999824107" lon="-120.43732996098697">
        <ele>250.0</ele>
      </trkpt>
      <trkpt lat="34.73692995496094" lon="-120.43766993097961">
        <ele>252.3</ele>
      </trkpt>
      <trkpt lat="34.73685996606946" lon="-120.43775995261967">
        <ele>252.8</ele>
      </trkpt>
      <trkpt lat="34.7367699444294" lon="-120.43781996704638">
        <ele>253.2</ele>
      </trkpt>
      <trkpt lat="34.73663994111121" lon="-120.43786992318928">
        <ele>254.0</ele>
      </trkpt>
      <trkpt lat="34.73642997443676" lon="-120.43788995593786">
        <ele>253.4</ele>
      </trkpt>
      <trkpt lat="34.736249931156635" lon="-120.43794997036457">
        <ele>255.2</ele>
      </trkpt>
      <trkpt lat="34.736159993335605" lon="-120.43799992650747">
        <ele>258.2</ele>
      </trkpt>
      <trkpt lat="34.73605999723077" lon="-120.43801995925605">
        <ele>260.8</ele>
      </trkpt>
      <trkpt lat="34.73597995005548" lon="-120.43800998479128">
        <ele>262.3</ele>
      </trkpt>
      <trkpt lat="34.735859921202064" lon="-120.43795994482934">
        <ele>263.4</ele>
      </trkpt>
      <trkpt lat="34.73560997284949" lon="-120.43773991987109">
        <ele>262.8</ele>
      </trkpt>
      <trkpt lat="34.73548994399607" lon="-120.43770999647677">
        <ele>262.6</ele>
      </trkpt>
      <trkpt lat="34.73530998453498" lon="-120.4377499781549">
        <ele>264.2</ele>
      </trkpt>
      <trkpt lat="34.73521996289492" lon="-120.43783999979496">
        <ele>266.4</ele>
      </trkpt>
      <trkpt lat="34.735149974003434" lon="-120.43794997036457">
        <ele>268.3</ele>
      </trkpt>
      <trkpt lat="34.735109992325306" lon="-120.43806999921799">
        <ele>269.4</ele>
      </trkpt>
      <trkpt lat="34.73511996679008" lon="-120.43833998031914">
        <ele>270.5</ele>
      </trkpt>
      <trkpt lat="34.73513999953866" lon="-120.43846998363733">
        <ele>271.2</ele>
      </trkpt>
      <trkpt lat="34.73521996289492" lon="-120.43871993198991">
        <ele>273.1</ele>
      </trkpt>
      <trkpt lat="34.73586997948587" lon="-120.44017997570336">
        <ele>279.3</ele>
      </trkpt>
      <trkpt lat="34.73588992841542" lon="-120.44030997902155">
        <ele>280.2</ele>
      </trkpt>
      <trkpt lat="34.73587995395064" lon="-120.44044995680451">
        <ele>280.8</ele>
      </trkpt>
      <trkpt lat="34.73578993231058" lon="-120.4406299162656">
        <ele>280.7</ele>
      </trkpt>
      <trkpt lat="34.7357199434191" lon="-120.44068993069232">
        <ele>280.5</ele>
      </trkpt>
      <trkpt lat="34.73563998006284" lon="-120.4407099634409">
        <ele>280.2</ele>
      </trkpt>
      <trkpt lat="34.73520998843014" lon="-120.44059999287128">
        <ele>282.1</ele>
      </trkpt>
      <trkpt lat="34.73494998179376" lon="-120.4406299162656">
        <ele>288.4</ele>
      </trkpt>
      <trkpt lat="34.734809920191765" lon="-120.44066998176277">
        <ele>290.7</ele>
      </trkpt>
      <trkpt lat="34.73464999347925" lon="-120.44067995622754">
        <ele>292.6</ele>
      </trkpt>
      <trkpt lat="34.73440993577242" lon="-120.44060996733606">
        <ele>292.5</ele>
      </trkpt>
      <trkpt lat="34.734209943562746" lon="-120.44048993848264">
        <ele>289.9</ele>
      </trkpt>
      <trkpt lat="34.73405999131501" lon="-120.44043998233974">
        <ele>289.6</ele>
      </trkpt>
      <trkpt lat="34.73390995524824" lon="-120.44042992405593">
        <ele>290.2</ele>
      </trkpt>
      <trkpt lat="34.73279993981123" lon="-120.4406299162656">
        <ele>295.3</ele>
      </trkpt>
      <trkpt lat="34.73259994760156" lon="-120.44061994180083">
        <ele>294.3</ele>
      </trkpt>
      <trkpt lat="34.732379922643304" lon="-120.44055992737412">
        <ele>293.4</ele>
      </trkpt>
      <trkpt lat="34.73186996765435" lon="-120.44061994180083">
        <ele>284.9</ele>
      </trkpt>
      <trkpt lat="34.73178992047906" lon="-120.44065992347896">
        <ele>285.7</ele>
      </trkpt>
      <trkpt lat="34.73171993158758" lon="-120.44072999618948">
        <ele>286.1</ele>
      </trkpt>
      <trkpt lat="34.73167994990945" lon="-120.4408199340105">
        <ele>285.9</ele>
      </trkpt>
      <trkpt lat="34.731669975444674" lon="-120.44085999950767">
        <ele>285.6</ele>
      </trkpt>
      <trkpt lat="34.73168992437422" lon="-120.44111992232502">
        <ele>280.8</ele>
      </trkpt>
      <trkpt lat="34.73165991716087" lon="-120.44121991842985">
        <ele>279.4</ele>
      </trkpt>
      <trkpt lat="34.73161993548274" lon="-120.44126995839179">
        <ele>279.1</ele>
      </trkpt>
      <trkpt lat="34.731499990448356" lon="-120.44134992174804">
        <ele>280.0</ele>
      </trkpt>
      <trkpt lat="34.73107997328043" lon="-120.44153993949294">
        <ele>281.2</ele>
      </trkpt>
      <trkpt lat="34.73098995164037" lon="-120.44161998666823">
        <ele>280.5</ele>
      </trkpt>
      <trkpt lat="34.730919962748885" lon="-120.44172995723784">
        <ele>279.5</ele>
      </trkpt>
      <trkpt lat="34.73087998107076" lon="-120.4418699350208">
        <ele>277.5</ele>
      </trkpt>
      <trkpt lat="34.73087998107076" lon="-120.44198996387422">
        <ele>275.9</ele>
      </trkpt>
      <trkpt lat="34.730899930000305" lon="-120.44209993444383">
        <ele>274.3</ele>
      </trkpt>
      <trkpt lat="34.73088995553553" lon="-120.44221996329725">
        <ele>273.4</ele>
      </trkpt>
      <trkpt lat="34.7308499738574" lon="-120.44231995940208">
        <ele>273.2</ele>
      </trkpt>
      <trkpt lat="34.73054998554289" lon="-120.44281993992627">
        <ele>270.2</ele>
      </trkpt>
      <trkpt lat="34.73047999665141" lon="-120.44289998710155">
        <ele>269.6</ele>
      </trkpt>
      <trkpt lat="34.73038997501135" lon="-120.44296997599304">
        <ele>269.3</ele>
      </trkpt>
      <trkpt lat="34.73028997890651" lon="-120.44301993213594">
        <ele>268.7</ele>
      </trkpt>
      <trkpt lat="34.73017992451787" lon="-120.44303996488452">
        <ele>268.8</ele>
      </trkpt>
      <trkpt lat="34.730039946734905" lon="-120.44301993213594">
        <ele>269.8</ele>
      </trkpt>
      <trkpt lat="34.72969997674227" lon="-120.44292999431491">
        <ele>272.1</ele>
      </trkpt>
      <trkpt lat="34.729479951784015" lon="-120.44295991770923">
        <ele>272.1</ele>
      </trkpt>
      <trkpt lat="34.72912992350757" lon="-120.44312998652458">
        <ele>270.4</ele>
      </trkpt>
      <trkpt lat="34.728789953514934" lon="-120.44338999316096">
        <ele>263.7</ele>
      </trkpt>
      <trkpt lat="34.7286899574101" lon="-120.44342997483909">
        <ele>262.9</ele>
      </trkpt>
      <trkpt lat="34.728489965200424" lon="-120.44344992376864">
        <ele>261.7</ele>
      </trkpt>
      <trkpt lat="34.728339929133654" lon="-120.44337993487716">
        <ele>262.3</ele>
      </trkpt>
      <trkpt lat="34.72827999852598" lon="-120.44330994598567">
        <ele>263.1</ele>
      </trkpt>
      <trkpt lat="34.72820992581546" lon="-120.44317994266748">
        <ele>264.3</ele>
      </trkpt>
      <trkpt lat="34.72815996967256" lon="-120.44300995767117">
        <ele>264.6</ele>
      </trkpt>
      <trkpt lat="34.728169944137335" lon="-120.44289998710155">
        <ele>264.9</ele>
      </trkpt>
      <trkpt lat="34.72820992581546" lon="-120.44271994382143">
        <ele>265.0</ele>
      </trkpt>
      <trkpt lat="34.728319980204105" lon="-120.44249991886318">
        <ele>264.4</ele>
      </trkpt>
      <trkpt lat="34.72863991744816" lon="-120.44219993054867">
        <ele>258.4</ele>
      </trkpt>
      <trkpt lat="34.7286899574101" lon="-120.44212994165719">
        <ele>256.2</ele>
      </trkpt>
      <trkpt lat="34.728729939088225" lon="-120.44201997108757">
        <ele>254.2</ele>
      </trkpt>
      <trkpt lat="34.72873999737203" lon="-120.44190991669893">
        <ele>253.5</ele>
      </trkpt>
      <trkpt lat="34.72871996462345" lon="-120.44183992780745">
        <ele>253.4</ele>
      </trkpt>
      <trkpt lat="34.72866992466152" lon="-120.44177999719977">
        <ele>254.0</ele>
      </trkpt>
      <trkpt lat="34.72862994298339" lon="-120.4417599644512">
        <ele>254.4</ele>
      </trkpt>
      <trkpt lat="34.72814999520779" lon="-120.44161998666823">
        <ele>249.2</ele>
      </trkpt>
      <trkpt lat="34.727979926392436" lon="-120.44153993949294">
        <ele>247.6</ele>
      </trkpt>
      <trkpt lat="34.72779996693134" lon="-120.44139996170998">
        <ele>245.6</ele>
      </trkpt>
      <trkpt lat="34.727739952504635" lon="-120.44131999835372">
        <ele>244.2</ele>
      </trkpt>
      <trkpt lat="34.72769997082651" lon="-120.44120994396508">
        <ele>242.6</ele>
      </trkpt>
      <trkpt lat="34.72768999636173" lon="-120.44109997339547">
        <ele>241.7</ele>
      </trkpt>
      <trkpt lat="34.72774992696941" lon="-120.44088992290199">
        <ele>244.0</ele>
      </trkpt>
      <trkpt lat="34.727759985253215" lon="-120.44077995233238">
        <ele>244.7</ele>
      </trkpt>
      <trkpt lat="34.727739952504635" lon="-120.44067995622754">
        <ele>244.3</ele>
      </trkpt>
      <trkpt lat="34.72769997082651" lon="-120.44058993458748">
        <ele>243.5</ele>
      </trkpt>
      <trkpt lat="34.727629981935024" lon="-120.44050997123122">
        <ele>241.9</ele>
      </trkpt>
      <trkpt lat="34.72753996029496" lon="-120.44044995680451">
        <ele>239.9</ele>
      </trkpt>
      <trkpt lat="34.727439964190125" lon="-120.4403299279511">
        <ele>238.1</ele>
      </trkpt>
      <trkpt lat="34.727399982512" lon="-120.44023999013007">
        <ele>237.4</ele>
      </trkpt>
      <trkpt lat="34.72738992422819" lon="-120.44013999402523">
        <ele>237.3</ele>
      </trkpt>
      <trkpt lat="34.72740995697677" lon="-120.44004997238517">
        <ele>237.9</ele>
      </trkpt>
      <trkpt lat="34.727549934759736" lon="-120.4398499801755">
        <ele>241.1</ele>
      </trkpt>
      <trkpt lat="34.72757994197309" lon="-120.43975995853543">
        <ele>241.6</ele>
      </trkpt>
      <trkpt lat="34.72757994197309" lon="-120.43966993689537">
        <ele>241.5</ele>
      </trkpt>
      <trkpt lat="34.72751992754638" lon="-120.43950992636383">
        <ele>241.0</ele>
      </trkpt>
      <trkpt lat="34.72716998308897" lon="-120.43926995247602">
        <ele>236.8</ele>
      </trkpt>
      <trkpt lat="34.72680998034775" lon="-120.4389099497348">
        <ele>236.0</ele>
      </trkpt>
      <trkpt lat="34.72593993879855" lon="-120.43784997425973">
        <ele>231.3</ele>
      </trkpt>
      <trkpt lat="34.725759979337454" lon="-120.43768996372819">
        <ele>230.3</ele>
      </trkpt>
      <trkpt lat="34.72550994716585" lon="-120.43754998594522">
        <ele>228.8</ele>
      </trkpt>
      <trkpt lat="34.72480997443199" lon="-120.43720993213356">
        <ele>222.9</ele>
      </trkpt>
      <trkpt lat="34.723399970680475" lon="-120.43656997382641">
        <ele>214.1</ele>
      </trkpt>
      <trkpt lat="34.722949946299195" lon="-120.4362699855119">
        <ele>210.5</ele>
      </trkpt>
      <trkpt lat="34.72263998351991" lon="-120.43597997166216">
        <ele>207.2</ele>
      </trkpt>
      <trkpt lat="34.72196993418038" lon="-120.43525996617973">
        <ele>202.4</ele>
      </trkpt>
      <trkpt lat="34.72179994918406" lon="-120.43510993011296">
        <ele>200.7</ele>
      </trkpt>
      <trkpt lat="34.721399964764714" lon="-120.4348399490118">
        <ele>198.9</ele>
      </trkpt>
      <trkpt lat="34.72070996649563" lon="-120.43450995348394">
        <ele>197.1</ele>
      </trkpt>
      <trkpt lat="34.71975996159017" lon="-120.43408993631601">
        <ele>192.3</ele>
      </trkpt>
      <trkpt lat="34.719189992174506" lon="-120.43388994410634">
        <ele>190.1</ele>
      </trkpt>
      <trkpt lat="34.71777998842299" lon="-120.43355994857848">
        <ele>180.6</ele>
      </trkpt>
      <trkpt lat="34.71681992523372" lon="-120.43344997800887">
        <ele>176.4</ele>
      </trkpt>
      <trkpt lat="34.71657995134592" lon="-120.433489959687">
        <ele>174.2</ele>
      </trkpt>
      <trkpt lat="34.716419940814376" lon="-120.43353999964893">
        <ele>173.7</ele>
      </trkpt>
      <trkpt lat="34.71520992927253" lon="-120.43411994352937">
        <ele>169.3</ele>
      </trkpt>
      <trkpt lat="34.71445991657674" lon="-120.4345399606973">
        <ele>167.5</ele>
      </trkpt>
      <trkpt lat="34.713689954951406" lon="-120.43489996343851">
        <ele>162.6</ele>
      </trkpt>
      <trkpt lat="34.71294991672039" lon="-120.43518997728825">
        <ele>158.1</ele>
      </trkpt>
      <trkpt lat="34.71220996230841" lon="-120.43546993285418">
        <ele>156.8</ele>
      </trkpt>
      <trkpt lat="34.71111997961998" lon="-120.4358399938792">
        <ele>150.3</ele>
      </trkpt>
      <trkpt lat="34.71097991801798" lon="-120.43590998277068">
        <ele>149.1</ele>
      </trkpt>
      <trkpt lat="34.71044993028045" lon="-120.43605993501842">
        <ele>146.4</ele>
      </trkpt>
      <trkpt lat="34.708919981494546" lon="-120.43638993054628">
        <ele>144.7</ele>
      </trkpt>
      <trkpt lat="34.70857992768288" lon="-120.43655999936163">
        <ele>143.2</ele>
      </trkpt>
      <trkpt lat="34.70816996879876" lon="-120.43681992217898">
        <ele>142.8</ele>
      </trkpt>
      <trkpt lat="34.70778993330896" lon="-120.43714991770685">
        <ele>140.3</ele>
      </trkpt>
      <trkpt lat="34.70733999274671" lon="-120.43764998205006">
        <ele>138.8</ele>
      </trkpt>
      <trkpt lat="34.70652996562421" lon="-120.43849999085069">
        <ele>138.9</ele>
      </trkpt>
      <trkpt lat="34.70608999952674" lon="-120.43888991698623">
        <ele>138.1</ele>
      </trkpt>
      <trkpt lat="34.705609967932105" lon="-120.43920993804932">
        <ele>140.2</ele>
      </trkpt>
      <trkpt lat="34.70284997485578" lon="-120.44080995954573">
        <ele>135.0</ele>
      </trkpt>
      <trkpt lat="34.6991999913007" lon="-120.4428699798882">
        <ele>117.1</ele>
      </trkpt>
      <trkpt lat="34.697769954800606" lon="-120.44371998868883">
        <ele>115.6</ele>
      </trkpt>
      <trkpt lat="34.69277995638549" lon="-120.44656991958618">
        <ele>108.9</ele>
      </trkpt>
      <trkpt lat="34.68727991916239" lon="-120.44975998811424">
        <ele>98.8</ele>
      </trkpt>
      <trkpt lat="34.68677993863821" lon="-120.45006995089352">
        <ele>98.8</ele>
      </trkpt>
      <trkpt lat="34.68084999360144" lon="-120.45416995882988">
        <ele>76.5</ele>
      </trkpt>
      <trkpt lat="34.68032998032868" lon="-120.45453993603587">
        <ele>71.1</ele>
      </trkpt>
      <trkpt lat="34.68022998422384" lon="-120.45465996488929">
        <ele>70.4</ele>
      </trkpt>
      <trkpt lat="34.67942993156612" lon="-120.45521995984018">
        <ele>63.7</ele>
      </trkpt>
      <trkpt lat="34.67835998162627" lon="-120.45603996142745">
        <ele>57.3</ele>
      </trkpt>
      <trkpt lat="34.67762991786003" lon="-120.45645997859538">
        <ele>53.4</ele>
      </trkpt>
      <trkpt lat="34.67721995897591" lon="-120.45661998912692">
        <ele>51.8</ele>
      </trkpt>
      <trkpt lat="34.67670992016792" lon="-120.45677999965847">
        <ele>50.9</ele>
      </trkpt>
      <trkpt lat="34.67407993040979" lon="-120.45728995464742">
        <ele>50.0</ele>
      </trkpt>
      <trkpt lat="34.6713699772954" lon="-120.45766999013722">
        <ele>24.8</ele>
      </trkpt>
      <trkpt lat="34.67053991742432" lon="-120.45769999735057">
        <ele>24.8</ele>
      </trkpt>
      <trkpt lat="34.66932998970151" lon="-120.45769999735057">
        <ele>24.9</ele>
      </trkpt>
      <trkpt lat="34.66649992391467" lon="-120.4577399790287">
        <ele>25.8</ele>
      </trkpt>
      <trkpt lat="34.66485992074013" lon="-120.45777996070683">
        <ele>26.8</ele>
      </trkpt>
      <trkpt lat="34.663819978013635" lon="-120.45783997513354">
        <ele>27.8</ele>
      </trkpt>
      <trkpt lat="34.662299919873476" lon="-120.45782991684973">
        <ele>27.8</ele>
      </trkpt>
      <trkpt lat="34.661439936608076" lon="-120.4577899351716">
        <ele>27.8</ele>
      </trkpt>
      <trkpt lat="34.65856997296214" lon="-120.4577299207449">
        <ele>27.8</ele>
      </trkpt>
      <trkpt lat="34.65841993689537" lon="-120.45771994628012">
        <ele>27.8</ele>
      </trkpt>
      <trkpt lat="34.658279959112406" lon="-120.45764995738864">
        <ele>27.8</ele>
      </trkpt>
      <trkpt lat="34.65775994583964" lon="-120.45763998292387">
        <ele>27.8</ele>
      </trkpt>
      <trkpt lat="34.65618993155658" lon="-120.45766999013722">
        <ele>26.1</ele>
      </trkpt>
      <trkpt lat="34.653399931266904" lon="-120.45775992795825">
        <ele>24.7</ele>
      </trkpt>
      <trkpt lat="34.65336992405355" lon="-120.45584994368255">
        <ele>25.9</ele>
      </trkpt>
      <trkpt lat="34.65338492766023" lon="-120.45585195533931">
        <ele>26.0</ele>
      </trkpt>
      <trkpt lat="34.65325794182718" lon="-120.44018198736012">
        <ele>33.8</ele>
      </trkpt>
      <trkpt lat="34.65323992073536" lon="-120.44015994295478">
        <ele>33.8</ele>
      </trkpt>
      <trkpt lat="34.647729992866516" lon="-120.44022993184626">
        <ele>35.6</ele>
      </trkpt>
      <trkpt lat="34.64367994107306" lon="-120.44024996459484">
        <ele>35.8</ele>
      </trkpt>
      <trkpt lat="34.643649933859706" lon="-120.4361299239099">
        <ele>38.0</ele>
      </trkpt>
      <trkpt lat="34.64361992664635" lon="-120.43599992059171">
        <ele>38.4</ele>
      </trkpt>
      <trkpt lat="34.643589919433" lon="-120.43594996444881">
        <ele>38.5</ele>
      </trkpt>
      <trkpt lat="34.64352998882532" lon="-120.43591995723546">
        <ele>38.6</ele>
      </trkpt>
      <trkpt lat="34.64145999401808" lon="-120.43594996444881">
        <ele>42.2</ele>
      </trkpt>
      <trkpt lat="34.64129998348653" lon="-120.43591995723546">
        <ele>42.9</ele>
      </trkpt>
      <trkpt lat="34.640809977427125" lon="-120.43571996502578">
        <ele>45.3</ele>
      </trkpt>
      <trkpt lat="34.638339998200536" lon="-120.4344099573791">
        <ele>48.8</ele>
      </trkpt>
      <trkpt lat="34.63798996992409" lon="-120.43426997959614">
        <ele>48.8</ele>
      </trkpt>
      <trkpt lat="34.63757992722094" lon="-120.43418993242085">
        <ele>48.7</ele>
      </trkpt>
      <trkpt lat="34.63727993890643" lon="-120.43417995795608">
        <ele>48.7</ele>
      </trkpt>
      <trkpt lat="34.63701993227005" lon="-120.43420996516943">
        <ele>48.7</ele>
      </trkpt>
      <trkpt lat="34.63652992621064" lon="-120.43430996127427">
        <ele>48.8</ele>
      </trkpt>
      <trkpt lat="34.63617998175323" lon="-120.43432999402285">
        <ele>48.5</ele>
      </trkpt>
      <trkpt lat="34.63581997901201" lon="-120.43427995406091">
        <ele>48.6</ele>
      </trkpt>
      <trkpt lat="34.6355199906975" lon="-120.4341599252075">
        <ele>49.5</ele>
      </trkpt>
      <trkpt lat="34.63520994409919" lon="-120.43393998406827">
        <ele>53.3</ele>
      </trkpt>
      <trkpt lat="34.63497994467616" lon="-120.43370998464525">
        <ele>54.5</ele>
      </trkpt>
      <trkpt lat="34.634819934144616" lon="-120.433489959687">
        <ele>55.3</ele>
      </trkpt>
      <trkpt lat="34.634259939193726" lon="-120.43259996920824">
        <ele>56.8</ele>
      </trkpt>
      <trkpt lat="34.634039998054504" lon="-120.43234993703663">
        <ele>59.7</ele>
      </trkpt>
      <trkpt lat="34.633869929239154" lon="-120.4321999847889">
        <ele>60.1</ele>
      </trkpt>
      <trkpt lat="34.63368996977806" lon="-120.43207995593548">
        <ele>60.5</ele>
      </trkpt>
      <trkpt lat="34.63327992707491" lon="-120.43191994540393">
        <ele>59.7</ele>
      </trkpt>
      <trkpt lat="34.63290994986892" lon="-120.43189999647439">
        <ele>62.0</ele>
      </trkpt>
      <trkpt lat="34.632559921592474" lon="-120.43196998536587">
        <ele>63.4</ele>
      </trkpt>
      <trkpt lat="34.63110993616283" lon="-120.43259996920824">
        <ele>74.7</ele>
      </trkpt>
      <trkpt lat="34.630649937316775" lon="-120.4327399469912">
        <ele>73.2</ele>
      </trkpt>
      <trkpt lat="34.630369981750846" lon="-120.43279996141791">
        <ele>73.8</ele>
      </trkpt>
      <trkpt lat="34.62981996126473" lon="-120.43284991756082">
        <ele>73.8</ele>
      </trkpt>
      <trkpt lat="34.629489965736866" lon="-120.43284991756082">
        <ele>73.8</ele>
      </trkpt>
      <trkpt lat="34.62893994525075" lon="-120.43278998695314">
        <ele>73.8</ele>
      </trkpt>
      <trkpt lat="34.62839998304844" lon="-120.43265998363495">
        <ele>73.8</ele>
      </trkpt>
      <trkpt lat="34.62787996977568" lon="-120.43245999142528">
        <ele>73.8</ele>
      </trkpt>
      <trkpt lat="34.62738996371627" lon="-120.4321999847889">
        <ele>73.8</ele>
      </trkpt>
      <trkpt lat="34.624179946258664" lon="-120.4299599211663">
        <ele>77.4</ele>
      </trkpt>
      <trkpt lat="34.62352992966771" lon="-120.4295299295336">
        <ele>81.4</ele>
      </trkpt>
      <trkpt lat="34.62308996357024" lon="-120.42929993011057">
        <ele>82.9</ele>
      </trkpt>
      <trkpt lat="34.62281998246908" lon="-120.42917998507619">
        <ele>84.0</ele>
      </trkpt>
      <trkpt lat="34.62105995044112" lon="-120.42860993184149">
        <ele>79.3</ele>
      </trkpt>
      <trkpt lat="34.618899933993816" lon="-120.42792999185622">
        <ele>83.8</ele>
      </trkpt>
      <trkpt lat="34.618639927357435" lon="-120.4278599191457">
        <ele>84.3</ele>
      </trkpt>
      <trkpt lat="34.61812997236848" lon="-120.42775992304087">
        <ele>82.9</ele>
      </trkpt>
      <trkpt lat="34.61768992245197" lon="-120.42769999243319">
        <ele>80.7</ele>
      </trkpt>
      <trkpt lat="34.61522991769016" lon="-120.42754995636642">
        <ele>62.7</ele>
      </trkpt>
      <trkpt lat="34.61479992605746" lon="-120.42748994193971">
        <ele>59.4</ele>
      </trkpt>
      <trkpt lat="34.61414999328554" lon="-120.42731995694339">
        <ele>57.9</ele>
      </trkpt>
      <trkpt lat="34.61368999443948" lon="-120.42710999026895">
        <ele>56.4</ele>
      </trkpt>
      <trkpt lat="34.61338992230594" lon="-120.4269499797374">
        <ele>55.6</ele>
      </trkpt>
      <trkpt lat="34.613179955631495" lon="-120.42679994367063">
        <ele>55.3</ele>
      </trkpt>
      <trkpt lat="34.61275993846357" lon="-120.42644999921322">
        <ele>53.0</ele>
      </trkpt>
      <trkpt lat="34.61232994683087" lon="-120.42598991654813">
        <ele>50.0</ele>
      </trkpt>
      <trkpt lat="34.61205996572971" lon="-120.42561993934214">
        <ele>49.8</ele>
      </trkpt>
      <trkpt lat="34.611869947984815" lon="-120.42530997656286">
        <ele>49.7</ele>
      </trkpt>
      <trkpt lat="34.60930994711816" lon="-120.42031997814775">
        <ele>60.6</ele>
      </trkpt>
      <trkpt lat="34.60908992215991" lon="-120.41994991712272">
        <ele>67.2</ele>
      </trkpt>
      <trkpt lat="34.608649956062436" lon="-120.41938992217183">
        <ele>70.8</ele>
      </trkpt>
      <trkpt lat="34.6081199683249" lon="-120.41888994164765">
        <ele>62.9</ele>
      </trkpt>
      <trkpt lat="34.60751999169588" lon="-120.41849993169308">
        <ele>64.5</ele>
      </trkpt>
      <trkpt lat="34.60699997842312" lon="-120.41827999055386">
        <ele>63.2</ele>
      </trkpt>
      <trkpt lat="34.60671993903816" lon="-120.41819994337857">
        <ele>63.1</ele>
      </trkpt>
      <trkpt lat="34.60555996745825" lon="-120.41797991842031">
        <ele>64.1</ele>
      </trkpt>
      <trkpt lat="34.60497993975878" lon="-120.41784999892116">
        <ele>64.3</ele>
      </trkpt>
      <trkpt lat="34.60221994668245" lon="-120.41729997843504">
        <ele>67.0</ele>
      </trkpt>
      <trkpt lat="34.601749973371625" lon="-120.4172499384731">
        <ele>66.2</ele>
      </trkpt>
      <trkpt lat="34.60147999227047" lon="-120.41726997122169">
        <ele>66.6</ele>
      </trkpt>
      <trkpt lat="34.6013299562037" lon="-120.41729997843504">
        <ele>67.6</ele>
      </trkpt>
      <trkpt lat="34.6009499207139" lon="-120.41742998175323">
        <ele>69.6</ele>
      </trkpt>
      <trkpt lat="34.60040995851159" lon="-120.41764992289245">
        <ele>69.4</ele>
      </trkpt>
      <trkpt lat="34.59994995966554" lon="-120.4177599772811">
        <ele>66.9</ele>
      </trkpt>
      <trkpt lat="34.59962993860245" lon="-120.41779995895922">
        <ele>65.9</ele>
      </trkpt>
      <trkpt lat="34.599299943074584" lon="-120.4177599772811">
        <ele>65.9</ele>
      </trkpt>
      <trkpt lat="34.59906994365156" lon="-120.41769996285439">
        <ele>64.9</ele>
      </trkpt>
      <trkpt lat="34.59883994422853" lon="-120.41760994121432">
        <ele>63.7</ele>
      </trkpt>
      <trkpt lat="34.59863995201886" lon="-120.41748999617994">
        <ele>63.3</ele>
      </trkpt>
      <trkpt lat="34.59828992374241" lon="-120.4171999823302">
        <ele>63.4</ele>
      </trkpt>
      <trkpt lat="34.59803997538984" lon="-120.41688993573189">
        <ele>62.9</ele>
      </trkpt>
      <trkpt lat="34.59791994653642" lon="-120.41669991798699">
        <ele>62.9</ele>
      </trkpt>
      <trkpt lat="34.59782992489636" lon="-120.41649992577732">
        <ele>63.0</ele>
      </trkpt>
      <trkpt lat="34.59772992879152" lon="-120.41626992635429">
        <ele>63.1</ele>
      </trkpt>
      <trkpt lat="34.597559943795204" lon="-120.41566994972527">
        <ele>62.9</ele>
      </trkpt>
      <trkpt lat="34.59683993831277" lon="-120.41264995001256">
        <ele>69.7</ele>
      </trkpt>
      <trkpt lat="34.596679927781224" lon="-120.4120799805969">
        <ele>72.4</ele>
      </trkpt>
      <trkpt lat="34.596529975533485" lon="-120.41172995232046">
        <ele>72.1</ele>
      </trkpt>
      <trkpt lat="34.59638999775052" lon="-120.4114599712193">
        <ele>70.7</ele>
      </trkpt>
      <trkpt lat="34.59619998000562" lon="-120.41117993183434">
        <ele>70.0</ele>
      </trkpt>
      <trkpt lat="34.59592999890447" lon="-120.41085999459028">
        <ele>69.1</ele>
      </trkpt>
      <trkpt lat="34.59574995562434" lon="-120.41069998405874">
        <ele>68.4</ele>
      </trkpt>
      <trkpt lat="34.595519956201315" lon="-120.4105399735272">
        <ele>68.3</ele>
      </trkpt>
      <trkpt lat="34.59513992071152" lon="-120.4103499557823">
        <ele>67.7</ele>
      </trkpt>
      <trkpt lat="34.59356999024749" lon="-120.40977998636663">
        <ele>69.8</ele>
      </trkpt>
      <trkpt lat="34.589889999479055" lon="-120.40847995318472">
        <ele>75.3</ele>
      </trkpt>
      <trkpt lat="34.58876992575824" lon="-120.40825992822647">
        <ele>75.4</ele>
      </trkpt>
      <trkpt lat="34.58598998375237" lon="-120.40795993991196">
        <ele>83.6</ele>
      </trkpt>
      <trkpt lat="34.585679937154055" lon="-120.4078799765557">
        <ele>84.0</ele>
      </trkpt>
      <trkpt lat="34.58531993441284" lon="-120.40771996602416">
        <ele>83.8</ele>
      </trkpt>
      <trkpt lat="34.58488994278014" lon="-120.4074399266392">
        <ele>83.4</ele>
      </trkpt>
      <trkpt lat="34.58477997221053" lon="-120.40734998881817">
        <ele>82.8</ele>
      </trkpt>
      <trkpt lat="34.58445995114744" lon="-120.4070199932903">
        <ele>81.6</ele>
      </trkpt>
      <trkpt lat="34.584279991686344" lon="-120.4067699611187">
        <ele>81.7</ele>
      </trkpt>
      <trkpt lat="34.5839799195528" lon="-120.40619999170303">
        <ele>85.7</ele>
      </trkpt>
      <trkpt lat="34.583829967305064" lon="-120.40578994899988">
        <ele>85.8</ele>
      </trkpt>
      <trkpt lat="34.583739945665" lon="-120.4054799862206">
        <ele>86.0</ele>
      </trkpt>
      <trkpt lat="34.583679931238294" lon="-120.40511998347938">
        <ele>86.2</ele>
      </trkpt>
      <trkpt lat="34.58366995677352" lon="-120.40448999963701">
        <ele>85.6</ele>
      </trkpt>
      <trkpt lat="34.583699963986874" lon="-120.40414994582534">
        <ele>85.7</ele>
      </trkpt>
      <trkpt lat="34.58426993340254" lon="-120.40128995664418">
        <ele>94.3</ele>
      </trkpt>
      <trkpt lat="34.584649968892336" lon="-120.39952992461622">
        <ele>98.5</ele>
      </trkpt>
      <trkpt lat="34.58500997163355" lon="-120.3974499553442">
        <ele>110.0</ele>
      </trkpt>
      <trkpt lat="34.585079960525036" lon="-120.39683992043138">
        <ele>112.1</ele>
      </trkpt>
      <trkpt lat="34.58508993498981" lon="-120.39661997929215">
        <ele>113.6</ele>
      </trkpt>
      <trkpt lat="34.585059927776456" lon="-120.39609996601939">
        <ele>115.1</ele>
      </trkpt>
      <trkpt lat="34.58500997163355" lon="-120.39576997049153">
        <ele>113.9</ele>
      </trkpt>
      <trkpt lat="34.584949957206845" lon="-120.39546998217702">
        <ele>113.8</ele>
      </trkpt>
      <trkpt lat="34.58443991839886" lon="-120.39347995072603">
        <ele>106.4</ele>
      </trkpt>
      <trkpt lat="34.5843599550426" lon="-120.39296999573708">
        <ele>111.3</ele>
      </trkpt>
      <trkpt lat="34.584219977259636" lon="-120.39087996818125">
        <ele>107.0</ele>
      </trkpt>
      <trkpt lat="34.58404999226332" lon="-120.38957993499935">
        <ele>126.8</ele>
      </trkpt>
      <trkpt lat="34.58381999284029" lon="-120.38830999284983">
        <ele>136.5</ele>
      </trkpt>
      <trkpt lat="34.583719996735454" lon="-120.38759996183217">
        <ele>130.7</ele>
      </trkpt>
      <trkpt lat="34.58357993513346" lon="-120.3855999559164">
        <ele>120.3</ele>
      </trkpt>
      <trkpt lat="34.58342998288572" lon="-120.38501992821693">
        <ele>119.1</ele>
      </trkpt>
      <trkpt lat="34.58328992128372" lon="-120.38469999097288">
        <ele>118.4</ele>
      </trkpt>
      <trkpt lat="34.58316997624934" lon="-120.38446999154985">
        <ele>117.9</ele>
      </trkpt>
      <trkpt lat="34.58284995518625" lon="-120.38399993441999">
        <ele>124.8</ele>
      </trkpt>
      <trkpt lat="34.582649962976575" lon="-120.38377999328077">
        <ele>126.6</ele>
      </trkpt>
      <trkpt lat="34.58233991637826" lon="-120.38349995389581">
        <ele>115.6</ele>
      </trkpt>
      <trkpt lat="34.58169995807111" lon="-120.38298999890685">
        <ele>112.8</ele>
      </trkpt>
      <trkpt lat="34.58145998418331" lon="-120.38275999948382">
        <ele>110.0</ele>
      </trkpt>
      <trkpt lat="34.58123995922506" lon="-120.38249999284744">
        <ele>109.6</ele>
      </trkpt>
      <trkpt lat="34.58100995980203" lon="-120.38211995735765">
        <ele>109.7</ele>
      </trkpt>
      <trkpt lat="34.58059991709888" lon="-120.38098999299109">
        <ele>113.5</ele>
      </trkpt>
      <trkpt lat="34.58044996485114" lon="-120.38052999414504">
        <ele>114.3</ele>
      </trkpt>
      <trkpt lat="34.58027997985482" lon="-120.38012992590666">
        <ele>122.0</ele>
      </trkpt>
      <trkpt lat="34.5800999365747" lon="-120.37984997034073">
        <ele>131.2</ele>
      </trkpt>
      <trkpt lat="34.577059987932444" lon="-120.37629998289049">
        <ele>132.1</ele>
      </trkpt>
      <trkpt lat="34.5758499763906" lon="-120.37502995692194">
        <ele>133.4</ele>
      </trkpt>
      <trkpt lat="34.57519995979965" lon="-120.37423996254802">
        <ele>144.0</ele>
      </trkpt>
      <trkpt lat="34.57369993440807" lon="-120.37212998606265">
        <ele>139.0</ele>
      </trkpt>
      <trkpt lat="34.57335996441543" lon="-120.37174995057285">
        <ele>146.6</ele>
      </trkpt>
      <trkpt lat="34.572959979996085" lon="-120.37138994783163">
        <ele>152.1</ele>
      </trkpt>
      <trkpt lat="34.57236997783184" lon="-120.37095995619893">
        <ele>151.4</ele>
      </trkpt>
      <trkpt lat="34.569779969751835" lon="-120.36955992691219">
        <ele>139.3</ele>
      </trkpt>
      <trkpt lat="34.56930999644101" lon="-120.36932992748916">
        <ele>138.7</ele>
      </trkpt>
      <trkpt lat="34.568189922720194" lon="-120.36873992532492">
        <ele>140.3</ele>
      </trkpt>
      <trkpt lat="34.56799998879433" lon="-120.36859994754195">
        <ele>139.4</ele>
      </trkpt>
      <trkpt lat="34.5678199455142" lon="-120.36843993701041">
        <ele>140.9</ele>
      </trkpt>
      <trkpt lat="34.5676299277693" lon="-120.36822997033596">
        <ele>141.7</ele>
      </trkpt>
      <trkpt lat="34.567289957776666" lon="-120.36771993152797">
        <ele>141.9</ele>
      </trkpt>
      <trkpt lat="34.566749995574355" lon="-120.36677998490632">
        <ele>145.5</ele>
      </trkpt>
      <trkpt lat="34.56658998504281" lon="-120.36656993441284">
        <ele>144.5</ele>
      </trkpt>
      <trkpt lat="34.566409941762686" lon="-120.36635996773839">
        <ele>144.1</ele>
      </trkpt>
      <trkpt lat="34.566109953448176" lon="-120.36607992835343">
        <ele>142.8</ele>
      </trkpt>
      <trkpt lat="34.56574995070696" lon="-120.36587993614376">
        <ele>142.9</ele>
      </trkpt>
      <trkpt lat="34.55967994406819" lon="-120.36349997855723">
        <ele>151.8</ele>
      </trkpt>
      <trkpt lat="34.5591199491173" lon="-120.3632599208504">
        <ele>157.0</ele>
      </trkpt>
      <trkpt lat="34.5573999825865" lon="-120.36259992979467">
        <ele>154.8</ele>
      </trkpt>
      <trkpt lat="34.55650999210775" lon="-120.36223992705345">
        <ele>151.8</ele>
      </trkpt>
      <trkpt lat="34.55581999383867" lon="-120.3619199898094">
        <ele>153.5</ele>
      </trkpt>
      <trkpt lat="34.55545999109745" lon="-120.36171999759972">
        <ele>154.2</ele>
      </trkpt>
      <trkpt lat="34.55476999282837" lon="-120.36127994768322">
        <ele>150.5</ele>
      </trkpt>
      <trkpt lat="34.55339997075498" lon="-120.36039993166924">
        <ele>151.4</ele>
      </trkpt>
      <trkpt lat="34.55188997089863" lon="-120.35939997062087">
        <ele>153.4</ele>
      </trkpt>
      <trkpt lat="34.55114993266761" lon="-120.35893997177482">
        <ele>151.9</ele>
      </trkpt>
      <trkpt lat="34.54978996887803" lon="-120.35820999182761">
        <ele>154.9</ele>
      </trkpt>
      <trkpt lat="34.54436997883022" lon="-120.35567999817431">
        <ele>159.8</ele>
      </trkpt>
      <trkpt lat="34.541309997439384" lon="-120.35420997999609">
        <ele>159.8</ele>
      </trkpt>
      <trkpt lat="34.53903992660344" lon="-120.35309996455908">
        <ele>164.9</ele>
      </trkpt>
      <trkpt lat="34.53867992386222" lon="-120.35290994681418">
        <ele>166.3</ele>
      </trkpt>
      <trkpt lat="34.538049940019846" lon="-120.35247995518148">
        <ele>167.4</ele>
      </trkpt>
      <trkpt lat="34.53766998834908" lon="-120.35215993411839">
        <ele>167.7</ele>
      </trkpt>
      <trkpt lat="34.53566998243332" lon="-120.3501199465245">
        <ele>169.3</ele>
      </trkpt>
      <trkpt lat="34.531839955598116" lon="-120.3461099602282">
        <ele>177.2</ele>
      </trkpt>
      <trkpt lat="34.53033993020654" lon="-120.34459996037185">
        <ele>177.2</ele>
      </trkpt>
      <trkpt lat="34.52990993857384" lon="-120.34422998316586">
        <ele>177.2</ele>
      </trkpt>
      <trkpt lat="34.52958991751075" lon="-120.34399998374283">
        <ele>177.7</ele>
      </trkpt>
      <trkpt lat="34.52565997838974" lon="-120.34164994955063">
        <ele>189.2</ele>
      </trkpt>
      <trkpt lat="34.524729922413826" lon="-120.34106992185116">
        <ele>194.6</ele>
      </trkpt>
      <trkpt lat="34.52421996742487" lon="-120.34071997739375">
        <ele>193.4</ele>
      </trkpt>
      <trkpt lat="34.5235899835825" lon="-120.3401799313724">
        <ele>190.7</ele>
      </trkpt>
      <trkpt lat="34.522989923134446" lon="-120.33948993310332">
        <ele>187.5</ele>
      </trkpt>
      <trkpt lat="34.522769981995225" lon="-120.3392099775374">
        <ele>186.6</ele>
      </trkpt>
      <trkpt lat="34.52249991707504" lon="-120.33881996758282">
        <ele>184.3</ele>
      </trkpt>
      <trkpt lat="34.52219992876053" lon="-120.33832996152341">
        <ele>183.8</ele>
      </trkpt>
      <trkpt lat="34.521739929914474" lon="-120.33731994219124">
        <ele>184.1</ele>
      </trkpt>
      <trkpt lat="34.51874993741512" lon="-120.32893996685743">
        <ele>201.6</ele>
      </trkpt>
      <trkpt lat="34.51843997463584" lon="-120.327849984169">
        <ele>202.0</ele>
      </trkpt>
      <trkpt lat="34.518279964104295" lon="-120.32711992040277">
        <ele>215.4</ele>
      </trkpt>
      <trkpt lat="34.51793999411166" lon="-120.32489997334778">
        <ele>218.1</ele>
      </trkpt>
      <trkpt lat="34.517849972471595" lon="-120.32378995791078">
        <ele>209.3</ele>
      </trkpt>
      <trkpt lat="34.51779993250966" lon="-120.32260995358229">
        <ele>222.8</ele>
      </trkpt>
      <trkpt lat="34.51775995083153" lon="-120.32212992198765">
        <ele>217.5</ele>
      </trkpt>
      <trkpt lat="34.517659954726696" lon="-120.32014994882047">
        <ele>224.8</ele>
      </trkpt>
      <trkpt lat="34.517589965835214" lon="-120.31943991780281">
        <ele>223.2</ele>
      </trkpt>
      <trkpt lat="34.51753992587328" lon="-120.31785992905498">
        <ele>239.1</ele>
      </trkpt>
      <trkpt lat="34.51755995862186" lon="-120.31751995906234">
        <ele>232.8</ele>
      </trkpt>
      <trkpt lat="34.51759994029999" lon="-120.31713992357254">
        <ele>240.9</ele>
      </trkpt>
      <trkpt lat="34.517659954726696" lon="-120.31677992083132">
        <ele>257.9</ele>
      </trkpt>
      <trkpt lat="34.51787997968495" lon="-120.31599998474121">
        <ele>257.1</ele>
      </trkpt>
      <trkpt lat="34.517979975789785" lon="-120.31570997089148">
        <ele>250.5</ele>
      </trkpt>
      <trkpt lat="34.518389934673905" lon="-120.31472995877266">
        <ele>230.4</ele>
      </trkpt>
      <trkpt lat="34.519589971750975" lon="-120.31238998286426">
        <ele>221.1</ele>
      </trkpt>
      <trkpt lat="34.52030997723341" lon="-120.31104996800423">
        <ele>227.6</ele>
      </trkpt>
      <trkpt lat="34.520389940589666" lon="-120.3108699247241">
        <ele>228.9</ele>
      </trkpt>
      <trkpt lat="34.52094993554056" lon="-120.30980994924903">
        <ele>229.7</ele>
      </trkpt>
      <trkpt lat="34.52136995270848" lon="-120.30894996598363">
        <ele>233.1</ele>
      </trkpt>
      <trkpt lat="34.5216799993068" lon="-120.30819995328784">
        <ele>237.8</ele>
      </trkpt>
      <trkpt lat="34.522339990362525" lon="-120.30629994347692">
        <ele>249.1</ele>
      </trkpt>
      <trkpt lat="34.52314993366599" lon="-120.30371999368072">
        <ele>254.6</ele>
      </trkpt>
      <trkpt lat="34.524079989641905" lon="-120.30083997175097">
        <ele>243.6</ele>
      </trkpt>
      <trkpt lat="34.52453998848796" lon="-120.2992899902165">
        <ele>248.5</ele>
      </trkpt>
      <trkpt lat="34.52486998401582" lon="-120.29787998646498">
        <ele>240.8</ele>
      </trkpt>
      <trkpt lat="34.526059962809086" lon="-120.29234994202852">
        <ele>250.0</ele>
      </trkpt>
      <trkpt lat="34.526169933378696" lon="-120.29165994375944">
        <ele>249.0</ele>
      </trkpt>
      <trkpt lat="34.526229947805405" lon="-120.29113993048668">
        <ele>250.7</ele>
      </trkpt>
      <trkpt lat="34.52625995501876" lon="-120.28985993005335">
        <ele>259.3</ele>
      </trkpt>
      <trkpt lat="34.526229947805405" lon="-120.28928996063769">
        <ele>256.7</ele>
      </trkpt>
      <trkpt lat="34.52615995891392" lon="-120.2887299656868">
        <ele>259.1</ele>
      </trkpt>
      <trkpt lat="34.52602995559573" lon="-120.28790996409953">
        <ele>262.6</ele>
      </trkpt>
      <trkpt lat="34.52576994895935" lon="-120.28692995198071">
        <ele>265.3</ele>
      </trkpt>
      <trkpt lat="34.52557993121445" lon="-120.28635998256505">
        <ele>267.0</ele>
      </trkpt>
      <trkpt lat="34.525219928473234" lon="-120.28553998097777">
        <ele>269.8</ele>
      </trkpt>
      <trkpt lat="34.52458994463086" lon="-120.28431999497116">
        <ele>275.7</ele>
      </trkpt>
      <trkpt lat="34.52359995804727" lon="-120.28251998126507">
        <ele>281.6</ele>
      </trkpt>
      <trkpt lat="34.52342997305095" lon="-120.28213994577527">
        <ele>283.2</ele>
      </trkpt>
      <trkpt lat="34.5231599919498" lon="-120.28136998414993">
        <ele>284.6</ele>
      </trkpt>
      <trkpt lat="34.523049937561154" lon="-120.28093999251723">
        <ele>288.0</ele>
      </trkpt>
      <trkpt lat="34.52292999252677" lon="-120.28025996871293">
        <ele>291.2</ele>
      </trkpt>
      <trkpt lat="34.52288992702961" lon="-120.2797899954021">
        <ele>293.2</ele>
      </trkpt>
      <trkpt lat="34.522769981995225" lon="-120.27879992499948">
        <ele>297.9</ele>
      </trkpt>
      <trkpt lat="34.52225994318724" lon="-120.27481994591653">
        <ele>312.8</ele>
      </trkpt>
      <trkpt lat="34.52204997651279" lon="-120.27370993047953">
        <ele>315.6</ele>
      </trkpt>
      <trkpt lat="34.52176993712783" lon="-120.27272991836071">
        <ele>323.2</ele>
      </trkpt>
      <trkpt lat="34.521439941599965" lon="-120.27172995731235">
        <ele>325.2</ele>
      </trkpt>
      <trkpt lat="34.52017997391522" lon="-120.26754998601973">
        <ele>344.2</ele>
      </trkpt>
      <trkpt lat="34.51951998285949" lon="-120.26551997289062">
        <ele>308.6</ele>
      </trkpt>
      <trkpt lat="34.51933993957937" lon="-120.26508998125792">
        <ele>305.2</ele>
      </trkpt>
      <trkpt lat="34.51836998574436" lon="-120.26252998039126">
        <ele>281.1</ele>
      </trkpt>
      <trkpt lat="34.51819991692901" lon="-120.26190997101367">
        <ele>277.3</ele>
      </trkpt>
      <trkpt lat="34.51804996468127" lon="-120.26123992167413">
        <ele>267.5</ele>
      </trkpt>
      <trkpt lat="34.517999924719334" lon="-120.26090992614627">
        <ele>261.7</ele>
      </trkpt>
      <trkpt lat="34.51792993582785" lon="-120.2599099650979">
        <ele>266.8</ele>
      </trkpt>
      <trkpt lat="34.5179099868983" lon="-120.25728994980454">
        <ele>253.0</ele>
      </trkpt>
      <trkpt lat="34.51774997636676" lon="-120.25485995225608">
        <ele>230.1</ele>
      </trkpt>
      <trkpt lat="34.517679987475276" lon="-120.25404992513359">
        <ele>219.0</ele>
      </trkpt>
      <trkpt lat="34.51755995862186" lon="-120.25340996682644">
        <ele>221.7</ele>
      </trkpt>
      <trkpt lat="34.51731998473406" lon="-120.25260999798775">
        <ele>217.4</ele>
      </trkpt>
      <trkpt lat="34.516729982569814" lon="-120.25094996206462">
        <ele>199.3</ele>
      </trkpt>
      <trkpt lat="34.51645991764963" lon="-120.25024998933077">
        <ele>201.8</ele>
      </trkpt>
      <trkpt lat="34.51575994491577" lon="-120.24805996567011">
        <ele>178.7</ele>
      </trkpt>
      <trkpt lat="34.515059972181916" lon="-120.24518991820514">
        <ele>143.8</ele>
      </trkpt>
      <trkpt lat="34.514819998294115" lon="-120.24410999380052">
        <ele>139.8</ele>
      </trkpt>
      <trkpt lat="34.51448991894722" lon="-120.24291993118823">
        <ele>147.6</ele>
      </trkpt>
      <trkpt lat="34.51418993063271" lon="-120.24199993349612">
        <ele>146.1</ele>
      </trkpt>
      <trkpt lat="34.51315996237099" lon="-120.2390599809587">
        <ele>134.9</ele>
      </trkpt>
      <trkpt lat="34.51255998574197" lon="-120.2375699300319">
        <ele>138.0</ele>
      </trkpt>
      <trkpt lat="34.511469919234514" lon="-120.23516993969679">
        <ele>123.7</ele>
      </trkpt>
      <trkpt lat="34.510999945923686" lon="-120.23389999754727">
        <ele>123.3</ele>
      </trkpt>
      <trkpt lat="34.51089994981885" lon="-120.23357997648418">
        <ele>115.5</ele>
      </trkpt>
      <trkpt lat="34.51069995760918" lon="-120.23275997489691">
        <ele>115.4</ele>
      </trkpt>
      <trkpt lat="34.51061999425292" lon="-120.23228991776705">
        <ele>111.2</ele>
      </trkpt>
      <trkpt lat="34.51055997982621" lon="-120.23177996277809">
        <ele>111.9</ele>
      </trkpt>
      <trkpt lat="34.51053994707763" lon="-120.23122994229198">
        <ele>114.9</ele>
      </trkpt>
      <trkpt lat="34.51052997261286" lon="-120.2292999252677">
        <ele>131.6</ele>
      </trkpt>
      <trkpt lat="34.51050993986428" lon="-120.22894998081028">
        <ele>119.6</ele>
      </trkpt>
      <trkpt lat="34.510459983721375" lon="-120.22863993421197">
        <ele>114.1</ele>
      </trkpt>
      <trkpt lat="34.51037993654609" lon="-120.22833994589746">
        <ele>108.7</ele>
      </trkpt>
      <trkpt lat="34.51028999872506" lon="-120.22812997922301">
        <ele>104.6</ele>
      </trkpt>
      <trkpt lat="34.51014993712306" lon="-120.22783996537328">
        <ele>98.9</ele>
      </trkpt>
      <trkpt lat="34.50996997766197" lon="-120.22755992598832">
        <ele>99.4</ele>
      </trkpt>
      <trkpt lat="34.50969999656081" lon="-120.22725993767381">
        <ele>98.7</ele>
      </trkpt>
      <trkpt lat="34.50947997160256" lon="-120.22707997821271">
        <ele>97.7</ele>
      </trkpt>
      <trkpt lat="34.509169925004244" lon="-120.22688996046782">
        <ele>99.4</ele>
      </trkpt>
      <trkpt lat="34.508849987760186" lon="-120.2267699316144">
        <ele>99.4</ele>
      </trkpt>
      <trkpt lat="34.508379930630326" lon="-120.22668996825814">
        <ele>96.7</ele>
      </trkpt>
      <trkpt lat="34.50729992240667" lon="-120.22673992440104">
        <ele>96.3</ele>
      </trkpt>
      <trkpt lat="34.50700999237597" lon="-120.2267199754715">
        <ele>95.0</ele>
      </trkpt>
      <trkpt lat="34.50602998025715" lon="-120.22656993940473">
        <ele>90.4</ele>
      </trkpt>
      <trkpt lat="34.50517997145653" lon="-120.22645996883512">
        <ele>88.8</ele>
      </trkpt>
      <trkpt lat="34.50453992933035" lon="-120.22650992497802">
        <ele>88.2</ele>
      </trkpt>
      <trkpt lat="34.50419995933771" lon="-120.2265899721533">
        <ele>89.7</ele>
      </trkpt>
      <trkpt lat="34.50375999324024" lon="-120.2267199754715">
        <ele>89.6</ele>
      </trkpt>
      <trkpt lat="34.50344994664192" lon="-120.22682994604111">
        <ele>89.5</ele>
      </trkpt>
      <trkpt lat="34.502769922837615" lon="-120.22718994878232">
        <ele>90.4</ele>
      </trkpt>
      <trkpt lat="34.50206995010376" lon="-120.2277699764818">
        <ele>90.3</ele>
      </trkpt>
      <trkpt lat="34.4998299703002" lon="-120.229979949072">
        <ele>79.7</ele>
      </trkpt>
      <trkpt lat="34.49948991648853" lon="-120.23029997013509">
        <ele>78.0</ele>
      </trkpt>
      <trkpt lat="34.4992599170655" lon="-120.23047992959619">
        <ele>78.9</ele>
      </trkpt>
      <trkpt lat="34.49868994764984" lon="-120.23082995787263">
        <ele>79.8</ele>
      </trkpt>
      <trkpt lat="34.49821997433901" lon="-120.2310299500823">
        <ele>78.5</ele>
      </trkpt>
      <trkpt lat="34.49794999323785" lon="-120.23110999725759">
        <ele>74.2</ele>
      </trkpt>
      <trkpt lat="34.497629972174764" lon="-120.23117998614907">
        <ele>74.0</ele>
      </trkpt>
      <trkpt lat="34.49705991894007" lon="-120.2312199678272">
        <ele>71.2</ele>
      </trkpt>
      <trkpt lat="34.49649992398918" lon="-120.23115995340049">
        <ele>68.6</ele>
      </trkpt>
      <trkpt lat="34.49542997404933" lon="-120.2309699356556">
        <ele>65.2</ele>
      </trkpt>
      <trkpt lat="34.49516996741295" lon="-120.23087999783456">
        <ele>65.7</ele>
      </trkpt>
      <trkpt lat="34.49497994966805" lon="-120.2307899761945">
        <ele>64.4</ele>
      </trkpt>
      <trkpt lat="34.49477995745838" lon="-120.23064999841154">
        <ele>63.2</ele>
      </trkpt>
      <trkpt lat="34.494579965248704" lon="-120.23047992959619">
        <ele>63.1</ele>
      </trkpt>
      <trkpt lat="34.49430998414755" lon="-120.23014993406832">
        <ele>62.8</ele>
      </trkpt>
      <trkpt lat="34.494109991937876" lon="-120.22976998239756">
        <ele>61.8</ele>
      </trkpt>
      <trkpt lat="34.49342996813357" lon="-120.22805999033153">
        <ele>55.7</ele>
      </trkpt>
      <trkpt lat="34.493339946493506" lon="-120.22785999812186">
        <ele>55.2</ele>
      </trkpt>
      <trkpt lat="34.49317993596196" lon="-120.22756998427212">
        <ele>54.6</ele>
      </trkpt>
      <trkpt lat="34.49306996539235" lon="-120.2273999992758">
        <ele>54.2</ele>
      </trkpt>
      <trkpt lat="34.49289998039603" lon="-120.22718994878232">
        <ele>53.4</ele>
      </trkpt>
      <trkpt lat="34.49267995543778" lon="-120.22698995657265">
        <ele>52.6</ele>
      </trkpt>
      <trkpt lat="34.49246998876333" lon="-120.22683992050588">
        <ele>52.0</ele>
      </trkpt>
      <trkpt lat="34.492069920524955" lon="-120.22666993550956">
        <ele>51.6</ele>
      </trkpt>
      <trkpt lat="34.491809997707605" lon="-120.22662995383143">
        <ele>51.8</ele>
      </trkpt>
      <trkpt lat="34.49110994115472" lon="-120.22659994661808">
        <ele>52.0</ele>
      </trkpt>
      <trkpt lat="34.49082998558879" lon="-120.22655996493995">
        <ele>49.7</ele>
      </trkpt>
      <trkpt lat="34.490029932931066" lon="-120.22631999105215">
        <ele>38.6</ele>
      </trkpt>
      <trkpt lat="34.489749977365136" lon="-120.22625997662544">
        <ele>38.0</ele>
      </trkpt>
      <trkpt lat="34.489189982414246" lon="-120.22622996941209">
        <ele>38.8</ele>
      </trkpt>
      <trkpt lat="34.48885998688638" lon="-120.22626995109022">
        <ele>39.3</ele>
      </trkpt>
      <trkpt lat="34.48835992254317" lon="-120.22642996162176">
        <ele>40.2</ele>
      </trkpt>
      <trkpt lat="34.48796999640763" lon="-120.22662995383143">
        <ele>32.3</ele>
      </trkpt>
      <trkpt lat="34.48775994591415" lon="-120.2267799898982">
        <ele>31.0</ele>
      </trkpt>
      <trkpt lat="34.48661992326379" lon="-120.22773996926844">
        <ele>28.4</ele>
      </trkpt>
      <trkpt lat="34.48599999770522" lon="-120.22839996032417">
        <ele>26.1</ele>
      </trkpt>
      <trkpt lat="34.485279992222786" lon="-120.22920998744667">
        <ele>21.6</ele>
      </trkpt>
      <trkpt lat="34.48455998674035" lon="-120.22987995296717">
        <ele>21.2</ele>
      </trkpt>
      <trkpt lat="34.48420995846391" lon="-120.23011992685497">
        <ele>22.1</ele>
      </trkpt>
      <trkpt lat="34.48373998515308" lon="-120.230349926278">
        <ele>22.1</ele>
      </trkpt>
      <trkpt lat="34.48339993134141" lon="-120.23044992238283">
        <ele>22.3</ele>
      </trkpt>
      <trkpt lat="34.483109917491674" lon="-120.23049996234477">
        <ele>21.8</ele>
      </trkpt>
      <trkpt lat="34.48286994360387" lon="-120.23051999509335">
        <ele>21.2</ele>
      </trkpt>
      <trkpt lat="34.48230994865298" lon="-120.23049996234477">
        <ele>18.1</ele>
      </trkpt>
      <trkpt lat="34.48190996423364" lon="-120.23038999177516">
        <ele>17.2</ele>
      </trkpt>
      <trkpt lat="34.48160997591913" lon="-120.23026996292174">
        <ele>16.9</ele>
      </trkpt>
      <trkpt lat="34.47546998038888" lon="-120.22745992988348">
        <ele>23.0</ele>
      </trkpt>
      <trkpt lat="34.475199999287724" lon="-120.22729991935194">
        <ele>33.6</ele>
      </trkpt>
      <trkpt lat="34.474859945476055" lon="-120.22705994546413">
        <ele>34.6</ele>
      </trkpt>
      <trkpt lat="34.47464997880161" lon="-120.22687998600304">
        <ele>34.7</ele>
      </trkpt>
      <trkpt lat="34.474449986591935" lon="-120.22666993550956">
        <ele>34.6</ele>
      </trkpt>
      <trkpt lat="34.47426994331181" lon="-120.22643993608654">
        <ele>34.8</ele>
      </trkpt>
      <trkpt lat="34.47394992224872" lon="-120.22593995556235">
        <ele>37.8</ele>
      </trkpt>
      <trkpt lat="34.47381991893053" lon="-120.2256699744612">
        <ele>41.8</ele>
      </trkpt>
      <trkpt lat="34.4735899195075" lon="-120.2250999212265">
        <ele>42.4</ele>
      </trkpt>
      <trkpt lat="34.47344994172454" lon="-120.22465995512903">
        <ele>41.8</ele>
      </trkpt>
      <trkpt lat="34.47331993840635" lon="-120.22403994575143">
        <ele>41.4</ele>
      </trkpt>
      <trkpt lat="34.473249949514866" lon="-120.22357994690537">
        <ele>41.3</ele>
      </trkpt>
      <trkpt lat="34.47321994230151" lon="-120.22310997359455">
        <ele>41.4</ele>
      </trkpt>
      <trkpt lat="34.47321994230151" lon="-120.22167993709445">
        <ele>42.4</ele>
      </trkpt>
      <trkpt lat="34.473399985581636" lon="-120.20225998945534">
        <ele>29.8</ele>
      </trkpt>
      <trkpt lat="34.473399985581636" lon="-120.20154995843768">
        <ele>29.4</ele>
      </trkpt>
      <trkpt lat="34.47337199002504" lon="-120.20065099932253">
        <ele>31.5</ele>
      </trkpt>
      <trkpt lat="34.47327995672822" lon="-120.19939991645515">
        <ele>32.0</ele>
      </trkpt>
      <trkpt lat="34.47319999337196" lon="-120.19873992539942">
        <ele>29.6</ele>
      </trkpt>
      <trkpt lat="34.47263999842107" lon="-120.19515993073583">
        <ele>28.3</ele>
      </trkpt>
      <trkpt lat="34.47213993407786" lon="-120.19217999652028">
        <ele>33.6</ele>
      </trkpt>
      <trkpt lat="34.47166996076703" lon="-120.18920995295048">
        <ele>17.2</ele>
      </trkpt>
      <trkpt lat="34.47157993912697" lon="-120.1885199546814">
        <ele>13.0</ele>
      </trkpt>
      <trkpt lat="34.47149997577071" lon="-120.18755997531116">
        <ele>13.0</ele>
      </trkpt>
      <trkpt lat="34.471459994092584" lon="-120.18685991875827">
        <ele>13.9</ele>
      </trkpt>
      <trkpt lat="34.47144993580878" lon="-120.18604997545481">
        <ele>22.4</ele>
      </trkpt>
      <trkpt lat="34.471379946917295" lon="-120.16872994601727">
        <ele>29.3</ele>
      </trkpt>
      <trkpt lat="34.471399979665875" lon="-120.16813994385302">
        <ele>30.9</ele>
      </trkpt>
      <trkpt lat="34.47144993580878" lon="-120.16754994168878">
        <ele>30.1</ele>
      </trkpt>
      <trkpt lat="34.471549931913614" lon="-120.16678995452821">
        <ele>28.4</ele>
      </trkpt>
      <trkpt lat="34.47378999553621" lon="-120.1545299962163">
        <ele>29.3</ele>
      </trkpt>
      <trkpt lat="34.474129965528846" lon="-120.15250995755196">
        <ele>27.5</ele>
      </trkpt>
      <trkpt lat="34.474169947206974" lon="-120.1518099848181">
        <ele>30.6</ele>
      </trkpt>
      <trkpt lat="34.47421998716891" lon="-120.14764996245503">
        <ele>31.3</ele>
      </trkpt>
      <trkpt lat="34.47426994331181" lon="-120.14584994874895">
        <ele>30.7</ele>
      </trkpt>
      <trkpt lat="34.474599938839674" lon="-120.14225997962058">
        <ele>27.7</ele>
      </trkpt>
      <trkpt lat="34.474619971588254" lon="-120.1410099864006">
        <ele>24.2</ele>
      </trkpt>
      <trkpt lat="34.47456993162632" lon="-120.14027992263436">
        <ele>24.5</ele>
      </trkpt>
      <trkpt lat="34.47438997216523" lon="-120.13821998611093">
        <ele>46.0</ele>
      </trkpt>
      <trkpt lat="34.47417992167175" lon="-120.13622995465994">
        <ele>40.9</ele>
      </trkpt>
      <trkpt lat="34.472989942878485" lon="-120.1299599558115">
        <ele>27.3</ele>
      </trkpt>
      <trkpt lat="34.4726799800992" lon="-120.1278599537909">
        <ele>26.4</ele>
      </trkpt>
      <trkpt lat="34.472579983994365" lon="-120.12678992003202">
        <ele>24.6</ele>
      </trkpt>
      <trkpt lat="34.472429947927594" lon="-120.12485998682678">
        <ele>22.2</ele>
      </trkpt>
      <trkpt lat="34.472149992361665" lon="-120.12098997831345">
        <ele>23.4</ele>
      </trkpt>
      <trkpt lat="34.47203993797302" lon="-120.11988993734121">
        <ele>27.1</ele>
      </trkpt>
      <trkpt lat="34.47187992744148" lon="-120.11863994412124">
        <ele>28.6</ele>
      </trkpt>
      <trkpt lat="34.47173994965851" lon="-120.1179199386388">
        <ele>29.5</ele>
      </trkpt>
      <trkpt lat="34.47164992801845" lon="-120.1175699941814">
        <ele>30.0</ele>
      </trkpt>
      <trkpt lat="34.471509950235486" lon="-120.11711996980011">
        <ele>30.6</ele>
      </trkpt>
      <trkpt lat="34.47130995802581" lon="-120.11663993820548">
        <ele>30.2</ele>
      </trkpt>
      <trkpt lat="34.46964992210269" lon="-120.11343997903168">
        <ele>29.6</ele>
      </trkpt>
      <trkpt lat="34.4684199616313" lon="-120.11079993098974">
        <ele>27.8</ele>
      </trkpt>
      <trkpt lat="34.468069933354855" lon="-120.10999996215105">
        <ele>28.2</ele>
      </trkpt>
      <trkpt lat="34.46768998168409" lon="-120.10902992449701">
        <ele>25.4</ele>
      </trkpt>
      <trkpt lat="34.46668993681669" lon="-120.10624998249114">
        <ele>23.4</ele>
      </trkpt>
      <trkpt lat="34.465659968554974" lon="-120.103479931131">
        <ele>26.9</ele>
      </trkpt>
      <trkpt lat="34.46498991921544" lon="-120.10160992853343">
        <ele>21.1</ele>
      </trkpt>
      <trkpt lat="34.46480995975435" lon="-120.10115998797119">
        <ele>15.9</ele>
      </trkpt>
      <trkpt lat="34.46454995311797" lon="-120.1006499491632">
        <ele>13.0</ele>
      </trkpt>
      <trkpt lat="34.4633599743247" lon="-120.09862999431789">
        <ele>20.8</ele>
      </trkpt>
      <trkpt lat="34.46304992772639" lon="-120.09799992665648">
        <ele>19.6</ele>
      </trkpt>
      <trkpt lat="34.462849935516715" lon="-120.09752995334566">
        <ele>17.9</ele>
      </trkpt>
      <trkpt lat="34.46264994330704" lon="-120.09690994396806">
        <ele>17.6</ele>
      </trkpt>
      <trkpt lat="34.46133993566036" lon="-120.09143999777734">
        <ele>20.0</ele>
      </trkpt>
      <trkpt lat="34.46122996509075" lon="-120.0908499956131">
        <ele>21.1</ele>
      </trkpt>
      <trkpt lat="34.46113994345069" lon="-120.09013996459544">
        <ele>22.3</ele>
      </trkpt>
      <trkpt lat="34.461109936237335" lon="-120.08947997353971">
        <ele>27.0</ele>
      </trkpt>
      <trkpt lat="34.46109996177256" lon="-120.0887399353087">
        <ele>27.3</ele>
      </trkpt>
      <trkpt lat="34.46113994345069" lon="-120.08792999200523">
        <ele>27.8</ele>
      </trkpt>
      <trkpt lat="34.46150992065668" lon="-120.08459994569421">
        <ele>28.5</ele>
      </trkpt>
      <trkpt lat="34.461539927870035" lon="-120.08390994742513">
        <ele>28.7</ele>
      </trkpt>
      <trkpt lat="34.46147999726236" lon="-120.08254998363554">
        <ele>28.5</ele>
      </trkpt>
      <trkpt lat="34.46145996451378" lon="-120.08149998262525">
        <ele>29.0</ele>
      </trkpt>
      <trkpt lat="34.46146993897855" lon="-120.08073999546468">
        <ele>29.3</ele>
      </trkpt>
      <trkpt lat="34.46152995340526" lon="-120.08005997166038">
        <ele>27.8</ele>
      </trkpt>
      <trkpt lat="34.46165995672345" lon="-120.07926997728646">
        <ele>23.8</ele>
      </trkpt>
      <trkpt lat="34.46184997446835" lon="-120.07846992462873">
        <ele>29.6</ele>
      </trkpt>
      <trkpt lat="34.462179969996214" lon="-120.0774599891156">
        <ele>39.4</ele>
      </trkpt>
      <trkpt lat="34.4624899327755" lon="-120.07672992534935">
        <ele>54.9</ele>
      </trkpt>
      <trkpt lat="34.4629199244082" lon="-120.0759799964726">
        <ele>67.0</ele>
      </trkpt>
      <trkpt lat="34.46360992267728" lon="-120.07495991885662">
        <ele>73.4</ele>
      </trkpt>
      <trkpt lat="34.46413999423385" lon="-120.0741199683398">
        <ele>43.3</ele>
      </trkpt>
      <trkpt lat="34.46453997865319" lon="-120.07332997396588">
        <ele>44.9</ele>
      </trkpt>
      <trkpt lat="34.46494993753731" lon="-120.07231995463371">
        <ele>24.1</ele>
      </trkpt>
      <trkpt lat="34.46510994806886" lon="-120.07174998521805">
        <ele>20.4</ele>
      </trkpt>
      <trkpt lat="34.465279933065176" lon="-120.07105998694897">
        <ele>13.5</ele>
      </trkpt>
      <trkpt lat="34.46534992195666" lon="-120.07064994424582">
        <ele>13.3</ele>
      </trkpt>
      <trkpt lat="34.46543994359672" lon="-120.06981996819377">
        <ele>16.6</ele>
      </trkpt>
      <trkpt lat="34.46547992527485" lon="-120.06911999545991">
        <ele>19.4</ele>
      </trkpt>
      <trkpt lat="34.465469950810075" lon="-120.06870995275676">
        <ele>21.0</ele>
      </trkpt>
      <trkpt lat="34.46542996913195" lon="-120.06802992895246">
        <ele>23.8</ele>
      </trkpt>
      <trkpt lat="34.46528999134898" lon="-120.06706994958222">
        <ele>35.3</ele>
      </trkpt>
      <trkpt lat="34.46512998081744" lon="-120.06638992577791">
        <ele>33.2</ele>
      </trkpt>
      <trkpt lat="34.46497994475067" lon="-120.0658499635756">
        <ele>30.8</ele>
      </trkpt>
      <trkpt lat="34.4645999930799" lon="-120.06485997699201">
        <ele>35.6</ele>
      </trkpt>
      <trkpt lat="34.46364998817444" lon="-120.06295996718109">
        <ele>24.4</ele>
      </trkpt>
      <trkpt lat="34.46330993436277" lon="-120.06221992895007">
        <ele>21.8</ele>
      </trkpt>
      <trkpt lat="34.46298999711871" lon="-120.06135994568467">
        <ele>20.5</ele>
      </trkpt>
      <trkpt lat="34.462699983268976" lon="-120.06042997352779">
        <ele>20.4</ele>
      </trkpt>
      <trkpt lat="34.46252999827266" lon="-120.05968993529677">
        <ele>19.9</ele>
      </trkpt>
      <trkpt lat="34.46236998774111" lon="-120.05876993760467">
        <ele>19.3</ele>
      </trkpt>
      <trkpt lat="34.462289940565825" lon="-120.05814992822707">
        <ele>19.8</ele>
      </trkpt>
      <trkpt lat="34.462179969996214" lon="-120.05697998218238">
        <ele>20.2</ele>
      </trkpt>
      <trkpt lat="34.462159937247634" lon="-120.05618998780847">
        <ele>20.0</ele>
      </trkpt>
      <trkpt lat="34.46216999553144" lon="-120.05556997843087">
        <ele>18.4</ele>
      </trkpt>
      <trkpt lat="34.46220997720957" lon="-120.05500998347998">
        <ele>17.5</ele>
      </trkpt>
      <trkpt lat="34.46240996941924" lon="-120.0532699842006">
        <ele>15.3</ele>
      </trkpt>
      <trkpt lat="34.462549947202206" lon="-120.052279997617">
        <ele>13.0</ele>
      </trkpt>
      <trkpt lat="34.46412993595004" lon="-120.03971996717155">
        <ele>21.6</ele>
      </trkpt>
      <trkpt lat="34.46418995037675" lon="-120.03881991840899">
        <ele>26.6</ele>
      </trkpt>
      <trkpt lat="34.46419992484152" lon="-120.03837995231152">
        <ele>27.4</ele>
      </trkpt>
      <trkpt lat="34.46416991762817" lon="-120.03732995130122">
        <ele>27.4</ele>
      </trkpt>
      <trkpt lat="34.464009990915656" lon="-120.03538995981216">
        <ele>27.5</ele>
      </trkpt>
      <trkpt lat="34.46369994431734" lon="-120.03206997178495">
        <ele>34.9</ele>
      </trkpt>
      <trkpt lat="34.463449995964766" lon="-120.02837992273271">
        <ele>33.2</ele>
      </trkpt>
      <trkpt lat="34.46341998875141" lon="-120.02657999284565">
        <ele>36.8</ele>
      </trkpt>
      <trkpt lat="34.463409930467606" lon="-120.02353996038437">
        <ele>27.3</ele>
      </trkpt>
      <trkpt lat="34.46334999985993" lon="-120.0227199587971">
        <ele>25.3</ele>
      </trkpt>
      <trkpt lat="34.46322997100651" lon="-120.02164992503822">
        <ele>32.0</ele>
      </trkpt>
      <trkpt lat="34.46264994330704" lon="-120.01824997365475">
        <ele>41.6</ele>
      </trkpt>
      <trkpt lat="34.46219991892576" lon="-120.01458993181586">
        <ele>36.6</ele>
      </trkpt>
      <trkpt lat="34.461299953982234" lon="-120.0067999586463">
        <ele>35.8</ele>
      </trkpt>
      <trkpt lat="34.46113994345069" lon="-120.00564996153116">
        <ele>36.2</ele>
      </trkpt>
      <trkpt lat="34.46044994518161" lon="-120.00126999802887">
        <ele>19.3</ele>
      </trkpt>
      <trkpt lat="34.459389969706535" lon="-119.99491995200515">
        <ele>37.3</ele>
      </trkpt>
      <trkpt lat="34.458809942007065" lon="-119.9913099501282">
        <ele>48.9</ele>
      </trkpt>
      <trkpt lat="34.45819999091327" lon="-119.98725998215377">
        <ele>59.2</ele>
      </trkpt>
      <trkpt lat="34.456399977207184" lon="-119.97462996281683">
        <ele>47.9</ele>
      </trkpt>
      <trkpt lat="34.45621993392706" lon="-119.97368993237615">
        <ele>48.1</ele>
      </trkpt>
      <trkpt lat="34.456059923395514" lon="-119.97306992299855">
        <ele>44.8</ele>
      </trkpt>
      <trkpt lat="34.45587996393442" lon="-119.97243993915617">
        <ele>43.5</ele>
      </trkpt>
      <trkpt lat="34.45563999004662" lon="-119.97182998806238">
        <ele>43.4</ele>
      </trkpt>
      <trkpt lat="34.45543999783695" lon="-119.97135993093252">
        <ele>48.6</ele>
      </trkpt>
      <trkpt lat="34.453759929165244" lon="-119.96795997954905">
        <ele>49.7</ele>
      </trkpt>
      <trkpt lat="34.45320999249816" lon="-119.96700997464359">
        <ele>48.5</ele>
      </trkpt>
      <trkpt lat="34.45258998312056" lon="-119.96608997695148">
        <ele>50.1</ele>
      </trkpt>
      <trkpt lat="34.44742999970913" lon="-119.95937992818654">
        <ele>29.5</ele>
      </trkpt>
      <trkpt lat="34.44491995498538" lon="-119.9560799729079">
        <ele>32.2</ele>
      </trkpt>
      <trkpt lat="34.44450999610126" lon="-119.95547999627888">
        <ele>37.4</ele>
      </trkpt>
      <trkpt lat="34.443959975615144" lon="-119.95450995862484">
        <ele>36.9</ele>
      </trkpt>
      <trkpt lat="34.44356996566057" lon="-119.95375994592905">
        <ele>38.2</ele>
      </trkpt>
      <trkpt lat="34.44306998513639" lon="-119.95265998877585">
        <ele>40.5</ele>
      </trkpt>
      <trkpt lat="34.44283998571336" lon="-119.95204995386302">
        <ele>40.8</ele>
      </trkpt>
      <trkpt lat="34.44252993911505" lon="-119.95108997449279">
        <ele>40.7</ele>
      </trkpt>
      <trkpt lat="34.44216993637383" lon="-119.94968994520605">
        <ele>39.7</ele>
      </trkpt>
      <trkpt lat="34.439709931612015" lon="-119.9393499456346">
        <ele>36.4</ele>
      </trkpt>
      <trkpt lat="34.439449924975634" lon="-119.93766996078193">
        <ele>31.3</ele>
      </trkpt>
      <trkpt lat="34.43883997388184" lon="-119.93186993524432">
        <ele>31.4</ele>
      </trkpt>
      <trkpt lat="34.43862992338836" lon="-119.92993991822004">
        <ele>24.0</ele>
      </trkpt>
      <trkpt lat="34.43846999667585" lon="-119.92864994332194">
        <ele>18.5</ele>
      </trkpt>
      <trkpt lat="34.43832993507385" lon="-119.92771997116506">
        <ele>22.4</ele>
      </trkpt>
      <trkpt lat="34.4380599539727" lon="-119.92649998515844">
        <ele>31.4</ele>
      </trkpt>
      <trkpt lat="34.43784998729825" lon="-119.92573999799788">
        <ele>31.7</ele>
      </trkpt>
      <trkpt lat="34.43744991905987" lon="-119.92455999366939">
        <ele>34.3</ele>
      </trkpt>
      <trkpt lat="34.433189984411" lon="-119.91277998313308">
        <ele>13.5</ele>
      </trkpt>
      <trkpt lat="34.433049922809005" lon="-119.91253992542624">
        <ele>14.6</ele>
      </trkpt>
      <trkpt lat="34.43285998888314" lon="-119.91205997765064">
        <ele>14.9</ele>
      </trkpt>
      <trkpt lat="34.432509960606694" lon="-119.9110399838537">
        <ele>19.1</ele>
      </trkpt>
      <trkpt lat="34.43236998282373" lon="-119.910469930619">
        <ele>20.6</ele>
      </trkpt>
      <trkpt lat="34.43225992843509" lon="-119.90983994677663">
        <ele>22.6</ele>
      </trkpt>
      <trkpt lat="34.43211995065212" lon="-119.9083199724555">
        <ele>28.7</ele>
      </trkpt>
      <trkpt lat="34.43197997286916" lon="-119.90604998543859">
        <ele>34.3</ele>
      </trkpt>
      <trkpt lat="34.431179920211434" lon="-119.90633999928832">
        <ele>33.8</ele>
      </trkpt>
      <trkpt lat="34.43101999349892" lon="-119.90584999322891">
        <ele>33.6</ele>
      </trkpt>
      <trkpt lat="34.43062998354435" lon="-119.90488993003964">
        <ele>31.8</ele>
      </trkpt>
      <trkpt lat="34.43041993305087" lon="-119.90416992455721">
        <ele>31.3</ele>
      </trkpt>
      <trkpt lat="34.43035991862416" lon="-119.90406992845237">
        <ele>31.3</ele>
      </trkpt>
      <trkpt lat="34.43026998080313" lon="-119.90373993292451">
        <ele>31.3</ele>
      </trkpt>
      <trkpt lat="34.42970998585224" lon="-119.9011499248445">
        <ele>28.8</ele>
      </trkpt>
      <trkpt lat="34.42962993867695" lon="-119.90017997100949">
        <ele>28.4</ele>
      </trkpt>
      <trkpt lat="34.42961996421218" lon="-119.89963992498815">
        <ele>28.2</ele>
      </trkpt>
      <trkpt lat="34.42966992035508" lon="-119.89822992123663">
        <ele>28.3</ele>
      </trkpt>
      <trkpt lat="34.42967997863889" lon="-119.89650995470583">
        <ele>27.1</ele>
      </trkpt>
      <trkpt lat="34.42972993478179" lon="-119.89464992657304">
        <ele>20.8</ele>
      </trkpt>
      <trkpt lat="34.429699927568436" lon="-119.8944999743253">
        <ele>20.1</ele>
      </trkpt>
      <trkpt lat="34.429739993065596" lon="-119.89335995167494">
        <ele>22.3</ele>
      </trkpt>
      <trkpt lat="34.429849963635206" lon="-119.8851799685508">
        <ele>22.2</ele>
      </trkpt>
      <trkpt lat="34.42989991977811" lon="-119.88365999422967">
        <ele>17.4</ele>
      </trkpt>
      <trkpt lat="34.4299799669534" lon="-119.87891994416714">
        <ele>12.9</ele>
      </trkpt>
      <trkpt lat="34.42998994141817" lon="-119.8766699898988">
        <ele>13.5</ele>
      </trkpt>
      <trkpt lat="34.43009999580681" lon="-119.86960999667645">
        <ele>13.3</ele>
      </trkpt>
      <trkpt lat="34.430149951949716" lon="-119.86823997460306">
        <ele>13.3</ele>
      </trkpt>
      <trkpt lat="34.430209966376424" lon="-119.86806998960674">
        <ele>13.3</ele>
      </trkpt>
      <trkpt lat="34.430209966376424" lon="-119.86724998801947">
        <ele>13.6</ele>
      </trkpt>
      <trkpt lat="34.430169984698296" lon="-119.86711998470128">
        <ele>13.6</ele>
      </trkpt>
      <trkpt lat="34.43015992641449" lon="-119.86684991978109">
        <ele>13.6</ele>
      </trkpt>
      <trkpt lat="34.43023997358978" lon="-119.8611799813807">
        <ele>5.2</ele>
      </trkpt>
      <trkpt lat="34.430259922519326" lon="-119.86053993925452">
        <ele>4.8</ele>
      </trkpt>
      <trkpt lat="34.430319936946034" lon="-119.85975991934538">
        <ele>4.9</ele>
      </trkpt>
      <trkpt lat="34.43035991862416" lon="-119.85945993103087">
        <ele>5.0</ele>
      </trkpt>
      <trkpt lat="34.430259922519326" lon="-119.8594499565661">
        <ele>4.9</ele>
      </trkpt>
      <trkpt lat="34.430189933627844" lon="-119.85948993824422">
        <ele>4.8</ele>
      </trkpt>
      <trkpt lat="34.43004995584488" lon="-119.85951994545758">
        <ele>4.7</ele>
      </trkpt>
      <trkpt lat="34.42850994877517" lon="-119.85965992324054">
        <ele>3.8</ele>
      </trkpt>
      <trkpt lat="34.42680993117392" lon="-119.85966998152435">
        <ele>3.5</ele>
      </trkpt>
      <trkpt lat="34.42426996305585" lon="-119.85966998152435">
        <ele>3.8</ele>
      </trkpt>
      <trkpt lat="34.42231999710202" lon="-119.859639974311">
        <ele>3.5</ele>
      </trkpt>
      <trkpt lat="34.42218999378383" lon="-119.8595099709928">
        <ele>3.5</ele>
      </trkpt>
      <trkpt lat="34.4221399538219" lon="-119.85948993824422">
        <ele>3.5</ele>
      </trkpt>
      <trkpt lat="34.42200995050371" lon="-119.85948993824422">
        <ele>3.5</ele>
      </trkpt>
      <trkpt lat="34.421829991042614" lon="-119.859639974311">
        <ele>3.5</ele>
      </trkpt>
      <trkpt lat="34.420739924535155" lon="-119.85966998152435">
        <ele>5.2</ele>
      </trkpt>
      <trkpt lat="34.420439936220646" lon="-119.8596999887377">
        <ele>4.2</ele>
      </trkpt>
      <trkpt lat="34.41999997012317" lon="-119.8598299920559">
        <ele>5.1</ele>
      </trkpt>
      <trkpt lat="34.41906999796629" lon="-119.86024992540479">
        <ele>7.3</ele>
      </trkpt>
      <trkpt lat="34.418739918619394" lon="-119.86037992872298">
        <ele>6.8</ele>
      </trkpt>
      <trkpt lat="34.41850991919637" lon="-119.86043994314969">
        <ele>6.6</ele>
      </trkpt>
      <trkpt lat="34.41796995699406" lon="-119.86051999032497">
        <ele>7.4</ele>
      </trkpt>
      <trkpt lat="34.41792997531593" lon="-119.86046995036304">
        <ele>7.5</ele>
      </trkpt>
      <trkpt lat="34.41764993593097" lon="-119.85972999595106">
        <ele>8.7</ele>
      </trkpt>
      <trkpt lat="34.41760995425284" lon="-119.85967995598912">
        <ele>8.9</ele>
      </trkpt>
      <trkpt lat="34.417579947039485" lon="-119.85967995598912">
        <ele>9.0</ele>
      </trkpt>
      <trkpt lat="34.41755999810994" lon="-119.85956998541951">
        <ele>9.0</ele>
      </trkpt>
      <trkpt lat="34.41754993982613" lon="-119.85894997604191">
        <ele>9.5</ele>
      </trkpt>
      <trkpt lat="34.41755999810994" lon="-119.85889993607998">
        <ele>9.5</ele>
      </trkpt>
      <trkpt lat="34.41762998700142" lon="-119.8587799910456">
        <ele>9.6</ele>
      </trkpt>
      <trkpt lat="34.41764993593097" lon="-119.8586499877274">
        <ele>9.6</ele>
      </trkpt>
      <trkpt lat="34.41756997257471" lon="-119.85851998440921">
        <ele>9.8</ele>
      </trkpt>
      <trkpt lat="34.41754993982613" lon="-119.85841998830438">
        <ele>9.8</ele>
      </trkpt>
      <trkpt lat="34.41753996536136" lon="-119.8572999984026">
        <ele>10.3</ele>
      </trkpt>
      <trkpt lat="34.41755999810994" lon="-119.85720997676253">
        <ele>10.4</ele>
      </trkpt>
      <trkpt lat="34.41762998700142" lon="-119.85709992237389">
        <ele>10.4</ele>
      </trkpt>
      <trkpt lat="34.41763996146619" lon="-119.85702993348241">
        <ele>10.5</ele>
      </trkpt>
      <trkpt lat="34.41754993982613" lon="-119.85673991963267">
        <ele>11.0</ele>
      </trkpt>
      <trkpt lat="34.41753996536136" lon="-119.85663992352784">
        <ele>11.1</ele>
      </trkpt>
      <trkpt lat="34.41752999089658" lon="-119.85564993694425">
        <ele>12.1</ele>
      </trkpt>
      <trkpt lat="34.41754993982613" lon="-119.85555999912322">
        <ele>12.2</ele>
      </trkpt>
      <trkpt lat="34.41762998700142" lon="-119.85542999580503">
        <ele>12.2</ele>
      </trkpt>
      <trkpt lat="34.41762998700142" lon="-119.85531994141638">
        <ele>12.3</ele>
      </trkpt>
      <trkpt lat="34.41753996536136" lon="-119.85514995642006">
        <ele>12.6</ele>
      </trkpt>
      <trkpt lat="34.41752999089658" lon="-119.8537699598819">
        <ele>14.3</ele>
      </trkpt>
      <trkpt lat="34.417509958148" lon="-119.85363995656371">
        <ele>14.4</ele>
      </trkpt>
      <trkpt lat="34.41747995093465" lon="-119.853579942137">
        <ele>14.5</ele>
      </trkpt>
      <trkpt lat="34.41749998368323" lon="-119.8535199277103">
        <ele>14.5</ele>
      </trkpt>
      <trkpt lat="34.41760995425284" lon="-119.85345999710262">
        <ele>14.3</ele>
      </trkpt>
      <trkpt lat="34.41765999421477" lon="-119.8533899243921">
        <ele>14.3</ele>
      </trkpt>
      <trkpt lat="34.417689917609096" lon="-119.85329998657107">
        <ele>14.4</ele>
      </trkpt>
      <trkpt lat="34.417689917609096" lon="-119.85321993939579">
        <ele>14.4</ele>
      </trkpt>
      <trkpt lat="34.41755999810994" lon="-119.8529099766165">
        <ele>14.8</ele>
      </trkpt>
      <trkpt lat="34.417319940403104" lon="-119.85248995944858">
        <ele>15.5</ele>
      </trkpt>
      <trkpt lat="34.417299991473556" lon="-119.85237998887897">
        <ele>15.7</ele>
      </trkpt>
      <trkpt lat="34.417389929294586" lon="-119.85212995670736">
        <ele>15.7</ele>
      </trkpt>
      <trkpt lat="34.41745991818607" lon="-119.85169996507466">
        <ele>15.7</ele>
      </trkpt>
      <trkpt lat="34.41739998757839" lon="-119.85109998844564">
        <ele>16.0</ele>
      </trkpt>
      <trkpt lat="34.41737995482981" lon="-119.85063998959959">
        <ele>16.2</ele>
      </trkpt>
      <trkpt lat="34.41732999868691" lon="-119.85048995353281">
        <ele>16.3</ele>
      </trkpt>
      <trkpt lat="34.417169988155365" lon="-119.85028996132314">
        <ele>16.1</ele>
      </trkpt>
      <trkpt lat="34.4170799665153" lon="-119.85006993636489">
        <ele>16.1</ele>
      </trkpt>
      <trkpt lat="34.41687997430563" lon="-119.84973994083703">
        <ele>16.1</ele>
      </trkpt>
      <trkpt lat="34.416719963774085" lon="-119.84919997863472">
        <ele>16.0</ele>
      </trkpt>
      <trkpt lat="34.41672993823886" lon="-119.84897995367646">
        <ele>16.2</ele>
      </trkpt>
      <trkpt lat="34.416699931025505" lon="-119.84841995872557">
        <ele>16.0</ele>
      </trkpt>
      <trkpt lat="34.416699931025505" lon="-119.848029948771">
        <ele>15.9</ele>
      </trkpt>
      <trkpt lat="34.41667998209596" lon="-119.84792995266616">
        <ele>15.9</ele>
      </trkpt>
      <trkpt lat="34.41657998599112" lon="-119.84779994934797">
        <ele>15.9</ele>
      </trkpt>
      <trkpt lat="34.41657998599112" lon="-119.84770992770791">
        <ele>15.9</ele>
      </trkpt>
      <trkpt lat="34.41666992381215" lon="-119.84758998267353">
        <ele>15.9</ele>
      </trkpt>
      <trkpt lat="34.41670998930931" lon="-119.84736995771527">
        <ele>15.9</ele>
      </trkpt>
      <trkpt lat="34.41668995656073" lon="-119.84619992785156">
        <ele>15.5</ele>
      </trkpt>
      <trkpt lat="34.416719963774085" lon="-119.845069963485">
        <ele>15.9</ele>
      </trkpt>
      <trkpt lat="34.41665994934738" lon="-119.8448799457401">
        <ele>16.0</ele>
      </trkpt>
      <trkpt lat="34.41666992381215" lon="-119.84464994631708">
        <ele>16.0</ele>
      </trkpt>
      <trkpt lat="34.416719963774085" lon="-119.84452991746366">
        <ele>16.1</ele>
      </trkpt>
      <trkpt lat="34.41672993823886" lon="-119.84422992914915">
        <ele>16.2</ele>
      </trkpt>
      <trkpt lat="34.41670998930931" lon="-119.84379993751645">
        <ele>16.2</ele>
      </trkpt>
      <trkpt lat="34.41665994934738" lon="-119.84369994141161">
        <ele>16.2</ele>
      </trkpt>
      <trkpt lat="34.41659993492067" lon="-119.84365995973349">
        <ele>16.2</ele>
      </trkpt>
      <trkpt lat="34.41629994660616" lon="-119.84364998526871">
        <ele>16.1</ele>
      </trkpt>
      <trkpt lat="34.416269939392805" lon="-119.84361997805536">
        <ele>16.1</ele>
      </trkpt>
      <trkpt lat="34.41625996492803" lon="-119.84341998584569">
        <ele>15.9</ele>
      </trkpt>
      <trkpt lat="34.41623993217945" lon="-119.84337992034853">
        <ele>15.8</ele>
      </trkpt>
      <trkpt lat="34.41619995050132" lon="-119.84335997141898">
        <ele>15.7</ele>
      </trkpt>
      <trkpt lat="34.41589996218681" lon="-119.84331998974085">
        <ele>15.7</ele>
      </trkpt>
      <trkpt lat="34.41582997329533" lon="-119.8432899825275">
        <ele>15.6</ele>
      </trkpt>
      <trkpt lat="34.4157799333334" lon="-119.8432099353522">
        <ele>15.5</ele>
      </trkpt>
      <trkpt lat="34.41581999883056" lon="-119.84279997646809">
        <ele>14.9</ele>
      </trkpt>
      <trkpt lat="34.41579996608198" lon="-119.8422399815172">
        <ele>14.1</ele>
      </trkpt>
      <trkpt lat="34.4157799333334" lon="-119.84212992712855">
        <ele>14.0</ele>
      </trkpt>
      <trkpt lat="34.41569996997714" lon="-119.84200998209417">
        <ele>14.3</ele>
      </trkpt>
      <trkpt lat="34.415579941123724" lon="-119.84193999320269">
        <ele>14.6</ele>
      </trkpt>
      <trkpt lat="34.41443991847336" lon="-119.84189992770553">
        <ele>14.9</ele>
      </trkpt>
      <trkpt lat="34.414419969543815" lon="-119.84192993491888">
        <ele>14.9</ele>
      </trkpt>
      <trkpt lat="34.41440999507904" lon="-119.84217996709049">
        <ele>14.9</ele>
      </trkpt>
      <trkpt lat="34.41438996233046" lon="-119.84220997430384">
        <ele>14.9</ele>
      </trkpt>
      <trkpt lat="34.413839941844344" lon="-119.84222992323339">
        <ele>14.3</ele>
      </trkpt>
      <trkpt lat="34.41376995295286" lon="-119.84221994876862">
        <ele>14.2</ele>
      </trkpt>
      <trkpt lat="34.413689989596605" lon="-119.84217996709049">
        <ele>14.2</ele>
      </trkpt>
      <trkpt lat="34.413649924099445" lon="-119.84217996709049">
        <ele>14.1</ele>
      </trkpt>
      <trkpt lat="34.4136299751699" lon="-119.84219999983907">
        <ele>14.1</ele>
      </trkpt>
      <trkpt lat="34.41356996074319" lon="-119.84218994155526">
        <ele>14.0</ele>
      </trkpt>
      <trkpt lat="34.41354992799461" lon="-119.842109978199">
        <ele>14.0</ele>
      </trkpt>
      <trkpt lat="34.41349997185171" lon="-119.84200998209417">
        <ele>14.0</ele>
      </trkpt>
      <trkpt lat="34.41349997185171" lon="-119.84179993160069">
        <ele>14.0</ele>
      </trkpt>
      <trkpt lat="34.4130599219352" lon="-119.84141997992992">
        <ele>13.3</ele>
      </trkpt>
      <trkpt lat="34.412959925830364" lon="-119.8412399366498">
        <ele>13.2</ele>
      </trkpt>
      <trkpt lat="34.41303997300565" lon="-119.8410599771887">
        <ele>13.2</ele>
      </trkpt>
      <trkpt lat="34.413259997963905" lon="-119.84086995944381">
        <ele>13.5</ele>
      </trkpt>
      <trkpt lat="34.41359996795654" lon="-119.84049998223782">
        <ele>13.7</ele>
      </trkpt>
      <trkpt lat="34.41374992020428" lon="-119.84039998613298">
        <ele>15.1</ele>
      </trkpt>
      <trkpt lat="34.41380993463099" lon="-119.84030996449292">
        <ele>16.0</ele>
      </trkpt>
      <trkpt lat="34.413839941844344" lon="-119.84022991731763">
        <ele>16.0</ele>
      </trkpt>
      <trkpt lat="34.4138699490577" lon="-119.8401999939233">
        <ele>16.0</ele>
      </trkpt>
      <trkpt lat="34.413969945162535" lon="-119.84015992842615">
        <ele>15.8</ele>
      </trkpt>
      <trkpt lat="34.41402995958924" lon="-119.84010997228324">
        <ele>15.6</ele>
      </trkpt>
      <trkpt lat="34.41412995569408" lon="-119.83991995453835">
        <ele>15.1</ele>
      </trkpt>
      <trkpt lat="34.41455994732678" lon="-119.83925996348262">
        <ele>15.8</ele>
      </trkpt>
      <trkpt lat="34.41466991789639" lon="-119.83917991630733">
        <ele>15.8</ele>
      </trkpt>
      <trkpt lat="34.41545999608934" lon="-119.8374199680984">
        <ele>12.0</ele>
      </trkpt>
      <trkpt lat="34.41556996665895" lon="-119.83712995424867">
        <ele>10.2</ele>
      </trkpt>
      <trkpt lat="34.41584992222488" lon="-119.83668998815119">
        <ele>7.7</ele>
      </trkpt>
      <trkpt lat="34.416009932756424" lon="-119.83601993881166">
        <ele>3.7</ele>
      </trkpt>
      <trkpt lat="34.416079921647906" lon="-119.83582992106676">
        <ele>3.7</ele>
      </trkpt>
      <trkpt lat="34.41632995381951" lon="-119.83528995886445">
        <ele>4.0</ele>
      </trkpt>
      <trkpt lat="34.41661996766925" lon="-119.83478997834027">
        <ele>3.5</ele>
      </trkpt>
      <trkpt lat="34.416869999840856" lon="-119.83429997228086">
        <ele>3.2</ele>
      </trkpt>
      <trkpt lat="34.417429994791746" lon="-119.83349991962314">
        <ele>1.7</ele>
      </trkpt>
      <trkpt lat="34.41748992539942" lon="-119.83344996348023">
        <ele>1.5</ele>
      </trkpt>
      <trkpt lat="34.417389929294586" lon="-119.83236995525658">
        <ele>1.4</ele>
      </trkpt>
      <trkpt lat="34.41735992208123" lon="-119.8322999663651">
        <ele>1.5</ele>
      </trkpt>
      <trkpt lat="34.417319940403104" lon="-119.83225998468697">
        <ele>1.7</ele>
      </trkpt>
      <trkpt lat="34.417149955406785" lon="-119.83221991918981">
        <ele>3.3</ele>
      </trkpt>
      <trkpt lat="34.41711994819343" lon="-119.83217993751168">
        <ele>3.6</ele>
      </trkpt>
      <trkpt lat="34.41718993708491" lon="-119.83174994587898">
        <ele>3.4</ele>
      </trkpt>
      <trkpt lat="34.417279958724976" lon="-119.83137996867299">
        <ele>1.9</ele>
      </trkpt>
      <trkpt lat="34.41732999868691" lon="-119.83134996145964">
        <ele>1.6</ele>
      </trkpt>
      <trkpt lat="34.41735992208123" lon="-119.83134996145964">
        <ele>1.5</ele>
      </trkpt>
      <trkpt lat="34.41743996925652" lon="-119.83146999031305">
        <ele>1.4</ele>
      </trkpt>
      <trkpt lat="34.41751993261278" lon="-119.83150997199118">
        <ele>1.4</ele>
      </trkpt>
      <trkpt lat="34.4179399497807" lon="-119.83163997530937">
        <ele>1.4</ele>
      </trkpt>
      <trkpt lat="34.41797993145883" lon="-119.83162991702557">
        <ele>1.4</ele>
      </trkpt>
      <trkpt lat="34.418029971420765" lon="-119.83157996088266">
        <ele>1.4</ele>
      </trkpt>
      <trkpt lat="34.41804992035031" lon="-119.83149999752641">
        <ele>1.4</ele>
      </trkpt>
      <trkpt lat="34.41805997863412" lon="-119.83134996145964">
        <ele>1.4</ele>
      </trkpt>
      <trkpt lat="34.418009938672185" lon="-119.83107998035848">
        <ele>1.4</ele>
      </trkpt>
      <trkpt lat="34.418029971420765" lon="-119.83096992596984">
        <ele>1.4</ele>
      </trkpt>
      <trkpt lat="34.41808998584747" lon="-119.83080999925733">
        <ele>1.4</ele>
      </trkpt>
      <trkpt lat="34.418199956417084" lon="-119.83059994876385">
        <ele>1.3</ele>
      </trkpt>
      <trkpt lat="34.41825997084379" lon="-119.83051998540759">
        <ele>1.3</ele>
      </trkpt>
      <trkpt lat="34.41842995584011" lon="-119.8303899820894">
        <ele>1.3</ele>
      </trkpt>
      <trkpt lat="34.41853992640972" lon="-119.83033994212747">
        <ele>1.2</ele>
      </trkpt>
      <trkpt lat="34.418719969689846" lon="-119.83029996044934">
        <ele>1.2</ele>
      </trkpt>
      <trkpt lat="34.4187999330461" lon="-119.83030993491411">
        <ele>1.2</ele>
      </trkpt>
      <trkpt lat="34.41895994357765" lon="-119.83035997487605">
        <ele>1.3</ele>
      </trkpt>
      <trkpt lat="34.419189943000674" lon="-119.83045997098088">
        <ele>1.4</ele>
      </trkpt>
      <trkpt lat="34.41923998296261" lon="-119.83049995265901">
        <ele>1.5</ele>
      </trkpt>
      <trkpt lat="34.41940996795893" lon="-119.83074998483062">
        <ele>1.7</ele>
      </trkpt>
      <trkpt lat="34.41945992410183" lon="-119.83079994097352">
        <ele>1.8</ele>
      </trkpt>
      <trkpt lat="34.419559920206666" lon="-119.83083992265165">
        <ele>2.0</ele>
      </trkpt>
      <trkpt lat="34.419639967381954" lon="-119.83084998093545">
        <ele>2.1</ele>
      </trkpt>
      <trkpt lat="34.41967994906008" lon="-119.83083992265165">
        <ele>2.1</ele>
      </trkpt>
      <trkpt lat="34.419769970700145" lon="-119.83075995929539">
        <ele>2.1</ele>
      </trkpt>
      <trkpt lat="34.41996996290982" lon="-119.83050992712379">
        <ele>1.9</ele>
      </trkpt>
      <trkpt lat="34.421079978346825" lon="-119.82929999940097">
        <ele>1.2</ele>
      </trkpt>
      <trkpt lat="34.4213299266994" lon="-119.82885994948447">
        <ele>1.1</ele>
      </trkpt>
      <trkpt lat="34.42140997387469" lon="-119.82877998612821">
        <ele>1.1</ele>
      </trkpt>
      <trkpt lat="34.422779995948076" lon="-119.8276699706912">
        <ele>1.4</ele>
      </trkpt>
      <trkpt lat="34.42283992655575" lon="-119.8276099562645">
        <ele>1.4</ele>
      </trkpt>
      <trkpt lat="34.42289994098246" lon="-119.82745992019773">
        <ele>1.4</ele>
      </trkpt>
      <trkpt lat="34.42286993376911" lon="-119.82727996073663">
        <ele>1.4</ele>
      </trkpt>
      <trkpt lat="34.422649992629886" lon="-119.82684996910393">
        <ele>1.4</ele>
      </trkpt>
      <trkpt lat="34.422519989311695" lon="-119.82643992640078">
        <ele>1.5</ele>
      </trkpt>
      <trkpt lat="34.42248998209834" lon="-119.82627999968827">
        <ele>1.5</ele>
      </trkpt>
      <trkpt lat="34.42246994934976" lon="-119.82594992034137">
        <ele>1.5</ele>
      </trkpt>
      <trkpt lat="34.422499956563115" lon="-119.82560995034873">
        <ele>1.5</ele>
      </trkpt>
      <trkpt lat="34.42254999652505" lon="-119.82536997646093">
        <ele>1.5</ele>
      </trkpt>
      <trkpt lat="34.423359939828515" lon="-119.82195996679366">
        <ele>3.9</ele>
      </trkpt>
      <trkpt lat="34.42338994704187" lon="-119.82113996520638">
        <ele>3.9</ele>
      </trkpt>
      <trkpt lat="34.423529924824834" lon="-119.8201999347657">
        <ele>3.9</ele>
      </trkpt>
      <trkpt lat="34.42355993203819" lon="-119.81979995034635">
        <ele>3.8</ele>
      </trkpt>
      <trkpt lat="34.42360997200012" lon="-119.81743994168937">
        <ele>3.3</ele>
      </trkpt>
      <trkpt lat="34.42360997200012" lon="-119.81595994904637">
        <ele>4.1</ele>
      </trkpt>
      <trkpt lat="34.42362992092967" lon="-119.81562995351851">
        <ele>4.3</ele>
      </trkpt>
      <trkpt lat="34.423699993640184" lon="-119.81510994024575">
        <ele>4.5</ele>
      </trkpt>
      <trkpt lat="34.42377995699644" lon="-119.81472998857498">
        <ele>4.8</ele>
      </trkpt>
      <trkpt lat="34.424219923093915" lon="-119.81331998482347">
        <ele>6.9</ele>
      </trkpt>
      <trkpt lat="34.424879997968674" lon="-119.81152994558215">
        <ele>7.0</ele>
      </trkpt>
      <trkpt lat="34.424929954111576" lon="-119.81141997501254">
        <ele>7.0</ele>
      </trkpt>
      <trkpt lat="34.42503992468119" lon="-119.8113199789077">
        <ele>7.0</ele>
      </trkpt>
      <trkpt lat="34.42525994963944" lon="-119.81122995726764">
        <ele>7.1</ele>
      </trkpt>
      <trkpt lat="34.425379978492856" lon="-119.81091999448836">
        <ele>7.1</ele>
      </trkpt>
      <trkpt lat="34.42540998570621" lon="-119.81042998842895">
        <ele>7.0</ele>
      </trkpt>
      <trkpt lat="34.42520999349654" lon="-119.81002992019057">
        <ele>7.0</ele>
      </trkpt>
      <trkpt lat="34.42514997906983" lon="-119.80987996794283">
        <ele>7.0</ele>
      </trkpt>
      <trkpt lat="34.42513992078602" lon="-119.80978994630277">
        <ele>7.0</ele>
      </trkpt>
      <trkpt lat="34.425269924104214" lon="-119.80733999982476">
        <ele>7.7</ele>
      </trkpt>
      <trkpt lat="34.42536992020905" lon="-119.80676994659007">
        <ele>7.9</ele>
      </trkpt>
      <trkpt lat="34.4255399890244" lon="-119.80614993721247">
        <ele>8.2</ele>
      </trkpt>
      <trkpt lat="34.42600996233523" lon="-119.80223994702101">
        <ele>8.8</ele>
      </trkpt>
      <trkpt lat="34.426239961758256" lon="-119.80105994269252">
        <ele>9.0</ele>
      </trkpt>
      <trkpt lat="34.426279943436384" lon="-119.80068996548653">
        <ele>9.1</ele>
      </trkpt>
      <trkpt lat="34.42628991790116" lon="-119.79864997789264">
        <ele>9.4</ele>
      </trkpt>
      <trkpt lat="34.42631992511451" lon="-119.79832995682955">
        <ele>9.5</ele>
      </trkpt>
      <trkpt lat="34.42638999782503" lon="-119.79802996851504">
        <ele>9.6</ele>
      </trkpt>
      <trkpt lat="34.42645998671651" lon="-119.79776996187866">
        <ele>9.6</ele>
      </trkpt>
      <trkpt lat="34.426579931750894" lon="-119.7974899224937">
        <ele>9.6</ele>
      </trkpt>
      <trkpt lat="34.42737998440862" lon="-119.7960199881345">
        <ele>9.9</ele>
      </trkpt>
      <trkpt lat="34.42778994329274" lon="-119.79527994990349">
        <ele>9.9</ele>
      </trkpt>
      <trkpt lat="34.42967997863889" lon="-119.79208996519446">
        <ele>10.3</ele>
      </trkpt>
      <trkpt lat="34.42981995642185" lon="-119.79181998409331">
        <ele>10.3</ele>
      </trkpt>
      <trkpt lat="34.42996999248862" lon="-119.7913799341768">
        <ele>10.3</ele>
      </trkpt>
      <trkpt lat="34.430229999125004" lon="-119.79016992263496">
        <ele>10.6</ele>
      </trkpt>
      <trkpt lat="34.43041993305087" lon="-119.78960992768407">
        <ele>10.8</ele>
      </trkpt>
      <trkpt lat="34.43054993636906" lon="-119.78855992667377">
        <ele>11.1</ele>
      </trkpt>
      <trkpt lat="34.43052998743951" lon="-119.7884999960661">
        <ele>11.1</ele>
      </trkpt>
      <trkpt lat="34.43017995916307" lon="-119.78825993835926">
        <ele>11.3</ele>
      </trkpt>
      <trkpt lat="34.43015992641449" lon="-119.78820998221636">
        <ele>11.3</ele>
      </trkpt>
      <trkpt lat="34.43015992641449" lon="-119.78813999332488">
        <ele>11.3</ele>
      </trkpt>
      <trkpt lat="34.43028992973268" lon="-119.78783992119133">
        <ele>11.5</ele>
      </trkpt>
      <trkpt lat="34.43050995469093" lon="-119.78705998510122">
        <ele>11.7</ele>
      </trkpt>
      <trkpt lat="34.43054993636906" lon="-119.78683996014297">
        <ele>11.9</ele>
      </trkpt>
      <trkpt lat="34.43056996911764" lon="-119.78658992797136">
        <ele>12.0</ele>
      </trkpt>
      <trkpt lat="34.430639958009124" lon="-119.78633997961879">
        <ele>12.0</ele>
      </trkpt>
      <trkpt lat="34.43075998686254" lon="-119.78612992912531">
        <ele>12.1</ele>
      </trkpt>
      <trkpt lat="34.43141997791827" lon="-119.78546993806958">
        <ele>12.3</ele>
      </trkpt>
      <trkpt lat="34.43197997286916" lon="-119.78455999866128">
        <ele>12.8</ele>
      </trkpt>
      <trkpt lat="34.432079968973994" lon="-119.78427995927632">
        <ele>13.0</ele>
      </trkpt>
      <trkpt lat="34.43221994675696" lon="-119.78416998870671">
        <ele>13.1</ele>
      </trkpt>
      <trkpt lat="34.43240996450186" lon="-119.78382993489504">
        <ele>13.5</ele>
      </trkpt>
      <trkpt lat="34.43262998946011" lon="-119.78356992825866">
        <ele>13.1</ele>
      </trkpt>
      <trkpt lat="34.432829981669784" lon="-119.78316994383931">
        <ele>13.2</ele>
      </trkpt>
      <trkpt lat="34.43305998109281" lon="-119.7828699555248">
        <ele>13.1</ele>
      </trkpt>
      <trkpt lat="34.433189984411" lon="-119.78260994888842">
        <ele>13.2</ele>
      </trkpt>
      <trkpt lat="34.433389976620674" lon="-119.78233996778727">
        <ele>13.2</ele>
      </trkpt>
      <trkpt lat="34.43344999104738" lon="-119.7821999900043">
        <ele>13.2</ele>
      </trkpt>
      <trkpt lat="34.433649983257055" lon="-119.78159992955625">
        <ele>13.4</ele>
      </trkpt>
      <trkpt lat="34.433609917759895" lon="-119.78086994960904">
        <ele>14.1</ele>
      </trkpt>
      <trkpt lat="34.43352995440364" lon="-119.78032998740673">
        <ele>14.5</ele>
      </trkpt>
      <trkpt lat="34.43353992886841" lon="-119.7802799474448">
        <ele>14.6</ele>
      </trkpt>
      <trkpt lat="34.43358996883035" lon="-119.78021993301809">
        <ele>14.6</ele>
      </trkpt>
      <trkpt lat="34.43376992829144" lon="-119.78011993691325">
        <ele>14.8</ele>
      </trkpt>
      <trkpt lat="34.43558997474611" lon="-119.78000996634364">
        <ele>17.2</ele>
      </trkpt>
      <trkpt lat="34.43550992757082" lon="-119.77638999000192">
        <ele>22.9</ele>
      </trkpt>
      <trkpt lat="34.435519985854626" lon="-119.77610995061696">
        <ele>23.1</ele>
      </trkpt>
      <trkpt lat="34.43559994921088" lon="-119.77586997672915">
        <ele>23.6</ele>
      </trkpt>
      <trkpt lat="34.43569994531572" lon="-119.77570996619761">
        <ele>24.3</ele>
      </trkpt>
      <trkpt lat="34.43580999970436" lon="-119.77557996287942">
        <ele>25.0</ele>
      </trkpt>
      <trkpt lat="34.436249965801835" lon="-119.77513999678195">
        <ele>26.3</ele>
      </trkpt>
      <trkpt lat="34.436359936371446" lon="-119.77495995350182">
        <ele>26.6</ele>
      </trkpt>
      <trkpt lat="34.436399918049574" lon="-119.77482995018363">
        <ele>26.5</ele>
      </trkpt>
      <trkpt lat="34.43640997633338" lon="-119.77460992522538">
        <ele>26.2</ele>
      </trkpt>
      <trkpt lat="34.43636999465525" lon="-119.77448998019099">
        <ele>26.0</ele>
      </trkpt>
      <trkpt lat="34.43636999465525" lon="-119.77433994412422">
        <ele>25.8</ele>
      </trkpt>
      <trkpt lat="34.43640997633338" lon="-119.77395999245346">
        <ele>25.4</ele>
      </trkpt>
      <trkpt lat="34.436379969120026" lon="-119.77363997139037">
        <ele>25.8</ele>
      </trkpt>
      <trkpt lat="34.43634996190667" lon="-119.77280999533832">
        <ele>26.0</ele>
      </trkpt>
      <trkpt lat="34.43630998022854" lon="-119.77112992666662">
        <ele>26.9</ele>
      </trkpt>
      <trkpt lat="34.436249965801835" lon="-119.77110997773707">
        <ele>26.8</ele>
      </trkpt>
      <trkpt lat="34.43623999133706" lon="-119.771019956097">
        <ele>26.9</ele>
      </trkpt>
      <trkpt lat="34.43653997965157" lon="-119.77021998725832">
        <ele>27.9</ele>
      </trkpt>
      <trkpt lat="34.436999978497624" lon="-119.76829994469881">
        <ele>29.6</ele>
      </trkpt>
      <trkpt lat="34.436979945749044" lon="-119.76800993084908">
        <ele>29.8</ele>
      </trkpt>
      <trkpt lat="34.43698992021382" lon="-119.76795997470617">
        <ele>29.8</ele>
      </trkpt>
      <trkpt lat="34.43722997792065" lon="-119.76770994253457">
        <ele>30.1</ele>
      </trkpt>
      <trkpt lat="34.43810999393463" lon="-119.76659992709756">
        <ele>32.5</ele>
      </trkpt>
      <trkpt lat="34.438179982826114" lon="-119.76655994541943">
        <ele>32.8</ele>
      </trkpt>
      <trkpt lat="34.43802994675934" lon="-119.76625995710492">
        <ele>34.2</ele>
      </trkpt>
      <trkpt lat="34.43793992511928" lon="-119.7660299576819">
        <ele>35.2</ele>
      </trkpt>
      <trkpt lat="34.43776994012296" lon="-119.765469962731">
        <ele>34.3</ele>
      </trkpt>
      <trkpt lat="34.43771998398006" lon="-119.7652299888432">
        <ele>34.2</ele>
      </trkpt>
      <trkpt lat="34.4374399445951" lon="-119.76305999793112">
        <ele>34.2</ele>
      </trkpt>
      <trkpt lat="34.43713995628059" lon="-119.7611599881202">
        <ele>39.0</ele>
      </trkpt>
      <trkpt lat="34.43701992742717" lon="-119.75942996330559">
        <ele>40.9</ele>
      </trkpt>
      <trkpt lat="34.4368199352175" lon="-119.75439998321235">
        <ele>53.8</ele>
      </trkpt>
      <trkpt lat="34.436789928004146" lon="-119.75408993661404">
        <ele>53.9</ele>
      </trkpt>
      <trkpt lat="34.43671993911266" lon="-119.75370998494327">
        <ele>54.1</ele>
      </trkpt>
      <trkpt lat="34.43664995022118" lon="-119.75342994555831">
        <ele>54.4</ele>
      </trkpt>
      <trkpt lat="34.43647996522486" lon="-119.75292996503413">
        <ele>54.8</ele>
      </trkpt>
      <trkpt lat="34.43629992194474" lon="-119.7525099478662">
        <ele>55.4</ele>
      </trkpt>
      <trkpt lat="34.43610998801887" lon="-119.75218992680311">
        <ele>55.9</ele>
      </trkpt>
      <trkpt lat="34.43501992151141" lon="-119.75060993805528">
        <ele>57.2</ele>
      </trkpt>
      <trkpt lat="34.43449999205768" lon="-119.74996997974813">
        <ele>60.6</ele>
      </trkpt>
      <trkpt lat="34.4327599927783" lon="-119.74802998825908">
        <ele>46.4</ele>
      </trkpt>
      <trkpt lat="34.43247995339334" lon="-119.74766998551786">
        <ele>46.1</ele>
      </trkpt>
      <trkpt lat="34.43221994675696" lon="-119.74727997556329">
        <ele>46.1</ele>
      </trkpt>
      <trkpt lat="34.43049998022616" lon="-119.74446994252503">
        <ele>46.4</ele>
      </trkpt>
      <trkpt lat="34.43000997416675" lon="-119.74359998479486">
        <ele>46.4</ele>
      </trkpt>
      <trkpt lat="34.4293599575758" lon="-119.74229995161295">
        <ele>48.3</ele>
      </trkpt>
      <trkpt lat="34.42863098345697" lon="-119.74067193455994">
        <ele>48.8</ele>
      </trkpt>
      <trkpt lat="34.42837994545698" lon="-119.74019994959235">
        <ele>46.8</ele>
      </trkpt>
      <trkpt lat="34.42780997604132" lon="-119.73935999907553">
        <ele>44.4</ele>
      </trkpt>
      <trkpt lat="34.427009923383594" lon="-119.7382599581033">
        <ele>40.5</ele>
      </trkpt>
      <trkpt lat="34.42681998945773" lon="-119.73790992982686">
        <ele>36.0</ele>
      </trkpt>
      <trkpt lat="34.426669953390956" lon="-119.73753995262086">
        <ele>33.6</ele>
      </trkpt>
      <trkpt lat="34.426579931750894" lon="-119.73724993877113">
        <ele>32.1</ele>
      </trkpt>
      <trkpt lat="34.426519917324185" lon="-119.73698993213475">
        <ele>31.5</ele>
      </trkpt>
      <trkpt lat="34.42646996118128" lon="-119.7365899477154">
        <ele>31.8</ele>
      </trkpt>
      <trkpt lat="34.4264499284327" lon="-119.73557992838323">
        <ele>38.7</ele>
      </trkpt>
      <trkpt lat="34.426429979503155" lon="-119.73543995060027">
        <ele>40.4</ele>
      </trkpt>
      <trkpt lat="34.42633995786309" lon="-119.73511992953718">
        <ele>44.4</ele>
      </trkpt>
      <trkpt lat="34.426279943436384" lon="-119.73501993343234">
        <ele>45.2</ele>
      </trkpt>
      <trkpt lat="34.426109958440065" lon="-119.73484994843602">
        <ele>45.3</ele>
      </trkpt>
      <trkpt lat="34.425959922373295" lon="-119.73463998176157">
        <ele>45.0</ele>
      </trkpt>
      <trkpt lat="34.425869984552264" lon="-119.73445993848145">
        <ele>45.0</ele>
      </trkpt>
      <trkpt lat="34.4257799629122" lon="-119.73421996459365">
        <ele>45.2</ele>
      </trkpt>
      <trkpt lat="34.42478997632861" lon="-119.72982994280756">
        <ele>45.6</ele>
      </trkpt>
      <trkpt lat="34.42465997301042" lon="-119.72830996848643">
        <ele>46.0</ele>
      </trkpt>
      <trkpt lat="34.42462996579707" lon="-119.72776992246509">
        <ele>45.2</ele>
      </trkpt>
      <trkpt lat="34.42500991746783" lon="-119.72415992058814">
        <ele>36.8</ele>
      </trkpt>
      <trkpt lat="34.423809964209795" lon="-119.72200996242464">
        <ele>34.2</ele>
      </trkpt>
      <trkpt lat="34.425119971856475" lon="-119.72063994035125">
        <ele>32.1</ele>
      </trkpt>
      <trkpt lat="34.426539950072765" lon="-119.71911996603012">
        <ele>34.1</ele>
      </trkpt>
      <trkpt lat="34.413519920781255" lon="-119.70131998881698">
        <ele>12.2</ele>
      </trkpt>
      <trkpt lat="34.412919944152236" lon="-119.70051993615925">
        <ele>11.8</ele>
      </trkpt>
      <trkpt lat="34.41274995915592" lon="-119.7002499550581">
        <ele>11.7</ele>
      </trkpt>
      <trkpt lat="34.41269991919398" lon="-119.70008994452655">
        <ele>11.6</ele>
      </trkpt>
      <trkpt lat="34.41261995583773" lon="-119.69954998232424">
        <ele>11.3</ele>
      </trkpt>
      <trkpt lat="34.412529934197664" lon="-119.69937999732792">
        <ele>11.2</ele>
      </trkpt>
      <trkpt lat="34.41188997589052" lon="-119.69892997294664">
        <ele>11.5</ele>
      </trkpt>
      <trkpt lat="34.411369962617755" lon="-119.69836997799575">
        <ele>11.5</ele>
      </trkpt>
      <trkpt lat="34.408619944006205" lon="-119.69462997280061">
        <ele>8.9</ele>
      </trkpt>
      <trkpt lat="34.408059949055314" lon="-119.6938999928534">
        <ele>7.1</ele>
      </trkpt>
      <trkpt lat="34.40811996348202" lon="-119.69381994567811">
        <ele>6.6</ele>
      </trkpt>
      <trkpt lat="34.4091899972409" lon="-119.69268998131156">
        <ele>3.6</ele>
      </trkpt>
      <trkpt lat="34.41068993881345" lon="-119.69105995260179">
        <ele>3.1</ele>
      </trkpt>
      <trkpt lat="34.411199977621436" lon="-119.69033994711936">
        <ele>3.1</ele>
      </trkpt>
      <trkpt lat="34.41217998974025" lon="-119.689199924469">
        <ele>3.2</ele>
      </trkpt>
      <trkpt lat="34.412079993635416" lon="-119.68917997553945">
        <ele>3.2</ele>
      </trkpt>
      <trkpt lat="34.411959964782" lon="-119.6890199650079">
        <ele>2.9</ele>
      </trkpt>
      <trkpt lat="34.411959964782" lon="-119.68893991783261">
        <ele>2.9</ele>
      </trkpt>
      <trkpt lat="34.41197999753058" lon="-119.68890999443829">
        <ele>2.8</ele>
      </trkpt>
      <trkpt lat="34.411929957568645" lon="-119.688829947263">
        <ele>2.7</ele>
      </trkpt>
    </trkseg>
  </trk>
</gpx>
