<?xml version="1.0" encoding="UTF-8"?>
<gpx creator="Garmin Connect" version="1.1"
  xsi:schemaLocation="http://www.topografix.com/GPX/1/1 http://www.topografix.com/GPX/11.xsd"
  xmlns:ns3="http://www.garmin.com/xmlschemas/TrackPointExtension/v1"
  xmlns="http://www.topografix.com/GPX/1/1"
  xmlns:xsi="http://www.w3.org/2001/XMLSchema-instance" xmlns:ns2="http://www.garmin.com/xmlschemas/GpxExtensions/v3">
  <metadata>
    <name>Day 4: Big Sur to San Simeon</name>
    <link href="connect.garmin.com">
      <text>Garmin Connect</text>
    </link>
    <time>2026-07-06T18:56:13.000Z</time>
  </metadata>
  <wpt lat="36.2507279" lon="-121.7863038">
    <ele>0.0</ele>
    <name>Big Sur Lodge</name>
    <type>GENERIC</type>
  </wpt>
  <wpt lat="35.7811707" lon="-121.3301121">
    <ele>0.0</ele>
    <name>Ragged Point</name>
    <type>GENERIC</type>
  </wpt>
  <wpt lat="35.6137386" lon="-121.1460215">
    <ele>0.0</ele>
    <name>Cavalier Oceanf</name>
    <type>GENERIC</type>
  </wpt>
  <trk>
    <name>Day 4: Big Sur to San Simeon</name>
    <trkseg>
      <trkpt lat="36.250727819278836" lon="-121.78630373440683">
        <ele>72.25</ele>
      </trkpt>
      <trkpt lat="36.25065992586315" lon="-121.78637992590666">
        <ele>72.34</ele>
      </trkpt>
      <trkpt lat="36.2506399769336" lon="-121.78643994033337">
        <ele>72.44</ele>
      </trkpt>
      <trkpt lat="36.2506399769336" lon="-121.7864799220115">
        <ele>72.53</ele>
      </trkpt>
      <trkpt lat="36.25067995861173" lon="-121.78651998750865">
        <ele>72.62</ele>
      </trkpt>
      <trkpt lat="36.25070996582508" lon="-121.7865399364382">
        <ele>72.7</ele>
      </trkpt>
      <trkpt lat="36.25083996914327" lon="-121.78661998361349">
        <ele>72.81</ele>
      </trkpt>
      <trkpt lat="36.25109997577965" lon="-121.78676993586123">
        <ele>72.94</ele>
      </trkpt>
      <trkpt lat="36.251149931922555" lon="-121.78676993586123">
        <ele>73.05</ele>
      </trkpt>
      <trkpt lat="36.251169964671135" lon="-121.78674998693168">
        <ele>73.17</ele>
      </trkpt>
      <trkpt lat="36.25117993913591" lon="-121.78671997971833">
        <ele>73.29</ele>
      </trkpt>
      <trkpt lat="36.251169964671135" lon="-121.7866799980402">
        <ele>73.41</ele>
      </trkpt>
      <trkpt lat="36.2511199247092" lon="-121.78661998361349">
        <ele>73.52</ele>
      </trkpt>
      <trkpt lat="36.25108991749585" lon="-121.78657991811633">
        <ele>73.63</ele>
      </trkpt>
      <trkpt lat="36.250999979674816" lon="-121.78643994033337">
        <ele>73.75</ele>
      </trkpt>
      <trkpt lat="36.25098992139101" lon="-121.78638998419046">
        <ele>73.88</ele>
      </trkpt>
      <trkpt lat="36.25095999799669" lon="-121.78632996976376">
        <ele>74.0</ele>
      </trkpt>
      <trkpt lat="36.250909958034754" lon="-121.78618999198079">
        <ele>74.15</ele>
      </trkpt>
      <trkpt lat="36.250913981348276" lon="-121.78618571721017">
        <ele>74.27</ele>
      </trkpt>
      <trkpt lat="36.25095999799669" lon="-121.78619996644557">
        <ele>74.38</ele>
      </trkpt>
      <trkpt lat="36.25102998688817" lon="-121.78618999198079">
        <ele>74.5</ele>
      </trkpt>
      <trkpt lat="36.251189997419715" lon="-121.78628998808563">
        <ele>74.61</ele>
      </trkpt>
      <trkpt lat="36.25134992413223" lon="-121.78639995865524">
        <ele>74.72</ele>
      </trkpt>
      <trkpt lat="36.251429971307516" lon="-121.78645997308195">
        <ele>74.82</ele>
      </trkpt>
      <trkpt lat="36.2515499163419" lon="-121.78655996918678">
        <ele>74.92</ele>
      </trkpt>
      <trkpt lat="36.251579923555255" lon="-121.78657991811633">
        <ele>74.98</ele>
      </trkpt>
      <trkpt lat="36.25160993076861" lon="-121.78658997640014">
        <ele>75.02</ele>
      </trkpt>
      <trkpt lat="36.25164999626577" lon="-121.78658997640014">
        <ele>75.04</ele>
      </trkpt>
      <trkpt lat="36.251709926873446" lon="-121.78658997640014">
        <ele>75.05</ele>
      </trkpt>
      <trkpt lat="36.25175996683538" lon="-121.78657991811633">
        <ele>75.04</ele>
      </trkpt>
      <trkpt lat="36.251899944618344" lon="-121.78654999472201">
        <ele>75.04</ele>
      </trkpt>
      <trkpt lat="36.25193992629647" lon="-121.78654999472201">
        <ele>75.02</ele>
      </trkpt>
      <trkpt lat="36.25206992961466" lon="-121.7865399364382">
        <ele>74.99</ele>
      </trkpt>
      <trkpt lat="36.25210999511182" lon="-121.7865399364382">
        <ele>74.94</ele>
      </trkpt>
      <trkpt lat="36.2521699257195" lon="-121.7865399364382">
        <ele>74.87</ele>
      </trkpt>
      <trkpt lat="36.25220999121666" lon="-121.78654999472201">
        <ele>74.77</ele>
      </trkpt>
      <trkpt lat="36.25225994735956" lon="-121.78656994365156">
        <ele>74.66</ele>
      </trkpt>
      <trkpt lat="36.252289954572916" lon="-121.78658997640014">
        <ele>74.53</ele>
      </trkpt>
      <trkpt lat="36.25236991792917" lon="-121.78664999082685">
        <ele>74.34</ele>
      </trkpt>
      <trkpt lat="36.25243999063969" lon="-121.78670992143452">
        <ele>74.14</ele>
      </trkpt>
      <trkpt lat="36.25246999785304" lon="-121.78673992864788">
        <ele>73.93</ele>
      </trkpt>
      <trkpt lat="36.25257996842265" lon="-121.78683992475271">
        <ele>73.67</ele>
      </trkpt>
      <trkpt lat="36.252609975636005" lon="-121.78686993196607">
        <ele>73.41</ele>
      </trkpt>
      <trkpt lat="36.25272992067039" lon="-121.78698996081948">
        <ele>73.1</ele>
      </trkpt>
      <trkpt lat="36.252739978954196" lon="-121.78700999356806">
        <ele>72.8</ele>
      </trkpt>
      <trkpt lat="36.25276998616755" lon="-121.78704997524619">
        <ele>72.49</ele>
      </trkpt>
      <trkpt lat="36.25280996784568" lon="-121.7870999313891">
        <ele>72.16</ele>
      </trkpt>
      <trkpt lat="36.25283997505903" lon="-121.7871599458158">
        <ele>71.83</ele>
      </trkpt>
      <trkpt lat="36.25283997505903" lon="-121.78716992028058">
        <ele>71.51</ele>
      </trkpt>
      <trkpt lat="36.25284994952381" lon="-121.78718995302916">
        <ele>71.18</ele>
      </trkpt>
      <trkpt lat="36.25287995673716" lon="-121.78728994913399">
        <ele>70.8</ele>
      </trkpt>
      <trkpt lat="36.252876687794924" lon="-121.78728902712464">
        <ele>70.48</ele>
      </trkpt>
      <trkpt lat="36.25280996784568" lon="-121.78735993802547">
        <ele>70.12</ele>
      </trkpt>
      <trkpt lat="36.25263998284936" lon="-121.78735993802547">
        <ele>69.8</ele>
      </trkpt>
      <trkpt lat="36.25244996510446" lon="-121.78735993802547">
        <ele>69.49</ele>
      </trkpt>
      <trkpt lat="36.25240998342633" lon="-121.78735993802547">
        <ele>69.19</ele>
      </trkpt>
      <trkpt lat="36.25229992903769" lon="-121.7873499635607">
        <ele>68.91</ele>
      </trkpt>
      <trkpt lat="36.252269921824336" lon="-121.7873499635607">
        <ele>68.65</ele>
      </trkpt>
      <trkpt lat="36.25222994014621" lon="-121.78733998909593">
        <ele>68.41</ele>
      </trkpt>
      <trkpt lat="36.25212994404137" lon="-121.78732993081212">
        <ele>68.18</ele>
      </trkpt>
      <trkpt lat="36.25209993682802" lon="-121.78731995634735">
        <ele>67.97</ele>
      </trkpt>
      <trkpt lat="36.25203992240131" lon="-121.78730998188257">
        <ele>67.78</ele>
      </trkpt>
      <trkpt lat="36.25194998458028" lon="-121.78728994913399">
        <ele>67.61</ele>
      </trkpt>
      <trkpt lat="36.25186993740499" lon="-121.78726991638541">
        <ele>67.45</ele>
      </trkpt>
      <trkpt lat="36.25177999958396" lon="-121.78724996745586">
        <ele>67.31</ele>
      </trkpt>
      <trkpt lat="36.25165997073054" lon="-121.78721996024251">
        <ele>67.19</ele>
      </trkpt>
      <trkpt lat="36.25153994187713" lon="-121.78717997856438">
        <ele>67.12</ele>
      </trkpt>
      <trkpt lat="36.25139996409416" lon="-121.7871099896729">
        <ele>67.05</ele>
      </trkpt>
      <trkpt lat="36.25126996077597" lon="-121.78705994971097">
        <ele>66.98</ele>
      </trkpt>
      <trkpt lat="36.251149931922555" lon="-121.78700999356806">
        <ele>66.92</ele>
      </trkpt>
      <trkpt lat="36.251059994101524" lon="-121.7869699280709">
        <ele>66.87</ele>
      </trkpt>
      <trkpt lat="36.250999979674816" lon="-121.78693992085755">
        <ele>66.83</ele>
      </trkpt>
      <trkpt lat="36.250929990783334" lon="-121.78688996471465">
        <ele>66.8</ele>
      </trkpt>
      <trkpt lat="36.250909958034754" lon="-121.78687999024987">
        <ele>66.79</ele>
      </trkpt>
      <trkpt lat="36.25089998356998" lon="-121.78687999024987">
        <ele>66.79</ele>
      </trkpt>
      <trkpt lat="36.250849943608046" lon="-121.78684998303652">
        <ele>66.8</ele>
      </trkpt>
      <trkpt lat="36.25079998746514" lon="-121.78681997582316">
        <ele>66.82</ele>
      </trkpt>
      <trkpt lat="36.2506899330765" lon="-121.78673992864788">
        <ele>66.84</ele>
      </trkpt>
      <trkpt lat="36.25046999193728" lon="-121.78658997640014">
        <ele>66.88</ele>
      </trkpt>
      <trkpt lat="36.250419951975346" lon="-121.78655996918678">
        <ele>66.93</ele>
      </trkpt>
      <trkpt lat="36.25038994476199" lon="-121.78652996197343">
        <ele>67.0</ele>
      </trkpt>
      <trkpt lat="36.25029992312193" lon="-121.78645997308195">
        <ele>67.08</ele>
      </trkpt>
      <trkpt lat="36.25016991980374" lon="-121.78633994422853">
        <ele>67.19</ele>
      </trkpt>
      <trkpt lat="36.25008995644748" lon="-121.78626995533705">
        <ele>67.33</ele>
      </trkpt>
      <trkpt lat="36.250009993091226" lon="-121.78618999198079">
        <ele>67.48</ele>
      </trkpt>
      <trkpt lat="36.249989960342646" lon="-121.78615998476744">
        <ele>67.62</ele>
      </trkpt>
      <trkpt lat="36.249879989773035" lon="-121.7860499303788">
        <ele>67.81</ele>
      </trkpt>
      <trkpt lat="36.24984998255968" lon="-121.78601992316544">
        <ele>67.99</ele>
      </trkpt>
      <trkpt lat="36.24980991706252" lon="-121.78596996702254">
        <ele>68.2</ele>
      </trkpt>
      <trkpt lat="36.24976993538439" lon="-121.7859199270606">
        <ele>68.42</ele>
      </trkpt>
      <trkpt lat="36.24971997924149" lon="-121.78585999645293">
        <ele>68.67</ele>
      </trkpt>
      <trkpt lat="36.249669939279556" lon="-121.78579998202622">
        <ele>68.91</ele>
      </trkpt>
      <trkpt lat="36.249599950388074" lon="-121.78569998592138">
        <ele>69.17</ele>
      </trkpt>
      <trkpt lat="36.249579917639494" lon="-121.78566997870803">
        <ele>69.44</ele>
      </trkpt>
      <trkpt lat="36.24950992874801" lon="-121.78555992431939">
        <ele>69.73</ele>
      </trkpt>
      <trkpt lat="36.24947992153466" lon="-121.78551994264126">
        <ele>70.02</ele>
      </trkpt>
      <trkpt lat="36.249449998140335" lon="-121.78546998649836">
        <ele>70.31</ele>
      </trkpt>
      <trkpt lat="36.24943993985653" lon="-121.78545992821455">
        <ele>70.62</ele>
      </trkpt>
      <trkpt lat="36.24941999092698" lon="-121.7854299210012">
        <ele>70.93</ele>
      </trkpt>
      <trkpt lat="36.2493999581784" lon="-121.7853799648583">
        <ele>71.24</ele>
      </trkpt>
      <trkpt lat="36.24938998371363" lon="-121.7853799648583">
        <ele>71.57</ele>
      </trkpt>
      <trkpt lat="36.24937992542982" lon="-121.78534995764494">
        <ele>71.91</ele>
      </trkpt>
      <trkpt lat="36.249299962073565" lon="-121.78519992157817">
        <ele>72.3</ele>
      </trkpt>
      <trkpt lat="36.249279929324985" lon="-121.78515993990004">
        <ele>72.67</ele>
      </trkpt>
      <trkpt lat="36.249259980395436" lon="-121.78510998375714">
        <ele>73.06</ele>
      </trkpt>
      <trkpt lat="36.24924992211163" lon="-121.78507997654378">
        <ele>73.46</ele>
      </trkpt>
      <trkpt lat="36.24917993322015" lon="-121.78490999154747">
        <ele>73.89</ele>
      </trkpt>
      <trkpt lat="36.2491599842906" lon="-121.7848699260503">
        <ele>74.31</ele>
      </trkpt>
      <trkpt lat="36.249129977077246" lon="-121.78479993715882">
        <ele>74.76</ele>
      </trkpt>
      <trkpt lat="36.24911991879344" lon="-121.7847599554807">
        <ele>75.21</ele>
      </trkpt>
      <trkpt lat="36.24909996986389" lon="-121.78470999933779">
        <ele>75.69</ele>
      </trkpt>
      <trkpt lat="36.24903995543718" lon="-121.78455996327102">
        <ele>76.18</ele>
      </trkpt>
      <trkpt lat="36.2490199226886" lon="-121.78449994884431">
        <ele>76.7</ele>
      </trkpt>
      <trkpt lat="36.24895999208093" lon="-121.78435997106135">
        <ele>77.28</ele>
      </trkpt>
      <trkpt lat="36.24888983555138" lon="-121.78417473100126">
        <ele>77.9</ele>
      </trkpt>
      <trkpt lat="36.24881993047893" lon="-121.78398999385536">
        <ele>78.53</ele>
      </trkpt>
      <trkpt lat="36.248739967122674" lon="-121.78378991782665">
        <ele>79.2</ele>
      </trkpt>
      <trkpt lat="36.248679952695966" lon="-121.78363996557891">
        <ele>79.89</ele>
      </trkpt>
      <trkpt lat="36.24864994548261" lon="-121.78355991840363">
        <ele>80.6</ele>
      </trkpt>
      <trkpt lat="36.24863997101784" lon="-121.7835199367255">
        <ele>81.3</ele>
      </trkpt>
      <trkpt lat="36.24857995659113" lon="-121.78337995894253">
        <ele>82.05</ele>
      </trkpt>
      <trkpt lat="36.248539974913" lon="-121.7832799628377">
        <ele>82.79</ele>
      </trkpt>
      <trkpt lat="36.24848993495107" lon="-121.78316999226809">
        <ele>83.57</ele>
      </trkpt>
      <trkpt lat="36.248399997130036" lon="-121.78293999284506">
        <ele>84.38</ele>
      </trkpt>
      <trkpt lat="36.24829991720617" lon="-121.78277998231351">
        <ele>85.23</ele>
      </trkpt>
      <trkpt lat="36.24829991720617" lon="-121.78276992402971">
        <ele>86.07</ele>
      </trkpt>
      <trkpt lat="36.2481099832803" lon="-121.78245996125042">
        <ele>87.05</ele>
      </trkpt>
      <trkpt lat="36.24799992889166" lon="-121.78230992518365">
        <ele>87.98</ele>
      </trkpt>
      <trkpt lat="36.2479199655354" lon="-121.78221998736262">
        <ele>88.93</ele>
      </trkpt>
      <trkpt lat="36.24786992557347" lon="-121.78214999847114">
        <ele>89.91</ele>
      </trkpt>
      <trkpt lat="36.24778996221721" lon="-121.78206995129585">
        <ele>90.88</ele>
      </trkpt>
      <trkpt lat="36.247689966112375" lon="-121.78196995519102">
        <ele>91.89</ele>
      </trkpt>
      <trkpt lat="36.247559962794185" lon="-121.78186995908618">
        <ele>92.95</ele>
      </trkpt>
      <trkpt lat="36.24746994115412" lon="-121.78178999572992">
        <ele>94.0</ele>
      </trkpt>
      <trkpt lat="36.247449992224574" lon="-121.78177993744612">
        <ele>95.06</ele>
      </trkpt>
      <trkpt lat="36.247429959475994" lon="-121.78175998851657">
        <ele>96.14</ele>
      </trkpt>
      <trkpt lat="36.24731998890638" lon="-121.78169997408986">
        <ele>97.27</ele>
      </trkpt>
      <trkpt lat="36.24718998558819" lon="-121.78162998519838">
        <ele>98.43</ele>
      </trkpt>
      <trkpt lat="36.247109938412905" lon="-121.78159997798502">
        <ele>99.59</ele>
      </trkpt>
      <trkpt lat="36.24702997505665" lon="-121.78156997077167">
        <ele>100.8</ele>
      </trkpt>
      <trkpt lat="36.246849931776524" lon="-121.78150995634496">
        <ele>102.11</ele>
      </trkpt>
      <trkpt lat="36.246549943462014" lon="-121.78139998577535">
        <ele>103.53</ele>
      </trkpt>
      <trkpt lat="36.24640996567905" lon="-121.78135992027819">
        <ele>104.88</ele>
      </trkpt>
      <trkpt lat="36.24620997346938" lon="-121.78128993138671">
        <ele>106.23</ele>
      </trkpt>
      <trkpt lat="36.246007047593594" lon="-121.78122011013329">
        <ele>107.57</ele>
      </trkpt>
      <trkpt lat="36.24580412171781" lon="-121.78115020506084">
        <ele>108.95</ele>
      </trkpt>
      <trkpt lat="36.24559993855655" lon="-121.78107996471226">
        <ele>110.32</ele>
      </trkpt>
      <trkpt lat="36.24531998299062" lon="-121.78097996860743">
        <ele>111.76</ele>
      </trkpt>
      <trkpt lat="36.24516994692385" lon="-121.78092992864549">
        <ele>113.19</ele>
      </trkpt>
      <trkpt lat="36.24515997245908" lon="-121.78092992864549">
        <ele>114.56</ele>
      </trkpt>
      <trkpt lat="36.244959980249405" lon="-121.78085993975401">
        <ele>115.97</ele>
      </trkpt>
      <trkpt lat="36.24477993696928" lon="-121.78077997639775">
        <ele>117.38</ele>
      </trkpt>
      <trkpt lat="36.244619926437736" lon="-121.78069992922246">
        <ele>118.78</ele>
      </trkpt>
      <trkpt lat="36.24446997419" lon="-121.78061996586621">
        <ele>120.27</ele>
      </trkpt>
      <trkpt lat="36.244319938123226" lon="-121.78051996976137">
        <ele>121.71</ele>
      </trkpt>
      <trkpt lat="36.244189934805036" lon="-121.78040999919176">
        <ele>123.15</ele>
      </trkpt>
      <trkpt lat="36.244079964235425" lon="-121.78030991926789">
        <ele>124.56</ele>
      </trkpt>
      <trkpt lat="36.24398994259536" lon="-121.78021998144686">
        <ele>125.95</ele>
      </trkpt>
      <trkpt lat="36.24387997202575" lon="-121.78010992705822">
        <ele>127.3</ele>
      </trkpt>
      <trkpt lat="36.24376991763711" lon="-121.77998998202384">
        <ele>128.65</ele>
      </trkpt>
      <trkpt lat="36.24355995096266" lon="-121.77975998260081">
        <ele>130.01</ele>
      </trkpt>
      <trkpt lat="36.2434699293226" lon="-121.77965998649597">
        <ele>131.31</ele>
      </trkpt>
      <trkpt lat="36.24335995875299" lon="-121.77954993210733">
        <ele>132.64</ele>
      </trkpt>
      <trkpt lat="36.243349984288216" lon="-121.77954993210733">
        <ele>133.93</ele>
      </trkpt>
      <trkpt lat="36.24326993711293" lon="-121.77946996875107">
        <ele>135.25</ele>
      </trkpt>
      <trkpt lat="36.24316994100809" lon="-121.77938992157578">
        <ele>136.6</ele>
      </trkpt>
      <trkpt lat="36.243049995973706" lon="-121.77930995821953">
        <ele>137.93</ele>
      </trkpt>
      <trkpt lat="36.243009930476546" lon="-121.77928992547095">
        <ele>139.2</ele>
      </trkpt>
      <trkpt lat="36.24292996712029" lon="-121.77923996932805">
        <ele>140.49</ele>
      </trkpt>
      <trkpt lat="36.242849919945" lon="-121.77918992936611">
        <ele>141.74</ele>
      </trkpt>
      <trkpt lat="36.2425599899143" lon="-121.77904995158315">
        <ele>143.04</ele>
      </trkpt>
      <trkpt lat="36.24227995052934" lon="-121.77891994826496">
        <ele>144.34</ele>
      </trkpt>
      <trkpt lat="36.242059925571084" lon="-121.77881995216012">
        <ele>145.68</ele>
      </trkpt>
      <trkpt lat="36.24200996942818" lon="-121.77879991941154">
        <ele>146.93</ele>
      </trkpt>
      <trkpt lat="36.24186999164522" lon="-121.77872993052006">
        <ele>148.18</ele>
      </trkpt>
      <trkpt lat="36.24172993004322" lon="-121.7786499671638">
        <ele>149.43</ele>
      </trkpt>
      <trkpt lat="36.24159992672503" lon="-121.77857997827232">
        <ele>150.65</ele>
      </trkpt>
      <trkpt lat="36.24151996336877" lon="-121.77851996384561">
        <ele>151.82</ele>
      </trkpt>
      <trkpt lat="36.24140999279916" lon="-121.77844997495413">
        <ele>152.97</ele>
      </trkpt>
      <trkpt lat="36.241369927302" lon="-121.77842994220555">
        <ele>154.11</ele>
      </trkpt>
      <trkpt lat="36.241269931197166" lon="-121.77834997884929">
        <ele>155.24</ele>
      </trkpt>
      <trkpt lat="36.24116993509233" lon="-121.778269931674">
        <ele>156.26</ele>
      </trkpt>
      <trkpt lat="36.24092996120453" lon="-121.77805996499956">
        <ele>157.26</ele>
      </trkpt>
      <trkpt lat="36.24085997231305" lon="-121.77798997610807">
        <ele>158.3</ele>
      </trkpt>
      <trkpt lat="36.24077992513776" lon="-121.77791998721659">
        <ele>159.37</ele>
      </trkpt>
      <trkpt lat="36.24066995456815" lon="-121.77779995836318">
        <ele>160.41</ele>
      </trkpt>
      <trkpt lat="36.24055998399854" lon="-121.77766995504498">
        <ele>161.5</ele>
      </trkpt>
      <trkpt lat="36.24037994071841" lon="-121.77737994119525">
        <ele>162.76</ele>
      </trkpt>
      <trkpt lat="36.24028488993645" lon="-121.777204843238">
        <ele>163.9</ele>
      </trkpt>
      <trkpt lat="36.240189922973514" lon="-121.77702999673784">
        <ele>165.11</ele>
      </trkpt>
      <trkpt lat="36.24011993408203" lon="-121.7768699862063">
        <ele>166.28</ele>
      </trkpt>
      <trkpt lat="36.24004994519055" lon="-121.77671995013952">
        <ele>167.4</ele>
      </trkpt>
      <trkpt lat="36.239909967407584" lon="-121.77641996182501">
        <ele>168.56</ele>
      </trkpt>
      <trkpt lat="36.239849952980876" lon="-121.77628995850682">
        <ele>169.79</ele>
      </trkpt>
      <trkpt lat="36.23975984752178" lon="-121.77609977312386">
        <ele>170.99</ele>
      </trkpt>
      <trkpt lat="36.23966999351978" lon="-121.77590992301702">
        <ele>172.14</ele>
      </trkpt>
      <trkpt lat="36.23957988806069" lon="-121.77571479231119">
        <ele>173.31</ele>
      </trkpt>
      <trkpt lat="36.23948995023966" lon="-121.77551999688148">
        <ele>174.4</ele>
      </trkpt>
      <trkpt lat="36.23940487392247" lon="-121.7753448151052">
        <ele>175.5</ele>
      </trkpt>
      <trkpt lat="36.23931996524334" lon="-121.77516996860504">
        <ele>176.61</ele>
      </trkpt>
      <trkpt lat="36.23918996192515" lon="-121.77486998029053">
        <ele>177.61</ele>
      </trkpt>
      <trkpt lat="36.23911997303367" lon="-121.77471994422376">
        <ele>178.51</ele>
      </trkpt>
      <trkpt lat="36.23909994028509" lon="-121.77466998808086">
        <ele>179.51</ele>
      </trkpt>
      <trkpt lat="36.239009918645024" lon="-121.77447997033596">
        <ele>180.55</ele>
      </trkpt>
      <trkpt lat="36.238969936966896" lon="-121.77439992316067">
        <ele>181.62</ele>
      </trkpt>
      <trkpt lat="36.23890992254019" lon="-121.774199930951">
        <ele>182.87</ele>
      </trkpt>
      <trkpt lat="36.23886994086206" lon="-121.77406992763281">
        <ele>184.05</ele>
      </trkpt>
      <trkpt lat="36.2387899775058" lon="-121.77374999038875">
        <ele>185.26</ele>
      </trkpt>
      <trkpt lat="36.238779919222" lon="-121.77367991767824">
        <ele>186.32</ele>
      </trkpt>
      <trkpt lat="36.23875997029245" lon="-121.7735799215734">
        <ele>187.37</ele>
      </trkpt>
      <trkpt lat="36.23873993754387" lon="-121.77345997653902">
        <ele>188.41</ele>
      </trkpt>
      <trkpt lat="36.238709930330515" lon="-121.77323995158076">
        <ele>189.46</ele>
      </trkpt>
      <trkpt lat="36.238709930330515" lon="-121.77320994436741">
        <ele>190.46</ele>
      </trkpt>
      <trkpt lat="36.23867992311716" lon="-121.77301992662251">
        <ele>191.47</ele>
      </trkpt>
      <trkpt lat="36.23865997418761" lon="-121.77292998880148">
        <ele>192.45</ele>
      </trkpt>
      <trkpt lat="36.23862996697426" lon="-121.772719938308">
        <ele>193.45</ele>
      </trkpt>
      <trkpt lat="36.23858998529613" lon="-121.77250997163355">
        <ele>194.45</ele>
      </trkpt>
      <trkpt lat="36.238539945334196" lon="-121.77236999385059">
        <ele>195.43</ele>
      </trkpt>
      <trkpt lat="36.238489989191294" lon="-121.77222993224859">
        <ele>196.38</ele>
      </trkpt>
      <trkpt lat="36.238429974764585" lon="-121.77208995446563">
        <ele>197.33</ele>
      </trkpt>
      <trkpt lat="36.23837993480265" lon="-121.77197998389602">
        <ele>198.23</ele>
      </trkpt>
      <trkpt lat="36.23836996033788" lon="-121.77194997668266">
        <ele>199.1</ele>
      </trkpt>
      <trkpt lat="36.238279938697815" lon="-121.77178996615112">
        <ele>199.96</ele>
      </trkpt>
      <trkpt lat="36.23824993148446" lon="-121.77173992618918">
        <ele>200.79</ele>
      </trkpt>
      <trkpt lat="36.23818991705775" lon="-121.77163993008435">
        <ele>201.61</ele>
      </trkpt>
      <trkpt lat="36.238169968128204" lon="-121.7716199811548">
        <ele>202.41</ele>
      </trkpt>
      <trkpt lat="36.23811992816627" lon="-121.77154999226332">
        <ele>203.2</ele>
      </trkpt>
      <trkpt lat="36.23792504891753" lon="-121.77131999284029">
        <ele>204.01</ele>
      </trkpt>
      <trkpt lat="36.2377299182117" lon="-121.77108999341726">
        <ele>204.81</ele>
      </trkpt>
      <trkpt lat="36.237719943746924" lon="-121.77106996066868">
        <ele>205.55</ele>
      </trkpt>
      <trkpt lat="36.23758499510586" lon="-121.77092503756285">
        <ele>206.29</ele>
      </trkpt>
      <trkpt lat="36.23744996264577" lon="-121.77077994681895">
        <ele>207.01</ele>
      </trkpt>
      <trkpt lat="36.23744996264577" lon="-121.77076997235417">
        <ele>207.69</ele>
      </trkpt>
      <trkpt lat="36.23738994821906" lon="-121.77068992517889">
        <ele>208.36</ele>
      </trkpt>
      <trkpt lat="36.237269919365644" lon="-121.77051994018257">
        <ele>209.09</ele>
      </trkpt>
      <trkpt lat="36.23721996322274" lon="-121.77043997682631">
        <ele>209.77</ele>
      </trkpt>
      <trkpt lat="36.23720998875797" lon="-121.77043997682631">
        <ele>210.42</ele>
      </trkpt>
      <trkpt lat="36.237179981544614" lon="-121.7703799623996">
        <ele>211.08</ele>
      </trkpt>
      <trkpt lat="36.237099934369326" lon="-121.77026999182999">
        <ele>211.76</ele>
      </trkpt>
      <trkpt lat="36.237099934369326" lon="-121.77025993354619">
        <ele>212.38</ele>
      </trkpt>
      <trkpt lat="36.2370599526912" lon="-121.77019991911948">
        <ele>213.01</ele>
      </trkpt>
      <trkpt lat="36.236989963799715" lon="-121.77008994854987">
        <ele>213.66</ele>
      </trkpt>
      <trkpt lat="36.23689994215965" lon="-121.7699499707669">
        <ele>214.3</ele>
      </trkpt>
      <trkpt lat="36.23688996769488" lon="-121.76993999630213">
        <ele>214.89</ele>
      </trkpt>
      <trkpt lat="36.236799946054816" lon="-121.76978996023536">
        <ele>215.5</ele>
      </trkpt>
      <trkpt lat="36.236749989911914" lon="-121.76971997134387">
        <ele>216.1</ele>
      </trkpt>
      <trkpt lat="36.236689975485206" lon="-121.76960991695523">
        <ele>216.68</ele>
      </trkpt>
      <trkpt lat="36.236669942736626" lon="-121.76957999356091">
        <ele>217.24</ele>
      </trkpt>
      <trkpt lat="36.23659995384514" lon="-121.76946993917227">
        <ele>217.81</ele>
      </trkpt>
      <trkpt lat="36.23657992109656" lon="-121.76943993195891">
        <ele>218.38</ele>
      </trkpt>
      <trkpt lat="36.23657522723079" lon="-121.76943808794022">
        <ele>218.93</ele>
      </trkpt>
      <trkpt lat="36.236539939418435" lon="-121.76941998302937">
        <ele>219.5</ele>
      </trkpt>
      <trkpt lat="36.23650993220508" lon="-121.76939995028079">
        <ele>220.07</ele>
      </trkpt>
      <trkpt lat="36.23648998327553" lon="-121.76938997581601">
        <ele>220.63</ele>
      </trkpt>
      <trkpt lat="36.2364399433136" lon="-121.76933993585408">
        <ele>221.21</ele>
      </trkpt>
      <trkpt lat="36.236429968848825" lon="-121.76931998692453">
        <ele>221.76</ele>
      </trkpt>
      <trkpt lat="36.23641999438405" lon="-121.76931998692453">
        <ele>222.32</ele>
      </trkpt>
      <trkpt lat="36.23628999106586" lon="-121.76917992532253">
        <ele>222.96</ele>
      </trkpt>
      <trkpt lat="36.23616996221244" lon="-121.76906995475292">
        <ele>223.56</ele>
      </trkpt>
      <trkpt lat="36.23614992946386" lon="-121.76904992200434">
        <ele>224.13</ele>
      </trkpt>
      <trkpt lat="36.23613995499909" lon="-121.76904992200434">
        <ele>224.7</ele>
      </trkpt>
      <trkpt lat="36.235999977216125" lon="-121.76893995143473">
        <ele>225.33</ele>
      </trkpt>
      <trkpt lat="36.23598991893232" lon="-121.76893995143473">
        <ele>225.91</ele>
      </trkpt>
      <trkpt lat="36.23589998111129" lon="-121.7688999697566">
        <ele>226.52</ele>
      </trkpt>
      <trkpt lat="36.23587994836271" lon="-121.7688999697566">
        <ele>227.12</ele>
      </trkpt>
      <trkpt lat="36.235849941149354" lon="-121.76884992979467">
        <ele>227.72</ele>
      </trkpt>
      <trkpt lat="36.23583996668458" lon="-121.76882998086512">
        <ele>228.32</ele>
      </trkpt>
      <trkpt lat="36.23573997057974" lon="-121.768649937585">
        <ele>228.92</ele>
      </trkpt>
      <trkpt lat="36.23573577962816" lon="-121.76864733919501">
        <ele>229.55</ele>
      </trkpt>
      <trkpt lat="36.2357699777931" lon="-121.76853996701539">
        <ele>230.15</ele>
      </trkpt>
      <trkpt lat="36.235774671658874" lon="-121.76854373887181">
        <ele>230.79</ele>
      </trkpt>
      <trkpt lat="36.23551994562149" lon="-121.76833997480571">
        <ele>231.51</ele>
      </trkpt>
      <trkpt lat="36.23536999337375" lon="-121.7682199459523">
        <ele>232.29</ele>
      </trkpt>
      <trkpt lat="36.23530997894704" lon="-121.7681699898094">
        <ele>233.01</ele>
      </trkpt>
      <trkpt lat="36.23521995730698" lon="-121.76809991709888">
        <ele>233.75</ele>
      </trkpt>
      <trkpt lat="36.23508995398879" lon="-121.76801995374262">
        <ele>234.56</ele>
      </trkpt>
      <trkpt lat="36.23489993624389" lon="-121.7678999248892">
        <ele>235.36</ele>
      </trkpt>
      <trkpt lat="36.23487998731434" lon="-121.76788995042443">
        <ele>236.12</ele>
      </trkpt>
      <trkpt lat="36.2347699329257" lon="-121.76781996153295">
        <ele>236.92</ele>
      </trkpt>
      <trkpt lat="36.23473992571235" lon="-121.76779992878437">
        <ele>237.7</ele>
      </trkpt>
      <trkpt lat="36.234689969569445" lon="-121.76776992157102">
        <ele>238.5</ele>
      </trkpt>
      <trkpt lat="36.234579998999834" lon="-121.76770999096334">
        <ele>239.31</ele>
      </trkpt>
      <trkpt lat="36.23445997014642" lon="-121.76763991825283">
        <ele>240.14</ele>
      </trkpt>
      <trkpt lat="36.234259977936745" lon="-121.76751997321844">
        <ele>240.99</ele>
      </trkpt>
      <trkpt lat="36.23424991965294" lon="-121.76751997321844">
        <ele>241.84</ele>
      </trkpt>
      <trkpt lat="36.23401992022991" lon="-121.7674099188298">
        <ele>242.7</ele>
      </trkpt>
      <trkpt lat="36.233919924125075" lon="-121.7673599626869">
        <ele>243.57</ele>
      </trkpt>
      <trkpt lat="36.23377994634211" lon="-121.76728997379541">
        <ele>244.47</ele>
      </trkpt>
      <trkpt lat="36.23374993912876" lon="-121.76726994104683">
        <ele>245.37</ele>
      </trkpt>
      <trkpt lat="36.23372999019921" lon="-121.76725996658206">
        <ele>246.27</ele>
      </trkpt>
      <trkpt lat="36.23360996134579" lon="-121.76719995215535">
        <ele>247.23</ele>
      </trkpt>
      <trkpt lat="36.23358992859721" lon="-121.76718997769058">
        <ele>248.16</ele>
      </trkpt>
      <trkpt lat="36.2334799580276" lon="-121.76713993772864">
        <ele>249.14</ele>
      </trkpt>
      <trkpt lat="36.233269991353154" lon="-121.76704999990761">
        <ele>250.24</ele>
      </trkpt>
      <trkpt lat="36.233079973608255" lon="-121.76695997826755">
        <ele>251.29</ele>
      </trkpt>
      <trkpt lat="36.23306999914348" lon="-121.76695997826755">
        <ele>252.29</ele>
      </trkpt>
      <trkpt lat="36.23288995586336" lon="-121.76690993830562">
        <ele>253.3</ele>
      </trkpt>
      <trkpt lat="36.23274997808039" lon="-121.76686995662749">
        <ele>254.3</ele>
      </trkpt>
      <trkpt lat="36.232649981975555" lon="-121.76682997494936">
        <ele>255.29</ele>
      </trkpt>
      <trkpt lat="36.23255996033549" lon="-121.76677993498743">
        <ele>256.29</ele>
      </trkpt>
      <trkpt lat="36.232519978657365" lon="-121.76675998605788">
        <ele>257.31</ele>
      </trkpt>
      <trkpt lat="36.23245996423066" lon="-121.76670994609594">
        <ele>258.32</ele>
      </trkpt>
      <trkpt lat="36.2324299570173" lon="-121.7666899971664">
        <ele>259.35</ele>
      </trkpt>
      <trkpt lat="36.23239994980395" lon="-121.76666996441782">
        <ele>260.4</ele>
      </trkpt>
      <trkpt lat="36.23237991705537" lon="-121.76664993166924">
        <ele>261.44</ele>
      </trkpt>
      <trkpt lat="36.23229995369911" lon="-121.76656996831298">
        <ele>262.54</ele>
      </trkpt>
      <trkpt lat="36.232179924845695" lon="-121.76646997220814">
        <ele>263.68</ele>
      </trkpt>
      <trkpt lat="36.23211999423802" lon="-121.76639998331666">
        <ele>264.78</ele>
      </trkpt>
      <trkpt lat="36.23198999091983" lon="-121.76624994724989">
        <ele>265.9</ele>
      </trkpt>
      <trkpt lat="36.23192997649312" lon="-121.7661799583584">
        <ele>267.02</ele>
      </trkpt>
      <trkpt lat="36.231879936531186" lon="-121.7661199439317">
        <ele>268.11</ele>
      </trkpt>
      <trkpt lat="36.23179997317493" lon="-121.76602992229164">
        <ele>269.19</ele>
      </trkpt>
      <trkpt lat="36.23171992599964" lon="-121.7659399844706">
        <ele>270.31</ele>
      </trkpt>
      <trkpt lat="36.23162998817861" lon="-121.76583998836577">
        <ele>271.42</ele>
      </trkpt>
      <trkpt lat="36.23160995543003" lon="-121.76581995561719">
        <ele>272.49</ele>
      </trkpt>
      <trkpt lat="36.23158992268145" lon="-121.76579992286861">
        <ele>273.55</ele>
      </trkpt>
      <trkpt lat="36.23151993378997" lon="-121.76572993397713">
        <ele>274.6</ele>
      </trkpt>
      <trkpt lat="36.231399988755584" lon="-121.76561996340752">
        <ele>275.77</ele>
      </trkpt>
      <trkpt lat="36.23129999265075" lon="-121.76553991623223">
        <ele>276.88</ele>
      </trkpt>
      <trkpt lat="36.23121994547546" lon="-121.76546992734075">
        <ele>277.92</ele>
      </trkpt>
      <trkpt lat="36.231019953265786" lon="-121.76533992402256">
        <ele>279.14</ele>
      </trkpt>
      <trkpt lat="36.23082021251321" lon="-121.76521017216146">
        <ele>280.2</ele>
      </trkpt>
      <trkpt lat="36.23061996884644" lon="-121.76507991738617">
        <ele>281.19</ele>
      </trkpt>
      <trkpt lat="36.230445206165314" lon="-121.76497011445463">
        <ele>282.15</ele>
      </trkpt>
      <trkpt lat="36.23026994057" lon="-121.76485997624695">
        <ele>283.13</ele>
      </trkpt>
      <trkpt lat="36.230179918929935" lon="-121.76481999456882">
        <ele>284.09</ele>
      </trkpt>
      <trkpt lat="36.23016994446516" lon="-121.76481999456882">
        <ele>285.04</ele>
      </trkpt>
      <trkpt lat="36.230089981108904" lon="-121.76477992907166">
        <ele>285.98</ele>
      </trkpt>
      <trkpt lat="36.23003994114697" lon="-121.76475998014212">
        <ele>286.9</ele>
      </trkpt>
      <trkpt lat="36.23001999221742" lon="-121.76474992185831">
        <ele>287.79</ele>
      </trkpt>
      <trkpt lat="36.230009933933616" lon="-121.76474992185831">
        <ele>288.65</ele>
      </trkpt>
      <trkpt lat="36.22990993782878" lon="-121.76472997292876">
        <ele>289.55</ele>
      </trkpt>
      <trkpt lat="36.2298399489373" lon="-121.76471999846399">
        <ele>290.4</ele>
      </trkpt>
      <trkpt lat="36.22981991618872" lon="-121.76471999846399">
        <ele>291.2</ele>
      </trkpt>
      <trkpt lat="36.22973995283246" lon="-121.76470994018018">
        <ele>291.98</ele>
      </trkpt>
      <trkpt lat="36.229709945619106" lon="-121.76470994018018">
        <ele>292.72</ele>
      </trkpt>
      <trkpt lat="36.2295204307884" lon="-121.76471991464496">
        <ele>293.48</ele>
      </trkpt>
      <trkpt lat="36.22932999394834" lon="-121.76472997292876">
        <ele>294.22</ele>
      </trkpt>
      <trkpt lat="36.22917031869292" lon="-121.76474489271641">
        <ele>294.9</ele>
      </trkpt>
      <trkpt lat="36.22900997288525" lon="-121.76475998014212">
        <ele>295.53</ele>
      </trkpt>
      <trkpt lat="36.228759940713644" lon="-121.76477992907166">
        <ele>296.16</ele>
      </trkpt>
      <trkpt lat="36.22868995182216" lon="-121.76477992907166">
        <ele>296.71</ele>
      </trkpt>
      <trkpt lat="36.22867997735739" lon="-121.76477992907166">
        <ele>297.21</ele>
      </trkpt>
      <trkpt lat="36.2285999301821" lon="-121.76477992907166">
        <ele>297.69</ele>
      </trkpt>
      <trkpt lat="36.22849993407726" lon="-121.76476995460689">
        <ele>298.11</ele>
      </trkpt>
      <trkpt lat="36.228459952399135" lon="-121.76476995460689">
        <ele>298.49</ele>
      </trkpt>
      <trkpt lat="36.228399937972426" lon="-121.76474992185831">
        <ele>298.86</ele>
      </trkpt>
      <trkpt lat="36.22831997461617" lon="-121.76471999846399">
        <ele>299.19</ele>
      </trkpt>
      <trkpt lat="36.22824998572469" lon="-121.76468999125063">
        <ele>299.43</ele>
      </trkpt>
      <trkpt lat="36.22823992744088" lon="-121.76467993296683">
        <ele>299.63</ele>
      </trkpt>
      <trkpt lat="36.2281699385494" lon="-121.76464992575347">
        <ele>299.78</ele>
      </trkpt>
      <trkpt lat="36.22814998961985" lon="-121.7646399512887">
        <ele>299.89</ele>
      </trkpt>
      <trkpt lat="36.22803993523121" lon="-121.76455998793244">
        <ele>299.93</ele>
      </trkpt>
      <trkpt lat="36.228029960766435" lon="-121.76454992964864">
        <ele>299.95</ele>
      </trkpt>
      <trkpt lat="36.227989979088306" lon="-121.76451992243528">
        <ele>299.93</ele>
      </trkpt>
      <trkpt lat="36.227919990196824" lon="-121.76445999182761">
        <ele>299.87</ele>
      </trkpt>
      <trkpt lat="36.22776995413005" lon="-121.76432998850942">
        <ele>299.74</ele>
      </trkpt>
      <trkpt lat="36.2277399469167" lon="-121.76430995576084">
        <ele>299.61</ele>
      </trkpt>
      <trkpt lat="36.22771999798715" lon="-121.76428992301226">
        <ele>299.43</ele>
      </trkpt>
      <trkpt lat="36.227709939703345" lon="-121.76427994854748">
        <ele>299.21</ele>
      </trkpt>
      <trkpt lat="36.22760994359851" lon="-121.76418992690742">
        <ele>298.98</ele>
      </trkpt>
      <trkpt lat="36.227449933066964" lon="-121.76404994912446">
        <ele>298.63</ele>
      </trkpt>
      <trkpt lat="36.227429984137416" lon="-121.76402991637588">
        <ele>298.29</ele>
      </trkpt>
      <trkpt lat="36.22741992585361" lon="-121.76402991637588">
        <ele>297.91</ele>
      </trkpt>
      <trkpt lat="36.227409951388836" lon="-121.7640199419111">
        <ele>297.5</ele>
      </trkpt>
      <trkpt lat="36.227389918640256" lon="-121.76399999298155">
        <ele>297.05</ele>
      </trkpt>
      <trkpt lat="36.22732998803258" lon="-121.76393997855484">
        <ele>296.57</ele>
      </trkpt>
      <trkpt lat="36.227299980819225" lon="-121.76390997134149">
        <ele>296.06</ele>
      </trkpt>
      <trkpt lat="36.22728992253542" lon="-121.76389999687672">
        <ele>295.52</ele>
      </trkpt>
      <trkpt lat="36.22726997360587" lon="-121.76387996412814">
        <ele>294.94</ele>
      </trkpt>
      <trkpt lat="36.22723996639252" lon="-121.76384995691478">
        <ele>294.35</ele>
      </trkpt>
      <trkpt lat="36.227169977501035" lon="-121.76375993527472">
        <ele>293.74</ele>
      </trkpt>
      <trkpt lat="36.2270699813962" lon="-121.76360998302698">
        <ele>293.1</ele>
      </trkpt>
      <trkpt lat="36.227039974182844" lon="-121.76355994306505">
        <ele>292.41</ele>
      </trkpt>
      <trkpt lat="36.22700996696949" lon="-121.76350998692214">
        <ele>291.69</ele>
      </trkpt>
      <trkpt lat="36.226979959756136" lon="-121.76343999803066">
        <ele>290.93</ele>
      </trkpt>
      <trkpt lat="36.2269299197942" lon="-121.76332994364202">
        <ele>290.1</ele>
      </trkpt>
      <trkpt lat="36.22683998197317" lon="-121.76312995143235">
        <ele>289.2</ele>
      </trkpt>
      <trkpt lat="36.22675993479788" lon="-121.76299994811416">
        <ele>288.35</ele>
      </trkpt>
      <trkpt lat="36.226739985868335" lon="-121.76295996643603">
        <ele>287.59</ele>
      </trkpt>
      <trkpt lat="36.22672992758453" lon="-121.76294999197125">
        <ele>286.84</ele>
      </trkpt>
      <trkpt lat="36.226699920371175" lon="-121.76289995200932">
        <ele>286.09</ele>
      </trkpt>
      <trkpt lat="36.22666999697685" lon="-121.76286994479597">
        <ele>285.32</ele>
      </trkpt>
      <trkpt lat="36.22665993869305" lon="-121.76285997033119">
        <ele>284.56</ele>
      </trkpt>
      <trkpt lat="36.2266399897635" lon="-121.76283993758261">
        <ele>283.8</ele>
      </trkpt>
      <trkpt lat="36.22661995701492" lon="-121.76281998865306">
        <ele>283.05</ele>
      </trkpt>
      <trkpt lat="36.226609982550144" lon="-121.76280993036926">
        <ele>282.3</ele>
      </trkpt>
      <trkpt lat="36.226589949801564" lon="-121.76278998143971">
        <ele>281.57</ele>
      </trkpt>
      <trkpt lat="36.22655994258821" lon="-121.76275997422636">
        <ele>280.84</ele>
      </trkpt>
      <trkpt lat="36.22650998644531" lon="-121.762729967013">
        <ele>280.1</ele>
      </trkpt>
      <trkpt lat="36.226479979231954" lon="-121.76269995979965">
        <ele>279.37</ele>
      </trkpt>
      <trkpt lat="36.226399932056665" lon="-121.76264991983771">
        <ele>278.67</ele>
      </trkpt>
      <trkpt lat="36.22631996870041" lon="-121.76260993815958">
        <ele>277.96</ele>
      </trkpt>
      <trkpt lat="36.22621997259557" lon="-121.76255998201668">
        <ele>277.27</ele>
      </trkpt>
      <trkpt lat="36.226119976490736" lon="-121.76252997480333">
        <ele>276.61</ele>
      </trkpt>
      <trkpt lat="36.22599994763732" lon="-121.7624799348414">
        <ele>275.96</ele>
      </trkpt>
      <trkpt lat="36.22595996595919" lon="-121.76245998591185">
        <ele>275.32</ele>
      </trkpt>
      <trkpt lat="36.22591998428106" lon="-121.76243995316327">
        <ele>274.69</ele>
      </trkpt>
      <trkpt lat="36.22588997706771" lon="-121.76242997869849">
        <ele>274.06</ele>
      </trkpt>
      <trkpt lat="36.22584999538958" lon="-121.76239997148514">
        <ele>273.45</ele>
      </trkpt>
      <trkpt lat="36.22581998817623" lon="-121.76237993873656">
        <ele>272.83</ele>
      </trkpt>
      <trkpt lat="36.22577992267907" lon="-121.7623499315232">
        <ele>272.24</ele>
      </trkpt>
      <trkpt lat="36.22571999207139" lon="-121.7622999753803">
        <ele>271.65</ele>
      </trkpt>
      <trkpt lat="36.225669952109456" lon="-121.76224993541837">
        <ele>271.03</ele>
      </trkpt>
      <trkpt lat="36.22560993768275" lon="-121.76217994652689">
        <ele>270.43</ele>
      </trkpt>
      <trkpt lat="36.225579930469394" lon="-121.76211993210018">
        <ele>269.83</ele>
      </trkpt>
      <trkpt lat="36.22554992325604" lon="-121.76206997595727">
        <ele>269.23</ele>
      </trkpt>
      <trkpt lat="36.22549996711314" lon="-121.76197995431721">
        <ele>268.61</ele>
      </trkpt>
      <trkpt lat="36.22546995989978" lon="-121.76190996542573">
        <ele>268.0</ele>
      </trkpt>
      <trkpt lat="36.2254499271512" lon="-121.76181994378567">
        <ele>267.38</ele>
      </trkpt>
      <trkpt lat="36.22541991993785" lon="-121.76170997321606">
        <ele>266.75</ele>
      </trkpt>
      <trkpt lat="36.22541991993785" lon="-121.76166999153793">
        <ele>266.16</ele>
      </trkpt>
      <trkpt lat="36.225409945473075" lon="-121.76159991882741">
        <ele>265.56</ele>
      </trkpt>
      <trkpt lat="36.225409945473075" lon="-121.7614899482578">
        <ele>264.96</ele>
      </trkpt>
      <trkpt lat="36.225409945473075" lon="-121.76139992661774">
        <ele>264.37</ele>
      </trkpt>
      <trkpt lat="36.22541991993785" lon="-121.76128995604813">
        <ele>263.79</ele>
      </trkpt>
      <trkpt lat="36.22543995268643" lon="-121.76116992719471">
        <ele>263.24</ele>
      </trkpt>
      <trkpt lat="36.22545998543501" lon="-121.76109993830323">
        <ele>262.71</ele>
      </trkpt>
      <trkpt lat="36.22547993436456" lon="-121.76102994941175">
        <ele>262.18</ele>
      </trkpt>
      <trkpt lat="36.22550994157791" lon="-121.7609499860555">
        <ele>261.65</ele>
      </trkpt>
      <trkpt lat="36.22554992325604" lon="-121.76085996441543">
        <ele>261.1</ele>
      </trkpt>
      <trkpt lat="36.22562997043133" lon="-121.7606799211353">
        <ele>260.55</ele>
      </trkpt>
      <trkpt lat="36.225649919360876" lon="-121.76061999052763">
        <ele>260.01</ele>
      </trkpt>
      <trkpt lat="36.22565997764468" lon="-121.7605699505657">
        <ele>259.47</ele>
      </trkpt>
      <trkpt lat="36.225669952109456" lon="-121.76050993613899">
        <ele>258.93</ele>
      </trkpt>
      <trkpt lat="36.22567992657423" lon="-121.76045997999609">
        <ele>258.39</ele>
      </trkpt>
      <trkpt lat="36.22567992657423" lon="-121.76039996556938">
        <ele>257.84</ele>
      </trkpt>
      <trkpt lat="36.22567992657423" lon="-121.7603799328208">
        <ele>257.3</ele>
      </trkpt>
      <trkpt lat="36.225689984858036" lon="-121.76034992560744">
        <ele>256.76</ele>
      </trkpt>
      <trkpt lat="36.22567992657423" lon="-121.76029996946454">
        <ele>256.19</ele>
      </trkpt>
      <trkpt lat="36.22567992657423" lon="-121.76025998778641">
        <ele>255.64</ele>
      </trkpt>
      <trkpt lat="36.22565997764468" lon="-121.76020994782448">
        <ele>255.06</ele>
      </trkpt>
      <trkpt lat="36.22565997764468" lon="-121.76017994061112">
        <ele>254.51</ele>
      </trkpt>
      <trkpt lat="36.225649919360876" lon="-121.76016996614635">
        <ele>253.97</ele>
      </trkpt>
      <trkpt lat="36.2256399448961" lon="-121.76012998446822">
        <ele>253.42</ele>
      </trkpt>
      <trkpt lat="36.225619995966554" lon="-121.76009997725487">
        <ele>252.88</ele>
      </trkpt>
      <trkpt lat="36.225599963217974" lon="-121.76004993729293">
        <ele>252.35</ele>
      </trkpt>
      <trkpt lat="36.225579930469394" lon="-121.7600099556148">
        <ele>251.81</ele>
      </trkpt>
      <trkpt lat="36.22556995600462" lon="-121.75998992286623">
        <ele>251.29</ele>
      </trkpt>
      <trkpt lat="36.225559981539845" lon="-121.75998992286623">
        <ele>250.76</ele>
      </trkpt>
      <trkpt lat="36.22554992325604" lon="-121.75996997393668">
        <ele>250.24</ele>
      </trkpt>
      <trkpt lat="36.22552997432649" lon="-121.75993996672332">
        <ele>249.72</ele>
      </trkpt>
      <trkpt lat="36.22549996711314" lon="-121.75990995950997">
        <ele>249.2</ele>
      </trkpt>
      <trkpt lat="36.22545998543501" lon="-121.75986997783184">
        <ele>248.67</ele>
      </trkpt>
      <trkpt lat="36.22536996379495" lon="-121.75977995619178">
        <ele>248.13</ele>
      </trkpt>
      <trkpt lat="36.22522998601198" lon="-121.75966998562217">
        <ele>247.6</ele>
      </trkpt>
      <trkpt lat="36.225169971585274" lon="-121.75960997119546">
        <ele>247.1</ele>
      </trkpt>
      <trkpt lat="36.225149938836694" lon="-121.7595799639821">
        <ele>246.61</ele>
      </trkpt>
      <trkpt lat="36.22513996437192" lon="-121.75956998951733">
        <ele>246.12</ele>
      </trkpt>
      <trkpt lat="36.225109957158566" lon="-121.75953998230398">
        <ele>245.6</ele>
      </trkpt>
      <trkpt lat="36.22505991719663" lon="-121.75945993512869">
        <ele>245.09</ele>
      </trkpt>
      <trkpt lat="36.22502999380231" lon="-121.75940997898579">
        <ele>244.59</ele>
      </trkpt>
      <trkpt lat="36.22500996105373" lon="-121.75937997177243">
        <ele>244.11</ele>
      </trkpt>
      <trkpt lat="36.2249699793756" lon="-121.7592799756676">
        <ele>243.66</ele>
      </trkpt>
      <trkpt lat="36.22492999769747" lon="-121.75918995402753">
        <ele>243.17</ele>
      </trkpt>
      <trkpt lat="36.22489999048412" lon="-121.75902994349599">
        <ele>242.64</ele>
      </trkpt>
      <trkpt lat="36.224869983270764" lon="-121.75883992575109">
        <ele>242.0</ele>
      </trkpt>
      <trkpt lat="36.22483997605741" lon="-121.75863993354142">
        <ele>241.43</ele>
      </trkpt>
      <trkpt lat="36.22481994330883" lon="-121.75856994464993">
        <ele>240.94</ele>
      </trkpt>
      <trkpt lat="36.22479999437928" lon="-121.75851998850703">
        <ele>240.45</ele>
      </trkpt>
      <trkpt lat="36.2247799616307" lon="-121.7584699485451">
        <ele>239.98</ele>
      </trkpt>
      <trkpt lat="36.224739979952574" lon="-121.75838998518884">
        <ele>239.47</ele>
      </trkpt>
      <trkpt lat="36.22470997273922" lon="-121.75833994522691">
        <ele>238.98</ele>
      </trkpt>
      <trkpt lat="36.224679965525866" lon="-121.758289989084">
        <ele>238.55</ele>
      </trkpt>
      <trkpt lat="36.224659932777286" lon="-121.75825998187065">
        <ele>238.12</ele>
      </trkpt>
      <trkpt lat="36.22459991835058" lon="-121.75819996744394">
        <ele>237.69</ele>
      </trkpt>
      <trkpt lat="36.224529929459095" lon="-121.75812997855246">
        <ele>237.27</ele>
      </trkpt>
      <trkpt lat="36.224419958889484" lon="-121.75807993859053">
        <ele>236.87</ele>
      </trkpt>
      <trkpt lat="36.224359944462776" lon="-121.75805998966098">
        <ele>236.48</ele>
      </trkpt>
      <trkpt lat="36.224309988319874" lon="-121.75805998966098">
        <ele>236.09</ele>
      </trkpt>
      <trkpt lat="36.22423999942839" lon="-121.75805998966098">
        <ele>235.7</ele>
      </trkpt>
      <trkpt lat="36.224229941144586" lon="-121.75806996412575">
        <ele>235.3</ele>
      </trkpt>
      <trkpt lat="36.2241599522531" lon="-121.75807993859053">
        <ele>234.91</ele>
      </trkpt>
      <trkpt lat="36.224119970574975" lon="-121.75808999687433">
        <ele>234.53</ele>
      </trkpt>
      <trkpt lat="36.22407998889685" lon="-121.7580999713391">
        <ele>234.13</ele>
      </trkpt>
      <trkpt lat="36.22403992339969" lon="-121.75811992026865">
        <ele>233.74</ele>
      </trkpt>
      <trkpt lat="36.223989967256784" lon="-121.75813995301723">
        <ele>233.34</ele>
      </trkpt>
      <trkpt lat="36.223909920081496" lon="-121.75818999297917">
        <ele>232.92</ele>
      </trkpt>
      <trkpt lat="36.22386993840337" lon="-121.75821991637349">
        <ele>232.52</ele>
      </trkpt>
      <trkpt lat="36.223839931190014" lon="-121.75823994912207">
        <ele>232.12</ele>
      </trkpt>
      <trkpt lat="36.22378997504711" lon="-121.758289989084">
        <ele>231.69</ele>
      </trkpt>
      <trkpt lat="36.22371998615563" lon="-121.75834991969168">
        <ele>231.27</ele>
      </trkpt>
      <trkpt lat="36.22361999005079" lon="-121.7584699485451">
        <ele>230.83</ele>
      </trkpt>
      <trkpt lat="36.223499961197376" lon="-121.75863993354142">
        <ele>230.38</ele>
      </trkpt>
      <trkpt lat="36.223479928448796" lon="-121.75866994075477">
        <ele>229.98</ele>
      </trkpt>
      <trkpt lat="36.22346995398402" lon="-121.75867999903858">
        <ele>229.58</ele>
      </trkpt>
      <trkpt lat="36.22339996509254" lon="-121.75875996239483">
        <ele>229.17</ele>
      </trkpt>
      <trkpt lat="36.22333995066583" lon="-121.75883992575109">
        <ele>228.77</ele>
      </trkpt>
      <trkpt lat="36.22327993623912" lon="-121.75891997292638">
        <ele>228.36</ele>
      </trkpt>
      <trkpt lat="36.22322998009622" lon="-121.75899993628263">
        <ele>227.94</ele>
      </trkpt>
      <trkpt lat="36.22316996566951" lon="-121.75905995070934">
        <ele>227.53</ele>
      </trkpt>
      <trkpt lat="36.223109951242805" lon="-121.7590899579227">
        <ele>227.12</ele>
      </trkpt>
      <trkpt lat="36.22303996235132" lon="-121.75912993960083">
        <ele>226.69</ele>
      </trkpt>
      <trkpt lat="36.22294994071126" lon="-121.7591499723494">
        <ele>226.28</ele>
      </trkpt>
      <trkpt lat="36.22284994460642" lon="-121.7591499723494">
        <ele>225.87</ele>
      </trkpt>
      <trkpt lat="36.22279998846352" lon="-121.75913999788463">
        <ele>225.45</ele>
      </trkpt>
      <trkpt lat="36.22274994850159" lon="-121.75912993960083">
        <ele>225.0</ele>
      </trkpt>
      <trkpt lat="36.222699992358685" lon="-121.75910999067128">
        <ele>224.55</ele>
      </trkpt>
      <trkpt lat="36.222659926861525" lon="-121.75907998345792">
        <ele>224.09</ele>
      </trkpt>
      <trkpt lat="36.222619945183396" lon="-121.75904997624457">
        <ele>223.62</ele>
      </trkpt>
      <trkpt lat="36.222549956291914" lon="-121.75898996181786">
        <ele>223.12</ele>
      </trkpt>
      <trkpt lat="36.222509974613786" lon="-121.75892994739115">
        <ele>222.61</ele>
      </trkpt>
      <trkpt lat="36.22247996740043" lon="-121.75888996571302">
        <ele>222.08</ele>
      </trkpt>
      <trkpt lat="36.22246999293566" lon="-121.75886993296444">
        <ele>221.54</ele>
      </trkpt>
      <trkpt lat="36.2224399857223" lon="-121.75881997682154">
        <ele>220.97</ele>
      </trkpt>
      <trkpt lat="36.22241995297372" lon="-121.75877999514341">
        <ele>220.39</ele>
      </trkpt>
      <trkpt lat="36.22240997850895" lon="-121.7587199807167">
        <ele>219.8</ele>
      </trkpt>
      <trkpt lat="36.22238994576037" lon="-121.75865996629">
        <ele>219.17</ele>
      </trkpt>
      <trkpt lat="36.22238994576037" lon="-121.75858997739851">
        <ele>218.53</ele>
      </trkpt>
      <trkpt lat="36.222379971295595" lon="-121.75851998850703">
        <ele>217.86</ele>
      </trkpt>
      <trkpt lat="36.22238994576037" lon="-121.75840993411839">
        <ele>217.18</ele>
      </trkpt>
      <trkpt lat="36.22238994576037" lon="-121.7582799308002">
        <ele>216.45</ele>
      </trkpt>
      <trkpt lat="36.22238994576037" lon="-121.75819996744394">
        <ele>215.74</ele>
      </trkpt>
      <trkpt lat="36.22238994576037" lon="-121.75806996412575">
        <ele>215.03</ele>
      </trkpt>
      <trkpt lat="36.222379971295595" lon="-121.75798991695046">
        <ele>214.32</ele>
      </trkpt>
      <trkpt lat="36.222379971295595" lon="-121.75793996080756">
        <ele>213.61</ele>
      </trkpt>
      <trkpt lat="36.222359938547015" lon="-121.75777995027602">
        <ele>212.88</ele>
      </trkpt>
      <trkpt lat="36.22234996408224" lon="-121.75772999413311">
        <ele>212.16</ele>
      </trkpt>
      <trkpt lat="36.22234996408224" lon="-121.75768992863595">
        <ele>211.45</ele>
      </trkpt>
      <trkpt lat="36.22233998961747" lon="-121.75764994695783">
        <ele>210.71</ele>
      </trkpt>
      <trkpt lat="36.22231995686889" lon="-121.75755992531776">
        <ele>209.96</ele>
      </trkpt>
      <trkpt lat="36.22226991690695" lon="-121.75740997307003">
        <ele>209.19</ele>
      </trkpt>
      <trkpt lat="36.22221996076405" lon="-121.75731995142996">
        <ele>208.43</ele>
      </trkpt>
      <trkpt lat="36.22217997908592" lon="-121.7572399880737">
        <ele>207.66</ele>
      </trkpt>
      <trkpt lat="36.22214997187257" lon="-121.75718994811177">
        <ele>206.92</ele>
      </trkpt>
      <trkpt lat="36.22206992469728" lon="-121.75706991925836">
        <ele>206.17</ele>
      </trkpt>
      <trkpt lat="36.22197998687625" lon="-121.7569399997592">
        <ele>205.34</ele>
      </trkpt>
      <trkpt lat="36.22189993970096" lon="-121.75683991983533">
        <ele>204.57</ele>
      </trkpt>
      <trkpt lat="36.22189993970096" lon="-121.75682994537055">
        <ele>203.83</ele>
      </trkpt>
      <trkpt lat="36.221779994666576" lon="-121.75666993483901">
        <ele>203.05</ele>
      </trkpt>
      <trkpt lat="36.221779994666576" lon="-121.75665996037424">
        <ele>202.32</ele>
      </trkpt>
      <trkpt lat="36.22176993638277" lon="-121.75665996037424">
        <ele>201.59</ele>
      </trkpt>
      <trkpt lat="36.22165996581316" lon="-121.75649994984269">
        <ele>200.84</ele>
      </trkpt>
      <trkpt lat="36.22161998413503" lon="-121.75643993541598">
        <ele>200.11</ele>
      </trkpt>
      <trkpt lat="36.22154999524355" lon="-121.75632996484637">
        <ele>199.4</ele>
      </trkpt>
      <trkpt lat="36.22146994806826" lon="-121.75620993599296">
        <ele>198.68</ele>
      </trkpt>
      <trkpt lat="36.22142996639013" lon="-121.7561299726367">
        <ele>197.98</ele>
      </trkpt>
      <trkpt lat="36.221369951963425" lon="-121.75600994378328">
        <ele>197.31</ele>
      </trkpt>
      <trkpt lat="36.221349919214845" lon="-121.75596996210515">
        <ele>196.65</ele>
      </trkpt>
      <trkpt lat="36.22133994475007" lon="-121.75595998764038">
        <ele>195.99</ele>
      </trkpt>
      <trkpt lat="36.22130993753672" lon="-121.7558899987489">
        <ele>195.37</ele>
      </trkpt>
      <trkpt lat="36.221239948645234" lon="-121.75572998821735">
        <ele>194.7</ele>
      </trkpt>
      <trkpt lat="36.221179934218526" lon="-121.75556997768581">
        <ele>194.0</ele>
      </trkpt>
      <trkpt lat="36.22114992700517" lon="-121.75547995604575">
        <ele>193.36</ele>
      </trkpt>
      <trkpt lat="36.22112997807562" lon="-121.75541994161904">
        <ele>192.77</ele>
      </trkpt>
      <trkpt lat="36.22110994532704" lon="-121.75535992719233">
        <ele>192.18</ele>
      </trkpt>
      <trkpt lat="36.22101983986795" lon="-121.75506957806647">
        <ele>191.61</ele>
      </trkpt>
      <trkpt lat="36.22092998586595" lon="-121.75477998331189">
        <ele>191.02</ele>
      </trkpt>
      <trkpt lat="36.22085999697447" lon="-121.75452995114028">
        <ele>190.52</ele>
      </trkpt>
      <trkpt lat="36.22084993869066" lon="-121.75449994392693">
        <ele>190.04</ele>
      </trkpt>
      <trkpt lat="36.22081993147731" lon="-121.75441998057067">
        <ele>189.57</ele>
      </trkpt>
      <trkpt lat="36.220789924263954" lon="-121.75434999167919">
        <ele>189.14</ele>
      </trkpt>
      <trkpt lat="36.22077994979918" lon="-121.75432995893061">
        <ele>188.72</ele>
      </trkpt>
      <trkpt lat="36.220769975334406" lon="-121.75431998446584">
        <ele>188.32</ele>
      </trkpt>
      <trkpt lat="36.22073996812105" lon="-121.7542699445039">
        <ele>187.92</ele>
      </trkpt>
      <trkpt lat="36.22068992815912" lon="-121.7542099300772">
        <ele>187.54</ele>
      </trkpt>
      <trkpt lat="36.22064994648099" lon="-121.75415997393429">
        <ele>187.18</ele>
      </trkpt>
      <trkpt lat="36.22060996480286" lon="-121.75412996672094">
        <ele>186.84</ele>
      </trkpt>
      <trkpt lat="36.22054995037615" lon="-121.75406995229423">
        <ele>186.58</ele>
      </trkpt>
      <trkpt lat="36.220509968698025" lon="-121.75403994508088">
        <ele>186.33</ele>
      </trkpt>
      <trkpt lat="36.22047996148467" lon="-121.7540299706161">
        <ele>186.1</ele>
      </trkpt>
      <trkpt lat="36.2204699870199" lon="-121.75401999615133">
        <ele>185.88</ele>
      </trkpt>
      <trkpt lat="36.22044995427132" lon="-121.75400993786752">
        <ele>185.68</ele>
      </trkpt>
      <trkpt lat="36.22041994705796" lon="-121.75399996340275">
        <ele>185.49</ele>
      </trkpt>
      <trkpt lat="36.220379965379834" lon="-121.75399996340275">
        <ele>185.34</ele>
      </trkpt>
      <trkpt lat="36.220339983701706" lon="-121.75399996340275">
        <ele>185.21</ele>
      </trkpt>
      <trkpt lat="36.220299918204546" lon="-121.75400993786752">
        <ele>185.09</ele>
      </trkpt>
      <trkpt lat="36.22028994373977" lon="-121.75400993786752">
        <ele>185.0</ele>
      </trkpt>
      <trkpt lat="36.22023998759687" lon="-121.75401999615133">
        <ele>184.92</ele>
      </trkpt>
      <trkpt lat="36.220189947634935" lon="-121.75405997782946">
        <ele>184.83</ele>
      </trkpt>
      <trkpt lat="36.22011995874345" lon="-121.75410993397236">
        <ele>184.74</ele>
      </trkpt>
      <trkpt lat="36.2200899515301" lon="-121.75412996672094">
        <ele>184.72</ele>
      </trkpt>
      <trkpt lat="36.2200399953872" lon="-121.75416994839907">
        <ele>184.7</ele>
      </trkpt>
      <trkpt lat="36.22001996263862" lon="-121.75418998114765">
        <ele>184.7</ele>
      </trkpt>
      <trkpt lat="36.21996992267668" lon="-121.75423993729055">
        <ele>184.7</ele>
      </trkpt>
      <trkpt lat="36.219929940998554" lon="-121.7542699445039">
        <ele>184.73</ele>
      </trkpt>
      <trkpt lat="36.21985995210707" lon="-121.75433993339539">
        <ele>184.75</ele>
      </trkpt>
      <trkpt lat="36.21976993046701" lon="-121.75442995503545">
        <ele>184.79</ele>
      </trkpt>
      <trkpt lat="36.2196599598974" lon="-121.75452995114028">
        <ele>184.83</ele>
      </trkpt>
      <trkpt lat="36.219629952684045" lon="-121.75455995835364">
        <ele>184.89</ele>
      </trkpt>
      <trkpt lat="36.21955996379256" lon="-121.75461997278035">
        <ele>184.95</ele>
      </trkpt>
      <trkpt lat="36.21953993104398" lon="-121.7546399217099">
        <ele>185.02</ele>
      </trkpt>
      <trkpt lat="36.219499949365854" lon="-121.75466992892325">
        <ele>185.09</ele>
      </trkpt>
      <trkpt lat="36.21944999322295" lon="-121.7546999361366">
        <ele>185.17</ele>
      </trkpt>
      <trkpt lat="36.21939995326102" lon="-121.75473991781473">
        <ele>185.25</ele>
      </trkpt>
      <trkpt lat="36.219349997118115" lon="-121.75476992502809">
        <ele>185.33</ele>
      </trkpt>
      <trkpt lat="36.21928998269141" lon="-121.75479993224144">
        <ele>185.41</ele>
      </trkpt>
      <trkpt lat="36.21923994272947" lon="-121.75480999052525">
        <ele>185.51</ele>
      </trkpt>
      <trkpt lat="36.21918998658657" lon="-121.7548299394548">
        <ele>185.6</ele>
      </trkpt>
      <trkpt lat="36.21912997215986" lon="-121.7548399977386">
        <ele>185.7</ele>
      </trkpt>
      <trkpt lat="36.219089990481734" lon="-121.7548399977386">
        <ele>185.79</ele>
      </trkpt>
      <trkpt lat="36.21905998326838" lon="-121.7548399977386">
        <ele>185.87</ele>
      </trkpt>
      <trkpt lat="36.21901991777122" lon="-121.7548399977386">
        <ele>185.93</ele>
      </trkpt>
      <trkpt lat="36.219009943306446" lon="-121.7548399977386">
        <ele>185.96</ele>
      </trkpt>
      <trkpt lat="36.21894992887974" lon="-121.7548299394548">
        <ele>185.97</ele>
      </trkpt>
      <trkpt lat="36.218879939988256" lon="-121.75480999052525">
        <ele>185.97</ele>
      </trkpt>
      <trkpt lat="36.218799976632" lon="-121.75478995777667">
        <ele>185.95</ele>
      </trkpt>
      <trkpt lat="36.21873996220529" lon="-121.75475995056331">
        <ele>185.93</ele>
      </trkpt>
      <trkpt lat="36.21872998774052" lon="-121.75474997609854">
        <ele>185.89</ele>
      </trkpt>
      <trkpt lat="36.21866997331381" lon="-121.75471996888518">
        <ele>185.83</ele>
      </trkpt>
      <trkpt lat="36.21864994056523" lon="-121.7546999361366">
        <ele>185.75</ele>
      </trkpt>
      <trkpt lat="36.21856997720897" lon="-121.7546399217099">
        <ele>185.65</ele>
      </trkpt>
      <trkpt lat="36.21851993724704" lon="-121.75458996556699">
        <ele>185.53</ele>
      </trkpt>
      <trkpt lat="36.218489930033684" lon="-121.75455995835364">
        <ele>185.4</ele>
      </trkpt>
      <trkpt lat="36.2184199411422" lon="-121.75446993671358">
        <ele>185.23</ele>
      </trkpt>
      <trkpt lat="36.21839999221265" lon="-121.75441998057067">
        <ele>185.06</ele>
      </trkpt>
      <trkpt lat="36.2183699849993" lon="-121.75437999889255">
        <ele>184.87</ele>
      </trkpt>
      <trkpt lat="36.218339977785945" lon="-121.75431998446584">
        <ele>184.68</ele>
      </trkpt>
      <trkpt lat="36.218319945037365" lon="-121.7542699445039">
        <ele>184.45</ele>
      </trkpt>
      <trkpt lat="36.21829999610782" lon="-121.75422996282578">
        <ele>184.2</ele>
      </trkpt>
      <trkpt lat="36.21827996335924" lon="-121.75417992286384">
        <ele>183.93</ele>
      </trkpt>
      <trkpt lat="36.21823998168111" lon="-121.75403994508088">
        <ele>183.66</ele>
      </trkpt>
      <trkpt lat="36.2182299233973" lon="-121.75401999615133">
        <ele>183.36</ele>
      </trkpt>
      <trkpt lat="36.21819991618395" lon="-121.75390994176269">
        <ele>183.0</ele>
      </trkpt>
      <trkpt lat="36.218169992789626" lon="-121.75376996397972">
        <ele>182.61</ele>
      </trkpt>
      <trkpt lat="36.21813998557627" lon="-121.75366996787488">
        <ele>182.24</ele>
      </trkpt>
      <trkpt lat="36.21809992007911" lon="-121.7535399645567">
        <ele>181.85</ele>
      </trkpt>
      <trkpt lat="36.218059938400984" lon="-121.75339998677373">
        <ele>181.47</ele>
      </trkpt>
      <trkpt lat="36.217999923974276" lon="-121.75326998345554">
        <ele>181.06</ele>
      </trkpt>
      <trkpt lat="36.21794996783137" lon="-121.75313998013735">
        <ele>180.65</ele>
      </trkpt>
      <trkpt lat="36.2179399933666" lon="-121.75311994738877">
        <ele>180.23</ele>
      </trkpt>
      <trkpt lat="36.217889953404665" lon="-121.75301995128393">
        <ele>179.78</ele>
      </trkpt>
      <trkpt lat="36.21778995729983" lon="-121.75283999182284">
        <ele>179.33</ele>
      </trkpt>
      <trkpt lat="36.2177499756217" lon="-121.7527899518609">
        <ele>178.87</ele>
      </trkpt>
      <trkpt lat="36.21768996119499" lon="-121.75268995575607">
        <ele>178.39</ele>
      </trkpt>
      <trkpt lat="36.21766992844641" lon="-121.75263999961317">
        <ele>177.91</ele>
      </trkpt>
      <trkpt lat="36.217649979516864" lon="-121.75260999239981">
        <ele>177.43</ele>
      </trkpt>
      <trkpt lat="36.21754998341203" lon="-121.75243992358446">
        <ele>176.91</ele>
      </trkpt>
      <trkpt lat="36.21753992512822" lon="-121.75242994911969">
        <ele>176.4</ele>
      </trkpt>
      <trkpt lat="36.21748996898532" lon="-121.75234998576343">
        <ele>175.86</ele>
      </trkpt>
      <trkpt lat="36.21742995455861" lon="-121.7522499896586">
        <ele>175.33</ele>
      </trkpt>
      <trkpt lat="36.21740992181003" lon="-121.75221998244524">
        <ele>174.81</ele>
      </trkpt>
      <trkpt lat="36.21737999841571" lon="-121.7521699424833">
        <ele>174.28</ele>
      </trkpt>
      <trkpt lat="36.217329958453774" lon="-121.75206994637847">
        <ele>173.75</ele>
      </trkpt>
      <trkpt lat="36.21729995124042" lon="-121.75198998302221">
        <ele>173.23</ele>
      </trkpt>
      <trkpt lat="36.217269944027066" lon="-121.7519299685955">
        <ele>172.7</ele>
      </trkpt>
      <trkpt lat="36.21723993681371" lon="-121.75183994695544">
        <ele>172.16</ele>
      </trkpt>
      <trkpt lat="36.21722996234894" lon="-121.75177993252873">
        <ele>171.62</ele>
      </trkpt>
      <trkpt lat="36.21720992960036" lon="-121.75169996917248">
        <ele>171.08</ele>
      </trkpt>
      <trkpt lat="36.21720992960036" lon="-121.7516899947077">
        <ele>170.53</ele>
      </trkpt>
      <trkpt lat="36.217199955135584" lon="-121.75160994753242">
        <ele>170.0</ele>
      </trkpt>
      <trkpt lat="36.217199955135584" lon="-121.75151992589235">
        <ele>169.47</ele>
      </trkpt>
      <trkpt lat="36.217199955135584" lon="-121.75141992978752">
        <ele>168.94</ele>
      </trkpt>
      <trkpt lat="36.21720992960036" lon="-121.75132999196649">
        <ele>168.41</ele>
      </trkpt>
      <trkpt lat="36.21722996234894" lon="-121.7511999886483">
        <ele>167.88</ele>
      </trkpt>
      <trkpt lat="36.21724999509752" lon="-121.7510599270463">
        <ele>167.32</ele>
      </trkpt>
      <trkpt lat="36.217269944027066" lon="-121.75083998590708">
        <ele>166.71</ele>
      </trkpt>
      <trkpt lat="36.217269944027066" lon="-121.75077997148037">
        <ele>166.15</ele>
      </trkpt>
      <trkpt lat="36.217269944027066" lon="-121.75069992430508">
        <ele>165.6</ele>
      </trkpt>
      <trkpt lat="36.21725996956229" lon="-121.75061996094882">
        <ele>165.05</ele>
      </trkpt>
      <trkpt lat="36.217219987884164" lon="-121.75050999037921">
        <ele>164.48</ele>
      </trkpt>
      <trkpt lat="36.217199955135584" lon="-121.7504499759525">
        <ele>163.98</ele>
      </trkpt>
      <trkpt lat="36.21714999899268" lon="-121.75037998706102">
        <ele>163.47</ele>
      </trkpt>
      <trkpt lat="36.2171299662441" lon="-121.75032994709909">
        <ele>163.0</ele>
      </trkpt>
      <trkpt lat="36.21707992628217" lon="-121.75025995820761">
        <ele>162.51</ele>
      </trkpt>
      <trkpt lat="36.217029970139265" lon="-121.75021997652948">
        <ele>162.05</ele>
      </trkpt>
      <trkpt lat="36.21696995571256" lon="-121.75017999485135">
        <ele>161.64</ele>
      </trkpt>
      <trkpt lat="36.216919999569654" lon="-121.75015996210277">
        <ele>161.29</ele>
      </trkpt>
      <trkpt lat="36.216859985142946" lon="-121.75013992935419">
        <ele>160.96</ele>
      </trkpt>
      <trkpt lat="36.216789996251464" lon="-121.75012995488942">
        <ele>160.64</ele>
      </trkpt>
      <trkpt lat="36.21667994186282" lon="-121.75011998042464">
        <ele>160.39</ele>
      </trkpt>
      <trkpt lat="36.21664993464947" lon="-121.75012995488942">
        <ele>160.11</ele>
      </trkpt>
      <trkpt lat="36.21656997129321" lon="-121.750149987638">
        <ele>159.85</ele>
      </trkpt>
      <trkpt lat="36.216429993510246" lon="-121.7501999437809">
        <ele>159.62</ele>
      </trkpt>
      <trkpt lat="36.21634994633496" lon="-121.75022995099425">
        <ele>159.39</ele>
      </trkpt>
      <trkpt lat="36.21623997576535" lon="-121.75027999095619">
        <ele>159.17</ele>
      </trkpt>
      <trkpt lat="36.216019950807095" lon="-121.75037998706102">
        <ele>158.95</ele>
      </trkpt>
      <trkpt lat="36.21596999466419" lon="-121.75039993599057">
        <ele>158.78</ele>
      </trkpt>
      <trkpt lat="36.21587997302413" lon="-121.7504399176687">
        <ele>158.61</ele>
      </trkpt>
      <trkpt lat="36.215699929744005" lon="-121.75051996484399">
        <ele>158.47</ele>
      </trkpt>
      <trkpt lat="36.21562994085252" lon="-121.75054997205734">
        <ele>158.35</ele>
      </trkpt>
      <trkpt lat="36.215529944747686" lon="-121.75058995373547">
        <ele>158.24</ele>
      </trkpt>
      <trkpt lat="36.21546993032098" lon="-121.75059992820024">
        <ele>158.16</ele>
      </trkpt>
      <trkpt lat="36.215399941429496" lon="-121.75060998648405">
        <ele>158.11</ele>
      </trkpt>
      <trkpt lat="36.21533992700279" lon="-121.75060998648405">
        <ele>158.08</ele>
      </trkpt>
      <trkpt lat="36.21530991978943" lon="-121.75060998648405">
        <ele>158.06</ele>
      </trkpt>
      <trkpt lat="36.21525996364653" lon="-121.75059992820024">
        <ele>158.07</ele>
      </trkpt>
      <trkpt lat="36.21518997475505" lon="-121.7505799792707">
        <ele>158.1</ele>
      </trkpt>
      <trkpt lat="36.21512996032834" lon="-121.75054997205734">
        <ele>158.16</ele>
      </trkpt>
      <trkpt lat="36.21512996032834" lon="-121.75053999759257">
        <ele>158.2</ele>
      </trkpt>
      <trkpt lat="36.215119985863566" lon="-121.75053999759257">
        <ele>158.25</ele>
      </trkpt>
      <trkpt lat="36.215079920366406" lon="-121.75050999037921">
        <ele>158.34</ele>
      </trkpt>
      <trkpt lat="36.215029964223504" lon="-121.75046992488205">
        <ele>158.44</ele>
      </trkpt>
      <trkpt lat="36.21499995701015" lon="-121.75042994320393">
        <ele>158.53</ele>
      </trkpt>
      <trkpt lat="36.21497992426157" lon="-121.75041996873915">
        <ele>158.62</ele>
      </trkpt>
      <trkpt lat="36.21493994258344" lon="-121.75035995431244">
        <ele>158.76</ele>
      </trkpt>
      <trkpt lat="36.21489996090531" lon="-121.75029993988574">
        <ele>158.89</ele>
      </trkpt>
      <trkpt lat="36.21486995369196" lon="-121.75021997652948">
        <ele>159.03</ele>
      </trkpt>
      <trkpt lat="36.21484992094338" lon="-121.75012995488942">
        <ele>159.2</ele>
      </trkpt>
      <trkpt lat="36.21482997201383" lon="-121.75003993324935">
        <ele>159.33</ele>
      </trkpt>
      <trkpt lat="36.21480993926525" lon="-121.74992996267974">
        <ele>159.49</ele>
      </trkpt>
      <trkpt lat="36.21479996480048" lon="-121.74981999211013">
        <ele>159.63</ele>
      </trkpt>
      <trkpt lat="36.21479996480048" lon="-121.74979995936155">
        <ele>159.76</ele>
      </trkpt>
      <trkpt lat="36.2147899903357" lon="-121.7497199960053">
        <ele>159.9</ele>
      </trkpt>
      <trkpt lat="36.21476995758712" lon="-121.74960994161665">
        <ele>160.03</ele>
      </trkpt>
      <trkpt lat="36.21475998312235" lon="-121.7495799344033">
        <ele>160.15</ele>
      </trkpt>
      <trkpt lat="36.21473995037377" lon="-121.74948999658227">
        <ele>160.29</ele>
      </trkpt>
      <trkpt lat="36.21469996869564" lon="-121.74936996772885">
        <ele>160.41</ele>
      </trkpt>
      <trkpt lat="36.21465998701751" lon="-121.74925999715924">
        <ele>160.55</ele>
      </trkpt>
      <trkpt lat="36.21462997980416" lon="-121.74915991723537">
        <ele>160.68</ele>
      </trkpt>
      <trkpt lat="36.214599972590804" lon="-121.74908992834389">
        <ele>160.81</ele>
      </trkpt>
      <trkpt lat="36.214559990912676" lon="-121.74896998330951">
        <ele>160.94</ele>
      </trkpt>
      <trkpt lat="36.214519925415516" lon="-121.74884995445609">
        <ele>161.05</ele>
      </trkpt>
      <trkpt lat="36.21450995095074" lon="-121.74878994002938">
        <ele>161.21</ele>
      </trkpt>
      <trkpt lat="36.21449997648597" lon="-121.74874995835125">
        <ele>161.37</ele>
      </trkpt>
      <trkpt lat="36.21448991820216" lon="-121.74867996945977">
        <ele>161.54</ele>
      </trkpt>
      <trkpt lat="36.21447994373739" lon="-121.74857997335494">
        <ele>161.74</ele>
      </trkpt>
      <trkpt lat="36.21447994373739" lon="-121.748529933393">
        <ele>161.94</ele>
      </trkpt>
      <trkpt lat="36.21447994373739" lon="-121.74848995171487">
        <ele>162.14</ele>
      </trkpt>
      <trkpt lat="36.21447994373739" lon="-121.74838995561004">
        <ele>162.36</ele>
      </trkpt>
      <trkpt lat="36.21448991820216" lon="-121.74825995229185">
        <ele>162.6</ele>
      </trkpt>
      <trkpt lat="36.21448991820216" lon="-121.74815995618701">
        <ele>162.84</ele>
      </trkpt>
      <trkpt lat="36.21448991820216" lon="-121.7480499856174">
        <ele>163.04</ele>
      </trkpt>
      <trkpt lat="36.21446996927261" lon="-121.74793993122876">
        <ele>163.25</ele>
      </trkpt>
      <trkpt lat="36.21444993652403" lon="-121.74786994233727">
        <ele>163.48</ele>
      </trkpt>
      <trkpt lat="36.21444993652403" lon="-121.7478599678725">
        <ele>163.75</ele>
      </trkpt>
      <trkpt lat="36.21443996205926" lon="-121.74783993512392">
        <ele>164.03</ele>
      </trkpt>
      <trkpt lat="36.214409954845905" lon="-121.74774999730289">
        <ele>164.29</ele>
      </trkpt>
      <trkpt lat="36.21437994763255" lon="-121.74765997566283">
        <ele>164.63</ele>
      </trkpt>
      <trkpt lat="36.21431993320584" lon="-121.74754992127419">
        <ele>164.97</ele>
      </trkpt>
      <trkpt lat="36.21426997706294" lon="-121.74746995791793">
        <ele>165.35</ele>
      </trkpt>
      <trkpt lat="36.21419998817146" lon="-121.74738999456167">
        <ele>165.71</ele>
      </trkpt>
      <trkpt lat="36.214129999279976" lon="-121.74732998013496">
        <ele>166.14</ele>
      </trkpt>
      <trkpt lat="36.21405992656946" lon="-121.74726996570826">
        <ele>166.57</ele>
      </trkpt>
      <trkpt lat="36.21396998874843" lon="-121.74721992574632">
        <ele>167.01</ele>
      </trkpt>
      <trkpt lat="36.21388994157314" lon="-121.74716996960342">
        <ele>167.48</ele>
      </trkpt>
      <trkpt lat="36.21381995268166" lon="-121.74712998792529">
        <ele>167.96</ele>
      </trkpt>
      <trkpt lat="36.21376999653876" lon="-121.74709998071194">
        <ele>168.45</ele>
      </trkpt>
      <trkpt lat="36.213699923828244" lon="-121.74705999903381">
        <ele>168.96</ele>
      </trkpt>
      <trkpt lat="36.21366991661489" lon="-121.74703996628523">
        <ele>169.48</ele>
      </trkpt>
      <trkpt lat="36.213659942150116" lon="-121.74701993353665">
        <ele>170.01</ele>
      </trkpt>
      <trkpt lat="36.21361996047199" lon="-121.7469899263233">
        <ele>170.56</ele>
      </trkpt>
      <trkpt lat="36.21357997879386" lon="-121.74694994464517">
        <ele>171.13</ele>
      </trkpt>
      <trkpt lat="36.213529938831925" lon="-121.74689998850226">
        <ele>171.72</ele>
      </trkpt>
      <trkpt lat="36.21349993161857" lon="-121.7468599230051">
        <ele>172.32</ele>
      </trkpt>
      <trkpt lat="36.21345994994044" lon="-121.74679999239743">
        <ele>172.94</ele>
      </trkpt>
      <trkpt lat="36.21343991719186" lon="-121.74675992690027">
        <ele>173.54</ele>
      </trkpt>
      <trkpt lat="36.21340999379754" lon="-121.74670997075737">
        <ele>174.12</ele>
      </trkpt>
      <trkpt lat="36.213399935513735" lon="-121.74668993800879">
        <ele>174.72</ele>
      </trkpt>
      <trkpt lat="36.21336992830038" lon="-121.74663998186588">
        <ele>175.32</ele>
      </trkpt>
      <trkpt lat="36.21332994662225" lon="-121.7465599346906">
        <ele>175.98</ele>
      </trkpt>
      <trkpt lat="36.213309997692704" lon="-121.74650997854769">
        <ele>176.63</ele>
      </trkpt>
      <trkpt lat="36.21323992498219" lon="-121.74634996801615">
        <ele>177.28</ele>
      </trkpt>
      <trkpt lat="36.21321997605264" lon="-121.7463199608028">
        <ele>177.89</ele>
      </trkpt>
      <trkpt lat="36.21314998716116" lon="-121.74616992473602">
        <ele>178.52</ele>
      </trkpt>
      <trkpt lat="36.21312995441258" lon="-121.7461299430579">
        <ele>179.14</ele>
      </trkpt>
      <trkpt lat="36.21303993277252" lon="-121.745939925313">
        <ele>179.78</ele>
      </trkpt>
      <trkpt lat="36.21303993277252" lon="-121.74592995084822">
        <ele>180.41</ele>
      </trkpt>
      <trkpt lat="36.21301998384297" lon="-121.7458899691701">
        <ele>181.03</ele>
      </trkpt>
      <trkpt lat="36.21294999495149" lon="-121.74574999138713">
        <ele>181.63</ele>
      </trkpt>
      <trkpt lat="36.21294999495149" lon="-121.74573993310332">
        <ele>182.25</ele>
      </trkpt>
      <trkpt lat="36.212859973311424" lon="-121.745569948107">
        <ele>182.79</ele>
      </trkpt>
      <trkpt lat="36.212859973311424" lon="-121.74554999917746">
        <ele>183.4</ele>
      </trkpt>
      <trkpt lat="36.21276995167136" lon="-121.74535998143256">
        <ele>183.97</ele>
      </trkpt>
      <trkpt lat="36.21263994835317" lon="-121.74508991651237">
        <ele>184.61</ele>
      </trkpt>
      <trkpt lat="36.21249997057021" lon="-121.74479998648167">
        <ele>185.2</ele>
      </trkpt>
      <trkpt lat="36.21248999610543" lon="-121.74477995373309">
        <ele>185.76</ele>
      </trkpt>
      <trkpt lat="36.2124399561435" lon="-121.74466998316348">
        <ele>186.39</ele>
      </trkpt>
      <trkpt lat="36.212389916181564" lon="-121.74455992877483">
        <ele>187.02</ele>
      </trkpt>
      <trkpt lat="36.21232998557389" lon="-121.74441995099187">
        <ele>187.59</ele>
      </trkpt>
      <trkpt lat="36.21231992729008" lon="-121.74438994377851">
        <ele>188.09</ele>
      </trkpt>
      <trkpt lat="36.212299978360534" lon="-121.7443299293518">
        <ele>188.59</ele>
      </trkpt>
      <trkpt lat="36.21226997114718" lon="-121.74422993324697">
        <ele>189.07</ele>
      </trkpt>
      <trkpt lat="36.212259996682405" lon="-121.74417997710407">
        <ele>189.51</ele>
      </trkpt>
      <trkpt lat="36.2122499383986" lon="-121.74414996989071">
        <ele>189.91</ele>
      </trkpt>
      <trkpt lat="36.212239963933825" lon="-121.74406992271543">
        <ele>190.31</ele>
      </trkpt>
      <trkpt lat="36.21222998946905" lon="-121.7439799848944">
        <ele>190.67</ele>
      </trkpt>
      <trkpt lat="36.212239963933825" lon="-121.74387998878956">
        <ele>191.01</ele>
      </trkpt>
      <trkpt lat="36.2122499383986" lon="-121.74379994161427">
        <ele>191.32</ele>
      </trkpt>
      <trkpt lat="36.21226997114718" lon="-121.74370991997421">
        <ele>191.61</ele>
      </trkpt>
      <trkpt lat="36.212299978360534" lon="-121.74360992386937">
        <ele>191.85</ele>
      </trkpt>
      <trkpt lat="36.212349934503436" lon="-121.74350992776453">
        <ele>192.1</ele>
      </trkpt>
      <trkpt lat="36.212429981678724" lon="-121.7433599755168">
        <ele>192.31</ele>
      </trkpt>
      <trkpt lat="36.21249997057021" lon="-121.7432299721986">
        <ele>192.48</ele>
      </trkpt>
      <trkpt lat="36.21252997778356" lon="-121.74312997609377">
        <ele>192.58</ele>
      </trkpt>
      <trkpt lat="36.212539952248335" lon="-121.74304992891848">
        <ele>192.64</ele>
      </trkpt>
      <trkpt lat="36.212539952248335" lon="-121.74295999109745">
        <ele>192.65</ele>
      </trkpt>
      <trkpt lat="36.212539952248335" lon="-121.74288991838694">
        <ele>192.68</ele>
      </trkpt>
      <trkpt lat="36.212519919499755" lon="-121.7427999805659">
        <ele>192.67</ele>
      </trkpt>
      <trkpt lat="36.21249997057021" lon="-121.74272999167442">
        <ele>192.64</ele>
      </trkpt>
      <trkpt lat="36.21248999610543" lon="-121.74271993339062">
        <ele>192.59</ele>
      </trkpt>
      <trkpt lat="36.21245998889208" lon="-121.74265991896391">
        <ele>192.52</ele>
      </trkpt>
      <trkpt lat="36.21241992339492" lon="-121.74258993007243">
        <ele>192.43</ele>
      </trkpt>
      <trkpt lat="36.212389916181564" lon="-121.7425499483943">
        <ele>192.32</ele>
      </trkpt>
      <trkpt lat="36.212349934503436" lon="-121.74250996671617">
        <ele>192.18</ele>
      </trkpt>
      <trkpt lat="36.21230995282531" lon="-121.74247995950282">
        <ele>192.01</ele>
      </trkpt>
      <trkpt lat="36.21226997114718" lon="-121.74244995228946">
        <ele>191.82</ele>
      </trkpt>
      <trkpt lat="36.212219931185246" lon="-121.74241994507611">
        <ele>191.61</ele>
      </trkpt>
      <trkpt lat="36.21218992397189" lon="-121.74240997061133">
        <ele>191.37</ele>
      </trkpt>
      <trkpt lat="36.212109960615635" lon="-121.74237996339798">
        <ele>191.12</ele>
      </trkpt>
      <trkpt lat="36.21206997893751" lon="-121.7423699889332">
        <ele>190.84</ele>
      </trkpt>
      <trkpt lat="36.21204994618893" lon="-121.7423699889332">
        <ele>190.55</ele>
      </trkpt>
      <trkpt lat="36.2120099645108" lon="-121.74234995618463">
        <ele>190.25</ele>
      </trkpt>
      <trkpt lat="36.21194995008409" lon="-121.74233998171985">
        <ele>189.91</ele>
      </trkpt>
      <trkpt lat="36.21179999783635" lon="-121.74229991622269">
        <ele>189.53</ele>
      </trkpt>
      <trkpt lat="36.21171995066106" lon="-121.74227996729314">
        <ele>189.13</ele>
      </trkpt>
      <trkpt lat="36.21166999451816" lon="-121.74226999282837">
        <ele>188.75</ele>
      </trkpt>
      <trkpt lat="36.211569998413324" lon="-121.74224996007979">
        <ele>188.32</ele>
      </trkpt>
      <trkpt lat="36.21153999119997" lon="-121.74223998561502">
        <ele>187.96</ele>
      </trkpt>
      <trkpt lat="36.21144996955991" lon="-121.74221995286644">
        <ele>187.58</ele>
      </trkpt>
      <trkpt lat="36.211359947919846" lon="-121.74219992011786">
        <ele>187.21</ele>
      </trkpt>
      <trkpt lat="36.21127998456359" lon="-121.7421799711883">
        <ele>186.85</ele>
      </trkpt>
      <trkpt lat="36.21117998845875" lon="-121.74214996397495">
        <ele>186.5</ele>
      </trkpt>
      <trkpt lat="36.21110999956727" lon="-121.74212993122637">
        <ele>186.2</ele>
      </trkpt>
      <trkpt lat="36.21102995239198" lon="-121.74209992401302">
        <ele>185.9</ele>
      </trkpt>
      <trkpt lat="36.210989970713854" lon="-121.74208994954824">
        <ele>185.59</ele>
      </trkpt>
      <trkpt lat="36.2109599635005" lon="-121.74206991679966">
        <ele>185.27</ele>
      </trkpt>
      <trkpt lat="36.21087991632521" lon="-121.74201996065676">
        <ele>185.01</ele>
      </trkpt>
      <trkpt lat="36.210799952968955" lon="-121.74195994623005">
        <ele>184.77</ele>
      </trkpt>
      <trkpt lat="36.21072996407747" lon="-121.74189993180335">
        <ele>184.43</ele>
      </trkpt>
      <trkpt lat="36.21065997518599" lon="-121.74179993569851">
        <ele>184.11</ele>
      </trkpt>
      <trkpt lat="36.21059996075928" lon="-121.74169993959367">
        <ele>183.76</ele>
      </trkpt>
      <trkpt lat="36.2105799280107" lon="-121.74164998345077">
        <ele>183.43</ele>
      </trkpt>
      <trkpt lat="36.210559979081154" lon="-121.74158996902406">
        <ele>183.09</ele>
      </trkpt>
      <trkpt lat="36.2105299718678" lon="-121.74147999845445">
        <ele>182.73</ele>
      </trkpt>
      <trkpt lat="36.210499964654446" lon="-121.74135996960104">
        <ele>182.41</ele>
      </trkpt>
      <trkpt lat="36.21045487001538" lon="-121.74116467125714">
        <ele>182.05</ele>
      </trkpt>
      <trkpt lat="36.21040994301438" lon="-121.74096995964646">
        <ele>181.73</ele>
      </trkpt>
      <trkpt lat="36.21039996854961" lon="-121.7408899962902">
        <ele>181.45</ele>
      </trkpt>
      <trkpt lat="36.210369961336255" lon="-121.74075999297202">
        <ele>181.18</ele>
      </trkpt>
      <trkpt lat="36.21029997244477" lon="-121.74047995358706">
        <ele>180.93</ele>
      </trkpt>
      <trkpt lat="36.21026996523142" lon="-121.74032991752028">
        <ele>180.68</ele>
      </trkpt>
      <trkpt lat="36.210199976339936" lon="-121.74006999470294">
        <ele>180.39</ele>
      </trkpt>
      <trkpt lat="36.210149936378" lon="-121.73986991867423">
        <ele>180.1</ele>
      </trkpt>
      <trkpt lat="36.210089921951294" lon="-121.73969993367791">
        <ele>179.86</ele>
      </trkpt>
      <trkpt lat="36.210069973021746" lon="-121.73966992646456">
        <ele>179.67</ele>
      </trkpt>
      <trkpt lat="36.21001993305981" lon="-121.73954998143017">
        <ele>179.51</ele>
      </trkpt>
      <trkpt lat="36.20998992584646" lon="-121.73950999975204">
        <ele>179.37</ele>
      </trkpt>
      <trkpt lat="36.20994994416833" lon="-121.73942995257676">
        <ele>179.24</ele>
      </trkpt>
      <trkpt lat="36.20987995527685" lon="-121.7393399309367">
        <ele>179.15</ele>
      </trkpt>
      <trkpt lat="36.20985992252827" lon="-121.73931998200715">
        <ele>179.05</ele>
      </trkpt>
      <trkpt lat="36.20975992642343" lon="-121.73921998590231">
        <ele>178.99</ele>
      </trkpt>
      <trkpt lat="36.20973997749388" lon="-121.73919995315373">
        <ele>178.92</ele>
      </trkpt>
      <trkpt lat="36.20959999971092" lon="-121.73905997537076">
        <ele>178.9</ele>
      </trkpt>
      <trkpt lat="36.20944996364415" lon="-121.73892997205257">
        <ele>178.86</ele>
      </trkpt>
      <trkpt lat="36.20943998917937" lon="-121.7389199975878">
        <ele>178.84</ele>
      </trkpt>
      <trkpt lat="36.20930998586118" lon="-121.73879996873438">
        <ele>178.81</ele>
      </trkpt>
      <trkpt lat="36.20915994979441" lon="-121.73865999095142">
        <ele>178.8</ele>
      </trkpt>
      <trkpt lat="36.20912994258106" lon="-121.73862998373806">
        <ele>178.82</ele>
      </trkpt>
      <trkpt lat="36.20901997201145" lon="-121.73852998763323">
        <ele>178.86</ele>
      </trkpt>
      <trkpt lat="36.208909917622805" lon="-121.73842999152839">
        <ele>178.92</ele>
      </trkpt>
      <trkpt lat="36.20870011858642" lon="-121.73823008313775">
        <ele>178.96</ele>
      </trkpt>
      <trkpt lat="36.20848998427391" lon="-121.73802992329001">
        <ele>179.0</ele>
      </trkpt>
      <trkpt lat="36.20844991877675" lon="-121.73798994161189">
        <ele>179.06</ele>
      </trkpt>
      <trkpt lat="36.208389988169074" lon="-121.7379199527204">
        <ele>179.11</ele>
      </trkpt>
      <trkpt lat="36.208349922671914" lon="-121.7378599382937">
        <ele>179.21</ele>
      </trkpt>
      <trkpt lat="36.208309940993786" lon="-121.73779992386699">
        <ele>179.31</ele>
      </trkpt>
      <trkpt lat="36.20827993378043" lon="-121.7377299349755">
        <ele>179.41</ele>
      </trkpt>
      <trkpt lat="36.20824992656708" lon="-121.73763999715447">
        <ele>179.52</ele>
      </trkpt>
      <trkpt lat="36.20822997763753" lon="-121.73758995719254">
        <ele>179.62</ele>
      </trkpt>
      <trkpt lat="36.20821991935372" lon="-121.73751996830106">
        <ele>179.72</ele>
      </trkpt>
      <trkpt lat="36.20820994488895" lon="-121.73744997940958">
        <ele>179.81</ele>
      </trkpt>
      <trkpt lat="36.20820994488895" lon="-121.7373799905181">
        <ele>179.92</ele>
      </trkpt>
      <trkpt lat="36.20821991935372" lon="-121.73730991780758">
        <ele>180.02</ele>
      </trkpt>
      <trkpt lat="36.20822997763753" lon="-121.7372499871999">
        <ele>180.11</ele>
      </trkpt>
      <trkpt lat="36.20824992656708" lon="-121.73719994723797">
        <ele>180.2</ele>
      </trkpt>
      <trkpt lat="36.20824992656708" lon="-121.7371899727732">
        <ele>180.28</ele>
      </trkpt>
      <trkpt lat="36.20825998485088" lon="-121.73716994002461">
        <ele>180.35</ele>
      </trkpt>
      <trkpt lat="36.20831999927759" lon="-121.737059969455">
        <ele>180.46</ele>
      </trkpt>
      <trkpt lat="36.20833994820714" lon="-121.73700992949307">
        <ele>180.51</ele>
      </trkpt>
      <trkpt lat="36.20833994820714" lon="-121.7369999550283">
        <ele>180.54</ele>
      </trkpt>
      <trkpt lat="36.208349922671914" lon="-121.73697992227972">
        <ele>180.57</ele>
      </trkpt>
      <trkpt lat="36.2084299698472" lon="-121.73682997003198">
        <ele>180.61</ele>
      </trkpt>
      <trkpt lat="36.208439944311976" lon="-121.73682997003198">
        <ele>180.62</ele>
      </trkpt>
      <trkpt lat="36.208499958738685" lon="-121.73669996671379">
        <ele>180.63</ele>
      </trkpt>
      <trkpt lat="36.208519991487265" lon="-121.73665998503566">
        <ele>180.61</ele>
      </trkpt>
      <trkpt lat="36.20852996595204" lon="-121.7366199195385">
        <ele>180.57</ele>
      </trkpt>
      <trkpt lat="36.20853994041681" lon="-121.73657993786037">
        <ele>180.51</ele>
      </trkpt>
      <trkpt lat="36.20855997316539" lon="-121.73653995618224">
        <ele>180.46</ele>
      </trkpt>
      <trkpt lat="36.20857992209494" lon="-121.73644993454218">
        <ele>180.37</ele>
      </trkpt>
      <trkpt lat="36.20858998037875" lon="-121.73641992732882">
        <ele>180.29</ele>
      </trkpt>
      <trkpt lat="36.20858998037875" lon="-121.73640995286405">
        <ele>180.18</ele>
      </trkpt>
      <trkpt lat="36.20859995484352" lon="-121.73634993843734">
        <ele>180.05</ele>
      </trkpt>
      <trkpt lat="36.20859995484352" lon="-121.73625991679728">
        <ele>179.91</ele>
      </trkpt>
      <trkpt lat="36.20858998037875" lon="-121.7361899279058">
        <ele>179.76</ele>
      </trkpt>
      <trkpt lat="36.20858998037875" lon="-121.7361399717629">
        <ele>179.61</ele>
      </trkpt>
      <trkpt lat="36.20857992209494" lon="-121.73604995012283">
        <ele>179.42</ele>
      </trkpt>
      <trkpt lat="36.20853994041681" lon="-121.73587996512651">
        <ele>179.18</ele>
      </trkpt>
      <trkpt lat="36.208519991487265" lon="-121.73578994348645">
        <ele>178.96</ele>
      </trkpt>
      <trkpt lat="36.208519991487265" lon="-121.7357599362731">
        <ele>178.75</ele>
      </trkpt>
      <trkpt lat="36.20850993320346" lon="-121.73569992184639">
        <ele>178.53</ele>
      </trkpt>
      <trkpt lat="36.208499958738685" lon="-121.73561995849013">
        <ele>178.28</ele>
      </trkpt>
      <trkpt lat="36.20848998427391" lon="-121.73555994406343">
        <ele>178.03</ele>
      </trkpt>
      <trkpt lat="36.208479925990105" lon="-121.73547998070717">
        <ele>177.78</ele>
      </trkpt>
      <trkpt lat="36.20848998427391" lon="-121.73539993353188">
        <ele>177.54</ele>
      </trkpt>
      <trkpt lat="36.208499958738685" lon="-121.73531997017562">
        <ele>177.28</ele>
      </trkpt>
      <trkpt lat="36.208499958738685" lon="-121.73528996296227">
        <ele>177.03</ele>
      </trkpt>
      <trkpt lat="36.20850993320346" lon="-121.73523992300034">
        <ele>176.77</ele>
      </trkpt>
      <trkpt lat="36.20853994041681" lon="-121.7351399268955">
        <ele>176.54</ele>
      </trkpt>
      <trkpt lat="36.20854999870062" lon="-121.73511997796595">
        <ele>176.29</ele>
      </trkpt>
      <trkpt lat="36.20855997316539" lon="-121.73509994521737">
        <ele>176.04</ele>
      </trkpt>
      <trkpt lat="36.20863993652165" lon="-121.73487992025912">
        <ele>175.81</ele>
      </trkpt>
      <trkpt lat="36.20867991819978" lon="-121.73477992415428">
        <ele>175.56</ele>
      </trkpt>
      <trkpt lat="36.20869995094836" lon="-121.73469996079803">
        <ele>175.3</ele>
      </trkpt>
      <trkpt lat="36.20869995094836" lon="-121.73466995358467">
        <ele>175.06</ele>
      </trkpt>
      <trkpt lat="36.20871998369694" lon="-121.73459996469319">
        <ele>174.82</ele>
      </trkpt>
      <trkpt lat="36.20871998369694" lon="-121.73453995026648">
        <ele>174.59</ele>
      </trkpt>
      <trkpt lat="36.20871998369694" lon="-121.73447993583977">
        <ele>174.38</ele>
      </trkpt>
      <trkpt lat="36.20871998369694" lon="-121.734469961375">
        <ele>174.19</ele>
      </trkpt>
      <trkpt lat="36.20871998369694" lon="-121.73445998691022">
        <ele>174.02</ele>
      </trkpt>
      <trkpt lat="36.20871998369694" lon="-121.73441992141306">
        <ele>173.86</ele>
      </trkpt>
      <trkpt lat="36.20870992541313" lon="-121.73436996527016">
        <ele>173.7</ele>
      </trkpt>
      <trkpt lat="36.20869995094836" lon="-121.73431992530823">
        <ele>173.56</ele>
      </trkpt>
      <trkpt lat="36.20868997648358" lon="-121.7342799436301">
        <ele>173.45</ele>
      </trkpt>
      <trkpt lat="36.20868997648358" lon="-121.73425999470055">
        <ele>173.38</ele>
      </trkpt>
      <trkpt lat="36.208669943735" lon="-121.73421992920339">
        <ele>173.31</ele>
      </trkpt>
      <trkpt lat="36.208649994805455" lon="-121.73415999859571">
        <ele>173.25</ele>
      </trkpt>
      <trkpt lat="36.208609929308295" lon="-121.734099984169">
        <ele>173.24</ele>
      </trkpt>
      <trkpt lat="36.20858998037875" lon="-121.73407995142043">
        <ele>173.29</ele>
      </trkpt>
      <trkpt lat="36.20858998037875" lon="-121.73406997695565">
        <ele>173.37</ele>
      </trkpt>
      <trkpt lat="36.20856994763017" lon="-121.73404994420707">
        <ele>173.48</ele>
      </trkpt>
      <trkpt lat="36.208519991487265" lon="-121.73400996252894">
        <ele>173.63</ele>
      </trkpt>
      <trkpt lat="36.208499958738685" lon="-121.73397995531559">
        <ele>173.79</ele>
      </trkpt>
      <trkpt lat="36.208459977060556" lon="-121.73395992256701">
        <ele>173.98</ele>
      </trkpt>
      <trkpt lat="36.20840993709862" lon="-121.73392999917269">
        <ele>174.21</ele>
      </trkpt>
      <trkpt lat="36.208369955420494" lon="-121.73391994088888">
        <ele>174.46</ele>
      </trkpt>
      <trkpt lat="36.20831999927759" lon="-121.73389999195933">
        <ele>174.75</ele>
      </trkpt>
      <trkpt lat="36.20826995931566" lon="-121.73389999195933">
        <ele>175.08</ele>
      </trkpt>
      <trkpt lat="36.208199970424175" lon="-121.73389999195933">
        <ele>175.47</ele>
      </trkpt>
      <trkpt lat="36.20816996321082" lon="-121.73390996642411">
        <ele>175.88</ele>
      </trkpt>
      <trkpt lat="36.20813995599747" lon="-121.73391994088888">
        <ele>176.32</ele>
      </trkpt>
      <trkpt lat="36.208089999854565" lon="-121.73392999917269">
        <ele>176.8</ele>
      </trkpt>
      <trkpt lat="36.208029985427856" lon="-121.73394994810224">
        <ele>177.32</ele>
      </trkpt>
      <trkpt lat="36.20786025188863" lon="-121.73401985317469">
        <ele>177.87</ele>
      </trkpt>
      <trkpt lat="36.20768993161619" lon="-121.7340899258852">
        <ele>178.41</ele>
      </trkpt>
      <trkpt lat="36.207489939406514" lon="-121.73418992199004">
        <ele>179.07</ele>
      </trkpt>
      <trkpt lat="36.20739991776645" lon="-121.7342299874872">
        <ele>179.76</ele>
      </trkpt>
      <trkpt lat="36.20714996941388" lon="-121.73435999080539">
        <ele>180.57</ele>
      </trkpt>
      <trkpt lat="36.20708995498717" lon="-121.73439997248352">
        <ele>181.3</ele>
      </trkpt>
      <trkpt lat="36.20702994056046" lon="-121.73443995416164">
        <ele>182.03</ele>
      </trkpt>
      <trkpt lat="36.20696992613375" lon="-121.73447993583977">
        <ele>182.79</ele>
      </trkpt>
      <trkpt lat="36.206909995526075" lon="-121.7345299758017">
        <ele>183.56</ele>
      </trkpt>
      <trkpt lat="36.20687998831272" lon="-121.73455998301506">
        <ele>184.34</ele>
      </trkpt>
      <trkpt lat="36.20684998109937" lon="-121.73458999022841">
        <ele>185.12</ele>
      </trkpt>
      <trkpt lat="36.20681997388601" lon="-121.73462997190654">
        <ele>185.92</ele>
      </trkpt>
      <trkpt lat="36.20676993392408" lon="-121.73468998633325">
        <ele>186.72</ele>
      </trkpt>
      <trkpt lat="36.20661998167634" lon="-121.7348999530077">
        <ele>187.55</ele>
      </trkpt>
      <trkpt lat="36.20654999278486" lon="-121.73496994189918">
        <ele>188.41</ele>
      </trkpt>
      <trkpt lat="36.206479920074344" lon="-121.73502995632589">
        <ele>189.3</ele>
      </trkpt>
      <trkpt lat="36.20636994950473" lon="-121.73510991968215">
        <ele>190.22</ele>
      </trkpt>
      <trkpt lat="36.20635997503996" lon="-121.73511997796595">
        <ele>191.06</ele>
      </trkpt>
      <trkpt lat="36.20621019043028" lon="-121.73521980643272">
        <ele>191.99</ele>
      </trkpt>
      <trkpt lat="36.20605998672545" lon="-121.73531997017562">
        <ele>192.86</ele>
      </trkpt>
      <trkpt lat="36.20594993233681" lon="-121.73537998460233">
        <ele>193.71</ele>
      </trkpt>
      <trkpt lat="36.2058899179101" lon="-121.73539993353188">
        <ele>194.57</ele>
      </trkpt>
      <trkpt lat="36.20581992901862" lon="-121.73542994074523">
        <ele>195.41</ele>
      </trkpt>
      <trkpt lat="36.20571993291378" lon="-121.73542994074523">
        <ele>196.28</ele>
      </trkpt>
      <trkpt lat="36.205689925700426" lon="-121.73542994074523">
        <ele>197.09</ele>
      </trkpt>
      <trkpt lat="36.20553997345269" lon="-121.7353899590671">
        <ele>197.94</ele>
      </trkpt>
      <trkpt lat="36.20548993349075" lon="-121.73534997738898">
        <ele>198.71</ele>
      </trkpt>
      <trkpt lat="36.20537996292114" lon="-121.7352799884975">
        <ele>199.44</ele>
      </trkpt>
      <trkpt lat="36.205279966816306" lon="-121.73516993410885">
        <ele>200.06</ele>
      </trkpt>
      <trkpt lat="36.20515993796289" lon="-121.73493993468583">
        <ele>200.79</ele>
      </trkpt>
      <trkpt lat="36.20509992353618" lon="-121.73480993136764">
        <ele>201.44</ele>
      </trkpt>
      <trkpt lat="36.2049799785018" lon="-121.73456995747983">
        <ele>202.06</ele>
      </trkpt>
      <trkpt lat="36.20494997128844" lon="-121.73449996858835">
        <ele>202.7</ele>
      </trkpt>
      <trkpt lat="36.204889956861734" lon="-121.73437993973494">
        <ele>203.23</ele>
      </trkpt>
      <trkpt lat="36.20487998239696" lon="-121.73436996527016">
        <ele>203.75</ele>
      </trkpt>
      <trkpt lat="36.204829942435026" lon="-121.73423996195197">
        <ele>204.22</ele>
      </trkpt>
      <trkpt lat="36.20479993522167" lon="-121.73416997306049">
        <ele>204.66</ele>
      </trkpt>
      <trkpt lat="36.20479993522167" lon="-121.73415999859571">
        <ele>205.09</ele>
      </trkpt>
      <trkpt lat="36.2047899607569" lon="-121.73411993309855">
        <ele>205.48</ele>
      </trkpt>
      <trkpt lat="36.204759953543544" lon="-121.7340399697423">
        <ele>205.84</ele>
      </trkpt>
      <trkpt lat="36.20474997907877" lon="-121.73395992256701">
        <ele>206.18</ele>
      </trkpt>
      <trkpt lat="36.204739920794964" lon="-121.73394994810224">
        <ele>206.46</ele>
      </trkpt>
      <trkpt lat="36.20472994633019" lon="-121.73387995921075">
        <ele>206.72</ele>
      </trkpt>
      <trkpt lat="36.20470999740064" lon="-121.73373998142779">
        <ele>206.95</ele>
      </trkpt>
      <trkpt lat="36.20468996465206" lon="-121.73354996368289">
        <ele>207.14</ele>
      </trkpt>
      <trkpt lat="36.20465995743871" lon="-121.73329993151128">
        <ele>207.26</ele>
      </trkpt>
      <trkpt lat="36.20462995022535" lon="-121.73308996483684">
        <ele>207.33</ele>
      </trkpt>
      <trkpt lat="36.20461997576058" lon="-121.73299994319677">
        <ele>207.4</ele>
      </trkpt>
      <trkpt lat="36.20461997576058" lon="-121.73292995430529">
        <ele>207.45</ele>
      </trkpt>
      <trkpt lat="36.20461997576058" lon="-121.73286993987858">
        <ele>207.46</ele>
      </trkpt>
      <trkpt lat="36.20461997576058" lon="-121.73284999094903">
        <ele>207.45</ele>
      </trkpt>
      <trkpt lat="36.20462995022535" lon="-121.73278997652233">
        <ele>207.42</ele>
      </trkpt>
      <trkpt lat="36.20463992469013" lon="-121.73271998763084">
        <ele>207.36</ele>
      </trkpt>
      <trkpt lat="36.20465995743871" lon="-121.73264999873936">
        <ele>207.28</ele>
      </trkpt>
      <trkpt lat="36.20468996465206" lon="-121.73256995156407">
        <ele>207.16</ele>
      </trkpt>
      <trkpt lat="36.20470999740064" lon="-121.73252996988595">
        <ele>207.02</ele>
      </trkpt>
      <trkpt lat="36.20472994633019" lon="-121.73249996267259">
        <ele>206.86</ele>
      </trkpt>
      <trkpt lat="36.204759953543544" lon="-121.73244992271066">
        <ele>206.68</ele>
      </trkpt>
      <trkpt lat="36.20476992800832" lon="-121.73244992271066">
        <ele>206.47</ele>
      </trkpt>
      <trkpt lat="36.2047899607569" lon="-121.73241999931633">
        <ele>206.24</ele>
      </trkpt>
      <trkpt lat="36.20485994964838" lon="-121.73232997767627">
        <ele>206.0</ele>
      </trkpt>
      <trkpt lat="36.204889956861734" lon="-121.73229997046292">
        <ele>205.72</ele>
      </trkpt>
      <trkpt lat="36.204889956861734" lon="-121.73228999599814">
        <ele>205.41</ele>
      </trkpt>
      <trkpt lat="36.20494997128844" lon="-121.73220994882286">
        <ele>205.07</ele>
      </trkpt>
      <trkpt lat="36.204999927431345" lon="-121.7321299854666">
        <ele>204.72</ele>
      </trkpt>
      <trkpt lat="36.20504996739328" lon="-121.73204993829131">
        <ele>204.34</ele>
      </trkpt>
      <trkpt lat="36.20507997460663" lon="-121.73197994939983">
        <ele>203.95</ele>
      </trkpt>
      <trkpt lat="36.20508994907141" lon="-121.73192999325693">
        <ele>203.54</ele>
      </trkpt>
      <trkpt lat="36.20509992353618" lon="-121.73191993497312">
        <ele>203.13</ele>
      </trkpt>
      <trkpt lat="36.20511995628476" lon="-121.73183997161686">
        <ele>202.69</ele>
      </trkpt>
      <trkpt lat="36.205129930749536" lon="-121.73175992444158">
        <ele>202.24</ele>
      </trkpt>
      <trkpt lat="36.20513998903334" lon="-121.7316899355501">
        <ele>201.8</ele>
      </trkpt>
      <trkpt lat="36.20513998903334" lon="-121.73162992112339">
        <ele>201.33</ele>
      </trkpt>
      <trkpt lat="36.205129930749536" lon="-121.73153998330235">
        <ele>200.83</ele>
      </trkpt>
      <trkpt lat="36.20511995628476" lon="-121.7314999178052">
        <ele>200.32</ele>
      </trkpt>
      <trkpt lat="36.20510998181999" lon="-121.73144996166229">
        <ele>199.81</ele>
      </trkpt>
      <trkpt lat="36.20507997460663" lon="-121.73134996555746">
        <ele>199.28</ele>
      </trkpt>
      <trkpt lat="36.20504996739328" lon="-121.73128995113075">
        <ele>198.75</ele>
      </trkpt>
      <trkpt lat="36.20504996739328" lon="-121.73127997666597">
        <ele>198.24</ele>
      </trkpt>
      <trkpt lat="36.20500998571515" lon="-121.73121996223927">
        <ele>197.7</ele>
      </trkpt>
      <trkpt lat="36.20496992021799" lon="-121.73114997334778">
        <ele>197.18</ele>
      </trkpt>
      <trkpt lat="36.20493999682367" lon="-121.73111996613443">
        <ele>196.64</ele>
      </trkpt>
      <trkpt lat="36.20493999682367" lon="-121.73110999166965">
        <ele>196.12</ele>
      </trkpt>
      <trkpt lat="36.20491996407509" lon="-121.73108995892107">
        <ele>195.58</ele>
      </trkpt>
      <trkpt lat="36.20485994964838" lon="-121.73102994449437">
        <ele>195.02</ele>
      </trkpt>
      <trkpt lat="36.20479993522167" lon="-121.73097998835146">
        <ele>194.47</ele>
      </trkpt>
      <trkpt lat="36.20479993522167" lon="-121.73096993006766">
        <ele>193.94</ele>
      </trkpt>
      <trkpt lat="36.204759953543544" lon="-121.7309399228543">
        <ele>193.41</ele>
      </trkpt>
      <trkpt lat="36.20467999018729" lon="-121.73086993396282">
        <ele>192.9</ele>
      </trkpt>
      <trkpt lat="36.20464998297393" lon="-121.73084998503327">
        <ele>192.36</ele>
      </trkpt>
      <trkpt lat="36.20450992137194" lon="-121.73072995617986">
        <ele>191.78</ele>
      </trkpt>
      <trkpt lat="36.20449994690716" lon="-121.73072995617986">
        <ele>191.25</ele>
      </trkpt>
      <trkpt lat="36.20449994690716" lon="-121.73071998171508">
        <ele>190.74</ele>
      </trkpt>
      <trkpt lat="36.20448997244239" lon="-121.73070992343128">
        <ele>190.22</ele>
      </trkpt>
      <trkpt lat="36.20442995801568" lon="-121.73065996728837">
        <ele>189.71</ele>
      </trkpt>
      <trkpt lat="36.20438997633755" lon="-121.73060992732644">
        <ele>189.22</ele>
      </trkpt>
      <trkpt lat="36.20436994358897" lon="-121.73058997839689">
        <ele>188.72</ele>
      </trkpt>
      <trkpt lat="36.2043599691242" lon="-121.73057992011309">
        <ele>188.22</ele>
      </trkpt>
      <trkpt lat="36.2043599691242" lon="-121.73056994564831">
        <ele>187.74</ele>
      </trkpt>
      <trkpt lat="36.204329961910844" lon="-121.73052996397018">
        <ele>187.22</ele>
      </trkpt>
      <trkpt lat="36.204289980232716" lon="-121.73046994954348">
        <ele>186.67</ele>
      </trkpt>
      <trkpt lat="36.204269947484136" lon="-121.73042996786535">
        <ele>186.18</ele>
      </trkpt>
      <trkpt lat="36.20425997301936" lon="-121.730399960652">
        <ele>185.75</ele>
      </trkpt>
      <trkpt lat="36.20424999855459" lon="-121.73037992790341">
        <ele>185.31</ele>
      </trkpt>
      <trkpt lat="36.20422996580601" lon="-121.73032997176051">
        <ele>184.89</ele>
      </trkpt>
      <trkpt lat="36.20419995859265" lon="-121.73025998286903">
        <ele>184.46</ele>
      </trkpt>
      <trkpt lat="36.20417992584407" lon="-121.7302099429071">
        <ele>184.06</ele>
      </trkpt>
      <trkpt lat="36.2041699513793" lon="-121.73018999397755">
        <ele>183.69</ele>
      </trkpt>
      <trkpt lat="36.20414991863072" lon="-121.73013995401561">
        <ele>183.34</ele>
      </trkpt>
      <trkpt lat="36.20412996970117" lon="-121.7300799395889">
        <ele>183.02</ele>
      </trkpt>
      <trkpt lat="36.20408998802304" lon="-121.7300199251622">
        <ele>182.69</ele>
      </trkpt>
      <trkpt lat="36.20405998080969" lon="-121.72995999455452">
        <ele>182.37</ele>
      </trkpt>
      <trkpt lat="36.20401999913156" lon="-121.72989998012781">
        <ele>182.05</ele>
      </trkpt>
      <trkpt lat="36.2039799336344" lon="-121.72984994016588">
        <ele>181.73</ele>
      </trkpt>
      <trkpt lat="36.203969959169626" lon="-121.7298399657011">
        <ele>181.45</ele>
      </trkpt>
      <trkpt lat="36.203949926421046" lon="-121.72980995848775">
        <ele>181.19</ele>
      </trkpt>
      <trkpt lat="36.20388999581337" lon="-121.72974994406104">
        <ele>180.93</ele>
      </trkpt>
      <trkpt lat="36.203839955851436" lon="-121.72969998791814">
        <ele>180.67</ele>
      </trkpt>
      <trkpt lat="36.20382998138666" lon="-121.72968992963433">
        <ele>180.44</ele>
      </trkpt>
      <trkpt lat="36.20380994863808" lon="-121.72966998070478">
        <ele>180.21</ele>
      </trkpt>
      <trkpt lat="36.20365999639034" lon="-121.7295399773866">
        <ele>179.95</ele>
      </trkpt>
      <trkpt lat="36.20360995642841" lon="-121.72949999570847">
        <ele>179.73</ele>
      </trkpt>
      <trkpt lat="36.2035499420017" lon="-121.7294599302113">
        <ele>179.52</ele>
      </trkpt>
      <trkpt lat="36.20347995311022" lon="-121.72941994853318">
        <ele>179.29</ele>
      </trkpt>
      <trkpt lat="36.203409964218736" lon="-121.72938994131982">
        <ele>179.06</ele>
      </trkpt>
      <trkpt lat="36.20332991704345" lon="-121.7293499596417">
        <ele>178.88</ele>
      </trkpt>
      <trkpt lat="36.20323997922242" lon="-121.72931995242834">
        <ele>178.72</ele>
      </trkpt>
      <trkpt lat="36.2030853331089" lon="-121.72928005456924">
        <ele>178.59</ele>
      </trkpt>
      <trkpt lat="36.2029299326241" lon="-121.72923998907208">
        <ele>178.48</ele>
      </trkpt>
      <trkpt lat="36.20261996984482" lon="-121.72916991636157">
        <ele>178.37</ele>
      </trkpt>
      <trkpt lat="36.20236993767321" lon="-121.7291099857539">
        <ele>178.18</ele>
      </trkpt>
      <trkpt lat="36.20227999985218" lon="-121.72908995300531">
        <ele>177.96</ele>
      </trkpt>
      <trkpt lat="36.202229959890246" lon="-121.72906992025673">
        <ele>177.79</ele>
      </trkpt>
      <trkpt lat="36.20217991992831" lon="-121.72904997132719">
        <ele>177.65</ele>
      </trkpt>
      <trkpt lat="36.20214999653399" lon="-121.72903999686241">
        <ele>177.47</ele>
      </trkpt>
      <trkpt lat="36.202119989320636" lon="-121.72901996411383">
        <ele>177.33</ele>
      </trkpt>
      <trkpt lat="36.20208998210728" lon="-121.72900998964906">
        <ele>177.15</ele>
      </trkpt>
      <trkpt lat="36.20204991661012" lon="-121.72898995690048">
        <ele>176.96</ele>
      </trkpt>
      <trkpt lat="36.20202996768057" lon="-121.7289699241519">
        <ele>176.76</ele>
      </trkpt>
      <trkpt lat="36.201989986002445" lon="-121.72893991693854">
        <ele>176.55</ele>
      </trkpt>
      <trkpt lat="36.20195997878909" lon="-121.728919968009">
        <ele>176.34</ele>
      </trkpt>
      <trkpt lat="36.20191999711096" lon="-121.72887998633087">
        <ele>176.12</ele>
      </trkpt>
      <trkpt lat="36.2018799316138" lon="-121.72882994636893">
        <ele>175.9</ele>
      </trkpt>
      <trkpt lat="36.201839949935675" lon="-121.7287899646908">
        <ele>175.66</ele>
      </trkpt>
      <trkpt lat="36.201799968257546" lon="-121.7287299502641">
        <ele>175.42</ele>
      </trkpt>
      <trkpt lat="36.20175998657942" lon="-121.72866993583739">
        <ele>175.13</ele>
      </trkpt>
      <trkpt lat="36.201729979366064" lon="-121.72862995415926">
        <ele>174.82</ele>
      </trkpt>
      <trkpt lat="36.201709946617484" lon="-121.72857999801636">
        <ele>174.51</ele>
      </trkpt>
      <trkpt lat="36.201689997687936" lon="-121.72852995805442">
        <ele>174.2</ele>
      </trkpt>
      <trkpt lat="36.201669964939356" lon="-121.72847991809249">
        <ele>173.88</ele>
      </trkpt>
      <trkpt lat="36.20165999047458" lon="-121.72842996194959">
        <ele>173.54</ele>
      </trkpt>
      <trkpt lat="36.201649932190776" lon="-121.72836994752288">
        <ele>173.17</ele>
      </trkpt>
      <trkpt lat="36.201649932190776" lon="-121.7283599730581">
        <ele>172.78</ele>
      </trkpt>
      <trkpt lat="36.201639957726" lon="-121.72828998416662">
        <ele>172.38</ele>
      </trkpt>
      <trkpt lat="36.20162998326123" lon="-121.72819996252656">
        <ele>171.93</ele>
      </trkpt>
      <trkpt lat="36.20162998326123" lon="-121.7281199991703">
        <ele>171.47</ele>
      </trkpt>
      <trkpt lat="36.201639957726" lon="-121.72799997031689">
        <ele>170.98</ele>
      </trkpt>
      <trkpt lat="36.20165999047458" lon="-121.72788999974728">
        <ele>170.5</ele>
      </trkpt>
      <trkpt lat="36.201689997687936" lon="-121.72776997089386">
        <ele>169.98</ele>
      </trkpt>
      <trkpt lat="36.201709946617484" lon="-121.72768992371857">
        <ele>169.47</ele>
      </trkpt>
      <trkpt lat="36.201729979366064" lon="-121.7276299931109">
        <ele>168.97</ele>
      </trkpt>
      <trkpt lat="36.20175998657942" lon="-121.72757995314896">
        <ele>168.44</ele>
      </trkpt>
      <trkpt lat="36.20178999379277" lon="-121.72751993872225">
        <ele>167.9</ele>
      </trkpt>
      <trkpt lat="36.201799968257546" lon="-121.7274999897927">
        <ele>167.36</ele>
      </trkpt>
      <trkpt lat="36.201819917187095" lon="-121.72745992429554">
        <ele>166.8</ele>
      </trkpt>
      <trkpt lat="36.20191999711096" lon="-121.72729999758303">
        <ele>166.2</ele>
      </trkpt>
      <trkpt lat="36.201949920505285" lon="-121.7272499576211">
        <ele>165.63</ele>
      </trkpt>
      <trkpt lat="36.201969953253865" lon="-121.72720997594297">
        <ele>165.05</ele>
      </trkpt>
      <trkpt lat="36.20199996046722" lon="-121.72715993598104">
        <ele>164.47</ele>
      </trkpt>
      <trkpt lat="36.20199996046722" lon="-121.72713998705149">
        <ele>163.9</ele>
      </trkpt>
      <trkpt lat="36.20200993493199" lon="-121.72710997983813">
        <ele>163.32</ele>
      </trkpt>
      <trkpt lat="36.20202996768057" lon="-121.72706999816">
        <ele>162.74</ele>
      </trkpt>
      <trkpt lat="36.20203994214535" lon="-121.7270099837333">
        <ele>162.18</ele>
      </trkpt>
      <trkpt lat="36.20204991661012" lon="-121.72695994377136">
        <ele>161.62</ele>
      </trkpt>
      <trkpt lat="36.20204991661012" lon="-121.72692993655801">
        <ele>161.07</ele>
      </trkpt>
      <trkpt lat="36.20204991661012" lon="-121.72689992934465">
        <ele>160.52</ele>
      </trkpt>
      <trkpt lat="36.20205997489393" lon="-121.72683999873698">
        <ele>159.99</ele>
      </trkpt>
      <trkpt lat="36.20205997489393" lon="-121.72677998431027">
        <ele>159.45</ele>
      </trkpt>
      <trkpt lat="36.20205997489393" lon="-121.72670999541879">
        <ele>158.94</ele>
      </trkpt>
      <trkpt lat="36.20205997489393" lon="-121.72661997377872">
        <ele>158.43</ele>
      </trkpt>
      <trkpt lat="36.20203994214535" lon="-121.72648997046053">
        <ele>157.92</ele>
      </trkpt>
      <trkpt lat="36.20203994214535" lon="-121.72647999599576">
        <ele>157.44</ele>
      </trkpt>
      <trkpt lat="36.20203994214535" lon="-121.72645996324718">
        <ele>156.98</ele>
      </trkpt>
      <trkpt lat="36.20200993493199" lon="-121.72629995271564">
        <ele>156.52</ele>
      </trkpt>
      <trkpt lat="36.20200993493199" lon="-121.72626994550228">
        <ele>156.1</ele>
      </trkpt>
      <trkpt lat="36.20200993493199" lon="-121.7262599710375">
        <ele>155.69</ele>
      </trkpt>
      <trkpt lat="36.20197992771864" lon="-121.72613994218409">
        <ele>155.25</ele>
      </trkpt>
      <trkpt lat="36.20193994604051" lon="-121.72598998993635">
        <ele>154.82</ele>
      </trkpt>
      <trkpt lat="36.20190993882716" lon="-121.72590994276106">
        <ele>154.43</ele>
      </trkpt>
      <trkpt lat="36.2018799316138" lon="-121.72583995386958">
        <ele>154.07</ele>
      </trkpt>
      <trkpt lat="36.20180994272232" lon="-121.72571992501616">
        <ele>153.72</ele>
      </trkpt>
      <trkpt lat="36.20174992829561" lon="-121.72564993612468">
        <ele>153.41</ele>
      </trkpt>
      <trkpt lat="36.20169997215271" lon="-121.72559997998178">
        <ele>153.15</ele>
      </trkpt>
      <trkpt lat="36.20165999047458" lon="-121.72556997276843">
        <ele>152.93</ele>
      </trkpt>
      <trkpt lat="36.20162998326123" lon="-121.72554994001985">
        <ele>152.74</ele>
      </trkpt>
      <trkpt lat="36.20158991776407" lon="-121.72551993280649">
        <ele>152.61</ele>
      </trkpt>
      <trkpt lat="36.20154993608594" lon="-121.72549998387694">
        <ele>152.51</ele>
      </trkpt>
      <trkpt lat="36.20147994719446" lon="-121.72546997666359">
        <ele>152.43</ele>
      </trkpt>
      <trkpt lat="36.20146997272968" lon="-121.72545991837978">
        <ele>152.38</ele>
      </trkpt>
      <trkpt lat="36.201409958302975" lon="-121.72543996945024">
        <ele>152.36</ele>
      </trkpt>
      <trkpt lat="36.20136997662485" lon="-121.72542999498546">
        <ele>152.37</ele>
      </trkpt>
      <trkpt lat="36.20131993666291" lon="-121.72540996223688">
        <ele>152.43</ele>
      </trkpt>
      <trkpt lat="36.201299987733364" lon="-121.72540996223688">
        <ele>152.5</ele>
      </trkpt>
      <trkpt lat="36.20128992944956" lon="-121.72539998777211">
        <ele>152.61</ele>
      </trkpt>
      <trkpt lat="36.20124994777143" lon="-121.7253899294883">
        <ele>152.74</ele>
      </trkpt>
      <trkpt lat="36.2012099660933" lon="-121.72536998055875">
        <ele>152.92</ele>
      </trkpt>
      <trkpt lat="36.20116998441517" lon="-121.72535992227495">
        <ele>153.12</ele>
      </trkpt>
      <trkpt lat="36.201129918918014" lon="-121.72532999888062">
        <ele>153.36</ele>
      </trkpt>
      <trkpt lat="36.20111994445324" lon="-121.72532999888062">
        <ele>153.6</ele>
      </trkpt>
      <trkpt lat="36.20107996277511" lon="-121.72529999166727">
        <ele>153.88</ele>
      </trkpt>
      <trkpt lat="36.2010199483484" lon="-121.72525992617011">
        <ele>154.23</ele>
      </trkpt>
      <trkpt lat="36.2009699922055" lon="-121.72521994449198">
        <ele>154.6</ele>
      </trkpt>
      <trkpt lat="36.2009699922055" lon="-121.72520997002721">
        <ele>154.94</ele>
      </trkpt>
      <trkpt lat="36.20092992670834" lon="-121.72517996281385">
        <ele>155.33</ele>
      </trkpt>
      <trkpt lat="36.20088994503021" lon="-121.72511994838715">
        <ele>155.75</ele>
      </trkpt>
      <trkpt lat="36.200849963352084" lon="-121.72506999224424">
        <ele>156.16</ele>
      </trkpt>
      <trkpt lat="36.200809981673956" lon="-121.72500997781754">
        <ele>156.58</ele>
      </trkpt>
      <trkpt lat="36.2007799744606" lon="-121.72493998892605">
        <ele>157.04</ele>
      </trkpt>
      <trkpt lat="36.20074996724725" lon="-121.72487997449934">
        <ele>157.5</ele>
      </trkpt>
      <trkpt lat="36.200719960033894" lon="-121.72481996007264">
        <ele>157.96</ele>
      </trkpt>
      <trkpt lat="36.200699927285314" lon="-121.72475994564593">
        <ele>158.42</ele>
      </trkpt>
      <trkpt lat="36.20068995282054" lon="-121.72470998950303">
        <ele>158.88</ele>
      </trkpt>
      <trkpt lat="36.200679978355765" lon="-121.72465994954109">
        <ele>159.34</ele>
      </trkpt>
      <trkpt lat="36.200659945607185" lon="-121.72458996064961">
        <ele>159.81</ele>
      </trkpt>
      <trkpt lat="36.20064997114241" lon="-121.72451997175813">
        <ele>160.27</ele>
      </trkpt>
      <trkpt lat="36.20063999667764" lon="-121.72442995011806">
        <ele>160.75</ele>
      </trkpt>
      <trkpt lat="36.20062993839383" lon="-121.72434998676181">
        <ele>161.22</ele>
      </trkpt>
      <trkpt lat="36.20062993839383" lon="-121.72423993237317">
        <ele>161.7</ele>
      </trkpt>
      <trkpt lat="36.20062993839383" lon="-121.72417991794646">
        <ele>162.16</ele>
      </trkpt>
      <trkpt lat="36.20062993839383" lon="-121.72408998012543">
        <ele>162.62</ele>
      </trkpt>
      <trkpt lat="36.20062993839383" lon="-121.72399995848536">
        <ele>163.08</ele>
      </trkpt>
      <trkpt lat="36.20061996392906" lon="-121.72394991852343">
        <ele>163.5</ele>
      </trkpt>
      <trkpt lat="36.20061996392906" lon="-121.72359997406602">
        <ele>163.93</ele>
      </trkpt>
      <trkpt lat="36.20061996392906" lon="-121.72354993410408">
        <ele>164.36</ele>
      </trkpt>
      <trkpt lat="36.20060998946428" lon="-121.7234299890697">
        <ele>164.77</ele>
      </trkpt>
      <trkpt lat="36.20060998946428" lon="-121.72334994189441">
        <ele>165.18</ele>
      </trkpt>
      <trkpt lat="36.20059993118048" lon="-121.72332999296486">
        <ele>165.57</ele>
      </trkpt>
      <trkpt lat="36.20059993118048" lon="-121.72322999686003">
        <ele>165.96</ele>
      </trkpt>
      <trkpt lat="36.2005899567157" lon="-121.72315992414951">
        <ele>166.35</ele>
      </trkpt>
      <trkpt lat="36.20056992396712" lon="-121.7230499535799">
        <ele>166.73</ele>
      </trkpt>
      <trkpt lat="36.20055994950235" lon="-121.72291995026171">
        <ele>167.11</ele>
      </trkpt>
      <trkpt lat="36.200549975037575" lon="-121.72288994304836">
        <ele>167.46</ele>
      </trkpt>
      <trkpt lat="36.20051996782422" lon="-121.72267997637391">
        <ele>167.84</ele>
      </trkpt>
      <trkpt lat="36.20050999335945" lon="-121.72263999469578">
        <ele>168.17</ele>
      </trkpt>
      <trkpt lat="36.20048996061087" lon="-121.72256992198527">
        <ele>168.49</ele>
      </trkpt>
      <trkpt lat="36.20047998614609" lon="-121.72249993309379">
        <ele>168.81</ele>
      </trkpt>
      <trkpt lat="36.20046992786229" lon="-121.72245995141566">
        <ele>169.12</ele>
      </trkpt>
      <trkpt lat="36.20045995339751" lon="-121.72243991866708">
        <ele>169.4</ele>
      </trkpt>
      <trkpt lat="36.20043992064893" lon="-121.72233992256224">
        <ele>169.69</ele>
      </trkpt>
      <trkpt lat="36.200419971719384" lon="-121.72225995920599">
        <ele>169.98</ele>
      </trkpt>
      <trkpt lat="36.200379990041256" lon="-121.72213993035257">
        <ele>170.21</ele>
      </trkpt>
      <trkpt lat="36.2003499828279" lon="-121.72203993424773">
        <ele>170.48</ele>
      </trkpt>
      <trkpt lat="36.200339924544096" lon="-121.72201998531818">
        <ele>170.73</ele>
      </trkpt>
      <trkpt lat="36.20031997561455" lon="-121.72196994535625">
        <ele>170.98</ele>
      </trkpt>
      <trkpt lat="36.20019994676113" lon="-121.72165998257697">
        <ele>171.28</ele>
      </trkpt>
      <trkpt lat="36.200119983404875" lon="-121.72143995761871">
        <ele>171.48</ele>
      </trkpt>
      <trkpt lat="36.200119983404875" lon="-121.72142998315394">
        <ele>171.71</ele>
      </trkpt>
      <trkpt lat="36.200099950656295" lon="-121.72136996872723">
        <ele>171.91</ele>
      </trkpt>
      <trkpt lat="36.20003993622959" lon="-121.72122999094427">
        <ele>172.1</ele>
      </trkpt>
      <trkpt lat="36.19997992180288" lon="-121.72104994766414">
        <ele>172.35</ele>
      </trkpt>
      <trkpt lat="36.199969947338104" lon="-121.7210299987346">
        <ele>172.53</ele>
      </trkpt>
      <trkpt lat="36.19988998398185" lon="-121.72079999931157">
        <ele>172.73</ele>
      </trkpt>
      <trkpt lat="36.199799962341785" lon="-121.72056999988854">
        <ele>172.84</ele>
      </trkpt>
      <trkpt lat="36.19976995512843" lon="-121.72047997824848">
        <ele>172.99</ele>
      </trkpt>
      <trkpt lat="36.1997299734503" lon="-121.72038995660841">
        <ele>173.12</ele>
      </trkpt>
      <trkpt lat="36.19969996623695" lon="-121.72033991664648">
        <ele>173.23</ele>
      </trkpt>
      <trkpt lat="36.19965998455882" lon="-121.7202799860388">
        <ele>173.35</ele>
      </trkpt>
      <trkpt lat="36.19961991906166" lon="-121.72022994607687">
        <ele>173.48</ele>
      </trkpt>
      <trkpt lat="36.19957993738353" lon="-121.72017998993397">
        <ele>173.61</ele>
      </trkpt>
      <trkpt lat="36.199539955705404" lon="-121.72013992443681">
        <ele>173.72</ele>
      </trkpt>
      <trkpt lat="36.199429985135794" lon="-121.71999994665384">
        <ele>173.93</ele>
      </trkpt>
      <trkpt lat="36.19932998903096" lon="-121.71990992501378">
        <ele>174.15</ele>
      </trkpt>
      <trkpt lat="36.19927994906902" lon="-121.71985996887088">
        <ele>174.32</ele>
      </trkpt>
      <trkpt lat="36.19922999292612" lon="-121.71980992890894">
        <ele>174.45</ele>
      </trkpt>
      <trkpt lat="36.19916997849941" lon="-121.71973994001746">
        <ele>174.59</ele>
      </trkpt>
      <trkpt lat="36.19909998960793" lon="-121.7196499183774">
        <ele>174.7</ele>
      </trkpt>
      <trkpt lat="36.199029916897416" lon="-121.71955998055637">
        <ele>174.79</ele>
      </trkpt>
      <trkpt lat="36.198999993503094" lon="-121.71949996612966">
        <ele>174.88</ele>
      </trkpt>
      <trkpt lat="36.198959928005934" lon="-121.71944992616773">
        <ele>174.94</ele>
      </trkpt>
      <trkpt lat="36.198919946327806" lon="-121.71937993727624">
        <ele>175.01</ele>
      </trkpt>
      <trkpt lat="36.19887996464968" lon="-121.71930994838476">
        <ele>175.08</ele>
      </trkpt>
      <trkpt lat="36.19887996464968" lon="-121.71929997391999">
        <ele>175.13</ele>
      </trkpt>
      <trkpt lat="36.19883998297155" lon="-121.7192199267447">
        <ele>175.18</ele>
      </trkpt>
      <trkpt lat="36.198809975758195" lon="-121.71913996338844">
        <ele>175.22</ele>
      </trkpt>
      <trkpt lat="36.19879991747439" lon="-121.71910995617509">
        <ele>175.24</ele>
      </trkpt>
      <trkpt lat="36.198789943009615" lon="-121.71909998171031">
        <ele>175.25</ele>
      </trkpt>
      <trkpt lat="36.19876999408007" lon="-121.71905991621315">
        <ele>175.26</ele>
      </trkpt>
      <trkpt lat="36.19872992858291" lon="-121.718929996714">
        <ele>175.27</ele>
      </trkpt>
      <trkpt lat="36.19869992136955" lon="-121.71881994232535">
        <ele>175.28</ele>
      </trkpt>
      <trkpt lat="36.198659939691424" lon="-121.71866999007761">
        <ele>175.29</ele>
      </trkpt>
      <trkpt lat="36.198599925264716" lon="-121.71845993958414">
        <ele>175.28</ele>
      </trkpt>
      <trkpt lat="36.19856991805136" lon="-121.71833999454975">
        <ele>175.21</ele>
      </trkpt>
      <trkpt lat="36.19851996190846" lon="-121.7181799840182">
        <ele>175.15</ele>
      </trkpt>
      <trkpt lat="36.198489954695106" lon="-121.71810999512672">
        <ele>175.1</ele>
      </trkpt>
      <trkpt lat="36.19847998023033" lon="-121.71806992962956">
        <ele>175.07</ele>
      </trkpt>
      <trkpt lat="36.19844997301698" lon="-121.71801997348666">
        <ele>175.04</ele>
      </trkpt>
      <trkpt lat="36.19841996580362" lon="-121.71796993352473">
        <ele>175.01</ele>
      </trkpt>
      <trkpt lat="36.19839993305504" lon="-121.7179299518466">
        <ele>174.98</ele>
      </trkpt>
      <trkpt lat="36.198379984125495" lon="-121.71789994463325">
        <ele>174.98</ele>
      </trkpt>
      <trkpt lat="36.198359951376915" lon="-121.7178799957037">
        <ele>174.98</ele>
      </trkpt>
      <trkpt lat="36.19832994416356" lon="-121.71783993020654">
        <ele>174.97</ele>
      </trkpt>
      <trkpt lat="36.19827998802066" lon="-121.71778997406363">
        <ele>174.97</ele>
      </trkpt>
      <trkpt lat="36.1982399225235" lon="-121.71775996685028">
        <ele>174.97</ele>
      </trkpt>
      <trkpt lat="36.1982399225235" lon="-121.7177499923855">
        <ele>174.97</ele>
      </trkpt>
      <trkpt lat="36.198229948058724" lon="-121.7177399341017">
        <ele>174.98</ele>
      </trkpt>
      <trkpt lat="36.198189966380596" lon="-121.71770992688835">
        <ele>175.0</ele>
      </trkpt>
      <trkpt lat="36.19813992641866" lon="-121.71767991967499">
        <ele>175.0</ele>
      </trkpt>
      <trkpt lat="36.19810991920531" lon="-121.71764999628067">
        <ele>175.02</ele>
      </trkpt>
      <trkpt lat="36.19806993752718" lon="-121.71762996353209">
        <ele>175.07</ele>
      </trkpt>
      <trkpt lat="36.19802995584905" lon="-121.71760993078351">
        <ele>175.12</ele>
      </trkpt>
      <trkpt lat="36.19797999970615" lon="-121.71758998185396">
        <ele>175.18</ele>
      </trkpt>
      <trkpt lat="36.19793993420899" lon="-121.71756994910538">
        <ele>175.25</ele>
      </trkpt>
      <trkpt lat="36.19788997806609" lon="-121.71755997464061">
        <ele>175.32</ele>
      </trkpt>
      <trkpt lat="36.197779923677444" lon="-121.71752996742725">
        <ele>175.38</ele>
      </trkpt>
      <trkpt lat="36.197739941999316" lon="-121.71751999296248">
        <ele>175.45</ele>
      </trkpt>
      <trkpt lat="36.19772996753454" lon="-121.71751999296248">
        <ele>175.53</ele>
      </trkpt>
      <trkpt lat="36.19769996032119" lon="-121.71750993467867">
        <ele>175.63</ele>
      </trkpt>
      <trkpt lat="36.197629971429706" lon="-121.7174999602139">
        <ele>175.74</ele>
      </trkpt>
      <trkpt lat="36.19757993146777" lon="-121.71748998574913">
        <ele>175.84</ele>
      </trkpt>
      <trkpt lat="36.19755998253822" lon="-121.71748998574913">
        <ele>175.94</ele>
      </trkpt>
      <trkpt lat="36.19754992425442" lon="-121.71748998574913">
        <ele>176.07</ele>
      </trkpt>
      <trkpt lat="36.19751991704106" lon="-121.71747992746532">
        <ele>176.19</ele>
      </trkpt>
      <trkpt lat="36.19745998643339" lon="-121.71746995300055">
        <ele>176.32</ele>
      </trkpt>
      <trkpt lat="36.19739997200668" lon="-121.71744992025197">
        <ele>176.47</ele>
      </trkpt>
      <trkpt lat="36.197349932044744" lon="-121.71742997132242">
        <ele>176.64</ele>
      </trkpt>
      <trkpt lat="36.197309950366616" lon="-121.71739996410906">
        <ele>176.8</ele>
      </trkpt>
      <trkpt lat="36.19726996868849" lon="-121.71737993136048">
        <ele>176.97</ele>
      </trkpt>
      <trkpt lat="36.19722998701036" lon="-121.71734992414713">
        <ele>177.19</ele>
      </trkpt>
      <trkpt lat="36.197179947048426" lon="-121.717309942469">
        <ele>177.39</ele>
      </trkpt>
      <trkpt lat="36.1971399653703" lon="-121.7172599863261">
        <ele>177.6</ele>
      </trkpt>
      <trkpt lat="36.19708992540836" lon="-121.71719997189939">
        <ele>177.8</ele>
      </trkpt>
      <trkpt lat="36.19707995094359" lon="-121.71717993915081">
        <ele>178.01</ele>
      </trkpt>
      <trkpt lat="36.19705991819501" lon="-121.71714993193746">
        <ele>178.23</ele>
      </trkpt>
      <trkpt lat="36.19702999480069" lon="-121.71709997579455">
        <ele>178.4</ele>
      </trkpt>
      <trkpt lat="36.19699998758733" lon="-121.71703996136785">
        <ele>178.64</ele>
      </trkpt>
      <trkpt lat="36.19698992930353" lon="-121.71700995415449">
        <ele>178.86</ele>
      </trkpt>
      <trkpt lat="36.19697995483875" lon="-121.71698992140591">
        <ele>179.06</ele>
      </trkpt>
      <trkpt lat="36.1969499476254" lon="-121.71692999079823">
        <ele>179.27</ele>
      </trkpt>
      <trkpt lat="36.19692999869585" lon="-121.71685991808772">
        <ele>179.51</ele>
      </trkpt>
      <trkpt lat="36.19690996594727" lon="-121.71677995473146">
        <ele>179.75</ele>
      </trkpt>
      <trkpt lat="36.19688993319869" lon="-121.7166899330914">
        <ele>179.99</ele>
      </trkpt>
      <trkpt lat="36.19684995152056" lon="-121.71651994809508">
        <ele>180.21</ele>
      </trkpt>
      <trkpt lat="36.19681994430721" lon="-121.71635993756354">
        <ele>180.43</ele>
      </trkpt>
      <trkpt lat="36.19681994430721" lon="-121.71634996309876">
        <ele>180.62</ele>
      </trkpt>
      <trkpt lat="36.196789937093854" lon="-121.7162099853158">
        <ele>180.79</ele>
      </trkpt>
      <trkpt lat="36.196769988164306" lon="-121.71605994924903">
        <ele>180.96</ele>
      </trkpt>
      <trkpt lat="36.19673998095095" lon="-121.71594997867942">
        <ele>181.12</ele>
      </trkpt>
      <trkpt lat="36.1967099737376" lon="-121.71579994261265">
        <ele>181.26</ele>
      </trkpt>
      <trkpt lat="36.19668994098902" lon="-121.71571997925639">
        <ele>181.4</ele>
      </trkpt>
      <trkpt lat="36.19666999205947" lon="-121.71565996482968">
        <ele>181.54</ele>
      </trkpt>
      <trkpt lat="36.19664995931089" lon="-121.71560992486775">
        <ele>181.68</ele>
      </trkpt>
      <trkpt lat="36.19662992656231" lon="-121.71554999426007">
        <ele>181.8</ele>
      </trkpt>
      <trkpt lat="36.196619952097535" lon="-121.71552996151149">
        <ele>181.91</ele>
      </trkpt>
      <trkpt lat="36.19660997763276" lon="-121.71550992876291">
        <ele>182.01</ele>
      </trkpt>
      <trkpt lat="36.19658994488418" lon="-121.71547992154956">
        <ele>182.09</ele>
      </trkpt>
      <trkpt lat="36.19656999595463" lon="-121.71542996540666">
        <ele>182.16</ele>
      </trkpt>
      <trkpt lat="36.19652993045747" lon="-121.71537992544472">
        <ele>182.23</ele>
      </trkpt>
      <trkpt lat="36.196379978209734" lon="-121.7151499260217">
        <ele>182.25</ele>
      </trkpt>
      <trkpt lat="36.19619993492961" lon="-121.71489997766912">
        <ele>182.26</ele>
      </trkpt>
      <trkpt lat="36.19614997878671" lon="-121.71483996324241">
        <ele>182.29</ele>
      </trkpt>
      <trkpt lat="36.1961399205029" lon="-121.71482998877764">
        <ele>182.31</ele>
      </trkpt>
      <trkpt lat="36.19608996436" lon="-121.71475999988616">
        <ele>182.33</ele>
      </trkpt>
      <trkpt lat="36.196019975468516" lon="-121.71466997824609">
        <ele>182.32</ele>
      </trkpt>
      <trkpt lat="36.19598996825516" lon="-121.71463997103274">
        <ele>182.29</ele>
      </trkpt>
      <trkpt lat="36.195929953828454" lon="-121.71457995660603">
        <ele>182.23</ele>
      </trkpt>
      <trkpt lat="36.195889972150326" lon="-121.7145399749279">
        <ele>182.2</ele>
      </trkpt>
      <trkpt lat="36.19587999768555" lon="-121.7145299166441">
        <ele>182.15</ele>
      </trkpt>
      <trkpt lat="36.19582995772362" lon="-121.71449999324977">
        <ele>182.09</ele>
      </trkpt>
      <trkpt lat="36.19577991776168" lon="-121.71444995328784">
        <ele>182.03</ele>
      </trkpt>
      <trkpt lat="36.1957099288702" lon="-121.71439999714494">
        <ele>181.91</ele>
      </trkpt>
      <trkpt lat="36.19561999104917" lon="-121.71433998271823">
        <ele>181.76</ele>
      </trkpt>
      <trkpt lat="36.19557992555201" lon="-121.71430997550488">
        <ele>181.65</ele>
      </trkpt>
      <trkpt lat="36.195569951087236" lon="-121.71429991722107">
        <ele>181.53</ele>
      </trkpt>
      <trkpt lat="36.19550993666053" lon="-121.71425993554294">
        <ele>181.4</ele>
      </trkpt>
      <trkpt lat="36.195479929447174" lon="-121.71421995386481">
        <ele>181.27</ele>
      </trkpt>
      <trkpt lat="36.1954199988395" lon="-121.71416999772191">
        <ele>181.08</ele>
      </trkpt>
      <trkpt lat="36.19538999162614" lon="-121.71412993222475">
        <ele>180.9</ele>
      </trkpt>
      <trkpt lat="36.19534992612898" lon="-121.71406991779804">
        <ele>180.68</ele>
      </trkpt>
      <trkpt lat="36.19531991891563" lon="-121.71402993611991">
        <ele>180.51</ele>
      </trkpt>
      <trkpt lat="36.19529996998608" lon="-121.71398995444179">
        <ele>180.33</ele>
      </trkpt>
      <trkpt lat="36.19526996277273" lon="-121.71393999829888">
        <ele>180.11</ele>
      </trkpt>
      <trkpt lat="36.19524993002415" lon="-121.71388995833695">
        <ele>179.9</ele>
      </trkpt>
      <trkpt lat="36.1952299810946" lon="-121.71383991837502">
        <ele>179.66</ele>
      </trkpt>
      <trkpt lat="36.19520994834602" lon="-121.71378996223211">
        <ele>179.4</ele>
      </trkpt>
      <trkpt lat="36.195199973881245" lon="-121.71374998055398">
        <ele>179.14</ele>
      </trkpt>
      <trkpt lat="36.195179941132665" lon="-121.7136799916625">
        <ele>178.87</ele>
      </trkpt>
      <trkpt lat="36.195179941132665" lon="-121.71360991895199">
        <ele>178.58</ele>
      </trkpt>
      <trkpt lat="36.195179941132665" lon="-121.71354998834431">
        <ele>178.27</ele>
      </trkpt>
      <trkpt lat="36.19516996666789" lon="-121.71349994838238">
        <ele>177.95</ele>
      </trkpt>
      <trkpt lat="36.195179941132665" lon="-121.71343993395567">
        <ele>177.62</ele>
      </trkpt>
      <trkpt lat="36.19518999941647" lon="-121.71337991952896">
        <ele>177.23</ele>
      </trkpt>
      <trkpt lat="36.195199973881245" lon="-121.71331998892128">
        <ele>176.85</ele>
      </trkpt>
      <trkpt lat="36.19521992281079" lon="-121.71324991621077">
        <ele>176.46</ele>
      </trkpt>
      <trkpt lat="36.19523995555937" lon="-121.71317992731929">
        <ele>176.06</ele>
      </trkpt>
      <trkpt lat="36.1952799372375" lon="-121.71309996396303">
        <ele>175.66</ele>
      </trkpt>
      <trkpt lat="36.19528999552131" lon="-121.71307993121445">
        <ele>175.29</ele>
      </trkpt>
      <trkpt lat="36.19531991891563" lon="-121.71302997507155">
        <ele>174.89</ele>
      </trkpt>
      <trkpt lat="36.19534992612898" lon="-121.71298999339342">
        <ele>174.5</ele>
      </trkpt>
      <trkpt lat="36.19538999162614" lon="-121.71293995343149">
        <ele>174.09</ele>
      </trkpt>
      <trkpt lat="36.1954199988395" lon="-121.71288999728858">
        <ele>173.68</ele>
      </trkpt>
      <trkpt lat="36.1954699549824" lon="-121.71283995732665">
        <ele>173.26</ele>
      </trkpt>
      <trkpt lat="36.195479929447174" lon="-121.71282998286188">
        <ele>172.86</ele>
      </trkpt>
      <trkpt lat="36.19550993666053" lon="-121.71279997564852">
        <ele>172.44</ele>
      </trkpt>
      <trkpt lat="36.19555997662246" lon="-121.7127599939704">
        <ele>172.02</ele>
      </trkpt>
      <trkpt lat="36.19561999104917" lon="-121.71271992847323">
        <ele>171.6</ele>
      </trkpt>
      <trkpt lat="36.19577991776168" lon="-121.71260995790362">
        <ele>171.16</ele>
      </trkpt>
      <trkpt lat="36.19585996493697" lon="-121.71255991794169">
        <ele>170.74</ele>
      </trkpt>
      <trkpt lat="36.196059957146645" lon="-121.7124399729073">
        <ele>170.33</ele>
      </trkpt>
      <trkpt lat="36.19623991660774" lon="-121.71230996958911">
        <ele>169.91</ele>
      </trkpt>
      <trkpt lat="36.19625994935632" lon="-121.71230996958911">
        <ele>169.47</ele>
      </trkpt>
      <trkpt lat="36.19636991992593" lon="-121.71221994794905">
        <ele>169.08</ele>
      </trkpt>
      <trkpt lat="36.19640998542309" lon="-121.7121999990195">
        <ele>168.64</ele>
      </trkpt>
      <trkpt lat="36.19641995988786" lon="-121.7121899407357">
        <ele>168.17</ele>
      </trkpt>
      <trkpt lat="36.196429934352636" lon="-121.71217996627092">
        <ele>167.7</ele>
      </trkpt>
      <trkpt lat="36.196469999849796" lon="-121.71214995905757">
        <ele>167.23</ele>
      </trkpt>
      <trkpt lat="36.19649992324412" lon="-121.71210997737944">
        <ele>166.73</ele>
      </trkpt>
      <trkpt lat="36.19653998874128" lon="-121.71206999570131">
        <ele>166.28</ele>
      </trkpt>
      <trkpt lat="36.19657997041941" lon="-121.71202993020415">
        <ele>165.81</ele>
      </trkpt>
      <trkpt lat="36.196619952097535" lon="-121.71196999959648">
        <ele>165.32</ele>
      </trkpt>
      <trkpt lat="36.19664995931089" lon="-121.71190998516977">
        <ele>164.8</ele>
      </trkpt>
      <trkpt lat="36.19666999205947" lon="-121.71187997795641">
        <ele>164.28</ele>
      </trkpt>
      <trkpt lat="36.19668994098902" lon="-121.71184997074306">
        <ele>163.75</ele>
      </trkpt>
      <trkpt lat="36.19671994820237" lon="-121.71177998185158">
        <ele>163.21</ele>
      </trkpt>
      <trkpt lat="36.19673998095095" lon="-121.7117099929601">
        <ele>162.66</ele>
      </trkpt>
      <trkpt lat="36.196749955415726" lon="-121.71164997853339">
        <ele>162.09</ele>
      </trkpt>
      <trkpt lat="36.1967599298805" lon="-121.71159993857145">
        <ele>161.52</ele>
      </trkpt>
      <trkpt lat="36.196769988164306" lon="-121.71154998242855">
        <ele>160.95</ele>
      </trkpt>
      <trkpt lat="36.1967599298805" lon="-121.71149994246662">
        <ele>160.35</ele>
      </trkpt>
      <trkpt lat="36.1967599298805" lon="-121.71143992803991">
        <ele>159.79</ele>
      </trkpt>
      <trkpt lat="36.196749955415726" lon="-121.71139994636178">
        <ele>159.23</ele>
      </trkpt>
      <trkpt lat="36.19673998095095" lon="-121.71134999021888">
        <ele>158.67</ele>
      </trkpt>
      <trkpt lat="36.19668994098902" lon="-121.71121998690069">
        <ele>157.96</ele>
      </trkpt>
      <trkpt lat="36.19665993377566" lon="-121.7111499980092">
        <ele>157.32</ele>
      </trkpt>
      <trkpt lat="36.19662992656231" lon="-121.71109995804727">
        <ele>156.72</ele>
      </trkpt>
      <trkpt lat="36.19658994488418" lon="-121.71105997636914">
        <ele>156.12</ele>
      </trkpt>
      <trkpt lat="36.19654996320605" lon="-121.71101999469101">
        <ele>155.55</ele>
      </trkpt>
      <trkpt lat="36.196509981527925" lon="-121.71097992919385">
        <ele>155.02</ele>
      </trkpt>
      <trkpt lat="36.196469999849796" lon="-121.7109499219805">
        <ele>154.55</ele>
      </trkpt>
      <trkpt lat="36.19643999263644" lon="-121.71093994751573">
        <ele>154.17</ele>
      </trkpt>
      <trkpt lat="36.19639992713928" lon="-121.71091999858618">
        <ele>153.8</ele>
      </trkpt>
      <trkpt lat="36.19634997099638" lon="-121.71088999137282">
        <ele>153.43</ele>
      </trkpt>
      <trkpt lat="36.196319963783026" lon="-121.71088999137282">
        <ele>153.2</ele>
      </trkpt>
      <trkpt lat="36.196209993213415" lon="-121.71083995141089">
        <ele>152.99</ele>
      </trkpt>
      <trkpt lat="36.195950489491224" lon="-121.71074515208602">
        <ele>153.13</ele>
      </trkpt>
      <trkpt lat="36.19568997994065" lon="-121.71064993366599">
        <ele>153.64</ele>
      </trkpt>
      <trkpt lat="36.19552996940911" lon="-121.71061992645264">
        <ele>153.87</ele>
      </trkpt>
      <trkpt lat="36.19534992612898" lon="-121.71061992645264">
        <ele>154.09</ele>
      </trkpt>
      <trkpt lat="36.1950899194926" lon="-121.71063995920122">
        <ele>154.25</ele>
      </trkpt>
      <trkpt lat="36.19497994892299" lon="-121.71064993366599">
        <ele>154.42</ele>
      </trkpt>
      <trkpt lat="36.19496997445822" lon="-121.71064993366599">
        <ele>154.63</ele>
      </trkpt>
      <trkpt lat="36.19490996003151" lon="-121.7106599919498">
        <ele>154.87</ele>
      </trkpt>
      <trkpt lat="36.19483997114003" lon="-121.71066996641457">
        <ele>155.17</ele>
      </trkpt>
      <trkpt lat="36.1947999894619" lon="-121.71067994087934">
        <ele>155.49</ele>
      </trkpt>
      <trkpt lat="36.19475992396474" lon="-121.71068999916315">
        <ele>155.85</ele>
      </trkpt>
      <trkpt lat="36.19466998614371" lon="-121.71071992255747">
        <ele>156.23</ele>
      </trkpt>
      <trkpt lat="36.194619946181774" lon="-121.71072998084128">
        <ele>156.66</ele>
      </trkpt>
      <trkpt lat="36.194449961185455" lon="-121.71078999526799">
        <ele>157.08</ele>
      </trkpt>
      <trkpt lat="36.19437997229397" lon="-121.71080994419754">
        <ele>157.59</ele>
      </trkpt>
      <trkpt lat="36.19426991790533" lon="-121.71082997694612">
        <ele>158.12</ele>
      </trkpt>
      <trkpt lat="36.1941799800843" lon="-121.71083995141089">
        <ele>158.73</ele>
      </trkpt>
      <trkpt lat="36.19391997344792" lon="-121.71086995862424">
        <ele>159.37</ele>
      </trkpt>
      <trkpt lat="36.193909998983145" lon="-121.71086995862424">
        <ele>160.01</ele>
      </trkpt>
      <trkpt lat="36.193889966234565" lon="-121.71086995862424">
        <ele>160.67</ele>
      </trkpt>
      <trkpt lat="36.193720400333405" lon="-121.71087993308902">
        <ele>161.42</ele>
      </trkpt>
      <trkpt lat="36.19354999624193" lon="-121.71088999137282">
        <ele>162.24</ele>
      </trkpt>
      <trkpt lat="36.1933199968189" lon="-121.7108999658376">
        <ele>163.06</ele>
      </trkpt>
      <trkpt lat="36.193159986287355" lon="-121.71088999137282">
        <ele>163.84</ele>
      </trkpt>
      <trkpt lat="36.19307993911207" lon="-121.71087993308902">
        <ele>164.6</ele>
      </trkpt>
      <trkpt lat="36.19295999407768" lon="-121.71086995862424">
        <ele>165.36</ele>
      </trkpt>
      <trkpt lat="36.19288992136717" lon="-121.71086995862424">
        <ele>166.11</ele>
      </trkpt>
      <trkpt lat="36.19282999075949" lon="-121.71084992587566">
        <ele>166.87</ele>
      </trkpt>
      <trkpt lat="36.19278992526233" lon="-121.71083995141089">
        <ele>167.64</ele>
      </trkpt>
      <trkpt lat="36.19275991804898" lon="-121.71082997694612">
        <ele>168.4</ele>
      </trkpt>
      <trkpt lat="36.192749943584204" lon="-121.71081991866231">
        <ele>169.16</ele>
      </trkpt>
      <trkpt lat="36.1926999874413" lon="-121.71078999526799">
        <ele>169.93</ele>
      </trkpt>
      <trkpt lat="36.19264994747937" lon="-121.71076996251941">
        <ele>170.68</ele>
      </trkpt>
      <trkpt lat="36.192599991336465" lon="-121.71071992255747">
        <ele>171.45</ele>
      </trkpt>
      <trkpt lat="36.19258993305266" lon="-121.71071992255747">
        <ele>172.17</ele>
      </trkpt>
      <trkpt lat="36.19254995137453" lon="-121.71068999916315">
        <ele>172.88</ele>
      </trkpt>
      <trkpt lat="36.19249999523163" lon="-121.71063995920122">
        <ele>173.6</ele>
      </trkpt>
      <trkpt lat="36.192469988018274" lon="-121.71059997752309">
        <ele>174.3</ele>
      </trkpt>
      <trkpt lat="36.192429922521114" lon="-121.71054993756115">
        <ele>174.98</ele>
      </trkpt>
      <trkpt lat="36.192409973591566" lon="-121.7105199303478">
        <ele>175.63</ele>
      </trkpt>
      <trkpt lat="36.19237996637821" lon="-121.71047994866967">
        <ele>176.25</ele>
      </trkpt>
      <trkpt lat="36.192339984700084" lon="-121.71039998531342">
        <ele>176.86</ele>
      </trkpt>
      <trkpt lat="36.19230997748673" lon="-121.71032999642193">
        <ele>177.46</ele>
      </trkpt>
      <trkpt lat="36.192279970273376" lon="-121.71025992371142">
        <ele>178.03</ele>
      </trkpt>
      <trkpt lat="36.19224996306002" lon="-121.71015992760658">
        <ele>178.6</ele>
      </trkpt>
      <trkpt lat="36.19222993031144" lon="-121.71006998978555">
        <ele>179.18</ele>
      </trkpt>
      <trkpt lat="36.19220998138189" lon="-121.70998994261026">
        <ele>179.72</ele>
      </trkpt>
      <trkpt lat="36.19218994863331" lon="-121.70993998646736">
        <ele>180.2</ele>
      </trkpt>
      <trkpt lat="36.192169999703765" lon="-121.70985993929207">
        <ele>180.66</ele>
      </trkpt>
      <trkpt lat="36.19213999249041" lon="-121.70975994318724">
        <ele>181.13</ele>
      </trkpt>
      <trkpt lat="36.19211995974183" lon="-121.70968995429575">
        <ele>181.52</ele>
      </trkpt>
      <trkpt lat="36.19208995252848" lon="-121.70963999815285">
        <ele>181.85</ele>
      </trkpt>
      <trkpt lat="36.19205994531512" lon="-121.70957998372614">
        <ele>182.16</ele>
      </trkpt>
      <trkpt lat="36.19202993810177" lon="-121.70952994376421">
        <ele>182.45</ele>
      </trkpt>
      <trkpt lat="36.191999930888414" lon="-121.70948996208608">
        <ele>182.72</ele>
      </trkpt>
      <trkpt lat="36.19194997474551" lon="-121.70942994765937">
        <ele>182.94</ele>
      </trkpt>
      <trkpt lat="36.191889960318804" lon="-121.70936993323267">
        <ele>183.13</ele>
      </trkpt>
      <trkpt lat="36.191829945892096" lon="-121.70930991880596">
        <ele>183.3</ele>
      </trkpt>
      <trkpt lat="36.19181997142732" lon="-121.70929994434118">
        <ele>183.47</ele>
      </trkpt>
      <trkpt lat="36.191719975322485" lon="-121.70920992270112">
        <ele>183.6</ele>
      </trkpt>
      <trkpt lat="36.19166993536055" lon="-121.7091799993068">
        <ele>183.71</ele>
      </trkpt>
      <trkpt lat="36.19157999753952" lon="-121.70910992659628">
        <ele>183.82</ele>
      </trkpt>
      <trkpt lat="36.191529957577586" lon="-121.70905997045338">
        <ele>183.9</ele>
      </trkpt>
      <trkpt lat="36.191509924829006" lon="-121.7090399377048">
        <ele>183.96</ele>
      </trkpt>
      <trkpt lat="36.191439935937524" lon="-121.70895997434855">
        <ele>184.03</ele>
      </trkpt>
      <trkpt lat="36.19138997979462" lon="-121.70890993438661">
        <ele>184.07</ele>
      </trkpt>
      <trkpt lat="36.19134999811649" lon="-121.70886995270848">
        <ele>184.07</ele>
      </trkpt>
      <trkpt lat="36.191289983689785" lon="-121.708799963817">
        <ele>184.01</ele>
      </trkpt>
      <trkpt lat="36.19125997647643" lon="-121.70874992385507">
        <ele>183.95</ele>
      </trkpt>
      <trkpt lat="36.1912199947983" lon="-121.70867993496358">
        <ele>183.88</ele>
      </trkpt>
      <trkpt lat="36.19116995483637" lon="-121.70858999714255">
        <ele>183.81</ele>
      </trkpt>
      <trkpt lat="36.191119998693466" lon="-121.70849997550249">
        <ele>183.7</ele>
      </trkpt>
      <trkpt lat="36.19108999148011" lon="-121.7084199283272">
        <ele>183.58</ele>
      </trkpt>
      <trkpt lat="36.19106995873153" lon="-121.70837994664907">
        <ele>183.45</ele>
      </trkpt>
      <trkpt lat="36.19104992598295" lon="-121.70833996497095">
        <ele>183.29</ele>
      </trkpt>
      <trkpt lat="36.19099996984005" lon="-121.70819998718798">
        <ele>183.08</ele>
      </trkpt>
      <trkpt lat="36.190949929878116" lon="-121.70807995833457">
        <ele>182.82</ele>
      </trkpt>
      <trkpt lat="36.19088999927044" lon="-121.70795992948115">
        <ele>182.57</ele>
      </trkpt>
      <trkpt lat="36.19084993377328" lon="-121.70788994058967">
        <ele>182.34</ele>
      </trkpt>
      <trkpt lat="36.19080995209515" lon="-121.70783998444676">
        <ele>182.07</ele>
      </trkpt>
      <trkpt lat="36.19074993766844" lon="-121.70776999555528">
        <ele>181.79</ele>
      </trkpt>
      <trkpt lat="36.190709955990314" lon="-121.70771995559335">
        <ele>181.54</ele>
      </trkpt>
      <trkpt lat="36.190669974312186" lon="-121.70767997391522">
        <ele>181.29</ele>
      </trkpt>
      <trkpt lat="36.19060995988548" lon="-121.70762993395329">
        <ele>181.01</ele>
      </trkpt>
      <trkpt lat="36.190539970993996" lon="-121.70756991952658">
        <ele>180.77</ele>
      </trkpt>
      <trkpt lat="36.19048993103206" lon="-121.70753999613225">
        <ele>180.51</ele>
      </trkpt>
      <trkpt lat="36.19039999321103" lon="-121.70746992342174">
        <ele>180.24</ele>
      </trkpt>
      <trkpt lat="36.190239982679486" lon="-121.70732994563878">
        <ele>179.98</ele>
      </trkpt>
      <trkpt lat="36.19022992439568" lon="-121.70732994563878">
        <ele>179.71</ele>
      </trkpt>
      <trkpt lat="36.19007997214794" lon="-121.70717999339104">
        <ele>179.45</ele>
      </trkpt>
      <trkpt lat="36.19000998325646" lon="-121.70710992068052">
        <ele>179.19</ele>
      </trkpt>
      <trkpt lat="36.18986992165446" lon="-121.70697991736233">
        <ele>178.96</ele>
      </trkpt>
      <trkpt lat="36.189809991046786" lon="-121.70690992847085">
        <ele>178.7</ele>
      </trkpt>
      <trkpt lat="36.189719969406724" lon="-121.7068299651146">
        <ele>178.45</ele>
      </trkpt>
      <trkpt lat="36.189639922231436" lon="-121.70676995068789">
        <ele>178.21</ele>
      </trkpt>
      <trkpt lat="36.18958996608853" lon="-121.70673994347453">
        <ele>177.97</ele>
      </trkpt>
      <trkpt lat="36.189509918913245" lon="-121.7066999617964">
        <ele>177.72</ele>
      </trkpt>
      <trkpt lat="36.18943993002176" lon="-121.70665998011827">
        <ele>177.5</ele>
      </trkpt>
      <trkpt lat="36.189339933916926" lon="-121.70661999844015">
        <ele>177.28</ele>
      </trkpt>
      <trkpt lat="36.18918998166919" lon="-121.70654992572963">
        <ele>177.04</ele>
      </trkpt>
      <trkpt lat="36.18912996724248" lon="-121.70651991851628">
        <ele>176.88</ele>
      </trkpt>
      <trkpt lat="36.189059978351" lon="-121.70647993683815">
        <ele>176.72</ele>
      </trkpt>
      <trkpt lat="36.188969956710935" lon="-121.70641992241144">
        <ele>176.54</ele>
      </trkpt>
      <trkpt lat="36.188909942284226" lon="-121.70636996626854">
        <ele>176.35</ele>
      </trkpt>
      <trkpt lat="36.18887993507087" lon="-121.70634993351996">
        <ele>176.2</ele>
      </trkpt>
      <trkpt lat="36.18878999724984" lon="-121.7062699701637">
        <ele>176.17</ele>
      </trkpt>
      <trkpt lat="36.18875999003649" lon="-121.70624993741512">
        <ele>176.08</ele>
      </trkpt>
      <trkpt lat="36.18865999393165" lon="-121.70616997405887">
        <ele>176.03</ele>
      </trkpt>
      <trkpt lat="36.18854993954301" lon="-121.7060799524188">
        <ele>175.96</ele>
      </trkpt>
      <trkpt lat="36.18847995065153" lon="-121.7060299962759">
        <ele>175.94</ele>
      </trkpt>
      <trkpt lat="36.1884399689734" lon="-121.70600996352732">
        <ele>175.92</ele>
      </trkpt>
      <trkpt lat="36.18839998729527" lon="-121.70598993077874">
        <ele>175.87</ele>
      </trkpt>
      <trkpt lat="36.188349947333336" lon="-121.7059699818492">
        <ele>175.88</ele>
      </trkpt>
      <trkpt lat="36.18828993290663" lon="-121.70593997463584">
        <ele>175.91</ele>
      </trkpt>
      <trkpt lat="36.1881999950856" lon="-121.70591994188726">
        <ele>175.91</ele>
      </trkpt>
      <trkpt lat="36.188109973445535" lon="-121.70589999295771">
        <ele>175.92</ele>
      </trkpt>
      <trkpt lat="36.18803998455405" lon="-121.70589999295771">
        <ele>175.95</ele>
      </trkpt>
      <trkpt lat="36.187919955700636" lon="-121.70589999295771">
        <ele>175.97</ele>
      </trkpt>
      <trkpt lat="36.18769993074238" lon="-121.7058899346739">
        <ele>175.97</ele>
      </trkpt>
      <trkpt lat="36.18761996738613" lon="-121.70587996020913">
        <ele>176.04</ele>
      </trkpt>
      <trkpt lat="36.187549978494644" lon="-121.70585992746055">
        <ele>176.13</ele>
      </trkpt>
      <trkpt lat="36.187489964067936" lon="-121.705839978531">
        <ele>176.22</ele>
      </trkpt>
      <trkpt lat="36.18742994964123" lon="-121.70581994578242">
        <ele>176.34</ele>
      </trkpt>
      <trkpt lat="36.18736993521452" lon="-121.7057799641043">
        <ele>176.5</ele>
      </trkpt>
      <trkpt lat="36.18727999739349" lon="-121.70571994967759">
        <ele>176.68</ele>
      </trkpt>
      <trkpt lat="36.18723993189633" lon="-121.70568994246423">
        <ele>176.84</ele>
      </trkpt>
      <trkpt lat="36.187209924682975" lon="-121.70565993525088">
        <ele>177.0</ele>
      </trkpt>
      <trkpt lat="36.18712996132672" lon="-121.70557997189462">
        <ele>177.17</ele>
      </trkpt>
      <trkpt lat="36.18710992857814" lon="-121.70554996468127">
        <ele>177.31</ele>
      </trkpt>
      <trkpt lat="36.187099954113364" lon="-121.7055399902165">
        <ele>177.44</ele>
      </trkpt>
      <trkpt lat="36.1870099324733" lon="-121.70542993582785">
        <ele>177.61</ele>
      </trkpt>
      <trkpt lat="36.18693994358182" lon="-121.70532993972301">
        <ele>177.76</ele>
      </trkpt>
      <trkpt lat="36.186779933050275" lon="-121.70511997304857">
        <ele>177.89</ele>
      </trkpt>
      <trkpt lat="36.18672997690737" lon="-121.70504998415709">
        <ele>177.96</ele>
      </trkpt>
      <trkpt lat="36.18658999912441" lon="-121.70485996641219">
        <ele>178.01</ele>
      </trkpt>
      <trkpt lat="36.186519926413894" lon="-121.70473993755877">
        <ele>178.08</ele>
      </trkpt>
      <trkpt lat="36.186479944735765" lon="-121.70465997420251">
        <ele>178.11</ele>
      </trkpt>
      <trkpt lat="36.18643996305764" lon="-121.7045999597758">
        <ele>178.12</ele>
      </trkpt>
      <trkpt lat="36.18641993030906" lon="-121.70452997088432">
        <ele>178.16</ele>
      </trkpt>
      <trkpt lat="36.18640995584428" lon="-121.70451999641955">
        <ele>178.15</ele>
      </trkpt>
      <trkpt lat="36.1863899230957" lon="-121.70445998199284">
        <ele>178.14</ele>
      </trkpt>
      <trkpt lat="36.186349941417575" lon="-121.70436996035278">
        <ele>178.1</ele>
      </trkpt>
      <trkpt lat="36.1863399669528" lon="-121.70432997867465">
        <ele>178.05</ele>
      </trkpt>
      <trkpt lat="36.18632999248803" lon="-121.70431992039084">
        <ele>177.95</ele>
      </trkpt>
      <trkpt lat="36.18630995973945" lon="-121.70425998978317">
        <ele>177.85</ele>
      </trkpt>
      <trkpt lat="36.18626997806132" lon="-121.7041699681431">
        <ele>177.7</ele>
      </trkpt>
      <trkpt lat="36.18622999638319" lon="-121.7040599975735">
        <ele>177.52</ele>
      </trkpt>
      <trkpt lat="36.18616998195648" lon="-121.7039199359715">
        <ele>177.27</ele>
      </trkpt>
      <trkpt lat="36.186109967529774" lon="-121.70380996540189">
        <ele>176.98</ele>
      </trkpt>
      <trkpt lat="36.186049953103065" lon="-121.7036799620837">
        <ele>176.75</ele>
      </trkpt>
      <trkpt lat="36.18599999696016" lon="-121.70357996597886">
        <ele>176.46</ele>
      </trkpt>
      <trkpt lat="36.18592992424965" lon="-121.70346999540925">
        <ele>176.13</ele>
      </trkpt>
      <trkpt lat="36.18584996089339" lon="-121.70333999209106">
        <ele>175.78</ele>
      </trkpt>
      <trkpt lat="36.18583998642862" lon="-121.70333999209106">
        <ele>175.41</ele>
      </trkpt>
      <trkpt lat="36.185789946466684" lon="-121.70325994491577">
        <ele>175.02</ele>
      </trkpt>
      <trkpt lat="36.185684921219945" lon="-121.70310496352613">
        <ele>174.61</ele>
      </trkpt>
      <trkpt lat="36.18557997979224" lon="-121.70294998213649">
        <ele>174.11</ele>
      </trkpt>
      <trkpt lat="36.18549993261695" lon="-121.70282995328307">
        <ele>173.58</ele>
      </trkpt>
      <trkpt lat="36.185489958152175" lon="-121.70282995328307">
        <ele>173.07</ele>
      </trkpt>
      <trkpt lat="36.18541996926069" lon="-121.70270992442966">
        <ele>172.52</ele>
      </trkpt>
      <trkpt lat="36.185379987582564" lon="-121.70264999382198">
        <ele>171.94</ele>
      </trkpt>
      <trkpt lat="36.185209918767214" lon="-121.70239996165037">
        <ele>171.4</ele>
      </trkpt>
      <trkpt lat="36.185104977339506" lon="-121.7022499255836">
        <ele>170.76</ele>
      </trkpt>
      <trkpt lat="36.18499995209277" lon="-121.70209997333586">
        <ele>170.1</ele>
      </trkpt>
      <trkpt lat="36.184909930452704" lon="-121.70196997001767">
        <ele>169.41</ele>
      </trkpt>
      <trkpt lat="36.18484999984503" lon="-121.70189998112619">
        <ele>168.67</ele>
      </trkpt>
      <trkpt lat="36.18480993434787" lon="-121.70183996669948">
        <ele>167.91</ele>
      </trkpt>
      <trkpt lat="36.184759978204966" lon="-121.70178992673755">
        <ele>167.13</ele>
      </trkpt>
      <trkpt lat="36.18469996377826" lon="-121.70173997059464">
        <ele>166.32</ele>
      </trkpt>
      <trkpt lat="36.18465998210013" lon="-121.70169998891652">
        <ele>165.49</ele>
      </trkpt>
      <trkpt lat="36.18455998599529" lon="-121.70161994174123">
        <ele>164.63</ele>
      </trkpt>
      <trkpt lat="36.18438991717994" lon="-121.70150997117162">
        <ele>163.75</ele>
      </trkpt>
      <trkpt lat="36.18416997604072" lon="-121.70136999338865">
        <ele>162.83</ele>
      </trkpt>
      <trkpt lat="36.18410996161401" lon="-121.70132992789149">
        <ele>161.9</ele>
      </trkpt>
      <trkpt lat="36.18395992554724" lon="-121.70122993178666">
        <ele>160.93</ele>
      </trkpt>
      <trkpt lat="36.183749958872795" lon="-121.70108995400369">
        <ele>159.8</ele>
      </trkpt>
      <trkpt lat="36.18355021812022" lon="-121.7009551730007">
        <ele>158.73</ele>
      </trkpt>
      <trkpt lat="36.18334997445345" lon="-121.70081997290254">
        <ele>157.67</ele>
      </trkpt>
      <trkpt lat="36.18328996002674" lon="-121.70075995847583">
        <ele>156.66</ele>
      </trkpt>
      <trkpt lat="36.18322994560003" lon="-121.7007199767977">
        <ele>155.64</ele>
      </trkpt>
      <trkpt lat="36.183169931173325" lon="-121.70066993683577">
        <ele>154.63</ele>
      </trkpt>
      <trkpt lat="36.183129949495196" lon="-121.70061998069286">
        <ele>153.57</ele>
      </trkpt>
      <trkpt lat="36.18308996781707" lon="-121.70057999901474">
        <ele>152.49</ele>
      </trkpt>
      <trkpt lat="36.182999946177006" lon="-121.70047991909087">
        <ele>151.38</ele>
      </trkpt>
      <trkpt lat="36.18292995728552" lon="-121.70038998126984">
        <ele>150.24</ele>
      </trkpt>
      <trkpt lat="36.18287991732359" lon="-121.7003399413079">
        <ele>149.11</ele>
      </trkpt>
      <trkpt lat="36.18282996118069" lon="-121.7002799268812">
        <ele>147.96</ele>
      </trkpt>
      <trkpt lat="36.18277992121875" lon="-121.70023994520307">
        <ele>146.79</ele>
      </trkpt>
      <trkpt lat="36.182739939540625" lon="-121.70020993798971">
        <ele>145.64</ele>
      </trkpt>
      <trkpt lat="36.18268998339772" lon="-121.70016995631158">
        <ele>144.49</ele>
      </trkpt>
      <trkpt lat="36.18264991790056" lon="-121.70013994909823">
        <ele>143.34</ele>
      </trkpt>
      <trkpt lat="36.18261999450624" lon="-121.70011991634965">
        <ele>142.2</ele>
      </trkpt>
      <trkpt lat="36.18249996565282" lon="-121.70004992745817">
        <ele>141.06</ele>
      </trkpt>
      <trkpt lat="36.18235998786986" lon="-121.69998999685049">
        <ele>139.9</ele>
      </trkpt>
      <trkpt lat="36.18234992958605" lon="-121.69997993856668">
        <ele>138.77</ele>
      </trkpt>
      <trkpt lat="36.18233995512128" lon="-121.69997993856668">
        <ele>137.65</ele>
      </trkpt>
      <trkpt lat="36.182269966229796" lon="-121.69994993135333">
        <ele>136.52</ele>
      </trkpt>
      <trkpt lat="36.18216997012496" lon="-121.69992998242378">
        <ele>135.39</ele>
      </trkpt>
      <trkpt lat="36.182009959593415" lon="-121.6999099496752">
        <ele>134.26</ele>
      </trkpt>
      <trkpt lat="36.18182991631329" lon="-121.69989997521043">
        <ele>133.16</ele>
      </trkpt>
      <trkpt lat="36.18152992799878" lon="-121.69986996799707">
        <ele>131.95</ele>
      </trkpt>
      <trkpt lat="36.181279979646206" lon="-121.69983996078372">
        <ele>130.8</ele>
      </trkpt>
      <trkpt lat="36.18103992193937" lon="-121.69982998631895">
        <ele>129.75</ele>
      </trkpt>
      <trkpt lat="36.180809922516346" lon="-121.6998599935323">
        <ele>128.7</ele>
      </trkpt>
      <trkpt lat="36.18062996305525" lon="-121.69988991692662">
        <ele>127.68</ele>
      </trkpt>
      <trkpt lat="36.18055997416377" lon="-121.69988991692662">
        <ele>126.71</ele>
      </trkpt>
      <trkpt lat="36.18042997084558" lon="-121.69988991692662">
        <ele>125.77</ele>
      </trkpt>
      <trkpt lat="36.18023995310068" lon="-121.6998499352485">
        <ele>124.87</ele>
      </trkpt>
      <trkpt lat="36.18005999363959" lon="-121.69975999742746">
        <ele>124.01</ele>
      </trkpt>
      <trkpt lat="36.17986997589469" lon="-121.69963996857405">
        <ele>123.18</ele>
      </trkpt>
      <trkpt lat="36.17984994314611" lon="-121.69962999410927">
        <ele>122.33</ele>
      </trkpt>
      <trkpt lat="36.17974994704127" lon="-121.69955992139876">
        <ele>121.52</ele>
      </trkpt>
      <trkpt lat="36.17949530482292" lon="-121.69939018785954">
        <ele>120.71</ele>
      </trkpt>
      <trkpt lat="36.17923999205232" lon="-121.69921995140612">
        <ele>119.67</ele>
      </trkpt>
      <trkpt lat="36.17913999594748" lon="-121.69916999526322">
        <ele>118.82</ele>
      </trkpt>
      <trkpt lat="36.17907998152077" lon="-121.69912992976606">
        <ele>118.08</ele>
      </trkpt>
      <trkpt lat="36.179069923236966" lon="-121.69912992976606">
        <ele>117.4</ele>
      </trkpt>
      <trkpt lat="36.1788403429091" lon="-121.69900520704687">
        <ele>116.66</ele>
      </trkpt>
      <trkpt lat="36.17860992439091" lon="-121.69887998141348">
        <ele>115.98</ele>
      </trkpt>
      <trkpt lat="36.17837036959827" lon="-121.69877512380481">
        <ele>115.46</ele>
      </trkpt>
      <trkpt lat="36.17812997661531" lon="-121.69866993092">
        <ele>115.02</ele>
      </trkpt>
      <trkpt lat="36.1780699621886" lon="-121.69865995645523">
        <ele>114.5</ele>
      </trkpt>
      <trkpt lat="36.17799997329712" lon="-121.69864998199046">
        <ele>114.02</ele>
      </trkpt>
      <trkpt lat="36.17791992612183" lon="-121.69863992370665">
        <ele>113.55</ele>
      </trkpt>
      <trkpt lat="36.177859995514154" lon="-121.69863992370665">
        <ele>113.12</ele>
      </trkpt>
      <trkpt lat="36.177799981087446" lon="-121.69862994924188">
        <ele>112.72</ele>
      </trkpt>
      <trkpt lat="36.17774994112551" lon="-121.69862994924188">
        <ele>112.35</ele>
      </trkpt>
      <trkpt lat="36.17745992727578" lon="-121.69865995645523">
        <ele>111.91</ele>
      </trkpt>
      <trkpt lat="36.1773999966681" lon="-121.69865995645523">
        <ele>111.56</ele>
      </trkpt>
      <trkpt lat="36.17733998224139" lon="-121.69865995645523">
        <ele>111.26</ele>
      </trkpt>
      <trkpt lat="36.17729991674423" lon="-121.69865995645523">
        <ele>110.97</ele>
      </trkpt>
      <trkpt lat="36.17724996060133" lon="-121.69864998199046">
        <ele>110.72</ele>
      </trkpt>
      <trkpt lat="36.17717997170985" lon="-121.69862994924188">
        <ele>110.48</ele>
      </trkpt>
      <trkpt lat="36.177089950069785" lon="-121.69858996756375">
        <ele>110.3</ele>
      </trkpt>
      <trkpt lat="36.17705994285643" lon="-121.69857999309897">
        <ele>110.12</ele>
      </trkpt>
      <trkpt lat="36.17700998671353" lon="-121.69854998588562">
        <ele>109.98</ele>
      </trkpt>
      <trkpt lat="36.176959946751595" lon="-121.69850992038846">
        <ele>109.86</ele>
      </trkpt>
      <trkpt lat="36.176919965073466" lon="-121.69846993871033">
        <ele>109.76</ele>
      </trkpt>
      <trkpt lat="36.17690999060869" lon="-121.69844998978078">
        <ele>109.64</ele>
      </trkpt>
      <trkpt lat="36.17687998339534" lon="-121.69841998256743">
        <ele>109.52</ele>
      </trkpt>
      <trkpt lat="36.176829943433404" lon="-121.69833993539214">
        <ele>109.41</ele>
      </trkpt>
      <trkpt lat="36.17679993622005" lon="-121.69824999757111">
        <ele>109.28</ele>
      </trkpt>
      <trkpt lat="36.1767799872905" lon="-121.69815997593105">
        <ele>109.15</ele>
      </trkpt>
      <trkpt lat="36.176769929006696" lon="-121.69810993596911">
        <ele>109.0</ele>
      </trkpt>
      <trkpt lat="36.176769929006696" lon="-121.69805997982621">
        <ele>108.85</ele>
      </trkpt>
      <trkpt lat="36.176769929006696" lon="-121.6980499215424">
        <ele>108.72</ele>
      </trkpt>
      <trkpt lat="36.176769929006696" lon="-121.69797993265092">
        <ele>108.56</ele>
      </trkpt>
      <trkpt lat="36.176769929006696" lon="-121.69792997650802">
        <ele>108.39</ele>
      </trkpt>
      <trkpt lat="36.1767799872905" lon="-121.69786996208131">
        <ele>108.23</ele>
      </trkpt>
      <trkpt lat="36.17679993622005" lon="-121.69781992211938">
        <ele>108.07</ele>
      </trkpt>
      <trkpt lat="36.17681996896863" lon="-121.6977499332279">
        <ele>107.88</ele>
      </trkpt>
      <trkpt lat="36.176849976181984" lon="-121.69768991880119">
        <ele>107.71</ele>
      </trkpt>
      <trkpt lat="36.17696992121637" lon="-121.69745991937816">
        <ele>107.54</ele>
      </trkpt>
      <trkpt lat="36.176979979500175" lon="-121.69745991937816">
        <ele>107.34</ele>
      </trkpt>
      <trkpt lat="36.17699992842972" lon="-121.69741993770003">
        <ele>107.13</ele>
      </trkpt>
      <trkpt lat="36.17702993564308" lon="-121.69733997434378">
        <ele>106.88</ele>
      </trkpt>
      <trkpt lat="36.17705994285643" lon="-121.6972699854523">
        <ele>106.64</ele>
      </trkpt>
      <trkpt lat="36.17707997560501" lon="-121.69720997102559">
        <ele>106.37</ele>
      </trkpt>
      <trkpt lat="36.177089950069785" lon="-121.69715993106365">
        <ele>106.08</ele>
      </trkpt>
      <trkpt lat="36.17709992453456" lon="-121.69710997492075">
        <ele>105.77</ele>
      </trkpt>
      <trkpt lat="36.177109982818365" lon="-121.69704996049404">
        <ele>105.42</ele>
      </trkpt>
      <trkpt lat="36.17711995728314" lon="-121.69698994606733">
        <ele>105.05</ele>
      </trkpt>
      <trkpt lat="36.17713999003172" lon="-121.69678995385766">
        <ele>104.63</ele>
      </trkpt>
      <trkpt lat="36.17714996449649" lon="-121.69660999439657">
        <ele>104.14</ele>
      </trkpt>
      <trkpt lat="36.17716999724507" lon="-121.69635996222496">
        <ele>103.71</ele>
      </trkpt>
      <trkpt lat="36.17716999724507" lon="-121.69628997333348">
        <ele>103.28</ele>
      </trkpt>
      <trkpt lat="36.17715993896127" lon="-121.69620992615819">
        <ele>102.81</ele>
      </trkpt>
      <trkpt lat="36.17715993896127" lon="-121.69616994448006">
        <ele>102.37</ele>
      </trkpt>
      <trkpt lat="36.17714996449649" lon="-121.69612996280193">
        <ele>101.89</ele>
      </trkpt>
      <trkpt lat="36.17712993174791" lon="-121.69603994116187">
        <ele>101.37</ele>
      </trkpt>
      <trkpt lat="36.177109982818365" lon="-121.69595997780561">
        <ele>100.82</ele>
      </trkpt>
      <trkpt lat="36.17707997560501" lon="-121.69588998891413">
        <ele>100.23</ele>
      </trkpt>
      <trkpt lat="36.17699992842972" lon="-121.69570994563401">
        <ele>99.57</ele>
      </trkpt>
      <trkpt lat="36.17696992121637" lon="-121.6956499312073">
        <ele>99.01</ele>
      </trkpt>
      <trkpt lat="36.176959946751595" lon="-121.6955999750644">
        <ele>98.42</ele>
      </trkpt>
      <trkpt lat="36.176939997822046" lon="-121.69554993510246">
        <ele>97.81</ele>
      </trkpt>
      <trkpt lat="36.17692993953824" lon="-121.69547994621098">
        <ele>97.19</ele>
      </trkpt>
      <trkpt lat="36.176919965073466" lon="-121.6954099573195">
        <ele>96.57</ele>
      </trkpt>
      <trkpt lat="36.176919965073466" lon="-121.69532999396324">
        <ele>95.93</ele>
      </trkpt>
      <trkpt lat="36.176919965073466" lon="-121.69531993567944">
        <ele>95.27</ele>
      </trkpt>
      <trkpt lat="36.176919965073466" lon="-121.69523997232318">
        <ele>94.61</ele>
      </trkpt>
      <trkpt lat="36.17692993953824" lon="-121.69514995068312">
        <ele>93.94</ele>
      </trkpt>
      <trkpt lat="36.176939997822046" lon="-121.69510996900499">
        <ele>93.26</ele>
      </trkpt>
      <trkpt lat="36.176959946751595" lon="-121.6950399801135">
        <ele>92.57</ele>
      </trkpt>
      <trkpt lat="36.17698995396495" lon="-121.69490997679532">
        <ele>91.87</ele>
      </trkpt>
      <trkpt lat="36.17699992842972" lon="-121.69489991851151">
        <ele>91.16</ele>
      </trkpt>
      <trkpt lat="36.177069917321205" lon="-121.69462993741035">
        <ele>90.41</ele>
      </trkpt>
      <trkpt lat="36.17709992453456" lon="-121.69452994130552">
        <ele>89.68</ele>
      </trkpt>
      <trkpt lat="36.177109982818365" lon="-121.69447998516262">
        <ele>88.94</ele>
      </trkpt>
      <trkpt lat="36.17711995728314" lon="-121.69443991966546">
        <ele>88.21</ele>
      </trkpt>
      <trkpt lat="36.17712993174791" lon="-121.6943599563092">
        <ele>87.46</ele>
      </trkpt>
      <trkpt lat="36.17713999003172" lon="-121.69428996741772">
        <ele>86.72</ele>
      </trkpt>
      <trkpt lat="36.17714996449649" lon="-121.69418997131288">
        <ele>85.92</ele>
      </trkpt>
      <trkpt lat="36.17714996449649" lon="-121.6941199824214">
        <ele>85.15</ele>
      </trkpt>
      <trkpt lat="36.17714996449649" lon="-121.69404999352992">
        <ele>84.4</ele>
      </trkpt>
      <trkpt lat="36.17714996449649" lon="-121.6939799208194">
        <ele>83.64</ele>
      </trkpt>
      <trkpt lat="36.17713999003172" lon="-121.69389995746315">
        <ele>82.85</ele>
      </trkpt>
      <trkpt lat="36.17711995728314" lon="-121.69383994303644">
        <ele>82.14</ele>
      </trkpt>
      <trkpt lat="36.177109982818365" lon="-121.69378998689353">
        <ele>81.46</ele>
      </trkpt>
      <trkpt lat="36.177089950069785" lon="-121.69375997968018">
        <ele>80.8</ele>
      </trkpt>
      <trkpt lat="36.17707997560501" lon="-121.69371999800205">
        <ele>80.16</ele>
      </trkpt>
      <trkpt lat="36.17705994285643" lon="-121.6936899907887">
        <ele>79.54</ele>
      </trkpt>
      <trkpt lat="36.1770199611783" lon="-121.69361991807818">
        <ele>78.95</ele>
      </trkpt>
      <trkpt lat="36.17698995396495" lon="-121.69357993640006">
        <ele>78.38</ele>
      </trkpt>
      <trkpt lat="36.17694997228682" lon="-121.69353995472193">
        <ele>77.84</ele>
      </trkpt>
      <trkpt lat="36.176919965073466" lon="-121.6934999730438">
        <ele>77.35</ele>
      </trkpt>
      <trkpt lat="36.17687998339534" lon="-121.69346996583045">
        <ele>76.89</ele>
      </trkpt>
      <trkpt lat="36.176829943433404" lon="-121.69342998415232">
        <ele>76.46</ele>
      </trkpt>
      <trkpt lat="36.176789961755276" lon="-121.69339997693896">
        <ele>76.06</ele>
      </trkpt>
      <trkpt lat="36.176769929006696" lon="-121.69338991865516">
        <ele>75.68</ele>
      </trkpt>
      <trkpt lat="36.176769929006696" lon="-121.69337994419038">
        <ele>75.34</ele>
      </trkpt>
      <trkpt lat="36.17672994732857" lon="-121.69336996972561">
        <ele>75.03</ele>
      </trkpt>
      <trkpt lat="36.17668996565044" lon="-121.69334993697703">
        <ele>74.75</ele>
      </trkpt>
      <trkpt lat="36.17664998397231" lon="-121.69332998804748">
        <ele>74.51</ele>
      </trkpt>
      <trkpt lat="36.17659994401038" lon="-121.69331992976367">
        <ele>74.29</ele>
      </trkpt>
      <trkpt lat="36.1765899695456" lon="-121.69331992976367">
        <ele>74.13</ele>
      </trkpt>
      <trkpt lat="36.17655996233225" lon="-121.69331992976367">
        <ele>74.0</ele>
      </trkpt>
      <trkpt lat="36.176509922370315" lon="-121.6933099552989">
        <ele>73.91</ele>
      </trkpt>
      <trkpt lat="36.17645996622741" lon="-121.6933099552989">
        <ele>73.85</ele>
      </trkpt>
      <trkpt lat="36.17642995901406" lon="-121.6933099552989">
        <ele>73.82</ele>
      </trkpt>
      <trkpt lat="36.176419984549284" lon="-121.6933099552989">
        <ele>73.82</ele>
      </trkpt>
      <trkpt lat="36.17640992626548" lon="-121.6933099552989">
        <ele>73.86</ele>
      </trkpt>
      <trkpt lat="36.176379919052124" lon="-121.69331992976367">
        <ele>73.93</ele>
      </trkpt>
      <trkpt lat="36.176339937373996" lon="-121.69332998804748">
        <ele>74.03</ele>
      </trkpt>
      <trkpt lat="36.17630993016064" lon="-121.69333996251225">
        <ele>74.17</ele>
      </trkpt>
      <trkpt lat="36.17626994848251" lon="-121.69334993697703">
        <ele>74.34</ele>
      </trkpt>
      <trkpt lat="36.17623994126916" lon="-121.69336996972561">
        <ele>74.54</ele>
      </trkpt>
      <trkpt lat="36.176229966804385" lon="-121.69336996972561">
        <ele>74.77</ele>
      </trkpt>
      <trkpt lat="36.17619995959103" lon="-121.69338991865516">
        <ele>75.03</ele>
      </trkpt>
      <trkpt lat="36.1761599779129" lon="-121.69341992586851">
        <ele>75.33</ele>
      </trkpt>
      <trkpt lat="36.176099963486195" lon="-121.69345999136567">
        <ele>75.65</ele>
      </trkpt>
      <trkpt lat="36.17604992352426" lon="-121.69350994750857">
        <ele>76.0</ele>
      </trkpt>
      <trkpt lat="36.17597993463278" lon="-121.69358999468386">
        <ele>76.36</ele>
      </trkpt>
      <trkpt lat="36.17591992020607" lon="-121.69366995804012">
        <ele>76.75</ele>
      </trkpt>
      <trkpt lat="36.17585998959839" lon="-121.69374992139637">
        <ele>77.2</ele>
      </trkpt>
      <trkpt lat="36.17582998238504" lon="-121.69378998689353">
        <ele>77.68</ele>
      </trkpt>
      <trkpt lat="36.17578991688788" lon="-121.69383994303644">
        <ele>78.18</ele>
      </trkpt>
      <trkpt lat="36.1757199279964" lon="-121.6939299646765">
        <ele>78.73</ele>
      </trkpt>
      <trkpt lat="36.175629990175366" lon="-121.69399995356798">
        <ele>79.33</ele>
      </trkpt>
      <trkpt lat="36.17555991746485" lon="-121.69404999352992">
        <ele>79.87</ele>
      </trkpt>
      <trkpt lat="36.17554994300008" lon="-121.69405996799469">
        <ele>80.41</ele>
      </trkpt>
      <trkpt lat="36.175499986857176" lon="-121.69408997520804">
        <ele>80.97</ele>
      </trkpt>
      <trkpt lat="36.17543997243047" lon="-121.6941199824214">
        <ele>81.56</ele>
      </trkpt>
      <trkpt lat="36.175349950790405" lon="-121.69415996409953">
        <ele>82.17</ele>
      </trkpt>
      <trkpt lat="36.17526998743415" lon="-121.6941799968481">
        <ele>82.76</ele>
      </trkpt>
      <trkpt lat="36.17520997300744" lon="-121.6941799968481">
        <ele>83.37</ele>
      </trkpt>
      <trkpt lat="36.17516999132931" lon="-121.69418997131288">
        <ele>83.96</ele>
      </trkpt>
      <trkpt lat="36.17511995136738" lon="-121.69418997131288">
        <ele>84.56</ele>
      </trkpt>
      <trkpt lat="36.17507996968925" lon="-121.6941799968481">
        <ele>85.15</ele>
      </trkpt>
      <trkpt lat="36.17501995526254" lon="-121.6941799968481">
        <ele>85.71</ele>
      </trkpt>
      <trkpt lat="36.17499992251396" lon="-121.6941699385643">
        <ele>86.29</ele>
      </trkpt>
      <trkpt lat="36.17496999911964" lon="-121.69415996409953">
        <ele>86.86</ele>
      </trkpt>
      <trkpt lat="36.174939991906285" lon="-121.69413993135095">
        <ele>87.44</ele>
      </trkpt>
      <trkpt lat="36.17487997747958" lon="-121.69410992413759">
        <ele>87.99</ele>
      </trkpt>
      <trkpt lat="36.17483999580145" lon="-121.69406994245946">
        <ele>88.55</ele>
      </trkpt>
      <trkpt lat="36.174809988588095" lon="-121.69402996078134">
        <ele>89.1</ele>
      </trkpt>
      <trkpt lat="36.174769923090935" lon="-121.69398997910321">
        <ele>89.64</ele>
      </trkpt>
      <trkpt lat="36.17473999969661" lon="-121.69393993914127">
        <ele>90.2</ele>
      </trkpt>
      <trkpt lat="36.17471996694803" lon="-121.69389995746315">
        <ele>90.75</ele>
      </trkpt>
      <trkpt lat="36.174679985269904" lon="-121.69380993582308">
        <ele>91.29</ele>
      </trkpt>
      <trkpt lat="36.1746699269861" lon="-121.69376995414495">
        <ele>91.81</ele>
      </trkpt>
      <trkpt lat="36.17460999637842" lon="-121.69357993640006">
        <ele>92.37</ele>
      </trkpt>
      <trkpt lat="36.174529949203134" lon="-121.69333996251225">
        <ele>92.83</ele>
      </trkpt>
      <trkpt lat="36.17449994198978" lon="-121.693259999156">
        <ele>93.32</ele>
      </trkpt>
      <trkpt lat="36.17445996031165" lon="-121.69318992644548">
        <ele>93.78</ele>
      </trkpt>
      <trkpt lat="36.17444998584688" lon="-121.69315991923213">
        <ele>94.25</ele>
      </trkpt>
      <trkpt lat="36.17443992756307" lon="-121.69312999583781">
        <ele>94.73</ele>
      </trkpt>
      <trkpt lat="36.17439994588494" lon="-121.6930699814111">
        <ele>95.2</ele>
      </trkpt>
      <trkpt lat="36.174359964206815" lon="-121.69300996698439">
        <ele>95.64</ele>
      </trkpt>
      <trkpt lat="36.17432995699346" lon="-121.69295992702246">
        <ele>96.07</ele>
      </trkpt>
      <trkpt lat="36.17427991703153" lon="-121.69290997087955">
        <ele>96.46</ele>
      </trkpt>
      <trkpt lat="36.174229960888624" lon="-121.69285993091762">
        <ele>96.87</ele>
      </trkpt>
      <trkpt lat="36.174209928140044" lon="-121.69283998198807">
        <ele>97.3</ele>
      </trkpt>
      <trkpt lat="36.17415997199714" lon="-121.69280997477472">
        <ele>97.72</ele>
      </trkpt>
      <trkpt lat="36.17410993203521" lon="-121.69277996756136">
        <ele>98.13</ele>
      </trkpt>
      <trkpt lat="36.174039943143725" lon="-121.69274996034801">
        <ele>98.49</ele>
      </trkpt>
      <trkpt lat="36.17401999421418" lon="-121.69273998588324">
        <ele>98.88</ele>
      </trkpt>
      <trkpt lat="36.17384992539883" lon="-121.69266999699175">
        <ele>99.23</ele>
      </trkpt>
      <trkpt lat="36.173779936507344" lon="-121.6926399897784">
        <ele>99.67</ele>
      </trkpt>
      <trkpt lat="36.173739954829216" lon="-121.69261995702982">
        <ele>100.1</ele>
      </trkpt>
      <trkpt lat="36.17370994761586" lon="-121.69258994981647">
        <ele>100.54</ele>
      </trkpt>
      <trkpt lat="36.17365999147296" lon="-121.69254996813834">
        <ele>101.0</ele>
      </trkpt>
      <trkpt lat="36.173609951511025" lon="-121.69250998646021">
        <ele>101.46</ele>
      </trkpt>
      <trkpt lat="36.17355999536812" lon="-121.69245994649827">
        <ele>101.94</ele>
      </trkpt>
      <trkpt lat="36.17351992987096" lon="-121.69239993207157">
        <ele>102.39</ele>
      </trkpt>
      <trkpt lat="36.173479948192835" lon="-121.69233991764486">
        <ele>102.85</ele>
      </trkpt>
      <trkpt lat="36.17343996651471" lon="-121.69226992875338">
        <ele>103.31</ele>
      </trkpt>
      <trkpt lat="36.17341993376613" lon="-121.69221997261047">
        <ele>103.74</ele>
      </trkpt>
      <trkpt lat="36.17338992655277" lon="-121.69216993264854">
        <ele>104.18</ele>
      </trkpt>
      <trkpt lat="36.173369977623224" lon="-121.69210991822183">
        <ele>104.63</ele>
      </trkpt>
      <trkpt lat="36.173369977623224" lon="-121.69208996929228">
        <ele>105.06</ele>
      </trkpt>
      <trkpt lat="36.173349944874644" lon="-121.69204998761415">
        <ele>105.5</ele>
      </trkpt>
      <trkpt lat="36.17331993766129" lon="-121.69190992601216">
        <ele>105.97</ele>
      </trkpt>
      <trkpt lat="36.17327995598316" lon="-121.69175997376442">
        <ele>106.39</ele>
      </trkpt>
      <trkpt lat="36.173239974305034" lon="-121.69154992327094">
        <ele>106.84</ele>
      </trkpt>
      <trkpt lat="36.1731899343431" lon="-121.69125999324024">
        <ele>107.31</ele>
      </trkpt>
      <trkpt lat="36.17314986884594" lon="-121.69103954918683">
        <ele>107.75</ele>
      </trkpt>
      <trkpt lat="36.17310997098684" lon="-121.69081994332373">
        <ele>108.2</ele>
      </trkpt>
      <trkpt lat="36.17308993823826" lon="-121.69070997275412">
        <ele>108.63</ele>
      </trkpt>
      <trkpt lat="36.173069989308715" lon="-121.69059991836548">
        <ele>109.07</ele>
      </trkpt>
      <trkpt lat="36.17305993102491" lon="-121.69056999497116">
        <ele>109.52</ele>
      </trkpt>
      <trkpt lat="36.17303998209536" lon="-121.6904799733311">
        <ele>109.96</ele>
      </trkpt>
      <trkpt lat="36.17301994934678" lon="-121.69040998443961">
        <ele>110.4</ele>
      </trkpt>
      <trkpt lat="36.17298994213343" lon="-121.69032993726432">
        <ele>110.86</ele>
      </trkpt>
      <trkpt lat="36.1729499604553" lon="-121.69023999944329">
        <ele>111.33</ele>
      </trkpt>
      <trkpt lat="36.172919953241944" lon="-121.69019993394613">
        <ele>111.8</ele>
      </trkpt>
      <trkpt lat="36.172879971563816" lon="-121.69013991951942">
        <ele>112.27</ele>
      </trkpt>
      <trkpt lat="36.172789949923754" lon="-121.69002994894981">
        <ele>112.86</ele>
      </trkpt>
      <trkpt lat="36.172729935497046" lon="-121.68995996005833">
        <ele>113.45</ele>
      </trkpt>
      <trkpt lat="36.17265994660556" lon="-121.68989994563162">
        <ele>113.96</ele>
      </trkpt>
      <trkpt lat="36.17258995771408" lon="-121.68982995674014">
        <ele>114.49</ele>
      </trkpt>
      <trkpt lat="36.172509994357824" lon="-121.68976994231343">
        <ele>115.0</ele>
      </trkpt>
      <trkpt lat="36.17241997271776" lon="-121.68968997895718">
        <ele>115.52</ele>
      </trkpt>
      <trkpt lat="36.17236993275583" lon="-121.68963993899524">
        <ele>116.02</ele>
      </trkpt>
      <trkpt lat="36.17234998382628" lon="-121.6896199900657">
        <ele>116.53</ele>
      </trkpt>
      <trkpt lat="36.1722799949348" lon="-121.68954991735518">
        <ele>117.03</ele>
      </trkpt>
      <trkpt lat="36.17220992222428" lon="-121.68946995399892">
        <ele>117.57</ele>
      </trkpt>
      <trkpt lat="36.17214999161661" lon="-121.68936995789409">
        <ele>118.1</ele>
      </trkpt>
      <trkpt lat="36.17209995165467" lon="-121.68926996178925">
        <ele>118.62</ele>
      </trkpt>
      <trkpt lat="36.17204999551177" lon="-121.68912998400629">
        <ele>119.17</ele>
      </trkpt>
      <trkpt lat="36.172039937227964" lon="-121.68911992572248">
        <ele>119.69</ele>
      </trkpt>
      <trkpt lat="36.172019988298416" lon="-121.68903996236622">
        <ele>120.23</ele>
      </trkpt>
      <trkpt lat="36.171999955549836" lon="-121.68894994072616">
        <ele>120.78</ele>
      </trkpt>
      <trkpt lat="36.171999955549836" lon="-121.68884994462132">
        <ele>121.34</ele>
      </trkpt>
      <trkpt lat="36.17198998108506" lon="-121.68873997405171">
        <ele>121.89</ele>
      </trkpt>
      <trkpt lat="36.17198998108506" lon="-121.68838994577527">
        <ele>122.44</ele>
      </trkpt>
      <trkpt lat="36.17198998108506" lon="-121.68822993524373">
        <ele>122.97</ele>
      </trkpt>
      <trkpt lat="36.17198998108506" lon="-121.68821996077895">
        <ele>123.52</ele>
      </trkpt>
      <trkpt lat="36.171979922801256" lon="-121.68809993192554">
        <ele>124.07</ele>
      </trkpt>
      <trkpt lat="36.17196994833648" lon="-121.68802994303405">
        <ele>124.61</ele>
      </trkpt>
      <trkpt lat="36.17196994833648" lon="-121.6880099941045">
        <ele>125.17</ele>
      </trkpt>
      <trkpt lat="36.17195997387171" lon="-121.68792994692922">
        <ele>125.72</ele>
      </trkpt>
      <trkpt lat="36.171949999406934" lon="-121.68785995803773">
        <ele>126.31</ele>
      </trkpt>
      <trkpt lat="36.171929966658354" lon="-121.68778996914625">
        <ele>126.9</ele>
      </trkpt>
      <trkpt lat="36.171909933909774" lon="-121.68771998025477">
        <ele>127.5</ele>
      </trkpt>
      <trkpt lat="36.171889984980226" lon="-121.68763993307948">
        <ele>128.12</ele>
      </trkpt>
      <trkpt lat="36.171869952231646" lon="-121.68757991865277">
        <ele>128.72</ele>
      </trkpt>
      <trkpt lat="36.17180993780494" lon="-121.68742996640503">
        <ele>129.35</ele>
      </trkpt>
      <trkpt lat="36.17176995612681" lon="-121.68733994476497">
        <ele>129.9</ele>
      </trkpt>
      <trkpt lat="36.17171999998391" lon="-121.68723994866014">
        <ele>130.44</ele>
      </trkpt>
      <trkpt lat="36.17164992727339" lon="-121.68711991980672">
        <ele>130.96</ele>
      </trkpt>
      <trkpt lat="36.17159997113049" lon="-121.68700994923711">
        <ele>131.49</ele>
      </trkpt>
      <trkpt lat="36.17155998945236" lon="-121.6869599930942">
        <ele>131.98</ele>
      </trkpt>
      <trkpt lat="36.17152998223901" lon="-121.68690995313227">
        <ele>132.46</ele>
      </trkpt>
      <trkpt lat="36.171479942277074" lon="-121.68684993870556">
        <ele>132.89</ele>
      </trkpt>
      <trkpt lat="36.17144993506372" lon="-121.68680995702744">
        <ele>133.35</ele>
      </trkpt>
      <trkpt lat="36.171419927850366" lon="-121.6867699753493">
        <ele>133.82</ele>
      </trkpt>
      <trkpt lat="36.17137994617224" lon="-121.68671993538737">
        <ele>134.29</ele>
      </trkpt>
      <trkpt lat="36.17134993895888" lon="-121.68668992817402">
        <ele>134.74</ele>
      </trkpt>
      <trkpt lat="36.171289924532175" lon="-121.68661993928254">
        <ele>135.17</ele>
      </trkpt>
      <trkpt lat="36.17121993564069" lon="-121.68653997592628">
        <ele>135.55</ele>
      </trkpt>
      <trkpt lat="36.171199986711144" lon="-121.68652991764247">
        <ele>135.94</ele>
      </trkpt>
      <trkpt lat="36.17112999781966" lon="-121.68643997982144">
        <ele>136.35</ele>
      </trkpt>
      <trkpt lat="36.1710899323225" lon="-121.68637996539474">
        <ele>136.76</ele>
      </trkpt>
      <trkpt lat="36.171029917895794" lon="-121.68630997650325">
        <ele>137.1</ele>
      </trkpt>
      <trkpt lat="36.170989936217666" lon="-121.68623998761177">
        <ele>137.43</ele>
      </trkpt>
      <trkpt lat="36.17092992179096" lon="-121.68613999150693">
        <ele>137.73</ele>
      </trkpt>
      <trkpt lat="36.17086999118328" lon="-121.68602993711829">
        <ele>138.06</ele>
      </trkpt>
      <trkpt lat="36.17082992568612" lon="-121.68594997376204">
        <ele>138.36</ele>
      </trkpt>
      <trkpt lat="36.17077996954322" lon="-121.6858499776572">
        <ele>138.66</ele>
      </trkpt>
      <trkpt lat="36.170769995078444" lon="-121.6858399193734">
        <ele>138.93</ele>
      </trkpt>
      <trkpt lat="36.17069992236793" lon="-121.68572994880378">
        <ele>139.19</ele>
      </trkpt>
      <trkpt lat="36.1706599406898" lon="-121.68566993437707">
        <ele>139.43</ele>
      </trkpt>
      <trkpt lat="36.170639991760254" lon="-121.68563992716372">
        <ele>139.68</ele>
      </trkpt>
      <trkpt lat="36.170559944584966" lon="-121.68553993105888">
        <ele>139.96</ele>
      </trkpt>
      <trkpt lat="36.17053999565542" lon="-121.68550992384553">
        <ele>140.19</ele>
      </trkpt>
      <trkpt lat="36.1704699229449" lon="-121.6854199860245">
        <ele>140.44</ele>
      </trkpt>
      <trkpt lat="36.170429941266775" lon="-121.68537992052734">
        <ele>140.63</ele>
      </trkpt>
      <trkpt lat="36.17039993405342" lon="-121.68535997159779">
        <ele>140.79</ele>
      </trkpt>
      <trkpt lat="36.17035995237529" lon="-121.68531998991966">
        <ele>140.94</ele>
      </trkpt>
      <trkpt lat="36.17028996348381" lon="-121.68524991720915">
        <ele>141.07</ele>
      </trkpt>
      <trkpt lat="36.17019994184375" lon="-121.68518998660147">
        <ele>141.16</ele>
      </trkpt>
      <trkpt lat="36.17013992741704" lon="-121.68513994663954">
        <ele>141.23</ele>
      </trkpt>
      <trkpt lat="36.17002995684743" lon="-121.68505998328328">
        <ele>141.3</ele>
      </trkpt>
      <trkpt lat="36.16996994242072" lon="-121.68499996885657">
        <ele>141.36</ele>
      </trkpt>
      <trkpt lat="36.16995996795595" lon="-121.6849899943918">
        <ele>141.39</ele>
      </trkpt>
      <trkpt lat="36.16993993520737" lon="-121.68496996164322">
        <ele>141.4</ele>
      </trkpt>
      <trkpt lat="36.16991998627782" lon="-121.68493995442986">
        <ele>141.4</ele>
      </trkpt>
      <trkpt lat="36.16987992078066" lon="-121.68488999828696">
        <ele>141.37</ele>
      </trkpt>
      <trkpt lat="36.169849997386336" lon="-121.68482998386025">
        <ele>141.33</ele>
      </trkpt>
      <trkpt lat="36.16981999017298" lon="-121.68473996222019">
        <ele>141.29</ele>
      </trkpt>
      <trkpt lat="36.16977992467582" lon="-121.68462999165058">
        <ele>141.24</ele>
      </trkpt>
      <trkpt lat="36.169759975746274" lon="-121.6845499444753">
        <ele>141.15</ele>
      </trkpt>
      <trkpt lat="36.16972996853292" lon="-121.6843699850142">
        <ele>141.04</ele>
      </trkpt>
      <trkpt lat="36.16972996853292" lon="-121.6842299234122">
        <ele>140.89</ele>
      </trkpt>
      <trkpt lat="36.169739942997694" lon="-121.6841199528426">
        <ele>140.72</ele>
      </trkpt>
      <trkpt lat="36.169739942997694" lon="-121.68405993841588">
        <ele>140.54</ele>
      </trkpt>
      <trkpt lat="36.16974991746247" lon="-121.6839899495244">
        <ele>140.37</ele>
      </trkpt>
      <trkpt lat="36.16976995021105" lon="-121.68387997895479">
        <ele>140.15</ele>
      </trkpt>
      <trkpt lat="36.16977992467582" lon="-121.68371996842325">
        <ele>139.88</ele>
      </trkpt>
      <trkpt lat="36.16976995021105" lon="-121.6835599578917">
        <ele>139.63</ele>
      </trkpt>
      <trkpt lat="36.169759975746274" lon="-121.68347999453545">
        <ele>139.4</ele>
      </trkpt>
      <trkpt lat="36.16974991746247" lon="-121.68342995457351">
        <ele>139.18</ele>
      </trkpt>
      <trkpt lat="36.169739942997694" lon="-121.68339994736016">
        <ele>138.98</ele>
      </trkpt>
      <trkpt lat="36.16972996853292" lon="-121.68334999121726">
        <ele>138.78</ele>
      </trkpt>
      <trkpt lat="36.169719994068146" lon="-121.6833099257201">
        <ele>138.57</ele>
      </trkpt>
      <trkpt lat="36.169699961319566" lon="-121.6832599695772">
        <ele>138.35</ele>
      </trkpt>
      <trkpt lat="36.169679928570986" lon="-121.68321998789907">
        <ele>138.13</ele>
      </trkpt>
      <trkpt lat="36.16965997964144" lon="-121.6831799224019">
        <ele>137.91</ele>
      </trkpt>
      <trkpt lat="36.16962997242808" lon="-121.683129966259">
        <ele>137.71</ele>
      </trkpt>
      <trkpt lat="36.16959996521473" lon="-121.68307992629707">
        <ele>137.51</ele>
      </trkpt>
      <trkpt lat="36.169569958001375" lon="-121.68302997015417">
        <ele>137.27</ele>
      </trkpt>
      <trkpt lat="36.16952997632325" lon="-121.68297993019223">
        <ele>137.02</ele>
      </trkpt>
      <trkpt lat="36.16948999464512" lon="-121.68292997404933">
        <ele>136.78</ele>
      </trkpt>
      <trkpt lat="36.16944992914796" lon="-121.6828799340874">
        <ele>136.57</ele>
      </trkpt>
      <trkpt lat="36.16938999854028" lon="-121.68281991966069">
        <ele>136.36</ele>
      </trkpt>
      <trkpt lat="36.16933995857835" lon="-121.68275998905301">
        <ele>136.16</ele>
      </trkpt>
      <trkpt lat="36.16927994415164" lon="-121.6826999746263">
        <ele>135.93</ele>
      </trkpt>
      <trkpt lat="36.16921992972493" lon="-121.6826399601996">
        <ele>135.71</ele>
      </trkpt>
      <trkpt lat="36.169159999117255" lon="-121.68256997130811">
        <ele>135.54</ele>
      </trkpt>
      <trkpt lat="36.16910995915532" lon="-121.6825099568814">
        <ele>135.38</ele>
      </trkpt>
      <trkpt lat="36.16905991919339" lon="-121.68242999352515">
        <ele>135.19</ele>
      </trkpt>
      <trkpt lat="36.169029995799065" lon="-121.68237995356321">
        <ele>134.99</ele>
      </trkpt>
      <trkpt lat="36.168989930301905" lon="-121.68230996467173">
        <ele>134.79</ele>
      </trkpt>
      <trkpt lat="36.16895992308855" lon="-121.68223997578025">
        <ele>134.58</ele>
      </trkpt>
      <trkpt lat="36.16892999969423" lon="-121.68214995414019">
        <ele>134.39</ele>
      </trkpt>
      <trkpt lat="36.16888993419707" lon="-121.68203998357058">
        <ele>134.18</ele>
      </trkpt>
      <trkpt lat="36.16880997084081" lon="-121.6817799769342">
        <ele>133.95</ele>
      </trkpt>
      <trkpt lat="36.168754901736975" lon="-121.6815897077322">
        <ele>133.69</ele>
      </trkpt>
      <trkpt lat="36.16869991645217" lon="-121.6813999414444">
        <ele>133.46</ele>
      </trkpt>
      <trkpt lat="36.16859992034733" lon="-121.68108997866511">
        <ele>133.23</ele>
      </trkpt>
      <trkpt lat="36.16851995699108" lon="-121.68081999756396">
        <ele>133.1</ele>
      </trkpt>
      <trkpt lat="36.16846991702914" lon="-121.68066996149719">
        <ele>132.91</ele>
      </trkpt>
      <trkpt lat="36.168409986421466" lon="-121.68047994375229">
        <ele>132.76</ele>
      </trkpt>
      <trkpt lat="36.168369920924306" lon="-121.6803499404341">
        <ele>132.57</ele>
      </trkpt>
      <trkpt lat="36.16834997199476" lon="-121.68024994432926">
        <ele>132.39</ele>
      </trkpt>
      <trkpt lat="36.16833999752998" lon="-121.68022999539971">
        <ele>132.18</ele>
      </trkpt>
      <trkpt lat="36.16832993924618" lon="-121.680169980973">
        <ele>131.98</ele>
      </trkpt>
      <trkpt lat="36.16830999031663" lon="-121.6801099665463">
        <ele>131.74</ele>
      </trkpt>
      <trkpt lat="36.168299932032824" lon="-121.68003997765481">
        <ele>131.52</ele>
      </trkpt>
      <trkpt lat="36.168299932032824" lon="-121.68000997044146">
        <ele>131.3</ele>
      </trkpt>
      <trkpt lat="36.168279983103275" lon="-121.67990997433662">
        <ele>131.06</ele>
      </trkpt>
      <trkpt lat="36.16826992481947" lon="-121.67977997101843">
        <ele>130.81</ele>
      </trkpt>
      <trkpt lat="36.16824997588992" lon="-121.67966991662979">
        <ele>130.55</ele>
      </trkpt>
      <trkpt lat="36.168239917606115" lon="-121.67958995327353">
        <ele>130.29</ele>
      </trkpt>
      <trkpt lat="36.16822994314134" lon="-121.67953999713063">
        <ele>130.02</ele>
      </trkpt>
      <trkpt lat="36.16820999421179" lon="-121.67944997549057">
        <ele>129.73</ele>
      </trkpt>
      <trkpt lat="36.16819993592799" lon="-121.67938996106386">
        <ele>129.46</ele>
      </trkpt>
      <trkpt lat="36.16818996146321" lon="-121.67931997217238">
        <ele>129.18</ele>
      </trkpt>
      <trkpt lat="36.16815995424986" lon="-121.67922995053232">
        <ele>128.88</ele>
      </trkpt>
      <trkpt lat="36.16813992150128" lon="-121.67916993610561">
        <ele>128.58</ele>
      </trkpt>
      <trkpt lat="36.16811997257173" lon="-121.6791099216789">
        <ele>128.26</ele>
      </trkpt>
      <trkpt lat="36.16808996535838" lon="-121.67900992557406">
        <ele>127.94</ele>
      </trkpt>
      <trkpt lat="36.16803992539644" lon="-121.67890992946923">
        <ele>127.65</ele>
      </trkpt>
      <trkpt lat="36.167999943718314" lon="-121.67882996611297">
        <ele>127.33</ele>
      </trkpt>
      <trkpt lat="36.16794998757541" lon="-121.67871999554336">
        <ele>127.0</ele>
      </trkpt>
      <trkpt lat="36.16789994761348" lon="-121.67863994836807">
        <ele>126.67</ele>
      </trkpt>
      <trkpt lat="36.167849991470575" lon="-121.67855998501182">
        <ele>126.29</ele>
      </trkpt>
      <trkpt lat="36.167809925973415" lon="-121.67849997058511">
        <ele>125.9</ele>
      </trkpt>
      <trkpt lat="36.16774999536574" lon="-121.67842998169363">
        <ele>125.45</ele>
      </trkpt>
      <trkpt lat="36.16770992986858" lon="-121.67836996726692">
        <ele>125.02</ele>
      </trkpt>
      <trkpt lat="36.16762996651232" lon="-121.67829997837543">
        <ele>124.49</ele>
      </trkpt>
      <trkpt lat="36.167569952085614" lon="-121.67822998948395">
        <ele>123.99</ele>
      </trkpt>
      <trkpt lat="36.16751999594271" lon="-121.67817994952202">
        <ele>123.55</ele>
      </trkpt>
      <trkpt lat="36.16747993044555" lon="-121.67814994230866">
        <ele>123.12</ele>
      </trkpt>
      <trkpt lat="36.16734992712736" lon="-121.67802999727428">
        <ele>122.63</ele>
      </trkpt>
      <trkpt lat="36.16732997819781" lon="-121.6780099645257">
        <ele>122.2</ele>
      </trkpt>
      <trkpt lat="36.16717994213104" lon="-121.67787996120751">
        <ele>121.78</ele>
      </trkpt>
      <trkpt lat="36.16714993491769" lon="-121.67784995399415">
        <ele>121.38</ele>
      </trkpt>
      <trkpt lat="36.167029989883304" lon="-121.67773998342454">
        <ele>120.96</ele>
      </trkpt>
      <trkpt lat="36.16687995381653" lon="-121.67759992182255">
        <ele>120.53</ele>
      </trkpt>
      <trkpt lat="36.16670007817447" lon="-121.67743010446429">
        <ele>120.06</ele>
      </trkpt>
      <trkpt lat="36.166519951075315" lon="-121.67725995182991">
        <ele>119.62</ele>
      </trkpt>
      <trkpt lat="36.16646999493241" lon="-121.67720999568701">
        <ele>119.18</ele>
      </trkpt>
      <trkpt lat="36.166349966079" lon="-121.67710999958217">
        <ele>118.74</ele>
      </trkpt>
      <trkpt lat="36.166219962760806" lon="-121.67698997072875">
        <ele>118.35</ele>
      </trkpt>
      <trkpt lat="36.16605509072542" lon="-121.67683004401624">
        <ele>117.9</ele>
      </trkpt>
      <trkpt lat="36.16588996723294" lon="-121.67666994966567">
        <ele>117.44</ele>
      </trkpt>
      <trkpt lat="36.16574998944998" lon="-121.67653994634748">
        <ele>116.97</ele>
      </trkpt>
      <trkpt lat="36.16556013934314" lon="-121.67636007070541">
        <ele>116.57</ele>
      </trkpt>
      <trkpt lat="36.16536995396018" lon="-121.67617994360626">
        <ele>116.21</ele>
      </trkpt>
      <trkpt lat="36.16530993953347" lon="-121.67612998746336">
        <ele>115.8</ele>
      </trkpt>
      <trkpt lat="36.165229976177216" lon="-121.67605999857187">
        <ele>115.39</ele>
      </trkpt>
      <trkpt lat="36.16515998728573" lon="-121.67597995139658">
        <ele>114.99</ele>
      </trkpt>
      <trkpt lat="36.1651099473238" lon="-121.67591993696988">
        <ele>114.6</ele>
      </trkpt>
      <trkpt lat="36.16502998396754" lon="-121.67583997361362">
        <ele>114.17</ele>
      </trkpt>
      <trkpt lat="36.16497994400561" lon="-121.67577995918691">
        <ele>113.77</ele>
      </trkpt>
      <trkpt lat="36.16493996232748" lon="-121.67573997750878">
        <ele>113.34</ele>
      </trkpt>
      <trkpt lat="36.16489998064935" lon="-121.67567996308208">
        <ele>112.92</ele>
      </trkpt>
      <trkpt lat="36.16484994068742" lon="-121.67560997419059">
        <ele>112.51</ele>
      </trkpt>
      <trkpt lat="36.16478992626071" lon="-121.67551995255053">
        <ele>112.05</ele>
      </trkpt>
      <trkpt lat="36.164674926549196" lon="-121.67534493841231">
        <ele>111.55</ele>
      </trkpt>
      <trkpt lat="36.16455992683768" lon="-121.67516992427409">
        <ele>111.06</ele>
      </trkpt>
      <trkpt lat="36.16437493823469" lon="-121.67489994317293">
        <ele>110.64</ele>
      </trkpt>
      <trkpt lat="36.16418994963169" lon="-121.67462996207178">
        <ele>110.21</ele>
      </trkpt>
      <trkpt lat="36.164069920778275" lon="-121.67444991879165">
        <ele>109.85</ele>
      </trkpt>
      <trkpt lat="36.1640099901706" lon="-121.6743699554354">
        <ele>109.44</ele>
      </trkpt>
      <trkpt lat="36.16394997574389" lon="-121.67429996654391">
        <ele>109.03</ele>
      </trkpt>
      <trkpt lat="36.16388996131718" lon="-121.67422997765243">
        <ele>108.66</ele>
      </trkpt>
      <trkpt lat="36.16382994689047" lon="-121.67416996322572">
        <ele>108.28</ele>
      </trkpt>
      <trkpt lat="36.16377999074757" lon="-121.67411992326379">
        <ele>107.9</ele>
      </trkpt>
      <trkpt lat="36.16373992525041" lon="-121.67407994158566">
        <ele>107.53</ele>
      </trkpt>
      <trkpt lat="36.16369994357228" lon="-121.6740499343723">
        <ele>107.16</ele>
      </trkpt>
      <trkpt lat="36.163659961894155" lon="-121.67400995269418">
        <ele>106.77</ele>
      </trkpt>
      <trkpt lat="36.16353993304074" lon="-121.67392998933792">
        <ele>106.42</ele>
      </trkpt>
      <trkpt lat="36.163469944149256" lon="-121.67388992384076">
        <ele>106.07</ele>
      </trkpt>
      <trkpt lat="36.16339995525777" lon="-121.67384994216263">
        <ele>105.73</ele>
      </trkpt>
      <trkpt lat="36.16337992250919" lon="-121.67383996769786">
        <ele>105.4</ele>
      </trkpt>
      <trkpt lat="36.16334999911487" lon="-121.67382999323308">
        <ele>105.06</ele>
      </trkpt>
      <trkpt lat="36.16328998468816" lon="-121.67379998601973">
        <ele>104.74</ele>
      </trkpt>
      <trkpt lat="36.16323994472623" lon="-121.67377995327115">
        <ele>104.4</ele>
      </trkpt>
      <trkpt lat="36.1631999630481" lon="-121.67376997880638">
        <ele>104.07</ele>
      </trkpt>
      <trkpt lat="36.163149923086166" lon="-121.67375992052257">
        <ele>103.73</ele>
      </trkpt>
      <trkpt lat="36.16284557618201" lon="-121.6736701503396">
        <ele>103.4</ele>
      </trkpt>
      <trkpt lat="36.16253997199237" lon="-121.67357996106148">
        <ele>103.07</ele>
      </trkpt>
      <trkpt lat="36.16244995035231" lon="-121.67354995384812">
        <ele>102.71</ele>
      </trkpt>
      <trkpt lat="36.162349954247475" lon="-121.67350997217">
        <ele>102.37</ele>
      </trkpt>
      <trkpt lat="36.162329921498895" lon="-121.67349999770522">
        <ele>102.02</ele>
      </trkpt>
      <trkpt lat="36.16227996535599" lon="-121.67347996495664">
        <ele>101.67</ele>
      </trkpt>
      <trkpt lat="36.16222992539406" lon="-121.67344995774329">
        <ele>101.32</ele>
      </trkpt>
      <trkpt lat="36.162199918180704" lon="-121.67342992499471">
        <ele>100.96</ele>
      </trkpt>
      <trkpt lat="36.16216999478638" lon="-121.67340997606516">
        <ele>100.6</ele>
      </trkpt>
      <trkpt lat="36.16212992928922" lon="-121.6733799688518">
        <ele>100.24</ele>
      </trkpt>
      <trkpt lat="36.162069998681545" lon="-121.67333998717368">
        <ele>99.85</ele>
      </trkpt>
      <trkpt lat="36.16201995871961" lon="-121.67329992167652">
        <ele>99.42</ele>
      </trkpt>
      <trkpt lat="36.16201995871961" lon="-121.67328994721174">
        <ele>99.03</ele>
      </trkpt>
      <trkpt lat="36.16190998815" lon="-121.67317997664213">
        <ele>98.54</ele>
      </trkpt>
      <trkpt lat="36.16187998093665" lon="-121.67314996942878">
        <ele>98.11</ele>
      </trkpt>
      <trkpt lat="36.16186992265284" lon="-121.673139994964">
        <ele>97.69</ele>
      </trkpt>
      <trkpt lat="36.1617199704051" lon="-121.67298995889723">
        <ele>97.18</ele>
      </trkpt>
      <trkpt lat="36.16164998151362" lon="-121.6729399189353">
        <ele>96.71</ele>
      </trkpt>
      <trkpt lat="36.16158996708691" lon="-121.67290999554098">
        <ele>96.25</ele>
      </trkpt>
      <trkpt lat="36.16151997819543" lon="-121.67285995557904">
        <ele>95.8</ele>
      </trkpt>
      <trkpt lat="36.16144998930395" lon="-121.67282994836569">
        <ele>95.34</ele>
      </trkpt>
      <trkpt lat="36.16132996045053" lon="-121.67278996668756">
        <ele>94.89</ele>
      </trkpt>
      <trkpt lat="36.16123993881047" lon="-121.6727599594742">
        <ele>94.44</ele>
      </trkpt>
      <trkpt lat="36.16107992827892" lon="-121.67273992672563">
        <ele>93.97</ele>
      </trkpt>
      <trkpt lat="36.16099996492267" lon="-121.67272995226085">
        <ele>93.51</ele>
      </trkpt>
      <trkpt lat="36.16076996549964" lon="-121.67271997779608">
        <ele>93.02</ele>
      </trkpt>
      <trkpt lat="36.16061992943287" lon="-121.67270991951227">
        <ele>92.56</ele>
      </trkpt>
      <trkpt lat="36.16051993332803" lon="-121.6726999450475">
        <ele>92.07</ele>
      </trkpt>
      <trkpt lat="36.16044994443655" lon="-121.67268997058272">
        <ele>91.6</ele>
      </trkpt>
      <trkpt lat="36.16033997386694" lon="-121.67265996336937">
        <ele>91.15</ele>
      </trkpt>
      <trkpt lat="36.1602299194783" lon="-121.67262995615602">
        <ele>90.69</ele>
      </trkpt>
      <trkpt lat="36.16014995612204" lon="-121.67258997447789">
        <ele>90.23</ele>
      </trkpt>
      <trkpt lat="36.16007996723056" lon="-121.67254999279976">
        <ele>89.75</ele>
      </trkpt>
      <trkpt lat="36.16003998555243" lon="-121.6725199855864">
        <ele>89.23</ele>
      </trkpt>
      <trkpt lat="36.16001995280385" lon="-121.67249995283782">
        <ele>88.74</ele>
      </trkpt>
      <trkpt lat="36.159989945590496" lon="-121.67247992008924">
        <ele>88.23</ele>
      </trkpt>
      <trkpt lat="36.159919956699014" lon="-121.67241998948157">
        <ele>87.69</ele>
      </trkpt>
      <trkpt lat="36.15986991673708" lon="-121.67235997505486">
        <ele>87.16</ele>
      </trkpt>
      <trkpt lat="36.159859942272305" lon="-121.67234991677105">
        <ele>86.67</ele>
      </trkpt>
      <trkpt lat="36.15982993505895" lon="-121.67229996062815">
        <ele>86.17</ele>
      </trkpt>
      <trkpt lat="36.1597999278456" lon="-121.6722699534148">
        <ele>85.65</ele>
      </trkpt>
      <trkpt lat="36.15976992063224" lon="-121.6722199972719">
        <ele>85.13</ele>
      </trkpt>
      <trkpt lat="36.15973999723792" lon="-121.67217993177474">
        <ele>84.61</ele>
      </trkpt>
      <trkpt lat="36.15970999002457" lon="-121.67213995009661">
        <ele>84.09</ele>
      </trkpt>
      <trkpt lat="36.15968995727599" lon="-121.67209996841848">
        <ele>83.6</ele>
      </trkpt>
      <trkpt lat="36.15967998281121" lon="-121.6720799356699">
        <ele>83.09</ele>
      </trkpt>
      <trkpt lat="36.15965995006263" lon="-121.672029979527">
        <ele>82.61</ele>
      </trkpt>
      <trkpt lat="36.15964997559786" lon="-121.67201992124319">
        <ele>82.1</ele>
      </trkpt>
      <trkpt lat="36.15962994284928" lon="-121.67197993956506">
        <ele>81.6</ele>
      </trkpt>
      <trkpt lat="36.159599935635924" lon="-121.67190995067358">
        <ele>81.09</ele>
      </trkpt>
      <trkpt lat="36.159559953957796" lon="-121.67181992903352">
        <ele>80.56</ele>
      </trkpt>
      <trkpt lat="36.159559953957796" lon="-121.67180995456874">
        <ele>80.05</ele>
      </trkpt>
      <trkpt lat="36.15951997227967" lon="-121.67170995846391">
        <ele>79.51</ele>
      </trkpt>
      <trkpt lat="36.15945995785296" lon="-121.67153997346759">
        <ele>78.98</ele>
      </trkpt>
      <trkpt lat="36.15941997617483" lon="-121.6714599262923">
        <ele>78.47</ele>
      </trkpt>
      <trkpt lat="36.15938996896148" lon="-121.67138993740082">
        <ele>77.95</ele>
      </trkpt>
      <trkpt lat="36.15935996174812" lon="-121.67131994850934">
        <ele>77.41</ele>
      </trkpt>
      <trkpt lat="36.159319980069995" lon="-121.67123998515308">
        <ele>76.85</ele>
      </trkpt>
      <trkpt lat="36.15928997285664" lon="-121.6711699962616">
        <ele>76.31</ele>
      </trkpt>
      <trkpt lat="36.15923993289471" lon="-121.67108994908631">
        <ele>75.72</ele>
      </trkpt>
      <trkpt lat="36.159179918468" lon="-121.67099992744625">
        <ele>75.11</ele>
      </trkpt>
      <trkpt lat="36.159109929576516" lon="-121.67088995687664">
        <ele>74.54</ele>
      </trkpt>
      <trkpt lat="36.15906994789839" lon="-121.6708399169147">
        <ele>73.97</ele>
      </trkpt>
      <trkpt lat="36.158979926258326" lon="-121.67071997188032">
        <ele>73.36</ele>
      </trkpt>
      <trkpt lat="36.15892997011542" lon="-121.67065995745361">
        <ele>72.78</ele>
      </trkpt>
      <trkpt lat="36.158849922940135" lon="-121.6705999430269">
        <ele>72.19</ele>
      </trkpt>
      <trkpt lat="36.15879996679723" lon="-121.67056993581355">
        <ele>71.62</ele>
      </trkpt>
      <trkpt lat="36.15872997790575" lon="-121.67052995413542">
        <ele>71.02</ele>
      </trkpt>
      <trkpt lat="36.158679937943816" lon="-121.67049994692206">
        <ele>70.45</ele>
      </trkpt>
      <trkpt lat="36.15861992351711" lon="-121.67046993970871">
        <ele>69.89</ele>
      </trkpt>
      <trkpt lat="36.15847994573414" lon="-121.67041998356581">
        <ele>69.37</ele>
      </trkpt>
      <trkpt lat="36.15840995684266" lon="-121.67038997635245">
        <ele>68.86</ele>
      </trkpt>
      <trkpt lat="36.158329993486404" lon="-121.67036994360387">
        <ele>68.36</ele>
      </trkpt>
      <trkpt lat="36.158249946311116" lon="-121.67034999467432">
        <ele>67.86</ele>
      </trkpt>
      <trkpt lat="36.158139975741506" lon="-121.67032996192575">
        <ele>67.36</ele>
      </trkpt>
      <trkpt lat="36.15809999406338" lon="-121.67031998746097">
        <ele>66.88</ele>
      </trkpt>
      <trkpt lat="36.15804995410144" lon="-121.67031998746097">
        <ele>66.41</ele>
      </trkpt>
      <trkpt lat="36.15799999795854" lon="-121.67031998746097">
        <ele>65.95</ele>
      </trkpt>
      <trkpt lat="36.15795993246138" lon="-121.67031998746097">
        <ele>65.49</ele>
      </trkpt>
      <trkpt lat="36.15789991803467" lon="-121.67031998746097">
        <ele>65.04</ele>
      </trkpt>
      <trkpt lat="36.157839987426996" lon="-121.67032996192575">
        <ele>64.59</ele>
      </trkpt>
      <trkpt lat="36.157799921929836" lon="-121.67033993639052">
        <ele>64.15</ele>
      </trkpt>
      <trkpt lat="36.157769998535514" lon="-121.67034999467432">
        <ele>63.71</ele>
      </trkpt>
      <trkpt lat="36.15773999132216" lon="-121.6703599691391">
        <ele>63.27</ele>
      </trkpt>
      <trkpt lat="36.157709984108806" lon="-121.67036994360387">
        <ele>62.83</ele>
      </trkpt>
      <trkpt lat="36.15754997357726" lon="-121.67041998356581">
        <ele>62.45</ele>
      </trkpt>
      <trkpt lat="36.15746992640197" lon="-121.67044999077916">
        <ele>62.03</ele>
      </trkpt>
      <trkpt lat="36.157409995794296" lon="-121.67045996524394">
        <ele>61.61</ele>
      </trkpt>
      <trkpt lat="36.15732994861901" lon="-121.67047999799252">
        <ele>61.19</ele>
      </trkpt>
      <trkpt lat="36.157239926978946" lon="-121.67049994692206">
        <ele>60.75</ele>
      </trkpt>
      <trkpt lat="36.15717999637127" lon="-121.67050992138684">
        <ele>60.3</ele>
      </trkpt>
      <trkpt lat="36.157019985839725" lon="-121.67050992138684">
        <ele>59.88</ele>
      </trkpt>
      <trkpt lat="36.156869949772954" lon="-121.67048997245729">
        <ele>59.4</ele>
      </trkpt>
      <trkpt lat="36.15673994645476" lon="-121.67043993249536">
        <ele>58.96</ele>
      </trkpt>
      <trkpt lat="36.156699964776635" lon="-121.67042995803058">
        <ele>58.54</ele>
      </trkpt>
      <trkpt lat="36.15660994313657" lon="-121.67038997635245">
        <ele>58.09</ele>
      </trkpt>
      <trkpt lat="36.15653995424509" lon="-121.67033993639052">
        <ele>57.66</ele>
      </trkpt>
      <trkpt lat="36.156529979780316" lon="-121.67032996192575">
        <ele>57.26</ele>
      </trkpt>
      <trkpt lat="36.15644993260503" lon="-121.67027992196381">
        <ele>56.81</ele>
      </trkpt>
      <trkpt lat="36.15638991817832" lon="-121.67021999135613">
        <ele>56.39</ele>
      </trkpt>
      <trkpt lat="36.15628992207348" lon="-121.6701199952513">
        <ele>55.94</ele>
      </trkpt>
      <trkpt lat="36.15620995871723" lon="-121.67003994807601">
        <ele>55.52</ele>
      </trkpt>
      <trkpt lat="36.15615991875529" lon="-121.66996995918453">
        <ele>55.13</ele>
      </trkpt>
      <trkpt lat="36.15610996261239" lon="-121.66990994475782">
        <ele>54.75</ele>
      </trkpt>
      <trkpt lat="36.156029999256134" lon="-121.66978999972343">
        <ele>54.43</ele>
      </trkpt>
      <trkpt lat="36.155929919332266" lon="-121.66964993812144">
        <ele>54.14</ele>
      </trkpt>
      <trkpt lat="36.15576999261975" lon="-121.66938993148506">
        <ele>53.87</ele>
      </trkpt>
      <trkpt lat="36.155689945444465" lon="-121.66926998645067">
        <ele>53.6</ele>
      </trkpt>
      <trkpt lat="36.155669996514916" lon="-121.66922992095351">
        <ele>53.36</ele>
      </trkpt>
      <trkpt lat="36.15558994933963" lon="-121.6691199503839">
        <ele>53.09</ele>
      </trkpt>
      <trkpt lat="36.155559942126274" lon="-121.6690599359572">
        <ele>52.88</ele>
      </trkpt>
      <trkpt lat="36.15546992048621" lon="-121.66891995817423">
        <ele>52.75</ele>
      </trkpt>
      <trkpt lat="36.15537998266518" lon="-121.66876992210746">
        <ele>52.63</ele>
      </trkpt>
      <trkpt lat="36.15528996102512" lon="-121.66863991878927">
        <ele>52.53</ele>
      </trkpt>
      <trkpt lat="36.155174877494574" lon="-121.66844990104437">
        <ele>52.5</ele>
      </trkpt>
      <trkpt lat="36.15505996160209" lon="-121.6682599671185">
        <ele>52.46</ele>
      </trkpt>
      <trkpt lat="36.154939932748675" lon="-121.66805997490883">
        <ele>52.42</ele>
      </trkpt>
      <trkpt lat="36.15477992221713" lon="-121.66777993552387">
        <ele>52.4</ele>
      </trkpt>
      <trkpt lat="36.15474999882281" lon="-121.66771992109716">
        <ele>52.43</ele>
      </trkpt>
      <trkpt lat="36.1546899843961" lon="-121.66762998327613">
        <ele>52.5</ele>
      </trkpt>
      <trkpt lat="36.15462996996939" lon="-121.66751992888749">
        <ele>52.63</ele>
      </trkpt>
      <trkpt lat="36.154589988291264" lon="-121.667449939996">
        <ele>52.77</ele>
      </trkpt>
      <trkpt lat="36.15446995943785" lon="-121.66723997332156">
        <ele>52.95</ele>
      </trkpt>
      <trkpt lat="36.15444992668927" lon="-121.66719999164343">
        <ele>53.16</ele>
      </trkpt>
      <trkpt lat="36.15441991947591" lon="-121.6671499516815">
        <ele>53.4</ele>
      </trkpt>
      <trkpt lat="36.15431992337108" lon="-121.6669699922204">
        <ele>53.66</ele>
      </trkpt>
      <trkpt lat="36.154289999976754" lon="-121.66691995225847">
        <ele>53.91</ele>
      </trkpt>
      <trkpt lat="36.15423996001482" lon="-121.6668299306184">
        <ele>54.16</ele>
      </trkpt>
      <trkpt lat="36.15419997833669" lon="-121.66675994172692">
        <ele>54.5</ele>
      </trkpt>
      <trkpt lat="36.15412998944521" lon="-121.66659993119538">
        <ele>54.8</ele>
      </trkpt>
      <trkpt lat="36.15401993505657" lon="-121.66636993177235">
        <ele>54.96</ele>
      </trkpt>
      <trkpt lat="36.15393997170031" lon="-121.66624998673797">
        <ele>55.32</ele>
      </trkpt>
      <trkpt lat="36.15378993563354" lon="-121.66607991792262">
        <ele>55.91</ele>
      </trkpt>
      <trkpt lat="36.15360511466861" lon="-121.66590507142246">
        <ele>56.75</ele>
      </trkpt>
      <trkpt lat="36.15341995842755" lon="-121.6657299734652">
        <ele>57.55</ele>
      </trkpt>
      <trkpt lat="36.153260031715035" lon="-121.66555504314601">
        <ele>58.35</ele>
      </trkpt>
      <trkpt lat="36.15309993736446" lon="-121.66537994518876">
        <ele>59.03</ele>
      </trkpt>
      <trkpt lat="36.15300999954343" lon="-121.6652999818325">
        <ele>59.79</ele>
      </trkpt>
      <trkpt lat="36.152899945154786" lon="-121.66519998572767">
        <ele>60.52</ele>
      </trkpt>
      <trkpt lat="36.15277991630137" lon="-121.6651099640876">
        <ele>61.25</ele>
      </trkpt>
      <trkpt lat="36.15257682278752" lon="-121.66494676843286">
        <ele>62.02</ele>
      </trkpt>
      <trkpt lat="36.15237372927368" lon="-121.66478365659714">
        <ele>62.81</ele>
      </trkpt>
      <trkpt lat="36.15216996520758" lon="-121.6646199580282">
        <ele>63.57</ele>
      </trkpt>
      <trkpt lat="36.15200995467603" lon="-121.66448995471">
        <ele>64.38</ele>
      </trkpt>
      <trkpt lat="36.15185011178255" lon="-121.66437009349465">
        <ele>65.18</ele>
      </trkpt>
      <trkpt lat="36.15168993361294" lon="-121.6642499808222">
        <ele>66.01</ele>
      </trkpt>
      <trkpt lat="36.15155993029475" lon="-121.66413992643356">
        <ele>66.89</ele>
      </trkpt>
      <trkpt lat="36.151356836780906" lon="-121.66397681459785">
        <ele>67.76</ele>
      </trkpt>
      <trkpt lat="36.15115374326706" lon="-121.6638136189431">
        <ele>68.65</ele>
      </trkpt>
      <trkpt lat="36.15094997920096" lon="-121.66364992037416">
        <ele>69.51</ele>
      </trkpt>
      <trkpt lat="36.15092994645238" lon="-121.66363994590938">
        <ele>70.34</ele>
      </trkpt>
      <trkpt lat="36.15077999420464" lon="-121.66351991705596">
        <ele>71.16</ele>
      </trkpt>
      <trkpt lat="36.150709921494126" lon="-121.66346996091306">
        <ele>72.01</ele>
      </trkpt>
      <trkpt lat="36.150570111349225" lon="-121.66335009969771">
        <ele>72.88</ele>
      </trkpt>
      <trkpt lat="36.1504299659282" lon="-121.66322998702526">
        <ele>73.75</ele>
      </trkpt>
      <trkpt lat="36.15034991875291" lon="-121.66314993984997">
        <ele>74.63</ele>
      </trkpt>
      <trkpt lat="36.150339944288135" lon="-121.6631399653852">
        <ele>75.49</ele>
      </trkpt>
      <trkpt lat="36.150209940969944" lon="-121.66300996206701">
        <ele>76.54</ele>
      </trkpt>
      <trkpt lat="36.15017993375659" lon="-121.66297995485365">
        <ele>77.38</ele>
      </trkpt>
      <trkpt lat="36.14997994154692" lon="-121.6627699881792">
        <ele>78.29</ele>
      </trkpt>
      <trkpt lat="36.14980668760836" lon="-121.66254996322095">
        <ele>79.12</ele>
      </trkpt>
      <trkpt lat="36.149633349850774" lon="-121.66233002208173">
        <ele>79.93</ele>
      </trkpt>
      <trkpt lat="36.149459928274155" lon="-121.66210999712348">
        <ele>80.68</ele>
      </trkpt>
      <trkpt lat="36.14931995049119" lon="-121.66192492470145">
        <ele>81.47</ele>
      </trkpt>
      <trkpt lat="36.149179972708225" lon="-121.66173993609846">
        <ele>82.14</ele>
      </trkpt>
      <trkpt lat="36.14900495857" lon="-121.66150499135256">
        <ele>82.84</ele>
      </trkpt>
      <trkpt lat="36.14882994443178" lon="-121.66126996278763">
        <ele>83.57</ele>
      </trkpt>
      <trkpt lat="36.14881996996701" lon="-121.66124993003905">
        <ele>84.23</ele>
      </trkpt>
      <trkpt lat="36.148729948326945" lon="-121.66112998500466">
        <ele>84.92</ele>
      </trkpt>
      <trkpt lat="36.14869994111359" lon="-121.66109997779131">
        <ele>85.52</ele>
      </trkpt>
      <trkpt lat="36.14862995222211" lon="-121.66098992340267">
        <ele>86.16</ele>
      </trkpt>
      <trkpt lat="36.14857999607921" lon="-121.66091993451118">
        <ele>86.71</ele>
      </trkpt>
      <trkpt lat="36.14853993058205" lon="-121.6608499456197">
        <ele>87.31</ele>
      </trkpt>
      <trkpt lat="36.14847999997437" lon="-121.66072991676629">
        <ele>87.83</ele>
      </trkpt>
      <trkpt lat="36.14843993447721" lon="-121.6606599278748">
        <ele>88.28</ele>
      </trkpt>
      <trkpt lat="36.14838997833431" lon="-121.66055993176997">
        <ele>88.72</ele>
      </trkpt>
      <trkpt lat="36.148359971120954" lon="-121.66048994287848">
        <ele>89.16</ele>
      </trkpt>
      <trkpt lat="36.14830993115902" lon="-121.6603599395603">
        <ele>89.55</ele>
      </trkpt>
      <trkpt lat="36.14828998222947" lon="-121.66030998341739">
        <ele>89.93</ele>
      </trkpt>
      <trkpt lat="36.14824991673231" lon="-121.66014997288585">
        <ele>90.3</ele>
      </trkpt>
      <trkpt lat="36.14823994226754" lon="-121.66013999842107">
        <ele>90.58</ele>
      </trkpt>
      <trkpt lat="36.14817992784083" lon="-121.6599299479276">
        <ele>90.8</ele>
      </trkpt>
      <trkpt lat="36.1480899900198" lon="-121.65963993407786">
        <ele>90.97</ele>
      </trkpt>
      <trkpt lat="36.14801488816738" lon="-121.65945972315967">
        <ele>91.19</ele>
      </trkpt>
      <trkpt lat="36.14793995395303" lon="-121.65927993133664">
        <ele>91.4</ele>
      </trkpt>
      <trkpt lat="36.147829899564385" lon="-121.65908982977271">
        <ele>91.55</ele>
      </trkpt>
      <trkpt lat="36.147719928994775" lon="-121.65889997966588">
        <ele>91.7</ele>
      </trkpt>
      <trkpt lat="36.147569892928004" lon="-121.65866486728191">
        <ele>91.74</ele>
      </trkpt>
      <trkpt lat="36.147419940680265" lon="-121.65842992253602">
        <ele>91.94</ele>
      </trkpt>
      <trkpt lat="36.14739999175072" lon="-121.65840997360647">
        <ele>91.99</ele>
      </trkpt>
      <trkpt lat="36.14729999564588" lon="-121.6582599375397">
        <ele>92.06</ele>
      </trkpt>
      <trkpt lat="36.14724995568395" lon="-121.65818994864821">
        <ele>92.1</ele>
      </trkpt>
      <trkpt lat="36.147029930725694" lon="-121.65797998197377">
        <ele>91.87</ele>
      </trkpt>
      <trkpt lat="36.14683999679983" lon="-121.65783992037177">
        <ele>91.76</ele>
      </trkpt>
      <trkpt lat="36.14669993519783" lon="-121.65774998255074">
        <ele>91.68</ele>
      </trkpt>
      <trkpt lat="36.146599939092994" lon="-121.6576999425888">
        <ele>91.61</ele>
      </trkpt>
      <trkpt lat="36.14651997573674" lon="-121.65766993537545">
        <ele>91.51</ele>
      </trkpt>
      <trkpt lat="36.146449986845255" lon="-121.6576399281621">
        <ele>91.39</ele>
      </trkpt>
      <trkpt lat="36.146239936351776" lon="-121.65756993927062">
        <ele>91.24</ele>
      </trkpt>
      <trkpt lat="36.14619995467365" lon="-121.65755996480584">
        <ele>91.07</ele>
      </trkpt>
      <trkpt lat="36.14608998410404" lon="-121.65751998312771">
        <ele>90.91</ele>
      </trkpt>
      <trkpt lat="36.1460399441421" lon="-121.65748997591436">
        <ele>90.73</ele>
      </trkpt>
      <trkpt lat="36.14602996967733" lon="-121.65748997591436">
        <ele>90.52</ele>
      </trkpt>
      <trkpt lat="36.145979929715395" lon="-121.65746994316578">
        <ele>90.31</ele>
      </trkpt>
      <trkpt lat="36.145889991894364" lon="-121.65742996148765">
        <ele>90.09</ele>
      </trkpt>
      <trkpt lat="36.145869959145784" lon="-121.65741998702288">
        <ele>89.86</ele>
      </trkpt>
      <trkpt lat="36.14577993750572" lon="-121.65737992152572">
        <ele>89.62</ele>
      </trkpt>
      <trkpt lat="36.14570994861424" lon="-121.65733993984759">
        <ele>89.37</ele>
      </trkpt>
      <trkpt lat="36.14568999968469" lon="-121.65732996538281">
        <ele>89.09</ele>
      </trkpt>
      <trkpt lat="36.14563995972276" lon="-121.65729995816946">
        <ele>88.82</ele>
      </trkpt>
      <trkpt lat="36.14558991976082" lon="-121.65724991820753">
        <ele>88.59</ele>
      </trkpt>
      <trkpt lat="36.14553996361792" lon="-121.6572099365294">
        <ele>88.33</ele>
      </trkpt>
      <trkpt lat="36.14551993086934" lon="-121.65719996206462">
        <ele>88.01</ele>
      </trkpt>
      <trkpt lat="36.14545991644263" lon="-121.65714992210269">
        <ele>87.72</ele>
      </trkpt>
      <trkpt lat="36.145359920337796" lon="-121.65705998428166">
        <ele>87.41</ele>
      </trkpt>
      <trkpt lat="36.14521994255483" lon="-121.65692998096347">
        <ele>87.05</ele>
      </trkpt>
      <trkpt lat="36.145119946449995" lon="-121.65681992657483">
        <ele>86.7</ele>
      </trkpt>
      <trkpt lat="36.14501995034516" lon="-121.6567299887538">
        <ele>86.32</ele>
      </trkpt>
      <trkpt lat="36.14483336918056" lon="-121.65654005482793">
        <ele>85.92</ele>
      </trkpt>
      <trkpt lat="36.14464687183499" lon="-121.6563502047211">
        <ele>85.51</ele>
      </trkpt>
      <trkpt lat="36.14445995539427" lon="-121.6561599355191">
        <ele>85.14</ele>
      </trkpt>
      <trkpt lat="36.14426993764937" lon="-121.65595994330943">
        <ele>84.74</ele>
      </trkpt>
      <trkpt lat="36.14405997097492" lon="-121.65574997663498">
        <ele>84.39</ele>
      </trkpt>
      <trkpt lat="36.143825110048056" lon="-121.65549508295953">
        <ele>83.98</ele>
      </trkpt>
      <trkpt lat="36.143589997664094" lon="-121.65523993782699">
        <ele>83.43</ele>
      </trkpt>
      <trkpt lat="36.14338011480868" lon="-121.6550251096487">
        <ele>82.91</ele>
      </trkpt>
      <trkpt lat="36.14316998049617" lon="-121.65480994619429">
        <ele>82.47</ele>
      </trkpt>
      <trkpt lat="36.14304995164275" lon="-121.6546799428761">
        <ele>82.06</ele>
      </trkpt>
      <trkpt lat="36.14303997717798" lon="-121.65466996841133">
        <ele>81.69</ele>
      </trkpt>
      <trkpt lat="36.14289999939501" lon="-121.65451993234456">
        <ele>81.35</ele>
      </trkpt>
      <trkpt lat="36.14270009100437" lon="-121.65431507863104">
        <ele>81.07</ele>
      </trkpt>
      <trkpt lat="36.142499931156635" lon="-121.65410997346044">
        <ele>80.75</ele>
      </trkpt>
      <trkpt lat="36.14248995669186" lon="-121.65409999899566">
        <ele>80.44</ele>
      </trkpt>
      <trkpt lat="36.14244997501373" lon="-121.6540599334985">
        <ele>80.1</ele>
      </trkpt>
      <trkpt lat="36.14235995337367" lon="-121.65395993739367">
        <ele>79.66</ele>
      </trkpt>
      <trkpt lat="36.142349978908896" lon="-121.65394996292889">
        <ele>79.4</ele>
      </trkpt>
      <trkpt lat="36.14221008494496" lon="-121.65381006896496">
        <ele>78.73</ele>
      </trkpt>
      <trkpt lat="36.142069939523935" lon="-121.65366992354393">
        <ele>77.94</ele>
      </trkpt>
      <trkpt lat="36.14192996174097" lon="-121.65351997129619">
        <ele>77.51</ele>
      </trkpt>
      <trkpt lat="36.141789983958006" lon="-121.65337999351323">
        <ele>77.65</ele>
      </trkpt>
      <trkpt lat="36.141659980639815" lon="-121.65323993191123">
        <ele>77.94</ele>
      </trkpt>
      <trkpt lat="36.14151991903782" lon="-121.65309995412827">
        <ele>78.39</ele>
      </trkpt>
      <trkpt lat="36.14131506532431" lon="-121.6528875567019">
        <ele>78.74</ele>
      </trkpt>
      <trkpt lat="36.141110211610794" lon="-121.65267515927553">
        <ele>78.79</ele>
      </trkpt>
      <trkpt lat="36.14090527407825" lon="-121.6524628456682">
        <ele>78.82</ele>
      </trkpt>
      <trkpt lat="36.14069991745055" lon="-121.65224994532764">
        <ele>78.88</ele>
      </trkpt>
      <trkpt lat="36.14068994298577" lon="-121.65223997086287">
        <ele>78.98</ele>
      </trkpt>
      <trkpt lat="36.140649961307645" lon="-121.65219998918474">
        <ele>79.1</ele>
      </trkpt>
      <trkpt lat="36.14056999795139" lon="-121.6520999930799">
        <ele>79.25</ele>
      </trkpt>
      <trkpt lat="36.14055993966758" lon="-121.6520899347961">
        <ele>79.43</ele>
      </trkpt>
      <trkpt lat="36.14041501656175" lon="-121.65192497894168">
        <ele>79.55</ele>
      </trkpt>
      <trkpt lat="36.14026992581785" lon="-121.65175993926823">
        <ele>79.63</ele>
      </trkpt>
      <trkpt lat="36.140069933608174" lon="-121.65157997980714">
        <ele>79.86</ele>
      </trkpt>
      <trkpt lat="36.13993012346327" lon="-121.65146506391466">
        <ele>80.24</ele>
      </trkpt>
      <trkpt lat="36.139789978042245" lon="-121.65134998038411">
        <ele>80.62</ele>
      </trkpt>
      <trkpt lat="36.13956995308399" lon="-121.65112995542586">
        <ele>81.07</ele>
      </trkpt>
      <trkpt lat="36.139469956979156" lon="-121.65101998485625">
        <ele>81.42</ele>
      </trkpt>
      <trkpt lat="36.13936996087432" lon="-121.65091998875141">
        <ele>81.87</ele>
      </trkpt>
      <trkpt lat="36.13921992480755" lon="-121.65076995268464">
        <ele>82.36</ele>
      </trkpt>
      <trkpt lat="36.13921992480755" lon="-121.65075997821987">
        <ele>82.75</ele>
      </trkpt>
      <trkpt lat="36.13908992148936" lon="-121.65062997490168">
        <ele>83.17</ele>
      </trkpt>
      <trkpt lat="36.139079947024584" lon="-121.65061991661787">
        <ele>83.56</ele>
      </trkpt>
      <trkpt lat="36.13893996924162" lon="-121.6504799388349">
        <ele>83.96</ele>
      </trkpt>
      <trkpt lat="36.13889998756349" lon="-121.65043995715678">
        <ele>84.35</ele>
      </trkpt>
      <trkpt lat="36.138799991458654" lon="-121.65033996105194">
        <ele>84.77</ele>
      </trkpt>
      <trkpt lat="36.13867996260524" lon="-121.65021993219852">
        <ele>85.15</ele>
      </trkpt>
      <trkpt lat="36.13865992985666" lon="-121.65019998326898">
        <ele>85.55</ele>
      </trkpt>
      <trkpt lat="36.13852992653847" lon="-121.6500499472022">
        <ele>85.97</ele>
      </trkpt>
      <trkpt lat="36.138479970395565" lon="-121.65000996552408">
        <ele>86.36</ele>
      </trkpt>
      <trkpt lat="36.13825994543731" lon="-121.64977996610105">
        <ele>86.61</ele>
      </trkpt>
      <trkpt lat="36.138049978762865" lon="-121.64957997389138">
        <ele>86.83</ele>
      </trkpt>
      <trkpt lat="36.13796993158758" lon="-121.64948995225132">
        <ele>87.24</ele>
      </trkpt>
      <trkpt lat="36.137749990448356" lon="-121.64925995282829">
        <ele>87.6</ele>
      </trkpt>
      <trkpt lat="36.137575060129166" lon="-121.64908510632813">
        <ele>87.97</ele>
      </trkpt>
      <trkpt lat="36.13739996217191" lon="-121.64890992455184">
        <ele>88.37</ele>
      </trkpt>
      <trkpt lat="36.13722000271082" lon="-121.6487150453031">
        <ele>88.73</ele>
      </trkpt>
      <trkpt lat="36.137039959430695" lon="-121.6485199984163">
        <ele>89.12</ele>
      </trkpt>
      <trkpt lat="36.13679998554289" lon="-121.64827994070947">
        <ele>89.5</ele>
      </trkpt>
      <trkpt lat="36.13659999333322" lon="-121.64804994128644">
        <ele>89.91</ele>
      </trkpt>
      <trkpt lat="36.136549953371286" lon="-121.64799998514354">
        <ele>90.22</ele>
      </trkpt>
      <trkpt lat="36.13633998669684" lon="-121.64779999293387">
        <ele>90.53</ele>
      </trkpt>
      <trkpt lat="36.136309979483485" lon="-121.64776998572052">
        <ele>90.85</ele>
      </trkpt>
      <trkpt lat="36.13616991788149" lon="-121.64762992411852">
        <ele>91.11</ele>
      </trkpt>
      <trkpt lat="36.13601996563375" lon="-121.64750997908413">
        <ele>91.43</ele>
      </trkpt>
      <trkpt lat="36.136009991168976" lon="-121.64750997908413">
        <ele>91.67</ele>
      </trkpt>
      <trkpt lat="36.13575995899737" lon="-121.64731996133924">
        <ele>91.82</ele>
      </trkpt>
      <trkpt lat="36.135590225458145" lon="-121.64720512926579">
        <ele>91.91</ele>
      </trkpt>
      <trkpt lat="36.13541998900473" lon="-121.64708996191621">
        <ele>91.86</ele>
      </trkpt>
      <trkpt lat="36.13539995625615" lon="-121.64707998745143">
        <ele>92.01</ele>
      </trkpt>
      <trkpt lat="36.13511991687119" lon="-121.64692995138466">
        <ele>91.97</ele>
      </trkpt>
      <trkpt lat="36.13506996072829" lon="-121.64688996970654">
        <ele>92.16</ele>
      </trkpt>
      <trkpt lat="36.13491020165384" lon="-121.64679508656263">
        <ele>92.68</ele>
      </trkpt>
      <trkpt lat="36.1347499396652" lon="-121.64669995196164">
        <ele>93.1</ele>
      </trkpt>
      <trkpt lat="36.134719932451844" lon="-121.64667991921306">
        <ele>93.24</ele>
      </trkpt>
      <trkpt lat="36.13457995466888" lon="-121.6465999558568">
        <ele>93.45</ele>
      </trkpt>
      <trkpt lat="36.134419944137335" lon="-121.64651999250054">
        <ele>93.54</ele>
      </trkpt>
      <trkpt lat="36.13438993692398" lon="-121.64649995975196">
        <ele>93.58</ele>
      </trkpt>
      <trkpt lat="36.134249959141016" lon="-121.64641999639571">
        <ele>93.61</ele>
      </trkpt>
      <trkpt lat="36.13408994860947" lon="-121.64632997475564">
        <ele>93.64</ele>
      </trkpt>
      <trkpt lat="36.13390998914838" lon="-121.646219920367">
        <ele>93.52</ele>
      </trkpt>
      <trkpt lat="36.13380999304354" lon="-121.64615998975933">
        <ele>93.44</ele>
      </trkpt>
      <trkpt lat="36.13376992754638" lon="-121.64613995701075">
        <ele>93.33</ele>
      </trkpt>
      <trkpt lat="36.13363992422819" lon="-121.64605999365449">
        <ele>93.14</ele>
      </trkpt>
      <trkpt lat="36.13359994255006" lon="-121.64603996090591">
        <ele>92.97</ele>
      </trkpt>
      <trkpt lat="36.13351997919381" lon="-121.64598992094398">
        <ele>92.77</ele>
      </trkpt>
      <trkpt lat="36.13333993591368" lon="-121.64588992483914">
        <ele>92.54</ele>
      </trkpt>
      <trkpt lat="36.133109936490655" lon="-121.64576997980475">
        <ele>92.33</ele>
      </trkpt>
      <trkpt lat="36.13294992595911" lon="-121.64567995816469">
        <ele>92.03</ele>
      </trkpt>
      <trkpt lat="36.13294992595911" lon="-121.64566998369992">
        <ele>91.73</ele>
      </trkpt>
      <trkpt lat="36.13276996649802" lon="-121.64556998759508">
        <ele>91.4</ele>
      </trkpt>
      <trkpt lat="36.13261993043125" lon="-121.64546999149024">
        <ele>91.02</ele>
      </trkpt>
      <trkpt lat="36.1324599198997" lon="-121.64537996985018">
        <ele>90.5</ele>
      </trkpt>
      <trkpt lat="36.13229999318719" lon="-121.64527997374535">
        <ele>89.93</ele>
      </trkpt>
      <trkpt lat="36.132139982655644" lon="-121.64517997764051">
        <ele>89.36</ele>
      </trkpt>
      <trkpt lat="36.1319799721241" lon="-121.64507998153567">
        <ele>88.89</ele>
      </trkpt>
      <trkpt lat="36.131819961592555" lon="-121.64497998543084">
        <ele>88.4</ele>
      </trkpt>
      <trkpt lat="36.13162022083998" lon="-121.64485014975071">
        <ele>87.87</ele>
      </trkpt>
      <trkpt lat="36.13141997717321" lon="-121.64471997879446">
        <ele>87.34</ele>
      </trkpt>
      <trkpt lat="36.131179919466376" lon="-121.64456994272768">
        <ele>86.81</ele>
      </trkpt>
      <trkpt lat="36.131109930574894" lon="-121.64452996104956">
        <ele>86.23</ele>
      </trkpt>
      <trkpt lat="36.13096517510712" lon="-121.64443507790565">
        <ele>85.67</ele>
      </trkpt>
      <trkpt lat="36.13081991672516" lon="-121.64433994330466">
        <ele>85.03</ele>
      </trkpt>
      <trkpt lat="36.13061028532684" lon="-121.64421513676643">
        <ele>84.4</ele>
      </trkpt>
      <trkpt lat="36.130399983376265" lon="-121.64408999495208">
        <ele>83.77</ele>
      </trkpt>
      <trkpt lat="36.13025514408946" lon="-121.64399511180818">
        <ele>83.11</ele>
      </trkpt>
      <trkpt lat="36.13010996952653" lon="-121.64389997720718">
        <ele>82.45</ele>
      </trkpt>
      <trkpt lat="36.12998994067311" lon="-121.6438199300319">
        <ele>81.69</ele>
      </trkpt>
      <trkpt lat="36.12984996289015" lon="-121.64371993392706">
        <ele>80.91</ele>
      </trkpt>
      <trkpt lat="36.12958995625377" lon="-121.64351994171739">
        <ele>80.14</ele>
      </trkpt>
      <trkpt lat="36.129385186359286" lon="-121.64334014989436">
        <ele>79.48</ele>
      </trkpt>
      <trkpt lat="36.12917999736965" lon="-121.64315993897617">
        <ele>78.76</ele>
      </trkpt>
      <trkpt lat="36.128959972411394" lon="-121.64297997951508">
        <ele>78.01</ele>
      </trkpt>
      <trkpt lat="36.12875998020172" lon="-121.64278996177018">
        <ele>77.29</ele>
      </trkpt>
      <trkpt lat="36.128619918599725" lon="-121.64265995845199">
        <ele>76.53</ele>
      </trkpt>
      <trkpt lat="36.12853995524347" lon="-121.64257999509573">
        <ele>75.8</ele>
      </trkpt>
      <trkpt lat="36.128529980778694" lon="-121.64256993681192">
        <ele>75.07</ele>
      </trkpt>
      <trkpt lat="36.128449933603406" lon="-121.64248997345567">
        <ele>74.33</ele>
      </trkpt>
      <trkpt lat="36.12825999967754" lon="-121.64229995571077">
        <ele>73.57</ele>
      </trkpt>
      <trkpt lat="36.128059923648834" lon="-121.64207993075252">
        <ele>72.83</ele>
      </trkpt>
      <trkpt lat="36.12806319259107" lon="-121.64208353497088">
        <ele>72.11</ele>
      </trkpt>
      <trkpt lat="36.12800996750593" lon="-121.6420999635011">
        <ele>71.34</ele>
      </trkpt>
      <trkpt lat="36.127959927544" lon="-121.64210993796587">
        <ele>70.58</ele>
      </trkpt>
      <trkpt lat="36.127909971401095" lon="-121.64211999624968">
        <ele>69.82</ele>
      </trkpt>
      <trkpt lat="36.12786998972297" lon="-121.64211999624968">
        <ele>69.06</ele>
      </trkpt>
      <trkpt lat="36.12785993143916" lon="-121.64210993796587">
        <ele>68.32</ele>
      </trkpt>
      <trkpt lat="36.12784995697439" lon="-121.64210993796587">
        <ele>67.58</ele>
      </trkpt>
      <trkpt lat="36.12780997529626" lon="-121.64208998903632">
        <ele>66.81</ele>
      </trkpt>
      <trkpt lat="36.12773998640478" lon="-121.64203994907439">
        <ele>66.02</ele>
      </trkpt>
      <trkpt lat="36.12769992090762" lon="-121.64199996739626">
        <ele>65.26</ele>
      </trkpt>
      <trkpt lat="36.12767997197807" lon="-121.64197993464768">
        <ele>64.51</ele>
      </trkpt>
      <trkpt lat="36.12755994312465" lon="-121.64183995686471">
        <ele>63.74</ele>
      </trkpt>
      <trkpt lat="36.12746992148459" lon="-121.64170995354652">
        <ele>63.01</ele>
      </trkpt>
      <trkpt lat="36.12744997255504" lon="-121.64167994633317">
        <ele>62.29</ele>
      </trkpt>
      <trkpt lat="36.12742993980646" lon="-121.64163996465504">
        <ele>61.57</ele>
      </trkpt>
      <trkpt lat="36.12738995812833" lon="-121.64158992469311">
        <ele>60.84</ele>
      </trkpt>
      <trkpt lat="36.127329943701625" lon="-121.64151993580163">
        <ele>60.1</ele>
      </trkpt>
      <trkpt lat="36.12727998755872" lon="-121.64148992858827">
        <ele>59.34</ele>
      </trkpt>
      <trkpt lat="36.12725995481014" lon="-121.64146997965872">
        <ele>58.59</ele>
      </trkpt>
      <trkpt lat="36.127179991453886" lon="-121.64139999076724">
        <ele>57.84</ele>
      </trkpt>
      <trkpt lat="36.12710991874337" lon="-121.64133997634053">
        <ele>57.08</ele>
      </trkpt>
      <trkpt lat="36.12707999534905" lon="-121.64130996912718">
        <ele>56.31</ele>
      </trkpt>
      <trkpt lat="36.12701998092234" lon="-121.64125992916524">
        <ele>55.53</ele>
      </trkpt>
      <trkpt lat="36.12694999203086" lon="-121.64115993306041">
        <ele>54.75</ele>
      </trkpt>
      <trkpt lat="36.126879919320345" lon="-121.6410499624908">
        <ele>53.97</ele>
      </trkpt>
      <trkpt lat="36.1268599703908" lon="-121.64102992974222">
        <ele>53.18</ele>
      </trkpt>
      <trkpt lat="36.12677992321551" lon="-121.64094996638596">
        <ele>52.39</ele>
      </trkpt>
      <trkpt lat="36.126749999821186" lon="-121.6409199591726">
        <ele>51.58</ele>
      </trkpt>
      <trkpt lat="36.126709934324026" lon="-121.6409199591726">
        <ele>50.74</ele>
      </trkpt>
      <trkpt lat="36.12658998928964" lon="-121.64092993363738">
        <ele>49.86</ele>
      </trkpt>
      <trkpt lat="36.12653994932771" lon="-121.64093999192119">
        <ele>48.99</ele>
      </trkpt>
      <trkpt lat="36.12649996764958" lon="-121.64095994085073">
        <ele>48.1</ele>
      </trkpt>
      <trkpt lat="36.12641992047429" lon="-121.64093999192119">
        <ele>47.21</ele>
      </trkpt>
      <trkpt lat="36.12636996433139" lon="-121.64090998470783">
        <ele>46.32</ele>
      </trkpt>
      <trkpt lat="36.126339957118034" lon="-121.64088995195925">
        <ele>45.42</ele>
      </trkpt>
      <trkpt lat="36.12625999376178" lon="-121.64081996306777">
        <ele>44.5</ele>
      </trkpt>
      <trkpt lat="36.126209953799844" lon="-121.64077998138964">
        <ele>43.58</ele>
      </trkpt>
      <trkpt lat="36.126189921051264" lon="-121.64073999971151">
        <ele>42.67</ele>
      </trkpt>
      <trkpt lat="36.12609998323023" lon="-121.64059993810952">
        <ele>41.71</ele>
      </trkpt>
      <trkpt lat="36.12607995048165" lon="-121.64056993089616">
        <ele>40.78</ele>
      </trkpt>
      <trkpt lat="36.12600996159017" lon="-121.64041997864842">
        <ele>39.85</ele>
      </trkpt>
      <trkpt lat="36.125929998233914" lon="-121.64026994258165">
        <ele>38.91</ele>
      </trkpt>
      <trkpt lat="36.125849951058626" lon="-121.64008998312056">
        <ele>37.95</ele>
      </trkpt>
      <trkpt lat="36.125829918310046" lon="-121.64003994315863">
        <ele>37.01</ele>
      </trkpt>
      <trkpt lat="36.125829918310046" lon="-121.64002996869385">
        <ele>36.08</ele>
      </trkpt>
      <trkpt lat="36.125779962167144" lon="-121.63990993984044">
        <ele>35.12</ele>
      </trkpt>
      <trkpt lat="36.12572992220521" lon="-121.63979996927083">
        <ele>34.16</ele>
      </trkpt>
      <trkpt lat="36.12570997327566" lon="-121.63972998037934">
        <ele>33.23</ele>
      </trkpt>
      <trkpt lat="36.12565993331373" lon="-121.63958991877735">
        <ele>32.28</ele>
      </trkpt>
      <trkpt lat="36.12563998438418" lon="-121.63951992988586">
        <ele>31.36</ele>
      </trkpt>
      <trkpt lat="36.12562992610037" lon="-121.63945999927819">
        <ele>30.46</ele>
      </trkpt>
      <trkpt lat="36.1256199516356" lon="-121.63922999985516">
        <ele>29.59</ele>
      </trkpt>
      <trkpt lat="36.12554996274412" lon="-121.6389999166131">
        <ele>28.62</ele>
      </trkpt>
      <trkpt lat="36.125479973852634" lon="-121.63885993883014">
        <ele>27.67</ele>
      </trkpt>
      <trkpt lat="36.12549992278218" lon="-121.63882993161678">
        <ele>26.89</ele>
      </trkpt>
      <trkpt lat="36.12549992278218" lon="-121.63880998268723">
        <ele>26.1</ele>
      </trkpt>
      <trkpt lat="36.12549992278218" lon="-121.63874996826053">
        <ele>25.33</ele>
      </trkpt>
      <trkpt lat="36.125459941104054" lon="-121.63864997215569">
        <ele>24.51</ele>
      </trkpt>
      <trkpt lat="36.12544996663928" lon="-121.63859993219376">
        <ele>23.79</ele>
      </trkpt>
      <trkpt lat="36.1254299338907" lon="-121.63853991776705">
        <ele>23.06</ele>
      </trkpt>
      <trkpt lat="36.125399926677346" lon="-121.63840999826789">
        <ele>22.3</ele>
      </trkpt>
      <trkpt lat="36.12538995221257" lon="-121.63829994387925">
        <ele>21.64</ele>
      </trkpt>
      <trkpt lat="36.12538995221257" lon="-121.6382799949497">
        <ele>21.1</ele>
      </trkpt>
      <trkpt lat="36.1253799777478" lon="-121.63819994777441">
        <ele>20.58</ele>
      </trkpt>
      <trkpt lat="36.125383162871" lon="-121.63820162415504">
        <ele>20.15</ele>
      </trkpt>
      <trkpt lat="36.12535994499922" lon="-121.63820992223918">
        <ele>19.73</ele>
      </trkpt>
      <trkpt lat="36.125329937785864" lon="-121.63821998052299">
        <ele>19.39</ele>
      </trkpt>
      <trkpt lat="36.12527998164296" lon="-121.63825996220112">
        <ele>19.13</ele>
      </trkpt>
      <trkpt lat="36.12521996721625" lon="-121.63830991834402">
        <ele>18.92</ele>
      </trkpt>
      <trkpt lat="36.12512994557619" lon="-121.63837999105453">
        <ele>18.78</ele>
      </trkpt>
      <trkpt lat="36.12503992393613" lon="-121.63842994719744">
        <ele>18.69</ele>
      </trkpt>
      <trkpt lat="36.12501997500658" lon="-121.63843992166221">
        <ele>18.66</ele>
      </trkpt>
      <trkpt lat="36.12495996057987" lon="-121.63848996162415">
        <ele>18.67</ele>
      </trkpt>
      <trkpt lat="36.124899946153164" lon="-121.6385199688375">
        <ele>18.77</ele>
      </trkpt>
      <trkpt lat="36.124859964475036" lon="-121.63853991776705">
        <ele>18.94</ele>
      </trkpt>
      <trkpt lat="36.12485719844699" lon="-121.6385355591774">
        <ele>19.19</ele>
      </trkpt>
      <trkpt lat="36.124839931726456" lon="-121.63852994330227">
        <ele>19.51</ele>
      </trkpt>
      <trkpt lat="36.12477991729975" lon="-121.63848996162415">
        <ele>19.95</ele>
      </trkpt>
      <trkpt lat="36.12473993562162" lon="-121.63843992166221">
        <ele>20.49</ele>
      </trkpt>
      <trkpt lat="36.12474236637354" lon="-121.63844436407089">
        <ele>21.0</ele>
      </trkpt>
      <trkpt lat="36.124729961156845" lon="-121.63839993998408">
        <ele>21.62</ele>
      </trkpt>
      <trkpt lat="36.124729961156845" lon="-121.63835995830595">
        <ele>22.32</ele>
      </trkpt>
      <trkpt lat="36.124729961156845" lon="-121.63830991834402">
        <ele>23.09</ele>
      </trkpt>
      <trkpt lat="36.12473993562162" lon="-121.63825996220112">
        <ele>23.93</ele>
      </trkpt>
      <trkpt lat="36.1247599683702" lon="-121.63820992223918">
        <ele>24.82</ele>
      </trkpt>
      <trkpt lat="36.12475753761828" lon="-121.63820556364954">
        <ele>25.7</ele>
      </trkpt>
      <trkpt lat="36.1248099245131" lon="-121.63820992223918">
        <ele>26.6</ele>
      </trkpt>
      <trkpt lat="36.12488997168839" lon="-121.63810992613435">
        <ele>27.68</ele>
      </trkpt>
      <trkpt lat="36.12488997168839" lon="-121.63800993002951">
        <ele>28.84</ele>
      </trkpt>
      <trkpt lat="36.124899946153164" lon="-121.63799995556474">
        <ele>29.95</ele>
      </trkpt>
      <trkpt lat="36.124969935044646" lon="-121.63791999220848">
        <ele>31.15</ele>
      </trkpt>
      <trkpt lat="36.12484999001026" lon="-121.63774992339313">
        <ele>32.56</ele>
      </trkpt>
      <trkpt lat="36.124729961156845" lon="-121.63758999668062">
        <ele>33.84</ele>
      </trkpt>
      <trkpt lat="36.124599957838655" lon="-121.63741992786527">
        <ele>35.08</ele>
      </trkpt>
      <trkpt lat="36.12458998337388" lon="-121.63740995340049">
        <ele>36.41</ele>
      </trkpt>
      <trkpt lat="36.124559976160526" lon="-121.63743996061385">
        <ele>37.74</ele>
      </trkpt>
      <trkpt lat="36.12447992898524" lon="-121.63733996450901">
        <ele>39.13</ele>
      </trkpt>
      <trkpt lat="36.1243799328804" lon="-121.6372299939394">
        <ele>40.62</ele>
      </trkpt>
      <trkpt lat="36.124299969524145" lon="-121.63712999783456">
        <ele>42.14</ele>
      </trkpt>
      <trkpt lat="36.12423995509744" lon="-121.63707995787263">
        <ele>43.65</ele>
      </trkpt>
      <trkpt lat="36.12421992234886" lon="-121.63699999451637">
        <ele>45.23</ele>
      </trkpt>
      <trkpt lat="36.12420994788408" lon="-121.63689999841154">
        <ele>46.87</ele>
      </trkpt>
      <trkpt lat="36.12419997341931" lon="-121.63687996566296">
        <ele>48.48</ele>
      </trkpt>
      <trkpt lat="36.124169966205955" lon="-121.63680997677147">
        <ele>50.14</ele>
      </trkpt>
      <trkpt lat="36.124149933457375" lon="-121.63677996955812">
        <ele>51.8</ele>
      </trkpt>
      <trkpt lat="36.124154794961214" lon="-121.6367830708623">
        <ele>53.48</ele>
      </trkpt>
      <trkpt lat="36.12409997731447" lon="-121.63664996623993">
        <ele>55.22</ele>
      </trkpt>
      <trkpt lat="36.12406997010112" lon="-121.63658995181322">
        <ele>56.96</ele>
      </trkpt>
      <trkpt lat="36.12391993403435" lon="-121.63629993796349">
        <ele>58.87</ele>
      </trkpt>
      <trkpt lat="36.12387995235622" lon="-121.63620991632342">
        <ele>60.69</ele>
      </trkpt>
      <trkpt lat="36.12382999621332" lon="-121.63612995296717">
        <ele>62.49</ele>
      </trkpt>
      <trkpt lat="36.12381993792951" lon="-121.63609994575381">
        <ele>64.28</ele>
      </trkpt>
      <trkpt lat="36.12377995625138" lon="-121.63599994964898">
        <ele>66.14</ele>
      </trkpt>
      <trkpt lat="36.1237599235028" lon="-121.63594999350607">
        <ele>67.98</ele>
      </trkpt>
      <trkpt lat="36.12374994903803" lon="-121.63593993522227">
        <ele>69.77</ele>
      </trkpt>
      <trkpt lat="36.12372991628945" lon="-121.63586994633079">
        <ele>71.62</ele>
      </trkpt>
      <trkpt lat="36.123719941824675" lon="-121.63580993190408">
        <ele>73.45</ele>
      </trkpt>
      <trkpt lat="36.123719941824675" lon="-121.63577992469072">
        <ele>75.26</ele>
      </trkpt>
      <trkpt lat="36.123719941824675" lon="-121.6357399430126">
        <ele>77.06</ele>
      </trkpt>
      <trkpt lat="36.123719941824675" lon="-121.63572996854782">
        <ele>78.85</ele>
      </trkpt>
      <trkpt lat="36.12372991628945" lon="-121.63572996854782">
        <ele>80.64</ele>
      </trkpt>
      <trkpt lat="36.123739974573255" lon="-121.63566995412111">
        <ele>82.44</ele>
      </trkpt>
      <trkpt lat="36.12376998178661" lon="-121.6356099396944">
        <ele>84.26</ele>
      </trkpt>
      <trkpt lat="36.12380996346474" lon="-121.6355499252677">
        <ele>86.1</ele>
      </trkpt>
      <trkpt lat="36.12381122075021" lon="-121.63554565049708">
        <ele>87.84</ele>
      </trkpt>
      <trkpt lat="36.12363561987877" lon="-121.63530777208507">
        <ele>89.51</ele>
      </trkpt>
      <trkpt lat="36.12345993518829" lon="-121.6350699774921">
        <ele>91.19</ele>
      </trkpt>
      <trkpt lat="36.12325994297862" lon="-121.63478993810713">
        <ele>92.9</ele>
      </trkpt>
      <trkpt lat="36.12305995076895" lon="-121.6345099825412">
        <ele>94.63</ele>
      </trkpt>
      <trkpt lat="36.12292659468949" lon="-121.63430655375123">
        <ele>96.34</ele>
      </trkpt>
      <trkpt lat="36.12279323861003" lon="-121.63410320878029">
        <ele>98.08</ele>
      </trkpt>
      <trkpt lat="36.1226599663496" lon="-121.63389994762838">
        <ele>99.82</ele>
      </trkpt>
      <trkpt lat="36.12257991917431" lon="-121.63376994431019">
        <ele>101.44</ele>
      </trkpt>
      <trkpt lat="36.1224699486047" lon="-121.6335899848491">
        <ele>103.04</ele>
      </trkpt>
      <trkpt lat="36.12239995971322" lon="-121.6334599815309">
        <ele>104.6</ele>
      </trkpt>
      <trkpt lat="36.12235997803509" lon="-121.63340994156897">
        <ele>106.11</ele>
      </trkpt>
      <trkpt lat="36.122259981930256" lon="-121.63322998210788">
        <ele>107.6</ele>
      </trkpt>
      <trkpt lat="36.122149927541614" lon="-121.63304993882775">
        <ele>109.15</ele>
      </trkpt>
      <trkpt lat="36.12200986593962" lon="-121.63280485197902">
        <ele>110.63</ele>
      </trkpt>
      <trkpt lat="36.121869971975684" lon="-121.63255993276834">
        <ele>112.15</ele>
      </trkpt>
      <trkpt lat="36.12170652486384" lon="-121.63227310404181">
        <ele>113.52</ele>
      </trkpt>
      <trkpt lat="36.121543077751994" lon="-121.63198627531528">
        <ele>114.79</ele>
      </trkpt>
      <trkpt lat="36.121379965916276" lon="-121.63169994950294">
        <ele>116.01</ele>
      </trkpt>
      <trkpt lat="36.12123990431428" lon="-121.63146986626089">
        <ele>117.27</ele>
      </trkpt>
      <trkpt lat="36.121099926531315" lon="-121.63123995065689">
        <ele>118.63</ele>
      </trkpt>
      <trkpt lat="36.12104997038841" lon="-121.63116996176541">
        <ele>119.81</ele>
      </trkpt>
      <trkpt lat="36.12097998149693" lon="-121.63106996566057">
        <ele>121.02</ele>
      </trkpt>
      <trkpt lat="36.12090999260545" lon="-121.63098991848528">
        <ele>122.07</ele>
      </trkpt>
      <trkpt lat="36.1207499820739" lon="-121.63082999177277">
        <ele>123.12</ele>
      </trkpt>
      <trkpt lat="36.12069994211197" lon="-121.63079998455942">
        <ele>124.08</ele>
      </trkpt>
      <trkpt lat="36.120579997077584" lon="-121.63071993738413">
        <ele>124.92</ele>
      </trkpt>
      <trkpt lat="36.120539931580424" lon="-121.63068993017077">
        <ele>125.77</ele>
      </trkpt>
      <trkpt lat="36.12033993937075" lon="-121.63055992685258">
        <ele>126.56</ele>
      </trkpt>
      <trkpt lat="36.12024991773069" lon="-121.63050997070968">
        <ele>127.22</ele>
      </trkpt>
      <trkpt lat="36.12011999823153" lon="-121.63046998903155">
        <ele>127.74</ele>
      </trkpt>
      <trkpt lat="36.119919922202826" lon="-121.6304299235344">
        <ele>128.64</ele>
      </trkpt>
      <trkpt lat="36.1196899227798" lon="-121.63038994185627">
        <ele>129.62</ele>
      </trkpt>
      <trkpt lat="36.11955991946161" lon="-121.63037996739149">
        <ele>130.33</ele>
      </trkpt>
      <trkpt lat="36.11938993446529" lon="-121.63034996017814">
        <ele>130.93</ele>
      </trkpt>
      <trkpt lat="36.119209975004196" lon="-121.63030997850001">
        <ele>131.42</ele>
      </trkpt>
      <trkpt lat="36.11915993504226" lon="-121.63030997850001">
        <ele>131.87</ele>
      </trkpt>
      <trkpt lat="36.11914996057749" lon="-121.6302999202162">
        <ele>132.29</ele>
      </trkpt>
      <trkpt lat="36.11899992451072" lon="-121.63027997128665">
        <ele>132.64</ele>
      </trkpt>
      <trkpt lat="36.11896991729736" lon="-121.63027997128665">
        <ele>132.96</ele>
      </trkpt>
      <trkpt lat="36.11884997226298" lon="-121.63025993853807">
        <ele>133.25</ele>
      </trkpt>
      <trkpt lat="36.11871996894479" lon="-121.6302499640733">
        <ele>133.47</ele>
      </trkpt>
      <trkpt lat="36.11856993287802" lon="-121.63021995685995">
        <ele>133.66</ele>
      </trkpt>
      <trkpt lat="36.11842995509505" lon="-121.63019992411137">
        <ele>133.8</ele>
      </trkpt>
      <trkpt lat="36.118240440264344" lon="-121.63017502985895">
        <ele>133.89</ele>
      </trkpt>
      <trkpt lat="36.118049919605255" lon="-121.63014996796846">
        <ele>133.93</ele>
      </trkpt>
      <trkpt lat="36.11794992350042" lon="-121.63012993521988">
        <ele>133.93</ele>
      </trkpt>
      <trkpt lat="36.117899967357516" lon="-121.63012993521988">
        <ele>133.87</ele>
      </trkpt>
      <trkpt lat="36.11785998567939" lon="-121.63011996075511">
        <ele>133.77</ele>
      </trkpt>
      <trkpt lat="36.117789996787906" lon="-121.63010998629034">
        <ele>133.62</ele>
      </trkpt>
      <trkpt lat="36.11769997514784" lon="-121.63009992800653">
        <ele>133.44</ele>
      </trkpt>
      <trkpt lat="36.117619927972555" lon="-121.63007997907698">
        <ele>133.22</ele>
      </trkpt>
      <trkpt lat="36.11754993908107" lon="-121.63006992079318">
        <ele>132.96</ele>
      </trkpt>
      <trkpt lat="36.11743996851146" lon="-121.63004997186363">
        <ele>132.66</ele>
      </trkpt>
      <trkpt lat="36.117359921336174" lon="-121.63002993911505">
        <ele>132.33</ele>
      </trkpt>
      <trkpt lat="36.117339972406626" lon="-121.63001996465027">
        <ele>131.96</ele>
      </trkpt>
      <trkpt lat="36.11724995076656" lon="-121.6299999319017">
        <ele>131.54</ele>
      </trkpt>
      <trkpt lat="36.11714995466173" lon="-121.62995995022357">
        <ele>131.11</ele>
      </trkpt>
      <trkpt lat="36.116949962452054" lon="-121.62988996133208">
        <ele>130.62</ele>
      </trkpt>
      <trkpt lat="36.11684996634722" lon="-121.62983992137015">
        <ele>130.11</ele>
      </trkpt>
      <trkpt lat="36.11680998466909" lon="-121.62982994690537">
        <ele>129.55</ele>
      </trkpt>
      <trkpt lat="36.11668995581567" lon="-121.62976993247867">
        <ele>128.96</ele>
      </trkpt>
      <trkpt lat="36.11659993417561" lon="-121.62973992526531">
        <ele>128.34</ele>
      </trkpt>
      <trkpt lat="36.11650999635458" lon="-121.62970991805196">
        <ele>127.69</ele>
      </trkpt>
      <trkpt lat="36.11640991643071" lon="-121.62967999465764">
        <ele>127.03</ele>
      </trkpt>
      <trkpt lat="36.116205397993326" lon="-121.62961008958519">
        <ele>126.4</ele>
      </trkpt>
      <trkpt lat="36.11599995754659" lon="-121.62953993305564">
        <ele>125.59</ele>
      </trkpt>
      <trkpt lat="36.115769958123565" lon="-121.62945996969938">
        <ele>124.74</ele>
      </trkpt>
      <trkpt lat="36.11566996201873" lon="-121.62942996248603">
        <ele>123.97</ele>
      </trkpt>
      <trkpt lat="36.11541557125747" lon="-121.62938503548503">
        <ele>122.98</ele>
      </trkpt>
      <trkpt lat="36.11515992321074" lon="-121.62933994084597">
        <ele>122.05</ele>
      </trkpt>
      <trkpt lat="36.11487996764481" lon="-121.62929995916784">
        <ele>121.41</ele>
      </trkpt>
      <trkpt lat="36.114649968221784" lon="-121.62926995195448">
        <ele>120.82</ele>
      </trkpt>
      <trkpt lat="36.11446992494166" lon="-121.62923994474113">
        <ele>120.14</ele>
      </trkpt>
      <trkpt lat="36.114289965480566" lon="-121.62920993752778">
        <ele>119.43</ele>
      </trkpt>
      <trkpt lat="36.11423992551863" lon="-121.629199963063">
        <ele>118.68</ele>
      </trkpt>
      <trkpt lat="36.114159962162375" lon="-121.62917993031442">
        <ele>117.94</ele>
      </trkpt>
      <trkpt lat="36.11405996605754" lon="-121.62914992310107">
        <ele>117.2</ele>
      </trkpt>
      <trkpt lat="36.114049991592765" lon="-121.62914992310107">
        <ele>116.45</ele>
      </trkpt>
      <trkpt lat="36.11394999548793" lon="-121.62911999970675">
        <ele>115.7</ele>
      </trkpt>
      <trkpt lat="36.11388998106122" lon="-121.62909996695817">
        <ele>114.95</ele>
      </trkpt>
      <trkpt lat="36.113839941099286" lon="-121.62907993420959">
        <ele>114.2</ele>
      </trkpt>
      <trkpt lat="36.11368998885155" lon="-121.6290099453181">
        <ele>113.37</ele>
      </trkpt>
      <trkpt lat="36.11355998553336" lon="-121.6289499308914">
        <ele>112.59</ele>
      </trkpt>
      <trkpt lat="36.113409949466586" lon="-121.62890994921327">
        <ele>111.84</ele>
      </trkpt>
      <trkpt lat="36.11324993893504" lon="-121.62884993478656">
        <ele>111.1</ele>
      </trkpt>
      <trkpt lat="36.1130899284035" lon="-121.62878992035985">
        <ele>110.37</ele>
      </trkpt>
      <trkpt lat="36.112909968942404" lon="-121.62872998975217">
        <ele>109.69</ele>
      </trkpt>
      <trkpt lat="36.11272992566228" lon="-121.62864994257689">
        <ele>109.08</ele>
      </trkpt>
      <trkpt lat="36.11255994066596" lon="-121.6285799536854">
        <ele>108.46</ele>
      </trkpt>
      <trkpt lat="36.11242993734777" lon="-121.62850996479392">
        <ele>107.86</ele>
      </trkpt>
      <trkpt lat="36.11216993071139" lon="-121.62836998701096">
        <ele>107.27</ele>
      </trkpt>
      <trkpt lat="36.11206993460655" lon="-121.62831994704902">
        <ele>106.68</ele>
      </trkpt>
      <trkpt lat="36.11189994961023" lon="-121.62813998758793">
        <ele>106.05</ele>
      </trkpt>
      <trkpt lat="36.11181998625398" lon="-121.628089947626">
        <ele>105.41</ele>
      </trkpt>
      <trkpt lat="36.11167514696717" lon="-121.628000093624">
        <ele>104.75</ele>
      </trkpt>
      <trkpt lat="36.11152997240424" lon="-121.6279099881649">
        <ele>104.19</ele>
      </trkpt>
      <trkpt lat="36.111429976299405" lon="-121.6278499737382">
        <ele>103.66</ele>
      </trkpt>
      <trkpt lat="36.11133995465934" lon="-121.62778995931149">
        <ele>103.15</ele>
      </trkpt>
      <trkpt lat="36.11131992191076" lon="-121.6277699265629">
        <ele>102.67</ele>
      </trkpt>
      <trkpt lat="36.11128999851644" lon="-121.62774997763336">
        <ele>102.2</ele>
      </trkpt>
      <trkpt lat="36.111219925805926" lon="-121.62770999595523">
        <ele>101.75</ele>
      </trkpt>
      <trkpt lat="36.111129987984896" lon="-121.62764998152852">
        <ele>101.32</ele>
      </trkpt>
      <trkpt lat="36.11105999909341" lon="-121.62759994156659">
        <ele>100.93</ele>
      </trkpt>
      <trkpt lat="36.11101993359625" lon="-121.62756993435323">
        <ele>100.56</ele>
      </trkpt>
      <trkpt lat="36.110959919169545" lon="-121.62753992713988">
        <ele>100.2</ele>
      </trkpt>
      <trkpt lat="36.11091993749142" lon="-121.62750991992652">
        <ele>99.86</ele>
      </trkpt>
      <trkpt lat="36.110869981348515" lon="-121.6274799965322">
        <ele>99.52</ele>
      </trkpt>
      <trkpt lat="36.110809966921806" lon="-121.62743993103504">
        <ele>99.18</ele>
      </trkpt>
      <trkpt lat="36.11075992695987" lon="-121.62740992382169">
        <ele>98.84</ele>
      </trkpt>
      <trkpt lat="36.110699996352196" lon="-121.62736994214356">
        <ele>98.47</ele>
      </trkpt>
      <trkpt lat="36.11063998192549" lon="-121.62732996046543">
        <ele>98.12</ele>
      </trkpt>
      <trkpt lat="36.11059991642833" lon="-121.62729995325208">
        <ele>97.78</ele>
      </trkpt>
      <trkpt lat="36.110569993034005" lon="-121.6272799205035">
        <ele>97.48</ele>
      </trkpt>
      <trkpt lat="36.11049992032349" lon="-121.6272299643606">
        <ele>97.18</ele>
      </trkpt>
      <trkpt lat="36.11046999692917" lon="-121.62719995714724">
        <ele>96.9</ele>
      </trkpt>
      <trkpt lat="36.110439989715815" lon="-121.62717992439866">
        <ele>96.62</ele>
      </trkpt>
      <trkpt lat="36.11040998250246" lon="-121.6271499171853">
        <ele>96.35</ele>
      </trkpt>
      <trkpt lat="36.110379975289106" lon="-121.62711999379098">
        <ele>96.09</ele>
      </trkpt>
      <trkpt lat="36.1103199608624" lon="-121.62705997936428">
        <ele>95.83</ele>
      </trkpt>
      <trkpt lat="36.11027997918427" lon="-121.62700993940234">
        <ele>95.6</ele>
      </trkpt>
      <trkpt lat="36.11020999029279" lon="-121.62693995051086">
        <ele>95.38</ele>
      </trkpt>
      <trkpt lat="36.11017998307943" lon="-121.62688999436796">
        <ele>95.17</ele>
      </trkpt>
      <trkpt lat="36.11013991758227" lon="-121.6268499288708">
        <ele>94.93</ele>
      </trkpt>
      <trkpt lat="36.11010999418795" lon="-121.62680994719267">
        <ele>94.71</ele>
      </trkpt>
      <trkpt lat="36.1100799869746" lon="-121.62676996551454">
        <ele>94.49</ele>
      </trkpt>
      <trkpt lat="36.11001997254789" lon="-121.6266699694097">
        <ele>94.29</ele>
      </trkpt>
      <trkpt lat="36.10997999086976" lon="-121.626609954983">
        <ele>94.1</ele>
      </trkpt>
      <trkpt lat="36.1099399253726" lon="-121.62652999162674">
        <ele>93.92</ele>
      </trkpt>
      <trkpt lat="36.10986993648112" lon="-121.62639998830855">
        <ele>93.75</ele>
      </trkpt>
      <trkpt lat="36.10980992205441" lon="-121.6262899339199">
        <ele>93.54</ele>
      </trkpt>
      <trkpt lat="36.10976994037628" lon="-121.62618993781507">
        <ele>93.35</ele>
      </trkpt>
      <trkpt lat="36.10965996980667" lon="-121.62595993839204">
        <ele>93.22</ele>
      </trkpt>
      <trkpt lat="36.1096499953419" lon="-121.62592993117869">
        <ele>93.03</ele>
      </trkpt>
      <trkpt lat="36.10961998812854" lon="-121.6258599422872">
        <ele>92.86</ele>
      </trkpt>
      <trkpt lat="36.10958998091519" lon="-121.6257999278605">
        <ele>92.69</ele>
      </trkpt>
      <trkpt lat="36.10956994816661" lon="-121.62576992064714">
        <ele>92.48</ele>
      </trkpt>
      <trkpt lat="36.109559973701835" lon="-121.62573999725282">
        <ele>92.29</ele>
      </trkpt>
      <trkpt lat="36.109539940953255" lon="-121.62569993175566">
        <ele>92.08</ele>
      </trkpt>
      <trkpt lat="36.109519992023706" lon="-121.62565995007753">
        <ele>91.87</ele>
      </trkpt>
      <trkpt lat="36.10948998481035" lon="-121.6256199683994">
        <ele>91.65</ele>
      </trkpt>
      <trkpt lat="36.10946995206177" lon="-121.62558996118605">
        <ele>91.47</ele>
      </trkpt>
      <trkpt lat="36.10943994484842" lon="-121.62553992122412">
        <ele>91.28</ele>
      </trkpt>
      <trkpt lat="36.10939996317029" lon="-121.62549993954599">
        <ele>91.08</ele>
      </trkpt>
      <trkpt lat="36.109369955956936" lon="-121.62545995786786">
        <ele>90.88</ele>
      </trkpt>
      <trkpt lat="36.10933994874358" lon="-121.6254299506545">
        <ele>90.67</ele>
      </trkpt>
      <trkpt lat="36.10932997427881" lon="-121.62541997618973">
        <ele>90.48</ele>
      </trkpt>
      <trkpt lat="36.10929996706545" lon="-121.62538996897638">
        <ele>90.27</ele>
      </trkpt>
      <trkpt lat="36.1092699598521" lon="-121.62535996176302">
        <ele>90.06</ele>
      </trkpt>
      <trkpt lat="36.109239952638745" lon="-121.62532995454967">
        <ele>89.86</ele>
      </trkpt>
      <trkpt lat="36.10919997096062" lon="-121.62529994733632">
        <ele>89.65</ele>
      </trkpt>
      <trkpt lat="36.10919997096062" lon="-121.62528997287154">
        <ele>89.47</ele>
      </trkpt>
      <trkpt lat="36.10916996374726" lon="-121.62526994012296">
        <ele>89.28</ele>
      </trkpt>
      <trkpt lat="36.109129982069135" lon="-121.62523993290961">
        <ele>89.09</ele>
      </trkpt>
      <trkpt lat="36.1090799421072" lon="-121.62520992569625">
        <ele>88.88</ele>
      </trkpt>
      <trkpt lat="36.10903996042907" lon="-121.6251799184829">
        <ele>88.72</ele>
      </trkpt>
      <trkpt lat="36.1090299859643" lon="-121.6251799184829">
        <ele>88.55</ele>
      </trkpt>
      <trkpt lat="36.10898992046714" lon="-121.62514999508858">
        <ele>88.39</ele>
      </trkpt>
      <trkpt lat="36.10894993878901" lon="-121.62512996234">
        <ele>88.23</ele>
      </trkpt>
      <trkpt lat="36.10890995711088" lon="-121.62510992959142">
        <ele>88.07</ele>
      </trkpt>
      <trkpt lat="36.108869975432754" lon="-121.62508998066187">
        <ele>87.94</ele>
      </trkpt>
      <trkpt lat="36.10881993547082" lon="-121.62507992237806">
        <ele>87.81</ele>
      </trkpt>
      <trkpt lat="36.10874994657934" lon="-121.62504999898374">
        <ele>87.67</ele>
      </trkpt>
      <trkpt lat="36.108699990436435" lon="-121.62503994069993">
        <ele>87.54</ele>
      </trkpt>
      <trkpt lat="36.108569987118244" lon="-121.6249999590218">
        <ele>87.43</ele>
      </trkpt>
      <trkpt lat="36.108529921621084" lon="-121.62498998455703">
        <ele>87.31</ele>
      </trkpt>
      <trkpt lat="36.10847996547818" lon="-121.62497992627323">
        <ele>87.2</ele>
      </trkpt>
      <trkpt lat="36.10838994383812" lon="-121.62494991905987">
        <ele>87.11</ele>
      </trkpt>
      <trkpt lat="36.10834996215999" lon="-121.62492997013032">
        <ele>87.02</ele>
      </trkpt>
      <trkpt lat="36.10832992941141" lon="-121.62492997013032">
        <ele>86.92</ele>
      </trkpt>
      <trkpt lat="36.10827997326851" lon="-121.62489996291697">
        <ele>86.86</ele>
      </trkpt>
      <trkpt lat="36.1082199588418" lon="-121.62487993016839">
        <ele>86.78</ele>
      </trkpt>
      <trkpt lat="36.10816991887987" lon="-121.62484992295504">
        <ele>86.72</ele>
      </trkpt>
      <trkpt lat="36.108059948310256" lon="-121.62478999234736">
        <ele>86.66</ele>
      </trkpt>
      <trkpt lat="36.10793991945684" lon="-121.62470994517207">
        <ele>86.62</ele>
      </trkpt>
      <trkpt lat="36.10787998884916" lon="-121.62465998902917">
        <ele>86.58</ele>
      </trkpt>
      <trkpt lat="36.107799941673875" lon="-121.62459997460246">
        <ele>86.54</ele>
      </trkpt>
      <trkpt lat="36.10774998553097" lon="-121.62454993464053">
        <ele>86.51</ele>
      </trkpt>
      <trkpt lat="36.10767999663949" lon="-121.62448992021382">
        <ele>86.5</ele>
      </trkpt>
      <trkpt lat="36.10763993114233" lon="-121.62443996407092">
        <ele>86.49</ele>
      </trkpt>
      <trkpt lat="36.10752996057272" lon="-121.6243199352175">
        <ele>86.47</ele>
      </trkpt>
      <trkpt lat="36.10742996446788" lon="-121.62418993189931">
        <ele>86.46</ele>
      </trkpt>
      <trkpt lat="36.107324939221144" lon="-121.62403495050967">
        <ele>86.47</ele>
      </trkpt>
      <trkpt lat="36.107219997793436" lon="-121.62387996912003">
        <ele>86.47</ele>
      </trkpt>
      <trkpt lat="36.107109943404794" lon="-121.62371995858848">
        <ele>86.46</ele>
      </trkpt>
      <trkpt lat="36.10699997283518" lon="-121.62357998080552">
        <ele>86.4</ele>
      </trkpt>
      <trkpt lat="36.106939958408475" lon="-121.62350999191403">
        <ele>86.37</ele>
      </trkpt>
      <trkpt lat="36.10686996951699" lon="-121.62341997027397">
        <ele>86.31</ele>
      </trkpt>
      <trkpt lat="36.106769973412156" lon="-121.62332994863391">
        <ele>86.21</ele>
      </trkpt>
      <trkpt lat="36.10666997730732" lon="-121.62323992699385">
        <ele>86.01</ele>
      </trkpt>
      <trkpt lat="36.10657995566726" lon="-121.62317999638617">
        <ele>85.9</ele>
      </trkpt>
      <trkpt lat="36.10653997398913" lon="-121.62314998917282">
        <ele>85.95</ele>
      </trkpt>
      <trkpt lat="36.10643997788429" lon="-121.62308997474611">
        <ele>85.93</ele>
      </trkpt>
      <trkpt lat="36.106269992887974" lon="-121.62297992035747">
        <ele>86.33</ele>
      </trkpt>
      <trkpt lat="36.10623998567462" lon="-121.62296994589269">
        <ele>86.59</ele>
      </trkpt>
      <trkpt lat="36.106189945712686" lon="-121.62293993867934">
        <ele>86.92</ele>
      </trkpt>
      <trkpt lat="36.10609992407262" lon="-121.62290993146598">
        <ele>87.38</ele>
      </trkpt>
      <trkpt lat="36.10602993518114" lon="-121.62287992425263">
        <ele>87.74</ele>
      </trkpt>
      <trkpt lat="36.10595994628966" lon="-121.62285997532308">
        <ele>88.11</ele>
      </trkpt>
      <trkpt lat="36.10589993186295" lon="-121.6228399425745">
        <ele>88.48</ele>
      </trkpt>
      <trkpt lat="36.10584997572005" lon="-121.62282996810973">
        <ele>88.8</ele>
      </trkpt>
      <trkpt lat="36.105779986828566" lon="-121.62280993536115">
        <ele>89.14</ele>
      </trkpt>
      <trkpt lat="36.10574997961521" lon="-121.62280993536115">
        <ele>89.44</ele>
      </trkpt>
      <trkpt lat="36.10555996187031" lon="-121.62276995368302">
        <ele>89.81</ele>
      </trkpt>
      <trkpt lat="36.1054499913007" lon="-121.62275997921824">
        <ele>90.12</ele>
      </trkpt>
      <trkpt lat="36.105369944125414" lon="-121.62273994646966">
        <ele>90.41</ele>
      </trkpt>
      <trkpt lat="36.10523994080722" lon="-121.62271999754012">
        <ele>90.7</ele>
      </trkpt>
      <trkpt lat="36.10515997745097" lon="-121.62268999032676">
        <ele>90.98</ele>
      </trkpt>
      <trkpt lat="36.10510993748903" lon="-121.62267993204296">
        <ele>91.25</ele>
      </trkpt>
      <trkpt lat="36.105049923062325" lon="-121.62265998311341">
        <ele>91.52</ele>
      </trkpt>
      <trkpt lat="36.10498999245465" lon="-121.62263995036483">
        <ele>91.78</ele>
      </trkpt>
      <trkpt lat="36.104879938066006" lon="-121.6225999686867">
        <ele>92.04</ele>
      </trkpt>
      <trkpt lat="36.1048199236393" lon="-121.62255998700857">
        <ele>92.28</ele>
      </trkpt>
      <trkpt lat="36.104769967496395" lon="-121.62253995425999">
        <ele>92.51</ele>
      </trkpt>
      <trkpt lat="36.10471992753446" lon="-121.62250994704664">
        <ele>92.73</ele>
      </trkpt>
      <trkpt lat="36.10468992032111" lon="-121.62249997258186">
        <ele>92.92</ele>
      </trkpt>
      <trkpt lat="36.10464993864298" lon="-121.62246996536851">
        <ele>93.11</ele>
      </trkpt>
      <trkpt lat="36.104619931429625" lon="-121.62244993261993">
        <ele>93.28</ele>
      </trkpt>
      <trkpt lat="36.10453996807337" lon="-121.62239997647703">
        <ele>93.42</ele>
      </trkpt>
      <trkpt lat="36.10437015071511" lon="-121.6222701407969">
        <ele>93.54</ele>
      </trkpt>
      <trkpt lat="36.10419999808073" lon="-121.62213996984065">
        <ele>93.63</ele>
      </trkpt>
      <trkpt lat="36.10400511883199" lon="-121.62196512334049">
        <ele>93.73</ele>
      </trkpt>
      <trkpt lat="36.10380998812616" lon="-121.6217899415642">
        <ele>93.8</ele>
      </trkpt>
      <trkpt lat="36.10379992984235" lon="-121.6217899415642">
        <ele>93.85</ele>
      </trkpt>
      <trkpt lat="36.10365995205939" lon="-121.62166999652982">
        <ele>93.91</ele>
      </trkpt>
      <trkpt lat="36.103629944846034" lon="-121.62164996378124">
        <ele>93.92</ele>
      </trkpt>
      <trkpt lat="36.10349994152784" lon="-121.6215499676764">
        <ele>93.92</ele>
      </trkpt>
      <trkpt lat="36.1033399309963" lon="-121.62140998989344">
        <ele>93.9</ele>
      </trkpt>
      <trkpt lat="36.103199953213334" lon="-121.6213099937886">
        <ele>93.83</ele>
      </trkpt>
      <trkpt lat="36.103199953213334" lon="-121.6212999355048">
        <ele>93.78</ele>
      </trkpt>
      <trkpt lat="36.10311998985708" lon="-121.62124997936189">
        <ele>93.69</ele>
      </trkpt>
      <trkpt lat="36.10308998264372" lon="-121.62122994661331">
        <ele>93.6</ele>
      </trkpt>
      <trkpt lat="36.10303994268179" lon="-121.62120999768376">
        <ele>93.49</ele>
      </trkpt>
      <trkpt lat="36.10298998653889" lon="-121.62117999047041">
        <ele>93.35</ele>
      </trkpt>
      <trkpt lat="36.102919997647405" lon="-121.62114998325706">
        <ele>93.19</ele>
      </trkpt>
      <trkpt lat="36.102769961580634" lon="-121.62108996883035">
        <ele>93.01</ele>
      </trkpt>
      <trkpt lat="36.10257038846612" lon="-121.6210200637579">
        <ele>92.84</ele>
      </trkpt>
      <trkpt lat="36.10236997716129" lon="-121.62094999104738">
        <ele>92.64</ele>
      </trkpt>
      <trkpt lat="36.102105528116226" lon="-121.62085016258061">
        <ele>92.4</ele>
      </trkpt>
      <trkpt lat="36.10183998942375" lon="-121.62074999883771">
        <ele>92.14</ele>
      </trkpt>
      <trkpt lat="36.10157051123679" lon="-121.62064514122903">
        <ele>91.89</ele>
      </trkpt>
      <trkpt lat="36.10129994340241" lon="-121.62053994834423">
        <ele>91.64</ele>
      </trkpt>
      <trkpt lat="36.1012399289757" lon="-121.62051999941468">
        <ele>91.37</ele>
      </trkpt>
      <trkpt lat="36.10116994008422" lon="-121.62048999220133">
        <ele>91.09</ele>
      </trkpt>
      <trkpt lat="36.10107991844416" lon="-121.62045998498797">
        <ele>90.8</ele>
      </trkpt>
      <trkpt lat="36.101009929552674" lon="-121.6204399522394">
        <ele>90.49</ele>
      </trkpt>
      <trkpt lat="36.10093994066119" lon="-121.62040994502604">
        <ele>90.17</ele>
      </trkpt>
      <trkpt lat="36.100859977304935" lon="-121.62038999609649">
        <ele>89.81</ele>
      </trkpt>
      <trkpt lat="36.10079996287823" lon="-121.62036996334791">
        <ele>89.46</ele>
      </trkpt>
      <trkpt lat="36.10073994845152" lon="-121.62034993059933">
        <ele>89.1</ele>
      </trkpt>
      <trkpt lat="36.10065998509526" lon="-121.62033995613456">
        <ele>88.72</ele>
      </trkpt>
      <trkpt lat="36.100599970668554" lon="-121.62032998166978">
        <ele>88.36</ele>
      </trkpt>
      <trkpt lat="36.100539956241846" lon="-121.62031992338598">
        <ele>88.02</ele>
      </trkpt>
      <trkpt lat="36.10043996013701" lon="-121.6203099489212">
        <ele>87.67</ele>
      </trkpt>
      <trkpt lat="36.10031993128359" lon="-121.62029997445643">
        <ele>87.32</ele>
      </trkpt>
      <trkpt lat="36.1001899279654" lon="-121.62029997445643">
        <ele>86.99</ele>
      </trkpt>
      <trkpt lat="36.10011993907392" lon="-121.6203099489212">
        <ele>86.65</ele>
      </trkpt>
      <trkpt lat="36.10000996850431" lon="-121.62031992338598">
        <ele>86.31</ele>
      </trkpt>
      <trkpt lat="36.09990997239947" lon="-121.62032998166978">
        <ele>85.97</ele>
      </trkpt>
      <trkpt lat="36.09980997629464" lon="-121.62034993059933">
        <ele>85.62</ele>
      </trkpt>
      <trkpt lat="36.09976999461651" lon="-121.62034993059933">
        <ele>85.29</ele>
      </trkpt>
      <trkpt lat="36.099699921905994" lon="-121.62035998888314">
        <ele>84.97</ele>
      </trkpt>
      <trkpt lat="36.09963999129832" lon="-121.62035998888314">
        <ele>84.66</ele>
      </trkpt>
      <trkpt lat="36.09955994412303" lon="-121.62036996334791">
        <ele>84.36</ele>
      </trkpt>
      <trkpt lat="36.09945994801819" lon="-121.62035998888314">
        <ele>84.06</ele>
      </trkpt>
      <trkpt lat="36.09940999187529" lon="-121.62035998888314">
        <ele>83.75</ele>
      </trkpt>
      <trkpt lat="36.09935995191336" lon="-121.62035998888314">
        <ele>83.45</ele>
      </trkpt>
      <trkpt lat="36.0992799885571" lon="-121.62034993059933">
        <ele>83.15</ele>
      </trkpt>
      <trkpt lat="36.099119978025556" lon="-121.62032998166978">
        <ele>82.86</ele>
      </trkpt>
      <trkpt lat="36.09897991642356" lon="-121.6203099489212">
        <ele>82.58</ele>
      </trkpt>
      <trkpt lat="36.09893993474543" lon="-121.62029997445643">
        <ele>82.29</ele>
      </trkpt>
      <trkpt lat="36.0988999530673" lon="-121.62028999999166">
        <ele>82.01</ele>
      </trkpt>
      <trkpt lat="36.09886994585395" lon="-121.62027994170785">
        <ele>81.74</ele>
      </trkpt>
      <trkpt lat="36.09882996417582" lon="-121.62026996724308">
        <ele>81.47</ele>
      </trkpt>
      <trkpt lat="36.09878998249769" lon="-121.6202599927783">
        <ele>81.19</ele>
      </trkpt>
      <trkpt lat="36.09874991700053" lon="-121.62023996002972">
        <ele>80.93</ele>
      </trkpt>
      <trkpt lat="36.098689986392856" lon="-121.62021992728114">
        <ele>80.66</ele>
      </trkpt>
      <trkpt lat="36.098649920895696" lon="-121.6201999783516">
        <ele>80.39</ele>
      </trkpt>
      <trkpt lat="36.09856995753944" lon="-121.62015999667346">
        <ele>80.09</ele>
      </trkpt>
      <trkpt lat="36.09848999418318" lon="-121.6201199311763">
        <ele>79.81</ele>
      </trkpt>
      <trkpt lat="36.09843995422125" lon="-121.62008992396295">
        <ele>79.53</ele>
      </trkpt>
      <trkpt lat="36.098389998078346" lon="-121.6200699750334">
        <ele>79.25</ele>
      </trkpt>
      <trkpt lat="36.098349932581186" lon="-121.62004994228482">
        <ele>78.98</ele>
      </trkpt>
      <trkpt lat="36.09820995479822" lon="-121.61997995339334">
        <ele>78.71</ele>
      </trkpt>
      <trkpt lat="36.09811993315816" lon="-121.61993997171521">
        <ele>78.43</ele>
      </trkpt>
      <trkpt lat="36.097959922626615" lon="-121.6198799572885">
        <ele>78.15</ele>
      </trkpt>
      <trkpt lat="36.097869984805584" lon="-121.61983997561038">
        <ele>77.88</ele>
      </trkpt>
      <trkpt lat="36.09776998870075" lon="-121.6198199428618">
        <ele>77.6</ele>
      </trkpt>
      <trkpt lat="36.09758994542062" lon="-121.61974995397031">
        <ele>77.32</ele>
      </trkpt>
      <trkpt lat="36.09745994210243" lon="-121.61969999782741">
        <ele>77.02</ele>
      </trkpt>
      <trkpt lat="36.09723991714418" lon="-121.61964995786548">
        <ele>76.73</ele>
      </trkpt>
      <trkpt lat="36.09714997932315" lon="-121.6196399834007">
        <ele>76.4</ele>
      </trkpt>
      <trkpt lat="36.09698535874486" lon="-121.61961500532925">
        <ele>76.12</ele>
      </trkpt>
      <trkpt lat="36.096819983795285" lon="-121.61958994343877">
        <ele>75.82</ele>
      </trkpt>
      <trkpt lat="36.096669947728515" lon="-121.61958994343877">
        <ele>75.51</ele>
      </trkpt>
      <trkpt lat="36.09663994051516" lon="-121.61958994343877">
        <ele>75.19</ele>
      </trkpt>
      <trkpt lat="36.09659995883703" lon="-121.619579968974">
        <ele>74.87</ele>
      </trkpt>
      <trkpt lat="36.09640994109213" lon="-121.61956999450922">
        <ele>74.53</ele>
      </trkpt>
      <trkpt lat="36.09624993056059" lon="-121.61955993622541">
        <ele>74.19</ele>
      </trkpt>
      <trkpt lat="36.09608036465943" lon="-121.61954501643777">
        <ele>73.85</ele>
      </trkpt>
      <trkpt lat="36.09590996056795" lon="-121.61952992901206">
        <ele>73.52</ele>
      </trkpt>
      <trkpt lat="36.095699993893504" lon="-121.61951995454729">
        <ele>73.17</ele>
      </trkpt>
      <trkpt lat="36.09547996893525" lon="-121.61948994733393">
        <ele>72.81</ele>
      </trkpt>
      <trkpt lat="36.09534996561706" lon="-121.61947997286916">
        <ele>72.45</ele>
      </trkpt>
      <trkpt lat="36.09517998062074" lon="-121.6194499656558">
        <ele>72.1</ele>
      </trkpt>
      <trkpt lat="36.0950199700892" lon="-121.61940998397768">
        <ele>71.77</ele>
      </trkpt>
      <trkpt lat="36.09484998509288" lon="-121.61936991848052">
        <ele>71.4</ele>
      </trkpt>
      <trkpt lat="36.09472995623946" lon="-121.6193399950862">
        <ele>70.99</ele>
      </trkpt>
      <trkpt lat="36.0946399345994" lon="-121.61931996233761">
        <ele>70.57</ele>
      </trkpt>
      <trkpt lat="36.094519989565015" lon="-121.61926992237568">
        <ele>70.17</ele>
      </trkpt>
      <trkpt lat="36.0944499168545" lon="-121.61924997344613">
        <ele>69.82</ele>
      </trkpt>
      <trkpt lat="36.09433994628489" lon="-121.6191999334842">
        <ele>69.52</ele>
      </trkpt>
      <trkpt lat="36.09428999014199" lon="-121.61917998455465">
        <ele>69.22</ele>
      </trkpt>
      <trkpt lat="36.09414992853999" lon="-121.61910999566317">
        <ele>68.92</ele>
      </trkpt>
      <trkpt lat="36.09398991800845" lon="-121.61903992295265">
        <ele>68.61</ele>
      </trkpt>
      <trkpt lat="36.09371993690729" lon="-121.61891997791827">
        <ele>68.34</ele>
      </trkpt>
      <trkpt lat="36.09356998465955" lon="-121.61884998902678">
        <ele>68.04</ele>
      </trkpt>
      <trkpt lat="36.093509970232844" lon="-121.61881998181343">
        <ele>67.79</ele>
      </trkpt>
      <trkpt lat="36.093429923057556" lon="-121.61879994906485">
        <ele>67.56</ele>
      </trkpt>
      <trkpt lat="36.09336999244988" lon="-121.6187699418515">
        <ele>67.36</ele>
      </trkpt>
      <trkpt lat="36.093319952487946" lon="-121.61875996738672">
        <ele>67.15</ele>
      </trkpt>
      <trkpt lat="36.09326999634504" lon="-121.61874999292195">
        <ele>66.98</ele>
      </trkpt>
      <trkpt lat="36.093189949169755" lon="-121.6187199857086">
        <ele>66.84</ele>
      </trkpt>
      <trkpt lat="36.093169916421175" lon="-121.6187199857086">
        <ele>66.7</ele>
      </trkpt>
      <trkpt lat="36.0931099858135" lon="-121.61870992742479">
        <ele>66.58</ele>
      </trkpt>
      <trkpt lat="36.09308995306492" lon="-121.61870992742479">
        <ele>66.48</ele>
      </trkpt>
      <trkpt lat="36.09293991699815" lon="-121.61867992021143">
        <ele>66.42</ele>
      </trkpt>
      <trkpt lat="36.092909993603826" lon="-121.61867992021143">
        <ele>66.36</ele>
      </trkpt>
      <trkpt lat="36.09280999749899" lon="-121.61866994574666">
        <ele>66.34</ele>
      </trkpt>
      <trkpt lat="36.092610424384475" lon="-121.61863507702947">
        <ele>66.33</ele>
      </trkpt>
      <trkpt lat="36.09240992926061" lon="-121.61859995685518">
        <ele>66.28</ele>
      </trkpt>
      <trkpt lat="36.09237992204726" lon="-121.6185899823904">
        <ele>66.3</ele>
      </trkpt>
      <trkpt lat="36.09227992594242" lon="-121.6185799241066">
        <ele>66.3</ele>
      </trkpt>
      <trkpt lat="36.09222996979952" lon="-121.61856994964182">
        <ele>66.37</ele>
      </trkpt>
      <trkpt lat="36.09201991930604" lon="-121.61853994242847">
        <ele>66.45</ele>
      </trkpt>
      <trkpt lat="36.09197993762791" lon="-121.6185299679637">
        <ele>66.56</ele>
      </trkpt>
      <trkpt lat="36.09183995984495" lon="-121.61850993521512">
        <ele>66.74</ele>
      </trkpt>
      <trkpt lat="36.091749938204885" lon="-121.61849996075034">
        <ele>66.97</ele>
      </trkpt>
      <trkpt lat="36.09173996374011" lon="-121.61848998628557">
        <ele>67.17</ele>
      </trkpt>
      <trkpt lat="36.09165991656482" lon="-121.61846995353699">
        <ele>67.37</ele>
      </trkpt>
      <trkpt lat="36.091559920459986" lon="-121.61842997185886">
        <ele>67.6</ele>
      </trkpt>
      <trkpt lat="36.09149998985231" lon="-121.6183999646455">
        <ele>67.85</ele>
      </trkpt>
      <trkpt lat="36.09145992435515" lon="-121.61836995743215">
        <ele>68.11</ele>
      </trkpt>
      <trkpt lat="36.09140996821225" lon="-121.61834992468357">
        <ele>68.37</ele>
      </trkpt>
      <trkpt lat="36.091339979320765" lon="-121.61829996854067">
        <ele>68.65</ele>
      </trkpt>
      <trkpt lat="36.091149961575866" lon="-121.6181599907577">
        <ele>68.94</ele>
      </trkpt>
      <trkpt lat="36.090889954939485" lon="-121.61797994747758">
        <ele>69.24</ele>
      </trkpt>
      <trkpt lat="36.090779984369874" lon="-121.61788992583752">
        <ele>69.57</ele>
      </trkpt>
      <trkpt lat="36.09067998826504" lon="-121.61781993694603">
        <ele>69.95</ele>
      </trkpt>
      <trkpt lat="36.09054998494685" lon="-121.617729999125">
        <ele>70.39</ele>
      </trkpt>
      <trkpt lat="36.09046993777156" lon="-121.61768993362784">
        <ele>70.78</ele>
      </trkpt>
      <trkpt lat="36.090459963306785" lon="-121.61767995916307">
        <ele>71.13</ele>
      </trkpt>
      <trkpt lat="36.090399948880076" lon="-121.61765992641449">
        <ele>71.5</ele>
      </trkpt>
      <trkpt lat="36.090309927240014" lon="-121.61761994473636">
        <ele>71.86</ele>
      </trkpt>
      <trkpt lat="36.09024999663234" lon="-121.61759999580681">
        <ele>72.23</ele>
      </trkpt>
      <trkpt lat="36.09017992392182" lon="-121.61756998859346">
        <ele>72.62</ele>
      </trkpt>
      <trkpt lat="36.09010993503034" lon="-121.61755993030965">
        <ele>72.98</ele>
      </trkpt>
      <trkpt lat="36.09003994613886" lon="-121.61755993030965">
        <ele>73.34</ele>
      </trkpt>
      <trkpt lat="36.089969957247376" lon="-121.61754995584488">
        <ele>73.72</ele>
      </trkpt>
      <trkpt lat="36.08988999389112" lon="-121.61754995584488">
        <ele>74.08</ele>
      </trkpt>
      <trkpt lat="36.08980994671583" lon="-121.61755993030965">
        <ele>74.44</ele>
      </trkpt>
      <trkpt lat="36.08973995782435" lon="-121.61756998859346">
        <ele>74.8</ele>
      </trkpt>
      <trkpt lat="36.08964993618429" lon="-121.61758993752301">
        <ele>75.15</ele>
      </trkpt>
      <trkpt lat="36.08954994007945" lon="-121.61760997027159">
        <ele>75.49</ele>
      </trkpt>
      <trkpt lat="36.08941993676126" lon="-121.61764995194972">
        <ele>75.83</ele>
      </trkpt>
      <trkpt lat="36.089339973405" lon="-121.61767995916307">
        <ele>76.17</ele>
      </trkpt>
      <trkpt lat="36.08926998451352" lon="-121.61769999191165">
        <ele>76.5</ele>
      </trkpt>
      <trkpt lat="36.08918993733823" lon="-121.6177199408412">
        <ele>76.84</ele>
      </trkpt>
      <trkpt lat="36.08907996676862" lon="-121.61773997358978">
        <ele>77.18</ele>
      </trkpt>
      <trkpt lat="36.08900997787714" lon="-121.61774994805455">
        <ele>77.51</ele>
      </trkpt>
      <trkpt lat="36.08894996345043" lon="-121.61775992251933">
        <ele>77.84</ele>
      </trkpt>
      <trkpt lat="36.08885994181037" lon="-121.61776998080313">
        <ele>78.16</ele>
      </trkpt>
      <trkpt lat="36.08877997845411" lon="-121.61776998080313">
        <ele>78.48</ele>
      </trkpt>
      <trkpt lat="36.0886599496007" lon="-121.61775992251933">
        <ele>78.8</ele>
      </trkpt>
      <trkpt lat="36.088529946282506" lon="-121.61774994805455">
        <ele>79.06</ele>
      </trkpt>
      <trkpt lat="36.088289972394705" lon="-121.6177199408412">
        <ele>79.36</ele>
      </trkpt>
      <trkpt lat="36.08816994354129" lon="-121.61768993362784">
        <ele>79.7</ele>
      </trkpt>
      <trkpt lat="36.088159969076514" lon="-121.61768993362784">
        <ele>80.01</ele>
      </trkpt>
      <trkpt lat="36.08801999129355" lon="-121.6176699846983">
        <ele>80.32</ele>
      </trkpt>
      <trkpt lat="36.087989984080195" lon="-121.61765992641449">
        <ele>80.63</ele>
      </trkpt>
      <trkpt lat="36.08790993690491" lon="-121.61763997748494">
        <ele>80.95</ele>
      </trkpt>
      <trkpt lat="36.08789996244013" lon="-121.61763997748494">
        <ele>81.25</ele>
      </trkpt>
      <trkpt lat="36.08780994080007" lon="-121.61761994473636">
        <ele>81.56</ele>
      </trkpt>
      <trkpt lat="36.08767993748188" lon="-121.61760997027159">
        <ele>81.87</ele>
      </trkpt>
      <trkpt lat="36.08747994527221" lon="-121.61760997027159">
        <ele>82.17</ele>
      </trkpt>
      <trkpt lat="36.087429989129305" lon="-121.61761994473636">
        <ele>82.45</ele>
      </trkpt>
      <trkpt lat="36.0873699747026" lon="-121.61761994473636">
        <ele>82.73</ele>
      </trkpt>
      <trkpt lat="36.08726997859776" lon="-121.61761994473636">
        <ele>83.02</ele>
      </trkpt>
      <trkpt lat="36.08720996417105" lon="-121.61760997027159">
        <ele>83.32</ele>
      </trkpt>
      <trkpt lat="36.08715992420912" lon="-121.61760997027159">
        <ele>83.58</ele>
      </trkpt>
      <trkpt lat="36.087109968066216" lon="-121.61759999580681">
        <ele>83.84</ele>
      </trkpt>
      <trkpt lat="36.08705992810428" lon="-121.61758993752301">
        <ele>84.09</ele>
      </trkpt>
      <trkpt lat="36.08701994642615" lon="-121.61756998859346">
        <ele>84.34</ele>
      </trkpt>
      <trkpt lat="36.0869899392128" lon="-121.61755993030965">
        <ele>84.58</ele>
      </trkpt>
      <trkpt lat="36.08692992478609" lon="-121.6175399813801">
        <ele>84.82</ele>
      </trkpt>
      <trkpt lat="36.08691995032132" lon="-121.6175299230963">
        <ele>85.03</ele>
      </trkpt>
      <trkpt lat="36.08685993589461" lon="-121.61749999970198">
        <ele>85.26</ele>
      </trkpt>
      <trkpt lat="36.08677997253835" lon="-121.61745993420482">
        <ele>85.47</ele>
      </trkpt>
      <trkpt lat="36.086699925363064" lon="-121.61740997806191">
        <ele>85.65</ele>
      </trkpt>
      <trkpt lat="36.08662993647158" lon="-121.61735993809998">
        <ele>85.81</ele>
      </trkpt>
      <trkpt lat="36.0865599475801" lon="-121.61729992367327">
        <ele>85.93</ele>
      </trkpt>
      <trkpt lat="36.08653999865055" lon="-121.61727997474372">
        <ele>86.07</ele>
      </trkpt>
      <trkpt lat="36.08646992594004" lon="-121.61720998585224">
        <ele>86.19</ele>
      </trkpt>
      <trkpt lat="36.0863699298352" lon="-121.61708995699883">
        <ele>86.31</ele>
      </trkpt>
      <trkpt lat="36.08632994815707" lon="-121.61703991703689">
        <ele>86.4</ele>
      </trkpt>
      <trkpt lat="36.08629994094372" lon="-121.61699993535876">
        <ele>86.49</ele>
      </trkpt>
      <trkpt lat="36.08627999201417" lon="-121.61696992814541">
        <ele>86.58</ele>
      </trkpt>
      <trkpt lat="36.086229952052236" lon="-121.61689993925393">
        <ele>86.65</ele>
      </trkpt>
      <trkpt lat="36.08616993762553" lon="-121.61678996868432">
        <ele>86.67</ele>
      </trkpt>
      <trkpt lat="36.08615996316075" lon="-121.61677999421954">
        <ele>86.69</ele>
      </trkpt>
      <trkpt lat="36.08610992319882" lon="-121.61665996536613">
        <ele>86.73</ele>
      </trkpt>
      <trkpt lat="36.08604999259114" lon="-121.61644999869168">
        <ele>86.76</ele>
      </trkpt>
      <trkpt lat="36.08599995262921" lon="-121.61619996652007">
        <ele>86.79</ele>
      </trkpt>
      <trkpt lat="36.085969945415854" lon="-121.6160499304533">
        <ele>86.77</ele>
      </trkpt>
      <trkpt lat="36.085949996486306" lon="-121.61595999263227">
        <ele>86.72</ele>
      </trkpt>
      <trkpt lat="36.085949996486306" lon="-121.61594993434846">
        <ele>86.69</ele>
      </trkpt>
      <trkpt lat="36.08591998927295" lon="-121.61583996377885">
        <ele>86.61</ele>
      </trkpt>
      <trkpt lat="36.08586994931102" lon="-121.61569998599589">
        <ele>86.51</ele>
      </trkpt>
      <trkpt lat="36.08580993488431" lon="-121.61553997546434">
        <ele>86.45</ele>
      </trkpt>
      <trkpt lat="36.0857499204576" lon="-121.61544995382428">
        <ele>86.36</ele>
      </trkpt>
      <trkpt lat="36.0856999643147" lon="-121.6153799649328">
        <ele>86.26</ele>
      </trkpt>
      <trkpt lat="36.085649924352765" lon="-121.61529991775751">
        <ele>86.19</ele>
      </trkpt>
      <trkpt lat="36.08562997542322" lon="-121.61526999436319">
        <ele>86.09</ele>
      </trkpt>
      <trkpt lat="36.085559986531734" lon="-121.6151899471879">
        <ele>85.97</ele>
      </trkpt>
      <trkpt lat="36.0855099465698" lon="-121.615139991045">
        <ele>85.87</ele>
      </trkpt>
      <trkpt lat="36.085389917716384" lon="-121.614999929443">
        <ele>85.75</ele>
      </trkpt>
      <trkpt lat="36.08527994714677" lon="-121.61490999162197">
        <ele>85.57</ele>
      </trkpt>
      <trkpt lat="36.08518992550671" lon="-121.61482994444668">
        <ele>85.42</ele>
      </trkpt>
      <trkpt lat="36.085109962150455" lon="-121.61476993001997">
        <ele>85.3</ele>
      </trkpt>
      <trkpt lat="36.0850299987942" lon="-121.61471997387707">
        <ele>85.17</ele>
      </trkpt>
      <trkpt lat="36.084919944405556" lon="-121.61463992670178">
        <ele>85.04</ele>
      </trkpt>
      <trkpt lat="36.0848399810493" lon="-121.61457999609411">
        <ele>84.92</ele>
      </trkpt>
      <trkpt lat="36.0848399810493" lon="-121.6145699378103">
        <ele>84.79</ele>
      </trkpt>
      <trkpt lat="36.08474995940924" lon="-121.61449994891882">
        <ele>84.66</ele>
      </trkpt>
      <trkpt lat="36.08468994498253" lon="-121.61443993449211">
        <ele>84.51</ele>
      </trkpt>
      <trkpt lat="36.0846499633044" lon="-121.61440992727876">
        <ele>84.35</ele>
      </trkpt>
      <trkpt lat="36.08455994166434" lon="-121.61431998945773">
        <ele>84.21</ele>
      </trkpt>
      <trkpt lat="36.0844599455595" lon="-121.61421999335289">
        <ele>84.05</ele>
      </trkpt>
      <trkpt lat="36.08432994224131" lon="-121.61409996449947">
        <ele>83.9</ele>
      </trkpt>
      <trkpt lat="36.08425995334983" lon="-121.61402997560799">
        <ele>83.72</ele>
      </trkpt>
      <trkpt lat="36.084249978885055" lon="-121.61401991732419">
        <ele>83.54</ele>
      </trkpt>
      <trkpt lat="36.08415995724499" lon="-121.61393995396793">
        <ele>83.37</ele>
      </trkpt>
      <trkpt lat="36.08408996835351" lon="-121.61386996507645">
        <ele>83.21</ele>
      </trkpt>
      <trkpt lat="36.08400992117822" lon="-121.61380995064974">
        <ele>83.01</ele>
      </trkpt>
      <trkpt lat="36.083949990570545" lon="-121.61376996897161">
        <ele>82.78</ele>
      </trkpt>
      <trkpt lat="36.08389995060861" lon="-121.61372998729348">
        <ele>82.53</ele>
      </trkpt>
      <trkpt lat="36.0838399361819" lon="-121.61368992179632">
        <ele>82.31</ele>
      </trkpt>
      <trkpt lat="36.08380992896855" lon="-121.61367994733155">
        <ele>82.09</ele>
      </trkpt>
      <trkpt lat="36.08376994729042" lon="-121.6136499401182">
        <ele>81.87</ele>
      </trkpt>
      <trkpt lat="36.08372996561229" lon="-121.61362999118865">
        <ele>81.61</ele>
      </trkpt>
      <trkpt lat="36.083669951185584" lon="-121.61360995844007">
        <ele>81.33</ele>
      </trkpt>
      <trkpt lat="36.083609936758876" lon="-121.61358992569149">
        <ele>81.06</ele>
      </trkpt>
      <trkpt lat="36.083499966189265" lon="-121.61354994401336">
        <ele>80.81</ele>
      </trkpt>
      <trkpt lat="36.08343995176256" lon="-121.61352999508381">
        <ele>80.51</ele>
      </trkpt>
      <trkpt lat="36.08328999951482" lon="-121.61349998787045">
        <ele>80.21</ele>
      </trkpt>
      <trkpt lat="36.08326996676624" lon="-121.61349998787045">
        <ele>79.89</ele>
      </trkpt>
      <trkpt lat="36.083219926804304" lon="-121.61348992958665">
        <ele>79.56</ele>
      </trkpt>
      <trkpt lat="36.08318991959095" lon="-121.61347995512187">
        <ele>79.22</ele>
      </trkpt>
      <trkpt lat="36.08315999619663" lon="-121.6134699806571">
        <ele>78.87</ele>
      </trkpt>
      <trkpt lat="36.08310995623469" lon="-121.6134599223733">
        <ele>78.52</ele>
      </trkpt>
      <trkpt lat="36.08309998176992" lon="-121.6134599223733">
        <ele>78.15</ele>
      </trkpt>
      <trkpt lat="36.083069974556565" lon="-121.61344994790852">
        <ele>77.78</ele>
      </trkpt>
      <trkpt lat="36.08301993459463" lon="-121.61343997344375">
        <ele>77.39</ele>
      </trkpt>
      <trkpt lat="36.0829799529165" lon="-121.61342999897897">
        <ele>77.0</ele>
      </trkpt>
      <trkpt lat="36.082919938489795" lon="-121.61340996623039">
        <ele>76.6</ele>
      </trkpt>
      <trkpt lat="36.08287995681167" lon="-121.61338993348181">
        <ele>76.21</ele>
      </trkpt>
      <trkpt lat="36.08279999345541" lon="-121.61336998455226">
        <ele>75.78</ele>
      </trkpt>
      <trkpt lat="36.0827399790287" lon="-121.61333997733891">
        <ele>75.38</ele>
      </trkpt>
      <trkpt lat="36.08266999013722" lon="-121.61329999566078">
        <ele>74.98</ele>
      </trkpt>
      <trkpt lat="36.08253998681903" lon="-121.61322992295027">
        <ele>74.51</ele>
      </trkpt>
      <trkpt lat="36.08234996907413" lon="-121.61311995238066">
        <ele>73.97</ele>
      </trkpt>
      <trkpt lat="36.08227998018265" lon="-121.61306999623775">
        <ele>73.57</ele>
      </trkpt>
      <trkpt lat="36.08226992189884" lon="-121.61306999623775">
        <ele>73.17</ele>
      </trkpt>
      <trkpt lat="36.082249972969294" lon="-121.61305993795395">
        <ele>72.77</ele>
      </trkpt>
      <trkpt lat="36.08210999518633" lon="-121.61297997459769">
        <ele>72.39</ele>
      </trkpt>
      <trkpt lat="36.081949984654784" lon="-121.61287997849286">
        <ele>71.96</ele>
      </trkpt>
      <trkpt lat="36.08193992637098" lon="-121.61287997849286">
        <ele>71.59</ele>
      </trkpt>
      <trkpt lat="36.08178997412324" lon="-121.6127899568528">
        <ele>71.27</ele>
      </trkpt>
      <trkpt lat="36.081779999658465" lon="-121.6127899568528">
        <ele>70.92</ele>
      </trkpt>
      <trkpt lat="36.08163993805647" lon="-121.61270999349654">
        <ele>70.57</ele>
      </trkpt>
      <trkpt lat="36.081499960273504" lon="-121.61261997185647">
        <ele>70.27</ele>
      </trkpt>
      <trkpt lat="36.08133994974196" lon="-121.61252995021641">
        <ele>69.95</ele>
      </trkpt>
      <trkpt lat="36.08113995753229" lon="-121.61239994689822">
        <ele>69.62</ele>
      </trkpt>
      <trkpt lat="36.080939965322614" lon="-121.61224999465048">
        <ele>69.31</ele>
      </trkpt>
      <trkpt lat="36.08083996921778" lon="-121.61217992193997">
        <ele>69.01</ele>
      </trkpt>
      <trkpt lat="36.08072999864817" lon="-121.61208998411894">
        <ele>68.75</ele>
      </trkpt>
      <trkpt lat="36.080509973689914" lon="-121.61189996637404">
        <ele>68.57</ele>
      </trkpt>
      <trkpt lat="36.08036010526121" lon="-121.61176510155201">
        <ele>68.42</ele>
      </trkpt>
      <trkpt lat="36.080209985375404" lon="-121.61162998527288">
        <ele>68.27</ele>
      </trkpt>
      <trkpt lat="36.08009993098676" lon="-121.61151993088424">
        <ele>68.1</ele>
      </trkpt>
      <trkpt lat="36.08000999316573" lon="-121.61143996752799">
        <ele>67.93</ele>
      </trkpt>
      <trkpt lat="36.07991997152567" lon="-121.6113599203527">
        <ele>67.8</ele>
      </trkpt>
      <trkpt lat="36.07982994988561" lon="-121.61127995699644">
        <ele>67.67</ele>
      </trkpt>
      <trkpt lat="36.07980991713703" lon="-121.61126998253167">
        <ele>67.56</ele>
      </trkpt>
      <trkpt lat="36.079739928245544" lon="-121.61121994256973">
        <ele>67.45</ele>
      </trkpt>
      <trkpt lat="36.079649990424514" lon="-121.61116998642683">
        <ele>67.39</ele>
      </trkpt>
      <trkpt lat="36.07961998321116" lon="-121.61114995367825">
        <ele>67.34</ele>
      </trkpt>
      <trkpt lat="36.07951998710632" lon="-121.61109999753535">
        <ele>67.3</ele>
      </trkpt>
      <trkpt lat="36.07934991829097" lon="-121.61102992482483">
        <ele>67.32</ele>
      </trkpt>
      <trkpt lat="36.079289987683296" lon="-121.61100997589529">
        <ele>67.34</ele>
      </trkpt>
      <trkpt lat="36.07923994772136" lon="-121.6109899431467">
        <ele>67.38</ele>
      </trkpt>
      <trkpt lat="36.07916995882988" lon="-121.61096999421716">
        <ele>67.42</ele>
      </trkpt>
      <trkpt lat="36.07907993718982" lon="-121.61091995425522">
        <ele>67.49</ele>
      </trkpt>
      <trkpt lat="36.079009948298335" lon="-121.61086999811232">
        <ele>67.61</ele>
      </trkpt>
      <trkpt lat="36.0789099521935" lon="-121.61080998368561">
        <ele>67.71</ele>
      </trkpt>
      <trkpt lat="36.078819930553436" lon="-121.61071996204555">
        <ele>67.87</ele>
      </trkpt>
      <trkpt lat="36.07875999994576" lon="-121.61066992208362">
        <ele>68.02</ele>
      </trkpt>
      <trkpt lat="36.078689927235246" lon="-121.61058995872736">
        <ele>68.23</ele>
      </trkpt>
      <trkpt lat="36.07861993834376" lon="-121.6105099953711">
        <ele>68.37</ele>
      </trkpt>
      <trkpt lat="36.0784799605608" lon="-121.61033992655575">
        <ele>68.58</ele>
      </trkpt>
      <trkpt lat="36.078319950029254" lon="-121.61010992713273">
        <ele>68.75</ele>
      </trkpt>
      <trkpt lat="36.07820495031774" lon="-121.6099349129945">
        <ele>69.05</ele>
      </trkpt>
      <trkpt lat="36.07808995060623" lon="-121.60975998267531">
        <ele>69.3</ele>
      </trkpt>
      <trkpt lat="36.0780499689281" lon="-121.6096999682486">
        <ele>69.56</ele>
      </trkpt>
      <trkpt lat="36.077979980036616" lon="-121.60959997214377">
        <ele>69.84</ele>
      </trkpt>
      <trkpt lat="36.07796992175281" lon="-121.609589997679">
        <ele>70.13</ele>
      </trkpt>
      <trkpt lat="36.07791996560991" lon="-121.6095099505037">
        <ele>70.45</ele>
      </trkpt>
      <trkpt lat="36.0778599511832" lon="-121.60940995439887">
        <ele>70.8</ele>
      </trkpt>
      <trkpt lat="36.0778599511832" lon="-121.6093999799341">
        <ele>71.13</ele>
      </trkpt>
      <trkpt lat="36.077829943969846" lon="-121.60934993997216">
        <ele>71.44</ele>
      </trkpt>
      <trkpt lat="36.07777998782694" lon="-121.60924994386733">
        <ele>71.78</ele>
      </trkpt>
      <trkpt lat="36.07775995507836" lon="-121.60922999493778">
        <ele>72.12</ele>
      </trkpt>
      <trkpt lat="36.07775995507836" lon="-121.60921993665397">
        <ele>72.47</ele>
      </trkpt>
      <trkpt lat="36.077719973400235" lon="-121.60915992222726">
        <ele>72.86</ele>
      </trkpt>
      <trkpt lat="36.0776699334383" lon="-121.60905992612243">
        <ele>73.26</ele>
      </trkpt>
      <trkpt lat="36.0776199772954" lon="-121.60897996276617">
        <ele>73.59</ele>
      </trkpt>
      <trkpt lat="36.077569937333465" lon="-121.60886999219656">
        <ele>73.95</ele>
      </trkpt>
      <trkpt lat="36.077569937333465" lon="-121.60885993391275">
        <ele>74.31</ele>
      </trkpt>
      <trkpt lat="36.07753993012011" lon="-121.60881995223463">
        <ele>74.63</ele>
      </trkpt>
      <trkpt lat="36.07749994844198" lon="-121.60872993059456">
        <ele>74.97</ele>
      </trkpt>
      <trkpt lat="36.077459966763854" lon="-121.60866999998689">
        <ele>75.31</ele>
      </trkpt>
      <trkpt lat="36.077459966763854" lon="-121.60865994170308">
        <ele>75.66</ele>
      </trkpt>
      <trkpt lat="36.07740992680192" lon="-121.60855994559824">
        <ele>75.99</ele>
      </trkpt>
      <trkpt lat="36.07736994512379" lon="-121.60846992395818">
        <ele>76.32</ele>
      </trkpt>
      <trkpt lat="36.07730993069708" lon="-121.60835995338857">
        <ele>76.63</ele>
      </trkpt>
      <trkpt lat="36.07727992348373" lon="-121.60828996449709">
        <ele>76.95</ele>
      </trkpt>
      <trkpt lat="36.07721999287605" lon="-121.60818996839225">
        <ele>77.26</ele>
      </trkpt>
      <trkpt lat="36.07716995291412" lon="-121.60807999782264">
        <ele>77.57</ele>
      </trkpt>
      <trkpt lat="36.0770398657769" lon="-121.60780976526439">
        <ele>77.86</ele>
      </trkpt>
      <trkpt lat="36.07690994627774" lon="-121.6075399518013">
        <ele>78.21</ele>
      </trkpt>
      <trkpt lat="36.07680986635387" lon="-121.60735487937927">
        <ele>78.6</ele>
      </trkpt>
      <trkpt lat="36.076709954068065" lon="-121.60716997459531">
        <ele>78.85</ele>
      </trkpt>
      <trkpt lat="36.07664993964136" lon="-121.60704994574189">
        <ele>79.07</ele>
      </trkpt>
      <trkpt lat="36.07654994353652" lon="-121.606859927997">
        <ele>79.27</ele>
      </trkpt>
      <trkpt lat="36.07650996185839" lon="-121.60677996464074">
        <ele>79.44</ele>
      </trkpt>
      <trkpt lat="36.0763799585402" lon="-121.60664996132255">
        <ele>79.59</ele>
      </trkpt>
      <trkpt lat="36.076299995183945" lon="-121.60658994689584">
        <ele>79.71</ele>
      </trkpt>
      <trkpt lat="36.07621994800866" lon="-121.60651995800436">
        <ele>79.81</ele>
      </trkpt>
      <trkpt lat="36.07620997354388" lon="-121.60651995800436">
        <ele>79.88</ele>
      </trkpt>
      <trkpt lat="36.07619999907911" lon="-121.60650998353958">
        <ele>79.93</ele>
      </trkpt>
      <trkpt lat="36.07611995190382" lon="-121.60644996911287">
        <ele>79.95</ele>
      </trkpt>
      <trkpt lat="36.07605993747711" lon="-121.60640998743474">
        <ele>79.94</ele>
      </trkpt>
      <trkpt lat="36.075999923050404" lon="-121.60636992193758">
        <ele>79.9</ele>
      </trkpt>
      <trkpt lat="36.075959941372275" lon="-121.60634997300804">
        <ele>79.84</ele>
      </trkpt>
      <trkpt lat="36.07585994526744" lon="-121.6062999330461">
        <ele>79.75</ele>
      </trkpt>
      <trkpt lat="36.07579993084073" lon="-121.60626992583275">
        <ele>79.66</ele>
      </trkpt>
      <trkpt lat="36.0757599491626" lon="-121.60625995136797">
        <ele>79.53</ele>
      </trkpt>
      <trkpt lat="36.07573991641402" lon="-121.60625995136797">
        <ele>79.39</ele>
      </trkpt>
      <trkpt lat="36.07572994194925" lon="-121.60625995136797">
        <ele>79.22</ele>
      </trkpt>
      <trkpt lat="36.075719967484474" lon="-121.6062499769032">
        <ele>79.05</ele>
      </trkpt>
      <trkpt lat="36.075679985806346" lon="-121.6062399186194">
        <ele>78.84</ele>
      </trkpt>
      <trkpt lat="36.075609996914864" lon="-121.60622994415462">
        <ele>78.6</ele>
      </trkpt>
      <trkpt lat="36.075529949739575" lon="-121.60622994415462">
        <ele>78.3</ele>
      </trkpt>
      <trkpt lat="36.07545996084809" lon="-121.60622994415462">
        <ele>77.99</ele>
      </trkpt>
      <trkpt lat="36.07536993920803" lon="-121.6062399186194">
        <ele>77.65</ele>
      </trkpt>
      <trkpt lat="36.07535996474326" lon="-121.6062399186194">
        <ele>77.35</ele>
      </trkpt>
      <trkpt lat="36.07533993199468" lon="-121.6062399186194">
        <ele>77.03</ele>
      </trkpt>
      <trkpt lat="36.075229961425066" lon="-121.6062499769032">
        <ele>76.66</ele>
      </trkpt>
      <trkpt lat="36.075139939785004" lon="-121.60626992583275">
        <ele>76.29</ele>
      </trkpt>
      <trkpt lat="36.0750899836421" lon="-121.60628995858133">
        <ele>75.91</ele>
      </trkpt>
      <trkpt lat="36.07502996921539" lon="-121.6062999330461">
        <ele>75.55</ele>
      </trkpt>
      <trkpt lat="36.07487993314862" lon="-121.60634997300804">
        <ele>75.18</ele>
      </trkpt>
      <trkpt lat="36.07484992593527" lon="-121.60636992193758">
        <ele>74.81</ele>
      </trkpt>
      <trkpt lat="36.074839951470494" lon="-121.60636992193758">
        <ele>74.45</ele>
      </trkpt>
      <trkpt lat="36.07482997700572" lon="-121.60637998022139">
        <ele>74.06</ele>
      </trkpt>
      <trkpt lat="36.07463995926082" lon="-121.60647997632623">
        <ele>73.65</ele>
      </trkpt>
      <trkpt lat="36.074559995904565" lon="-121.60650998353958">
        <ele>73.27</ele>
      </trkpt>
      <trkpt lat="36.07450995594263" lon="-121.60652993246913">
        <ele>72.88</ele>
      </trkpt>
      <trkpt lat="36.07449998147786" lon="-121.60652993246913">
        <ele>72.49</ele>
      </trkpt>
      <trkpt lat="36.07447994872928" lon="-121.60653999075294">
        <ele>72.09</ele>
      </trkpt>
      <trkpt lat="36.07444994151592" lon="-121.60654996521771">
        <ele>71.68</ele>
      </trkpt>
      <trkpt lat="36.07439998537302" lon="-121.60655993968248">
        <ele>71.28</ele>
      </trkpt>
      <trkpt lat="36.074369978159666" lon="-121.60656999796629">
        <ele>70.88</ele>
      </trkpt>
      <trkpt lat="36.074349945411086" lon="-121.60656999796629">
        <ele>70.48</ele>
      </trkpt>
      <trkpt lat="36.07432999648154" lon="-121.60657997243106">
        <ele>70.06</ele>
      </trkpt>
      <trkpt lat="36.074299989268184" lon="-121.60657997243106">
        <ele>69.65</ele>
      </trkpt>
      <trkpt lat="36.074239974841475" lon="-121.60658994689584">
        <ele>69.24</ele>
      </trkpt>
      <trkpt lat="36.07419999316335" lon="-121.60659992136061">
        <ele>68.83</ele>
      </trkpt>
      <trkpt lat="36.07415992766619" lon="-121.60659992136061">
        <ele>68.41</ele>
      </trkpt>
      <trkpt lat="36.074109971523285" lon="-121.60659992136061">
        <ele>67.98</ele>
      </trkpt>
      <trkpt lat="36.07406998984516" lon="-121.60660997964442">
        <ele>67.54</ele>
      </trkpt>
      <trkpt lat="36.07399991713464" lon="-121.60659992136061">
        <ele>67.12</ele>
      </trkpt>
      <trkpt lat="36.073919953778386" lon="-121.60659992136061">
        <ele>66.67</ele>
      </trkpt>
      <trkpt lat="36.07387997210026" lon="-121.60658994689584">
        <ele>66.21</ele>
      </trkpt>
      <trkpt lat="36.073789950460196" lon="-121.60654996521771">
        <ele>65.72</ele>
      </trkpt>
      <trkpt lat="36.07370998710394" lon="-121.60651995800436">
        <ele>65.24</ele>
      </trkpt>
      <trkpt lat="36.073549976572394" lon="-121.60644996911287">
        <ele>64.73</ele>
      </trkpt>
      <trkpt lat="36.07342994771898" lon="-121.60637998022139">
        <ele>64.31</ele>
      </trkpt>
      <trkpt lat="36.07327999547124" lon="-121.6062999330461">
        <ele>63.84</ele>
      </trkpt>
      <trkpt lat="36.07312995940447" lon="-121.60621996968985">
        <ele>63.4</ele>
      </trkpt>
      <trkpt lat="36.07304999604821" lon="-121.60617998801172">
        <ele>62.94</ele>
      </trkpt>
      <trkpt lat="36.072969948872924" lon="-121.60612994804978">
        <ele>62.51</ele>
      </trkpt>
      <trkpt lat="36.072819996625185" lon="-121.60601997748017">
        <ele>62.06</ele>
      </trkpt>
      <trkpt lat="36.072799963876605" lon="-121.60600991919637">
        <ele>61.59</ele>
      </trkpt>
      <trkpt lat="36.072609946131706" lon="-121.60588997416198">
        <ele>61.12</ele>
      </trkpt>
      <trkpt lat="36.07248991727829" lon="-121.60579995252192">
        <ele>60.63</ele>
      </trkpt>
      <trkpt lat="36.07240995392203" lon="-121.60571998916566">
        <ele>60.15</ele>
      </trkpt>
      <trkpt lat="36.07233996503055" lon="-121.60564991645515">
        <ele>59.64</ele>
      </trkpt>
      <trkpt lat="36.07224994339049" lon="-121.60554992035031">
        <ele>59.13</ele>
      </trkpt>
      <trkpt lat="36.072179954499006" lon="-121.60540994256735">
        <ele>58.66</ele>
      </trkpt>
      <trkpt lat="36.0721199400723" lon="-121.60531992092729">
        <ele>58.14</ele>
      </trkpt>
      <trkpt lat="36.072089932858944" lon="-121.6052499320358">
        <ele>57.65</ele>
      </trkpt>
      <trkpt lat="36.07203997671604" lon="-121.60515999421477">
        <ele>57.09</ele>
      </trkpt>
      <trkpt lat="36.07200996950269" lon="-121.60505999810994">
        <ele>56.53</ele>
      </trkpt>
      <trkpt lat="36.07195992954075" lon="-121.60493996925652">
        <ele>55.94</ele>
      </trkpt>
      <trkpt lat="36.071919947862625" lon="-121.60484994761646">
        <ele>55.34</ele>
      </trkpt>
      <trkpt lat="36.07184484601021" lon="-121.60463972948492">
        <ele>54.76</ele>
      </trkpt>
      <trkpt lat="36.071769995614886" lon="-121.60442993044853">
        <ele>54.16</ele>
      </trkpt>
      <trkpt lat="36.07169992290437" lon="-121.60428995266557">
        <ele>53.49</ele>
      </trkpt>
      <trkpt lat="36.071619959548116" lon="-121.60409993492067">
        <ele>52.93</ele>
      </trkpt>
      <trkpt lat="36.07155994512141" lon="-121.60394998267293">
        <ele>52.28</ele>
      </trkpt>
      <trkpt lat="36.07155994512141" lon="-121.60393992438912">
        <ele>51.62</ele>
      </trkpt>
      <trkpt lat="36.07152993790805" lon="-121.60386993549764">
        <ele>50.98</ele>
      </trkpt>
      <trkpt lat="36.071469923481345" lon="-121.60375996492803">
        <ele>50.21</ele>
      </trkpt>
      <trkpt lat="36.07140999287367" lon="-121.60361998714507">
        <ele>49.49</ele>
      </trkpt>
      <trkpt lat="36.071359952911735" lon="-121.60348998382688">
        <ele>48.84</ele>
      </trkpt>
      <trkpt lat="36.07130999676883" lon="-121.60339996218681">
        <ele>48.05</ele>
      </trkpt>
      <trkpt lat="36.07128996402025" lon="-121.60335998050869">
        <ele>47.29</ele>
      </trkpt>
      <trkpt lat="36.07127998955548" lon="-121.60332997329533">
        <ele>46.53</ele>
      </trkpt>
      <trkpt lat="36.071229949593544" lon="-121.6032299771905">
        <ele>45.72</ele>
      </trkpt>
      <trkpt lat="36.07119994238019" lon="-121.60315998829901">
        <ele>44.89</ele>
      </trkpt>
      <trkpt lat="36.07115996070206" lon="-121.60307994112372">
        <ele>44.04</ele>
      </trkpt>
      <trkpt lat="36.07110992074013" lon="-121.60298991948366">
        <ele>43.23</ele>
      </trkpt>
      <trkpt lat="36.07104999013245" lon="-121.60283996723592">
        <ele>42.42</ele>
      </trkpt>
      <trkpt lat="36.07091998681426" lon="-121.60259999334812">
        <ele>41.5</ele>
      </trkpt>
      <trkpt lat="36.07080993242562" lon="-121.60240997560322">
        <ele>40.62</ele>
      </trkpt>
      <trkpt lat="36.070739943534136" lon="-121.60226999782026">
        <ele>39.75</ele>
      </trkpt>
      <trkpt lat="36.07065998017788" lon="-121.60215994343162">
        <ele>38.87</ele>
      </trkpt>
      <trkpt lat="36.070609940215945" lon="-121.602049972862">
        <ele>37.98</ele>
      </trkpt>
      <trkpt lat="36.070609940215945" lon="-121.60203999839723">
        <ele>37.16</ele>
      </trkpt>
      <trkpt lat="36.07051991857588" lon="-121.6018599551171">
        <ele>36.28</ele>
      </trkpt>
      <trkpt lat="36.070439955219626" lon="-121.60167999565601">
        <ele>35.41</ele>
      </trkpt>
      <trkpt lat="36.0703999735415" lon="-121.60154999233782">
        <ele>34.57</ele>
      </trkpt>
      <trkpt lat="36.070349933579564" lon="-121.60138998180628">
        <ele>33.7</ele>
      </trkpt>
      <trkpt lat="36.070309951901436" lon="-121.60122997127473">
        <ele>32.89</ele>
      </trkpt>
      <trkpt lat="36.07029997743666" lon="-121.6011299751699">
        <ele>32.16</ele>
      </trkpt>
      <trkpt lat="36.07027994468808" lon="-121.60102997906506">
        <ele>31.43</ele>
      </trkpt>
      <trkpt lat="36.07025999575853" lon="-121.60090995021164">
        <ele>30.73</ele>
      </trkpt>
      <trkpt lat="36.07025999575853" lon="-121.60070995800197">
        <ele>29.98</ele>
      </trkpt>
      <trkpt lat="36.07023996300995" lon="-121.600569980219">
        <ele>29.24</ele>
      </trkpt>
      <trkpt lat="36.07021993026137" lon="-121.60038993693888">
        <ele>28.49</ele>
      </trkpt>
      <trkpt lat="36.070179948583245" lon="-121.60027996636927">
        <ele>27.82</ele>
      </trkpt>
      <trkpt lat="36.07012999244034" lon="-121.60008994862437">
        <ele>27.15</ele>
      </trkpt>
      <trkpt lat="36.07008992694318" lon="-121.59992993809283">
        <ele>26.61</ele>
      </trkpt>
      <trkpt lat="36.07000996358693" lon="-121.59962994977832">
        <ele>26.21</ele>
      </trkpt>
      <trkpt lat="36.0699699819088" lon="-121.59949994646013">
        <ele>25.94</ele>
      </trkpt>
      <trkpt lat="36.069939974695444" lon="-121.59939995035529">
        <ele>25.68</ele>
      </trkpt>
      <trkpt lat="36.06981994584203" lon="-121.59916995093226">
        <ele>25.61</ele>
      </trkpt>
      <trkpt lat="36.06975993141532" lon="-121.59899996593595">
        <ele>25.53</ele>
      </trkpt>
      <trkpt lat="36.06968994252384" lon="-121.5988399554044">
        <ele>25.5</ele>
      </trkpt>
      <trkpt lat="36.06955993920565" lon="-121.5985999815166">
        <ele>25.56</ele>
      </trkpt>
      <trkpt lat="36.069489950314164" lon="-121.59846997819841">
        <ele>25.54</ele>
      </trkpt>
      <trkpt lat="36.069469917565584" lon="-121.59843997098505">
        <ele>25.53</ele>
      </trkpt>
      <trkpt lat="36.069429935887456" lon="-121.59835992380977">
        <ele>25.6</ele>
      </trkpt>
      <trkpt lat="36.069359946995974" lon="-121.59824995324016">
        <ele>25.71</ele>
      </trkpt>
      <trkpt lat="36.06926992535591" lon="-121.59809991717339">
        <ele>25.82</ele>
      </trkpt>
      <trkpt lat="36.06925995089114" lon="-121.59807996824384">
        <ele>26.0</ele>
      </trkpt>
      <trkpt lat="36.06922994367778" lon="-121.59804996103048">
        <ele>26.18</ele>
      </trkpt>
      <trkpt lat="36.069189961999655" lon="-121.59798994660378">
        <ele>26.41</ele>
      </trkpt>
      <trkpt lat="36.06913992203772" lon="-121.59791995771229">
        <ele>26.69</ele>
      </trkpt>
      <trkpt lat="36.0691099986434" lon="-121.59787997603416">
        <ele>27.01</ele>
      </trkpt>
      <trkpt lat="36.069019977003336" lon="-121.59775994718075">
        <ele>27.36</ele>
      </trkpt>
      <trkpt lat="36.06900991871953" lon="-121.59774997271597">
        <ele>27.76</ele>
      </trkpt>
      <trkpt lat="36.068929955363274" lon="-121.59763991832733">
        <ele>28.19</ele>
      </trkpt>
      <trkpt lat="36.068889973685145" lon="-121.59758996218443">
        <ele>28.64</ele>
      </trkpt>
      <trkpt lat="36.06874999590218" lon="-121.59739994443953">
        <ele>29.14</ele>
      </trkpt>
      <trkpt lat="36.068649999797344" lon="-121.59725996665657">
        <ele>29.67</ele>
      </trkpt>
      <trkpt lat="36.06857992708683" lon="-121.59714999608696">
        <ele>30.2</ele>
      </trkpt>
      <trkpt lat="36.068419916555285" lon="-121.59691999666393">
        <ele>30.84</ele>
      </trkpt>
      <trkpt lat="36.06831992045045" lon="-121.59677993506193">
        <ele>31.46</ele>
      </trkpt>
      <trkpt lat="36.06819494627416" lon="-121.59659494645894">
        <ele>32.15</ele>
      </trkpt>
      <trkpt lat="36.068069972097874" lon="-121.59640995785594">
        <ele>32.87</ele>
      </trkpt>
      <trkpt lat="36.06794994324446" lon="-121.59623997285962">
        <ele>33.61</ele>
      </trkpt>
      <trkpt lat="36.06783997267485" lon="-121.5960699878633">
        <ele>34.37</ele>
      </trkpt>
      <trkpt lat="36.06773997657001" lon="-121.59591995179653">
        <ele>35.15</ele>
      </trkpt>
      <trkpt lat="36.06771994382143" lon="-121.59589991904795">
        <ele>35.92</ele>
      </trkpt>
      <trkpt lat="36.06761491857469" lon="-121.59571987576783">
        <ele>36.83</ele>
      </trkpt>
      <trkpt lat="36.06750997714698" lon="-121.59553991630673">
        <ele>37.64</ele>
      </trkpt>
      <trkpt lat="36.067469995468855" lon="-121.59547998569906">
        <ele>38.44</ele>
      </trkpt>
      <trkpt lat="36.06735994108021" lon="-121.5953099168837">
        <ele>39.27</ele>
      </trkpt>
      <trkpt lat="36.067319959402084" lon="-121.59523992799222">
        <ele>40.1</ele>
      </trkpt>
      <trkpt lat="36.06728995218873" lon="-121.59518997184932">
        <ele>40.89</ele>
      </trkpt>
      <trkpt lat="36.06726991944015" lon="-121.5951499901712">
        <ele>41.69</ele>
      </trkpt>
      <trkpt lat="36.06722993776202" lon="-121.59508997574449">
        <ele>42.48</ele>
      </trkpt>
      <trkpt lat="36.06719993054867" lon="-121.59503993578255">
        <ele>43.3</ele>
      </trkpt>
      <trkpt lat="36.067169923335314" lon="-121.59497992135584">
        <ele>44.11</ele>
      </trkpt>
      <trkpt lat="36.067149974405766" lon="-121.59492996521294">
        <ele>44.91</ele>
      </trkpt>
      <trkpt lat="36.06708995997906" lon="-121.59479996189475">
        <ele>45.7</ele>
      </trkpt>
      <trkpt lat="36.06704997830093" lon="-121.59470994025469">
        <ele>46.54</ele>
      </trkpt>
      <trkpt lat="36.0670099966228" lon="-121.59461991861463">
        <ele>47.28</ele>
      </trkpt>
      <trkpt lat="36.06691997498274" lon="-121.59443995915353">
        <ele>48.04</ele>
      </trkpt>
      <trkpt lat="36.066829953342676" lon="-121.59421993419528">
        <ele>48.81</ele>
      </trkpt>
      <trkpt lat="36.06670992448926" lon="-121.59393997862935">
        <ele>49.55</ele>
      </trkpt>
      <trkpt lat="36.06666994281113" lon="-121.59383998252451">
        <ele>50.26</ele>
      </trkpt>
      <trkpt lat="36.066629961133" lon="-121.59375993534923">
        <ele>50.95</ele>
      </trkpt>
      <trkpt lat="36.06653993949294" lon="-121.59354996867478">
        <ele>51.62</ele>
      </trkpt>
      <trkpt lat="36.066459976136684" lon="-121.59337998367846">
        <ele>52.31</ele>
      </trkpt>
      <trkpt lat="36.06640993617475" lon="-121.59324998036027">
        <ele>52.96</ele>
      </trkpt>
      <trkpt lat="36.06636995449662" lon="-121.59314998425543">
        <ele>53.56</ele>
      </trkpt>
      <trkpt lat="36.066329972818494" lon="-121.5930499881506">
        <ele>54.13</ele>
      </trkpt>
      <trkpt lat="36.06629996560514" lon="-121.59299994818866">
        <ele>54.64</ele>
      </trkpt>
      <trkpt lat="36.066249925643206" lon="-121.5928599704057">
        <ele>55.12</ele>
      </trkpt>
      <trkpt lat="36.06618999503553" lon="-121.59271999262273">
        <ele>55.56</ele>
      </trkpt>
      <trkpt lat="36.06616996228695" lon="-121.59264991991222">
        <ele>55.94</ele>
      </trkpt>
      <trkpt lat="36.06614992953837" lon="-121.59259996376932">
        <ele>56.29</ele>
      </trkpt>
      <trkpt lat="36.06609997339547" lon="-121.59249996766448">
        <ele>56.62</ele>
      </trkpt>
      <trkpt lat="36.06607994064689" lon="-121.59245998598635">
        <ele>56.93</ele>
      </trkpt>
      <trkpt lat="36.06605999171734" lon="-121.59239997155964">
        <ele>57.21</ele>
      </trkpt>
      <trkpt lat="36.06601992622018" lon="-121.59231992438436">
        <ele>57.45</ele>
      </trkpt>
      <trkpt lat="36.065989919006824" lon="-121.59226996824145">
        <ele>57.64</ele>
      </trkpt>
      <trkpt lat="36.06597994454205" lon="-121.59226996824145">
        <ele>57.8</ele>
      </trkpt>
      <trkpt lat="36.06597994454205" lon="-121.59225999377668">
        <ele>57.95</ele>
      </trkpt>
      <trkpt lat="36.06592998839915" lon="-121.59219997934997">
        <ele>58.05</ele>
      </trkpt>
      <trkpt lat="36.065899981185794" lon="-121.59216997213662">
        <ele>58.1</ele>
      </trkpt>
      <trkpt lat="36.065879948437214" lon="-121.59214993938804">
        <ele>58.13</ele>
      </trkpt>
      <trkpt lat="36.06584994122386" lon="-121.59211993217468">
        <ele>58.13</ele>
      </trkpt>
      <trkpt lat="36.06582999229431" lon="-121.59210995770991">
        <ele>58.11</ele>
      </trkpt>
      <trkpt lat="36.06580995954573" lon="-121.59208992496133">
        <ele>58.08</ele>
      </trkpt>
      <trkpt lat="36.06577995233238" lon="-121.59206997603178">
        <ele>58.02</ele>
      </trkpt>
      <trkpt lat="36.06573997065425" lon="-121.59205991774797">
        <ele>57.94</ele>
      </trkpt>
      <trkpt lat="36.065709963440895" lon="-121.5920499432832">
        <ele>57.85</ele>
      </trkpt>
      <trkpt lat="36.065689930692315" lon="-121.59203996881843">
        <ele>57.74</ele>
      </trkpt>
      <trkpt lat="36.06551039032638" lon="-121.59199504181743">
        <ele>57.57</ele>
      </trkpt>
      <trkpt lat="36.0653299279511" lon="-121.59194994717836">
        <ele>57.4</ele>
      </trkpt>
      <trkpt lat="36.06513999402523" lon="-121.59189999103546">
        <ele>57.23</ele>
      </trkpt>
      <trkpt lat="36.064999932423234" lon="-121.5918599255383">
        <ele>57.06</ele>
      </trkpt>
      <trkpt lat="36.06494997628033" lon="-121.59183997660875">
        <ele>56.87</ele>
      </trkpt>
      <trkpt lat="36.0649099946022" lon="-121.59181994386017">
        <ele>56.69</ele>
      </trkpt>
      <trkpt lat="36.06485995464027" lon="-121.59179999493062">
        <ele>56.51</ele>
      </trkpt>
      <trkpt lat="36.06466993689537" lon="-121.59171994775534">
        <ele>56.33</ele>
      </trkpt>
      <trkpt lat="36.06451998464763" lon="-121.59164995886385">
        <ele>56.12</ele>
      </trkpt>
      <trkpt lat="36.06433994136751" lon="-121.5915699955076">
        <ele>55.88</ele>
      </trkpt>
      <trkpt lat="36.06430993415415" lon="-121.59154996275902">
        <ele>55.68</ele>
      </trkpt>
      <trkpt lat="36.064139949157834" lon="-121.59145994111896">
        <ele>55.51</ele>
      </trkpt>
      <trkpt lat="36.064099967479706" lon="-121.5914299339056">
        <ele>55.32</ele>
      </trkpt>
      <trkpt lat="36.06387994252145" lon="-121.59129993058741">
        <ele>55.16</ele>
      </trkpt>
      <trkpt lat="36.063819928094745" lon="-121.59126992337406">
        <ele>54.95</ele>
      </trkpt>
      <trkpt lat="36.06375999748707" lon="-121.59123999997973">
        <ele>54.75</ele>
      </trkpt>
      <trkpt lat="36.063729990273714" lon="-121.59121996723115">
        <ele>54.54</ele>
      </trkpt>
      <trkpt lat="36.06369998306036" lon="-121.59120999276638">
        <ele>54.33</ele>
      </trkpt>
      <trkpt lat="36.063669975847006" lon="-121.59119993448257">
        <ele>54.12</ele>
      </trkpt>
      <trkpt lat="36.06363996863365" lon="-121.5911899600178">
        <ele>53.92</ele>
      </trkpt>
      <trkpt lat="36.0636099614203" lon="-121.59117998555303">
        <ele>53.73</ele>
      </trkpt>
      <trkpt lat="36.06357995420694" lon="-121.59116992726922">
        <ele>53.53</ele>
      </trkpt>
      <trkpt lat="36.06352999806404" lon="-121.59115995280445">
        <ele>53.34</ele>
      </trkpt>
      <trkpt lat="36.06348993256688" lon="-121.59115995280445">
        <ele>53.16</ele>
      </trkpt>
      <trkpt lat="36.06346998363733" lon="-121.59115995280445">
        <ele>52.99</ele>
      </trkpt>
      <trkpt lat="36.06345992535353" lon="-121.59115995280445">
        <ele>52.84</ele>
      </trkpt>
      <trkpt lat="36.06339999474585" lon="-121.59114997833967">
        <ele>52.71</ele>
      </trkpt>
      <trkpt lat="36.063219951465726" lon="-121.59115995280445">
        <ele>52.51</ele>
      </trkpt>
      <trkpt lat="36.06299992650747" lon="-121.59117998555303">
        <ele>52.34</ele>
      </trkpt>
      <trkpt lat="36.06279540807009" lon="-121.5911899600178">
        <ele>52.21</ele>
      </trkpt>
      <trkpt lat="36.06258996762335" lon="-121.59119993448257">
        <ele>52.13</ele>
      </trkpt>
      <trkpt lat="36.06256993487477" lon="-121.59120999276638">
        <ele>52.07</ele>
      </trkpt>
      <trkpt lat="36.06238997541368" lon="-121.59122994169593">
        <ele>52.05</ele>
      </trkpt>
      <trkpt lat="36.06223993934691" lon="-121.59124997444451">
        <ele>52.05</ele>
      </trkpt>
      <trkpt lat="36.06221999041736" lon="-121.59124997444451">
        <ele>52.07</ele>
      </trkpt>
      <trkpt lat="36.061989990994334" lon="-121.59126992337406">
        <ele>52.1</ele>
      </trkpt>
      <trkpt lat="36.06182998046279" lon="-121.59127998165786">
        <ele>52.15</ele>
      </trkpt>
      <trkpt lat="36.06173995882273" lon="-121.59128995612264">
        <ele>52.24</ele>
      </trkpt>
      <trkpt lat="36.061669969931245" lon="-121.59128995612264">
        <ele>52.36</ele>
      </trkpt>
      <trkpt lat="36.06160995550454" lon="-121.59128995612264">
        <ele>52.53</ele>
      </trkpt>
      <trkpt lat="36.06154994107783" lon="-121.59128995612264">
        <ele>52.71</ele>
      </trkpt>
      <trkpt lat="36.06146997772157" lon="-121.59128995612264">
        <ele>52.92</ele>
      </trkpt>
      <trkpt lat="36.0612699855119" lon="-121.59124997444451">
        <ele>53.19</ele>
      </trkpt>
      <trkpt lat="36.061079967767" lon="-121.59120999276638">
        <ele>53.46</ele>
      </trkpt>
      <trkpt lat="36.06099992059171" lon="-121.5911899600178">
        <ele>53.75</ele>
      </trkpt>
      <trkpt lat="36.060809986665845" lon="-121.59114997833967">
        <ele>54.08</ele>
      </trkpt>
      <trkpt lat="36.06056992895901" lon="-121.59107998944819">
        <ele>54.44</ele>
      </trkpt>
      <trkpt lat="36.06029994785786" lon="-121.59101997502148">
        <ele>54.81</ele>
      </trkpt>
      <trkpt lat="36.0602699406445" lon="-121.59100991673768">
        <ele>55.2</ele>
      </trkpt>
      <trkpt lat="36.060119988396764" lon="-121.59096993505955">
        <ele>55.63</ele>
      </trkpt>
      <trkpt lat="36.059929970651865" lon="-121.59092995338142">
        <ele>56.07</ele>
      </trkpt>
      <trkpt lat="36.05976996012032" lon="-121.59088997170329">
        <ele>56.53</ele>
      </trkpt>
      <trkpt lat="36.059589916840196" lon="-121.59084999002516">
        <ele>57.03</ele>
      </trkpt>
      <trkpt lat="36.05956996791065" lon="-121.59084999002516">
        <ele>57.54</ele>
      </trkpt>
      <trkpt lat="36.05931993573904" lon="-121.59078997559845">
        <ele>58.08</ele>
      </trkpt>
      <trkpt lat="36.05905992910266" lon="-121.59071998670697">
        <ele>58.66</ele>
      </trkpt>
      <trkpt lat="36.058789948001504" lon="-121.59064999781549">
        <ele>59.27</ele>
      </trkpt>
      <trkpt lat="36.05870998464525" lon="-121.59061999060214">
        <ele>59.88</ele>
      </trkpt>
      <trkpt lat="36.05855994857848" lon="-121.59057992510498">
        <ele>60.53</ele>
      </trkpt>
      <trkpt lat="36.05852994136512" lon="-121.5905699506402">
        <ele>61.17</ele>
      </trkpt>
      <trkpt lat="36.05825996026397" lon="-121.59049996174872">
        <ele>61.89</ele>
      </trkpt>
      <trkpt lat="36.058039935305715" lon="-121.59043994732201">
        <ele>62.58</ele>
      </trkpt>
      <trkpt lat="36.058019986376166" lon="-121.59043994732201">
        <ele>63.23</ele>
      </trkpt>
      <trkpt lat="36.05771999806166" lon="-121.59035998396575">
        <ele>63.92</ele>
      </trkpt>
      <trkpt lat="36.057525370270014" lon="-121.59031505696476">
        <ele>64.59</ele>
      </trkpt>
      <trkpt lat="36.057329988107085" lon="-121.59026996232569">
        <ele>65.25</ele>
      </trkpt>
      <trkpt lat="36.05707995593548" lon="-121.59019997343421">
        <ele>65.93</ele>
      </trkpt>
      <trkpt lat="36.056989934295416" lon="-121.59016996622086">
        <ele>66.59</ele>
      </trkpt>
      <trkpt lat="36.05696998536587" lon="-121.59016996622086">
        <ele>67.25</ele>
      </trkpt>
      <trkpt lat="36.05688993819058" lon="-121.5901399590075">
        <ele>67.93</ele>
      </trkpt>
      <trkpt lat="36.05680997483432" lon="-121.59011992625892">
        <ele>68.62</ele>
      </trkpt>
      <trkpt lat="36.056769993156195" lon="-121.59009997732937">
        <ele>69.28</ele>
      </trkpt>
      <trkpt lat="36.056639989838004" lon="-121.59004993736744">
        <ele>69.98</ele>
      </trkpt>
      <trkpt lat="36.056599924340844" lon="-121.59003996290267">
        <ele>70.61</ele>
      </trkpt>
      <trkpt lat="36.056489953771234" lon="-121.58998992294073">
        <ele>71.27</ele>
      </trkpt>
      <trkpt lat="36.056469921022654" lon="-121.58997994847596">
        <ele>71.87</ele>
      </trkpt>
      <trkpt lat="36.056429939344525" lon="-121.58995999954641">
        <ele>72.46</ele>
      </trkpt>
      <trkpt lat="36.05637998320162" lon="-121.58993996679783">
        <ele>73.04</ele>
      </trkpt>
      <trkpt lat="36.056319968774915" lon="-121.5898999851197">
        <ele>73.61</ele>
      </trkpt>
      <trkpt lat="36.05630999431014" lon="-121.5898899268359">
        <ele>74.15</ele>
      </trkpt>
      <trkpt lat="36.05625995434821" lon="-121.58985991962254">
        <ele>74.67</ele>
      </trkpt>
      <trkpt lat="36.05617999099195" lon="-121.58980996347964">
        <ele>75.16</ele>
      </trkpt>
      <trkpt lat="36.056149983778596" lon="-121.58978993073106">
        <ele>75.64</ele>
      </trkpt>
      <trkpt lat="36.05608996935189" lon="-121.58974994905293">
        <ele>76.09</ele>
      </trkpt>
      <trkpt lat="36.05602995492518" lon="-121.58969999291003">
        <ele>76.53</ele>
      </trkpt>
      <trkpt lat="36.05594999156892" lon="-121.58962992019951">
        <ele>76.95</ele>
      </trkpt>
      <trkpt lat="36.055889977142215" lon="-121.58956998959184">
        <ele>77.33</ele>
      </trkpt>
      <trkpt lat="36.05582996271551" lon="-121.58950997516513">
        <ele>77.69</ele>
      </trkpt>
      <trkpt lat="36.055759973824024" lon="-121.58943998627365">
        <ele>78.06</ele>
      </trkpt>
      <trkpt lat="36.055719992145896" lon="-121.58937997184694">
        <ele>78.4</ele>
      </trkpt>
      <trkpt lat="36.055679926648736" lon="-121.58931995742023">
        <ele>78.71</ele>
      </trkpt>
      <trkpt lat="36.05563994497061" lon="-121.58925994299352">
        <ele>79.0</ele>
      </trkpt>
      <trkpt lat="36.055609937757254" lon="-121.58920998685062">
        <ele>79.26</ele>
      </trkpt>
      <trkpt lat="36.055569956079125" lon="-121.58915994688869">
        <ele>79.51</ele>
      </trkpt>
      <trkpt lat="36.05550994165242" lon="-121.58903991803527">
        <ele>79.76</ele>
      </trkpt>
      <trkpt lat="36.05549996718764" lon="-121.5890299435705">
        <ele>79.95</ele>
      </trkpt>
      <trkpt lat="36.05542997829616" lon="-121.5888999402523">
        <ele>80.14</ele>
      </trkpt>
      <trkpt lat="36.05539997108281" lon="-121.5888499841094">
        <ele>80.29</ele>
      </trkpt>
      <trkpt lat="36.05529997497797" lon="-121.5886599663645">
        <ele>80.41</ele>
      </trkpt>
      <trkpt lat="36.055269967764616" lon="-121.58860992640257">
        <ele>80.5</ele>
      </trkpt>
      <trkpt lat="36.05516997165978" lon="-121.58842996694148">
        <ele>80.57</ele>
      </trkpt>
      <trkpt lat="36.0550999827683" lon="-121.58828998915851">
        <ele>80.62</ele>
      </trkpt>
      <trkpt lat="36.05503996834159" lon="-121.58818999305367">
        <ele>80.64</ele>
      </trkpt>
      <trkpt lat="36.054989928379655" lon="-121.58809997141361">
        <ele>80.62</ele>
      </trkpt>
      <trkpt lat="36.05494994670153" lon="-121.58802998252213">
        <ele>80.61</ele>
      </trkpt>
      <trkpt lat="36.05491993948817" lon="-121.58798991702497">
        <ele>80.58</ele>
      </trkpt>
      <trkpt lat="36.054899990558624" lon="-121.58795999363065">
        <ele>80.54</ele>
      </trkpt>
      <trkpt lat="36.05486998334527" lon="-121.5879299864173">
        <ele>80.52</ele>
      </trkpt>
      <trkpt lat="36.05484995059669" lon="-121.58789997920394">
        <ele>80.49</ele>
      </trkpt>
      <trkpt lat="36.054819943383336" lon="-121.58786997199059">
        <ele>80.44</ele>
      </trkpt>
      <trkpt lat="36.05479999445379" lon="-121.58783996477723">
        <ele>80.38</ele>
      </trkpt>
      <trkpt lat="36.054769987240434" lon="-121.58780995756388">
        <ele>80.3</ele>
      </trkpt>
      <trkpt lat="36.054729921743274" lon="-121.58777995035052">
        <ele>80.19</ele>
      </trkpt>
      <trkpt lat="36.054689940065145" lon="-121.58774994313717">
        <ele>80.09</ele>
      </trkpt>
      <trkpt lat="36.05464995838702" lon="-121.58771993592381">
        <ele>79.97</ele>
      </trkpt>
      <trkpt lat="36.05459991842508" lon="-121.58769998699427">
        <ele>79.84</ele>
      </trkpt>
      <trkpt lat="36.054559936746955" lon="-121.58766997978091">
        <ele>79.72</ele>
      </trkpt>
      <trkpt lat="36.05451995506883" lon="-121.5876599214971">
        <ele>79.57</ele>
      </trkpt>
      <trkpt lat="36.054469998925924" lon="-121.58763997256756">
        <ele>79.42</ele>
      </trkpt>
      <trkpt lat="36.054409984499216" lon="-121.58762999810278">
        <ele>79.24</ele>
      </trkpt>
      <trkpt lat="36.054369919002056" lon="-121.58761993981898">
        <ele>79.08</ele>
      </trkpt>
      <trkpt lat="36.054299930110574" lon="-121.5876099653542">
        <ele>78.92</ele>
      </trkpt>
      <trkpt lat="36.0542399995029" lon="-121.58759999088943">
        <ele>78.75</ele>
      </trkpt>
      <trkpt lat="36.05419993400574" lon="-121.58759999088943">
        <ele>78.57</ele>
      </trkpt>
      <trkpt lat="36.0540203936398" lon="-121.58759001642466">
        <ele>78.35</ele>
      </trkpt>
      <trkpt lat="36.05383993126452" lon="-121.58757995814085">
        <ele>78.13</ele>
      </trkpt>
      <trkpt lat="36.05355997569859" lon="-121.5875499509275">
        <ele>77.94</ele>
      </trkpt>
      <trkpt lat="36.05331991799176" lon="-121.58752991817892">
        <ele>77.76</ele>
      </trkpt>
      <trkpt lat="36.05308991856873" lon="-121.5874999947846">
        <ele>77.63</ele>
      </trkpt>
      <trkpt lat="36.05287995189428" lon="-121.58747996203601">
        <ele>77.36</ele>
      </trkpt>
      <trkpt lat="36.052709966897964" lon="-121.58746998757124">
        <ele>77.13</ele>
      </trkpt>
      <trkpt lat="36.05260997079313" lon="-121.58745992928743">
        <ele>76.92</ele>
      </trkpt>
      <trkpt lat="36.052429927513" lon="-121.58743998035789">
        <ele>76.78</ele>
      </trkpt>
      <trkpt lat="36.05226991698146" lon="-121.58740997314453">
        <ele>76.67</ele>
      </trkpt>
      <trkpt lat="36.05220998637378" lon="-121.58739999867976">
        <ele>76.55</ele>
      </trkpt>
      <trkpt lat="36.052149971947074" lon="-121.58739999867976">
        <ele>76.44</ele>
      </trkpt>
      <trkpt lat="36.05209993198514" lon="-121.58738994039595">
        <ele>76.33</ele>
      </trkpt>
      <trkpt lat="36.05203991755843" lon="-121.58737996593118">
        <ele>76.21</ele>
      </trkpt>
      <trkpt lat="36.05198996141553" lon="-121.58737996593118">
        <ele>76.08</ele>
      </trkpt>
      <trkpt lat="36.051939921453595" lon="-121.58737996593118">
        <ele>75.95</ele>
      </trkpt>
      <trkpt lat="36.05188996531069" lon="-121.5873699914664">
        <ele>75.83</ele>
      </trkpt>
      <trkpt lat="36.051829950883985" lon="-121.58737996593118">
        <ele>75.7</ele>
      </trkpt>
      <trkpt lat="36.051769936457276" lon="-121.58737996593118">
        <ele>75.58</ele>
      </trkpt>
      <trkpt lat="36.051719980314374" lon="-121.58738994039595">
        <ele>75.47</ele>
      </trkpt>
      <trkpt lat="36.05166994035244" lon="-121.58739999867976">
        <ele>75.35</ele>
      </trkpt>
      <trkpt lat="36.05161998420954" lon="-121.58740997314453">
        <ele>75.26</ele>
      </trkpt>
      <trkpt lat="36.0515699442476" lon="-121.5874199476093">
        <ele>75.17</ele>
      </trkpt>
      <trkpt lat="36.051509929820895" lon="-121.58743998035789">
        <ele>75.07</ele>
      </trkpt>
      <trkpt lat="36.05143994092941" lon="-121.58747996203601">
        <ele>74.97</ele>
      </trkpt>
      <trkpt lat="36.051379926502705" lon="-121.58750996924937">
        <ele>74.89</ele>
      </trkpt>
      <trkpt lat="36.0513299703598" lon="-121.5875499509275">
        <ele>74.81</ele>
      </trkpt>
      <trkpt lat="36.051289988681674" lon="-121.58757995814085">
        <ele>74.73</ele>
      </trkpt>
      <trkpt lat="36.051209941506386" lon="-121.5876599214971">
        <ele>74.63</ele>
      </trkpt>
      <trkpt lat="36.05115998536348" lon="-121.58770996145904">
        <ele>74.56</ele>
      </trkpt>
      <trkpt lat="36.05111991986632" lon="-121.58775991760194">
        <ele>74.49</ele>
      </trkpt>
      <trkpt lat="36.05110994540155" lon="-121.58777995035052">
        <ele>74.45</ele>
      </trkpt>
      <trkpt lat="36.05103995651007" lon="-121.58787994645536">
        <ele>74.43</ele>
      </trkpt>
      <trkpt lat="36.05100994929671" lon="-121.5879299864173">
        <ele>74.42</ele>
      </trkpt>
      <trkpt lat="36.05098991654813" lon="-121.58794993534684">
        <ele>74.41</ele>
      </trkpt>
      <trkpt lat="36.050929985940456" lon="-121.58804993145168">
        <ele>74.41</ele>
      </trkpt>
      <trkpt lat="36.0508999787271" lon="-121.58810994587839">
        <ele>74.4</ele>
      </trkpt>
      <trkpt lat="36.05086997151375" lon="-121.58815998584032">
        <ele>74.43</ele>
      </trkpt>
      <trkpt lat="36.050799982622266" lon="-121.58828998915851">
        <ele>74.45</ele>
      </trkpt>
      <trkpt lat="36.05078992433846" lon="-121.58831999637187">
        <ele>74.46</ele>
      </trkpt>
      <trkpt lat="36.050649946555495" lon="-121.58858997747302">
        <ele>74.51</ele>
      </trkpt>
      <trkpt lat="36.050539975985885" lon="-121.58881997689605">
        <ele>74.53</ele>
      </trkpt>
      <trkpt lat="36.05041994713247" lon="-121.58904997631907">
        <ele>74.56</ele>
      </trkpt>
      <trkpt lat="36.050389939919114" lon="-121.58910999074578">
        <ele>74.59</ele>
      </trkpt>
      <trkpt lat="36.05029991827905" lon="-121.58928995020688">
        <ele>74.59</ele>
      </trkpt>
      <trkpt lat="36.05022992938757" lon="-121.58940997906029">
        <ele>74.59</ele>
      </trkpt>
      <trkpt lat="36.050199922174215" lon="-121.5894599352032">
        <ele>74.61</ele>
      </trkpt>
      <trkpt lat="36.05017997324467" lon="-121.58949991688132">
        <ele>74.65</ele>
      </trkpt>
      <trkpt lat="36.05012993328273" lon="-121.58955993130803">
        <ele>74.71</ele>
      </trkpt>
      <trkpt lat="36.05009992606938" lon="-121.58957996405661">
        <ele>74.79</ele>
      </trkpt>
      <trkpt lat="36.05009992606938" lon="-121.58958993852139">
        <ele>74.84</ele>
      </trkpt>
      <trkpt lat="36.050069918856025" lon="-121.58960997126997">
        <ele>74.92</ele>
      </trkpt>
      <trkpt lat="36.05001996271312" lon="-121.5896499529481">
        <ele>75.0</ele>
      </trkpt>
      <trkpt lat="36.04998995549977" lon="-121.58966998569667">
        <ele>75.07</ele>
      </trkpt>
      <trkpt lat="36.04994997382164" lon="-121.58969999291003">
        <ele>75.13</ele>
      </trkpt>
      <trkpt lat="36.04987998493016" lon="-121.58972991630435">
        <ele>75.22</ele>
      </trkpt>
      <trkpt lat="36.049829944968224" lon="-121.58974994905293">
        <ele>75.3</ele>
      </trkpt>
      <trkpt lat="36.04977998882532" lon="-121.58976998180151">
        <ele>75.38</ele>
      </trkpt>
      <trkpt lat="36.04975995607674" lon="-121.58976998180151">
        <ele>75.45</ele>
      </trkpt>
      <trkpt lat="36.04971997439861" lon="-121.58978993073106">
        <ele>75.49</ele>
      </trkpt>
      <trkpt lat="36.049679992720485" lon="-121.58979998901486">
        <ele>75.54</ele>
      </trkpt>
      <trkpt lat="36.04962995275855" lon="-121.58979998901486">
        <ele>75.58</ele>
      </trkpt>
      <trkpt lat="36.0495999455452" lon="-121.58980996347964">
        <ele>75.61</ele>
      </trkpt>
      <trkpt lat="36.04957999661565" lon="-121.58980996347964">
        <ele>75.64</ele>
      </trkpt>
      <trkpt lat="36.04953993111849" lon="-121.58980996347964">
        <ele>75.66</ele>
      </trkpt>
      <trkpt lat="36.04947991669178" lon="-121.58980996347964">
        <ele>75.68</ele>
      </trkpt>
      <trkpt lat="36.04943993501365" lon="-121.58980996347964">
        <ele>75.67</ele>
      </trkpt>
      <trkpt lat="36.049419986084104" lon="-121.58979998901486">
        <ele>75.68</ele>
      </trkpt>
      <trkpt lat="36.04938997887075" lon="-121.58978993073106">
        <ele>75.66</ele>
      </trkpt>
      <trkpt lat="36.049339938908815" lon="-121.58977995626628">
        <ele>75.63</ele>
      </trkpt>
      <trkpt lat="36.04929995723069" lon="-121.5897599235177">
        <ele>75.6</ele>
      </trkpt>
      <trkpt lat="36.04925997555256" lon="-121.58973997458816">
        <ele>75.55</ele>
      </trkpt>
      <trkpt lat="36.04924991726875" lon="-121.58973997458816">
        <ele>75.48</ele>
      </trkpt>
      <trkpt lat="36.04921999387443" lon="-121.58971994183958">
        <ele>75.4</ele>
      </trkpt>
      <trkpt lat="36.04918998666108" lon="-121.58969999291003">
        <ele>75.29</ele>
      </trkpt>
      <trkpt lat="36.04914992116392" lon="-121.58965992741287">
        <ele>75.14</ele>
      </trkpt>
      <trkpt lat="36.049119997769594" lon="-121.58962992019951">
        <ele>74.98</ele>
      </trkpt>
      <trkpt lat="36.049099965021014" lon="-121.58960997126997">
        <ele>74.81</ele>
      </trkpt>
      <trkpt lat="36.04906995780766" lon="-121.58957996405661">
        <ele>74.65</ele>
      </trkpt>
      <trkpt lat="36.049039950594306" lon="-121.58953998237848">
        <ele>74.51</ele>
      </trkpt>
      <trkpt lat="36.04899996891618" lon="-121.58948994241655">
        <ele>74.34</ele>
      </trkpt>
      <trkpt lat="36.0489799361676" lon="-121.58944996073842">
        <ele>74.14</ele>
      </trkpt>
      <trkpt lat="36.04891992174089" lon="-121.58935993909836">
        <ele>73.92</ele>
      </trkpt>
      <trkpt lat="36.04885999113321" lon="-121.5892799757421">
        <ele>73.6</ele>
      </trkpt>
      <trkpt lat="36.04875999502838" lon="-121.58916992135346">
        <ele>73.26</ele>
      </trkpt>
      <trkpt lat="36.04872998781502" lon="-121.58912993967533">
        <ele>72.93</ele>
      </trkpt>
      <trkpt lat="36.04871992953122" lon="-121.58910999074578">
        <ele>72.62</ele>
      </trkpt>
      <trkpt lat="36.048669973388314" lon="-121.58903991803527">
        <ele>72.27</ele>
      </trkpt>
      <trkpt lat="36.04861993342638" lon="-121.58895995467901">
        <ele>71.9</ele>
      </trkpt>
      <trkpt lat="36.048609958961606" lon="-121.58893992193043">
        <ele>71.55</ele>
      </trkpt>
      <trkpt lat="36.048519937321544" lon="-121.58881997689605">
        <ele>71.13</ele>
      </trkpt>
      <trkpt lat="36.04840996675193" lon="-121.58862995915115">
        <ele>70.77</ele>
      </trkpt>
      <trkpt lat="36.04838993400335" lon="-121.58860992640257">
        <ele>70.36</ele>
      </trkpt>
      <trkpt lat="36.04828993789852" lon="-121.58843994140625">
        <ele>69.91</ele>
      </trkpt>
      <trkpt lat="36.04824995622039" lon="-121.58836995251477">
        <ele>69.5</ele>
      </trkpt>
      <trkpt lat="36.048219949007034" lon="-121.58832997083664">
        <ele>69.04</ele>
      </trkpt>
      <trkpt lat="36.04818994179368" lon="-121.58828998915851">
        <ele>68.57</ele>
      </trkpt>
      <trkpt lat="36.04816999286413" lon="-121.58825998194516">
        <ele>68.08</ele>
      </trkpt>
      <trkpt lat="36.048159934580326" lon="-121.58825998194516">
        <ele>67.57</ele>
      </trkpt>
      <trkpt lat="36.04813998565078" lon="-121.5882299747318">
        <ele>67.05</ele>
      </trkpt>
      <trkpt lat="36.048109978437424" lon="-121.58819996751845">
        <ele>66.5</ele>
      </trkpt>
      <trkpt lat="36.04807997122407" lon="-121.5881699603051">
        <ele>65.94</ele>
      </trkpt>
      <trkpt lat="36.048049964010715" lon="-121.58813995309174">
        <ele>65.36</ele>
      </trkpt>
      <trkpt lat="36.048029931262136" lon="-121.58811992034316">
        <ele>64.78</ele>
      </trkpt>
      <trkpt lat="36.04799992404878" lon="-121.58808999694884">
        <ele>64.19</ele>
      </trkpt>
      <trkpt lat="36.04788995347917" lon="-121.58798991702497">
        <ele>63.57</ele>
      </trkpt>
      <trkpt lat="36.047789957374334" lon="-121.58788992092013">
        <ele>62.92</ele>
      </trkpt>
      <trkpt lat="36.047749975696206" lon="-121.58783996477723">
        <ele>62.29</ele>
      </trkpt>
      <trkpt lat="36.047679986804724" lon="-121.58776997588575">
        <ele>61.64</ele>
      </trkpt>
      <trkpt lat="36.04760999791324" lon="-121.58769998699427">
        <ele>60.97</ele>
      </trkpt>
      <trkpt lat="36.047489969059825" lon="-121.58758993260562">
        <ele>60.27</ele>
      </trkpt>
      <trkpt lat="36.047469936311245" lon="-121.58755992539227">
        <ele>59.61</ele>
      </trkpt>
      <trkpt lat="36.04734010063112" lon="-121.58744006417692">
        <ele>58.84</ele>
      </trkpt>
      <trkpt lat="36.047209929674864" lon="-121.58731995150447">
        <ele>58.14</ele>
      </trkpt>
      <trkpt lat="36.04717992246151" lon="-121.58728994429111">
        <ele>57.44</ele>
      </trkpt>
      <trkpt lat="36.04714999906719" lon="-121.58724996261299">
        <ele>56.72</ele>
      </trkpt>
      <trkpt lat="36.04708998464048" lon="-121.58718994818628">
        <ele>55.91</ele>
      </trkpt>
      <trkpt lat="36.04694497771561" lon="-121.58700495958328">
        <ele>55.17</ele>
      </trkpt>
      <trkpt lat="36.046799970790744" lon="-121.58681997098029">
        <ele>54.47</ele>
      </trkpt>
      <trkpt lat="36.04665999300778" lon="-121.58664998598397">
        <ele>53.79</ele>
      </trkpt>
      <trkpt lat="36.04654993861914" lon="-121.58651998266578">
        <ele>53.1</ele>
      </trkpt>
      <trkpt lat="36.04651993140578" lon="-121.58647991716862">
        <ele>52.42</ele>
      </trkpt>
      <trkpt lat="36.04646997526288" lon="-121.58642996102571">
        <ele>51.74</ele>
      </trkpt>
      <trkpt lat="36.0463999863714" lon="-121.58634999766946">
        <ele>51.05</ele>
      </trkpt>
      <trkpt lat="36.04629999026656" lon="-121.58624991774559">
        <ele>50.34</ele>
      </trkpt>
      <trkpt lat="36.04626998305321" lon="-121.58622996881604">
        <ele>49.68</ele>
      </trkpt>
      <trkpt lat="36.0462099686265" lon="-121.58616995438933">
        <ele>49.05</ele>
      </trkpt>
      <trkpt lat="36.04612992145121" lon="-121.58608999103308">
        <ele>48.41</ele>
      </trkpt>
      <trkpt lat="36.046009976416826" lon="-121.58597993664443">
        <ele>47.72</ele>
      </trkpt>
      <trkpt lat="36.045989943668246" lon="-121.58594992943108">
        <ele>47.14</ele>
      </trkpt>
      <trkpt lat="36.04578995145857" lon="-121.58576996996999">
        <ele>46.61</ele>
      </trkpt>
      <trkpt lat="36.045599933713675" lon="-121.58559998497367">
        <ele>46.1</ele>
      </trkpt>
      <trkpt lat="36.045399941504" lon="-121.58542999997735">
        <ele>45.57</ele>
      </trkpt>
      <trkpt lat="36.04530991986394" lon="-121.58534995280206">
        <ele>45.04</ele>
      </trkpt>
      <trkpt lat="36.04525996372104" lon="-121.58529999665916">
        <ele>44.52</ele>
      </trkpt>
      <trkpt lat="36.045109927654266" lon="-121.58516999334097">
        <ele>44.02</ele>
      </trkpt>
      <trkpt lat="36.045019989833236" lon="-121.58509992063046">
        <ele>43.43</ele>
      </trkpt>
      <trkpt lat="36.04492996819317" lon="-121.58502993173897">
        <ele>42.91</ele>
      </trkpt>
      <trkpt lat="36.04479996487498" lon="-121.58493999391794">
        <ele>42.36</ele>
      </trkpt>
      <trkpt lat="36.04466996155679" lon="-121.58484997227788">
        <ele>41.66</ele>
      </trkpt>
      <trkpt lat="36.04449997656047" lon="-121.58472994342446">
        <ele>40.78</ele>
      </trkpt>
      <trkpt lat="36.04446996934712" lon="-121.58470999449492">
        <ele>40.28</ele>
      </trkpt>
      <trkpt lat="36.04438992217183" lon="-121.5846499800682">
        <ele>39.7</ele>
      </trkpt>
      <trkpt lat="36.044289926066995" lon="-121.58455995842814">
        <ele>39.2</ele>
      </trkpt>
      <trkpt lat="36.044159922748804" lon="-121.58442995510995">
        <ele>38.95</ele>
      </trkpt>
      <trkpt lat="36.04403997771442" lon="-121.58430992625654">
        <ele>38.97</ele>
      </trkpt>
      <trkpt lat="36.04388994164765" lon="-121.58416994847357">
        <ele>38.94</ele>
      </trkpt>
      <trkpt lat="36.043750047683716" lon="-121.58404505811632">
        <ele>38.78</ele>
      </trkpt>
      <trkpt lat="36.04360998608172" lon="-121.58391991630197">
        <ele>38.58</ele>
      </trkpt>
      <trkpt lat="36.04353999719024" lon="-121.58385998569429">
        <ele>38.4</ele>
      </trkpt>
      <trkpt lat="36.04345995001495" lon="-121.5837899968028">
        <ele>38.24</ele>
      </trkpt>
      <trkpt lat="36.04339993558824" lon="-121.5837299823761">
        <ele>38.1</ele>
      </trkpt>
      <trkpt lat="36.04317999444902" lon="-121.58351993188262">
        <ele>37.96</ele>
      </trkpt>
      <trkpt lat="36.04309994727373" lon="-121.58343996852636">
        <ele>37.87</ele>
      </trkpt>
      <trkpt lat="36.04290992952883" lon="-121.58324995078146">
        <ele>37.77</ele>
      </trkpt>
      <trkpt lat="36.04289995506406" lon="-121.58323997631669">
        <ele>37.74</ele>
      </trkpt>
      <trkpt lat="36.042759977281094" lon="-121.58309999853373">
        <ele>37.72</ele>
      </trkpt>
      <trkpt lat="36.04260994121432" lon="-121.58295993693173">
        <ele>37.72</ele>
      </trkpt>
      <trkpt lat="36.04248999617994" lon="-121.58283999189734">
        <ele>37.73</ele>
      </trkpt>
      <trkpt lat="36.04246996343136" lon="-121.58281995914876">
        <ele>37.81</ele>
      </trkpt>
      <trkpt lat="36.0423350147903" lon="-121.58267503604293">
        <ele>37.9</ele>
      </trkpt>
      <trkpt lat="36.0421999823302" lon="-121.58252994529903">
        <ele>38.08</ele>
      </trkpt>
      <trkpt lat="36.04207995347679" lon="-121.58240991644561">
        <ele>38.27</ele>
      </trkpt>
      <trkpt lat="36.04206997901201" lon="-121.58238996751606">
        <ele>38.46</ele>
      </trkpt>
      <trkpt lat="36.041929917410016" lon="-121.5822399314493">
        <ele>38.72</ele>
      </trkpt>
      <trkpt lat="36.04178993962705" lon="-121.58209995366633">
        <ele>38.99</ele>
      </trkpt>
      <trkpt lat="36.04177996516228" lon="-121.58208997920156">
        <ele>39.25</ele>
      </trkpt>
      <trkpt lat="36.04167996905744" lon="-121.58197992481291">
        <ele>39.61</ele>
      </trkpt>
      <trkpt lat="36.04165993630886" lon="-121.58194991759956">
        <ele>39.92</ele>
      </trkpt>
      <trkpt lat="36.04147997684777" lon="-121.58177993260324">
        <ele>40.22</ele>
      </trkpt>
      <trkpt lat="36.041329940781" lon="-121.58163995482028">
        <ele>40.51</ele>
      </trkpt>
      <trkpt lat="36.04122994467616" lon="-121.58153995871544">
        <ele>40.83</ele>
      </trkpt>
      <trkpt lat="36.041080076247454" lon="-121.58140509389341">
        <ele>41.15</ele>
      </trkpt>
      <trkpt lat="36.04092995636165" lon="-121.58126997761428">
        <ele>41.43</ele>
      </trkpt>
      <trkpt lat="36.04083993472159" lon="-121.581189930439">
        <ele>41.92</ele>
      </trkpt>
      <trkpt lat="36.04079995304346" lon="-121.58114994876087">
        <ele>42.41</ele>
      </trkpt>
      <trkpt lat="36.04078997857869" lon="-121.5811399742961">
        <ele>42.87</ele>
      </trkpt>
      <trkpt lat="36.04075997136533" lon="-121.58111994154751">
        <ele>43.35</ele>
      </trkpt>
      <trkpt lat="36.04062996804714" lon="-121.58102991990745">
        <ele>43.87</ele>
      </trkpt>
      <trkpt lat="36.040589986369014" lon="-121.58098993822932">
        <ele>44.42</ele>
      </trkpt>
      <trkpt lat="36.04053994640708" lon="-121.58095993101597">
        <ele>44.96</ele>
      </trkpt>
      <trkpt lat="36.04049996472895" lon="-121.58093998208642">
        <ele>45.52</ele>
      </trkpt>
      <trkpt lat="36.04047993198037" lon="-121.58092992380261">
        <ele>46.08</ele>
      </trkpt>
      <trkpt lat="36.04045998305082" lon="-121.58091994933784">
        <ele>46.66</ele>
      </trkpt>
      <trkpt lat="36.040399968624115" lon="-121.58087996765971">
        <ele>47.29</ele>
      </trkpt>
      <trkpt lat="36.04031992144883" lon="-121.58083998598158">
        <ele>47.88</ele>
      </trkpt>
      <trkpt lat="36.04030994698405" lon="-121.58082992769778">
        <ele>48.48</ele>
      </trkpt>
      <trkpt lat="36.040189918130636" lon="-121.58077997155488">
        <ele>49.05</ele>
      </trkpt>
      <trkpt lat="36.040079947561026" lon="-121.58072993159294">
        <ele>49.66</ele>
      </trkpt>
      <trkpt lat="36.03997995145619" lon="-121.58068994991481">
        <ele>50.29</ele>
      </trkpt>
      <trkpt lat="36.03995991870761" lon="-121.58068994991481">
        <ele>50.91</ele>
      </trkpt>
      <trkpt lat="36.039759926497936" lon="-121.58060998655856">
        <ele>51.56</ele>
      </trkpt>
      <trkpt lat="36.03956999257207" lon="-121.58053999766707">
        <ele>52.28</ele>
      </trkpt>
      <trkpt lat="36.03941031731665" lon="-121.58049004152417">
        <ele>52.98</ele>
      </trkpt>
      <trkpt lat="36.03924997150898" lon="-121.5804399177432">
        <ele>53.71</ele>
      </trkpt>
      <trkpt lat="36.03905542753637" lon="-121.58039004541934">
        <ele>54.43</ele>
      </trkpt>
      <trkpt lat="36.03885996155441" lon="-121.58033992163837">
        <ele>55.11</ele>
      </trkpt>
      <trkpt lat="36.03868997655809" lon="-121.5802799910307">
        <ele>55.78</ele>
      </trkpt>
      <trkpt lat="36.03856994770467" lon="-121.58023992553353">
        <ele>56.39</ele>
      </trkpt>
      <trkpt lat="36.03851999156177" lon="-121.58021997660398">
        <ele>57.0</ele>
      </trkpt>
      <trkpt lat="36.038419995456934" lon="-121.58017999492586">
        <ele>57.61</ele>
      </trkpt>
      <trkpt lat="36.038379929959774" lon="-121.58016993664205">
        <ele>58.2</ele>
      </trkpt>
      <trkpt lat="36.03823995217681" lon="-121.58010992221534">
        <ele>58.79</ele>
      </trkpt>
      <trkpt lat="36.038229977712035" lon="-121.58010992221534">
        <ele>59.36</ele>
      </trkpt>
      <trkpt lat="36.03797994554043" lon="-121.57998997718096">
        <ele>59.97</ele>
      </trkpt>
      <trkpt lat="36.037909956648946" lon="-121.5799599699676">
        <ele>60.52</ele>
      </trkpt>
      <trkpt lat="36.037799986079335" lon="-121.57990993000567">
        <ele>61.07</ele>
      </trkpt>
      <trkpt lat="36.03773997165263" lon="-121.57987992279232">
        <ele>61.59</ele>
      </trkpt>
      <trkpt lat="36.037669982761145" lon="-121.57983994111419">
        <ele>62.11</ele>
      </trkpt>
      <trkpt lat="36.03752992115915" lon="-121.5797699522227">
        <ele>62.63</ele>
      </trkpt>
      <trkpt lat="36.03740997612476" lon="-121.57969996333122">
        <ele>63.16</ele>
      </trkpt>
      <trkpt lat="36.03739991784096" lon="-121.57968998886645">
        <ele>63.66</ele>
      </trkpt>
      <trkpt lat="36.03727997280657" lon="-121.57961999997497">
        <ele>64.16</ele>
      </trkpt>
      <trkpt lat="36.03724996559322" lon="-121.57959996722639">
        <ele>64.64</ele>
      </trkpt>
      <trkpt lat="36.03714996948838" lon="-121.57954992726445">
        <ele>65.11</ele>
      </trkpt>
      <trkpt lat="36.03701996617019" lon="-121.57945998944342">
        <ele>65.6</ele>
      </trkpt>
      <trkpt lat="36.03692994453013" lon="-121.57939997501671">
        <ele>66.06</ele>
      </trkpt>
      <trkpt lat="36.036769933998585" lon="-121.57928992062807">
        <ele>66.51</ele>
      </trkpt>
      <trkpt lat="36.03674998506904" lon="-121.57926997169852">
        <ele>66.95</ele>
      </trkpt>
      <trkpt lat="36.036619981750846" lon="-121.57917995005846">
        <ele>67.39</ele>
      </trkpt>
      <trkpt lat="36.03651998564601" lon="-121.57910996116698">
        <ele>67.82</ele>
      </trkpt>
      <trkpt lat="36.0364599712193" lon="-121.57905992120504">
        <ele>68.23</ele>
      </trkpt>
      <trkpt lat="36.03640993125737" lon="-121.57902999781072">
        <ele>68.64</ele>
      </trkpt>
      <trkpt lat="36.03629996068776" lon="-121.57894995063543">
        <ele>69.0</ele>
      </trkpt>
      <trkpt lat="36.03617993183434" lon="-121.57886998727918">
        <ele>69.37</ele>
      </trkpt>
      <trkpt lat="36.03600516915321" lon="-121.57874509692192">
        <ele>69.67</ele>
      </trkpt>
      <trkpt lat="36.03582998737693" lon="-121.57861995510757">
        <ele>70.14</ele>
      </trkpt>
      <trkpt lat="36.03567995131016" lon="-121.57850998453796">
        <ele>70.52</ele>
      </trkpt>
      <trkpt lat="36.03551994077861" lon="-121.57838995568454">
        <ele>70.94</ele>
      </trkpt>
      <trkpt lat="36.03537996299565" lon="-121.57826992683113">
        <ele>71.36</ele>
      </trkpt>
      <trkpt lat="36.035219952464104" lon="-121.57814998179674">
        <ele>71.75</ele>
      </trkpt>
      <trkpt lat="36.035159938037395" lon="-121.57809994183481">
        <ele>72.19</ele>
      </trkpt>
      <trkpt lat="36.035020127892494" lon="-121.57799005508423">
        <ele>72.62</ele>
      </trkpt>
      <trkpt lat="36.034879982471466" lon="-121.57787991687655">
        <ele>73.04</ele>
      </trkpt>
      <trkpt lat="36.034789960831404" lon="-121.57780992798507">
        <ele>73.45</ele>
      </trkpt>
      <trkpt lat="36.034769928082824" lon="-121.5777999535203">
        <ele>73.87</ele>
      </trkpt>
      <trkpt lat="36.034729946404696" lon="-121.57775997184217">
        <ele>74.28</ele>
      </trkpt>
      <trkpt lat="36.034619975835085" lon="-121.57766995020211">
        <ele>74.69</ele>
      </trkpt>
      <trkpt lat="36.03447999805212" lon="-121.57753994688392">
        <ele>75.11</ele>
      </trkpt>
      <trkpt lat="36.034339936450124" lon="-121.57740994356573">
        <ele>75.7</ele>
      </trkpt>
      <trkpt lat="36.03424999862909" lon="-121.57732998020947">
        <ele>76.21</ele>
      </trkpt>
      <trkpt lat="36.034189984202385" lon="-121.57727994024754">
        <ele>76.67</ele>
      </trkpt>
      <trkpt lat="36.03417992591858" lon="-121.57726996578276">
        <ele>77.09</ele>
      </trkpt>
      <trkpt lat="36.0341199953109" lon="-121.57722998410463">
        <ele>77.51</ele>
      </trkpt>
      <trkpt lat="36.03406995534897" lon="-121.5771799441427">
        <ele>77.94</ele>
      </trkpt>
      <trkpt lat="36.03389997035265" lon="-121.57706997357309">
        <ele>78.35</ele>
      </trkpt>
      <trkpt lat="36.03374993428588" lon="-121.57695991918445">
        <ele>78.75</ele>
      </trkpt>
      <trkpt lat="36.03361993096769" lon="-121.57686998136342">
        <ele>79.1</ele>
      </trkpt>
      <trkpt lat="36.033439971506596" lon="-121.57676998525858">
        <ele>79.44</ele>
      </trkpt>
      <trkpt lat="36.03332991711795" lon="-121.5766999963671">
        <ele>79.82</ele>
      </trkpt>
      <trkpt lat="36.03325992822647" lon="-121.57666998915374">
        <ele>80.18</ele>
      </trkpt>
      <trkpt lat="36.033069994300604" lon="-121.5765599347651">
        <ele>80.52</ele>
      </trkpt>
      <trkpt lat="36.03290998376906" lon="-121.57647997140884">
        <ele>80.86</ele>
      </trkpt>
      <trkpt lat="36.03289992548525" lon="-121.57646999694407">
        <ele>81.21</ele>
      </trkpt>
      <trkpt lat="36.03278995491564" lon="-121.57640998251736">
        <ele>81.57</ele>
      </trkpt>
      <trkpt lat="36.032669926062226" lon="-121.57633999362588">
        <ele>81.9</ele>
      </trkpt>
      <trkpt lat="36.032559955492616" lon="-121.57625994645059">
        <ele>82.24</ele>
      </trkpt>
      <trkpt lat="36.03241520002484" lon="-121.57617009244859">
        <ele>82.57</ele>
      </trkpt>
      <trkpt lat="36.03226994164288" lon="-121.5760799869895">
        <ele>82.9</ele>
      </trkpt>
      <trkpt lat="36.032259967178106" lon="-121.57606992870569">
        <ele>83.21</ele>
      </trkpt>
      <trkpt lat="36.032109931111336" lon="-121.57597999088466">
        <ele>83.49</ele>
      </trkpt>
      <trkpt lat="36.031979927793145" lon="-121.5758899692446">
        <ele>83.8</ele>
      </trkpt>
      <trkpt lat="36.03183995001018" lon="-121.57576994039118">
        <ele>84.09</ele>
      </trkpt>
      <trkpt lat="36.03179996833205" lon="-121.57573993317783">
        <ele>84.36</ele>
      </trkpt>
      <trkpt lat="36.03170994669199" lon="-121.57566994428635">
        <ele>84.64</ele>
      </trkpt>
      <trkpt lat="36.03151515126228" lon="-121.57551513053477">
        <ele>84.92</ele>
      </trkpt>
      <trkpt lat="36.03131993673742" lon="-121.57535998150706">
        <ele>85.18</ele>
      </trkpt>
      <trkpt lat="36.03107996284962" lon="-121.57516996376216">
        <ele>85.35</ele>
      </trkpt>
      <trkpt lat="36.03103998117149" lon="-121.57513995654881">
        <ele>85.55</ele>
      </trkpt>
      <trkpt lat="36.03101994842291" lon="-121.57511992380023">
        <ele>85.73</ele>
      </trkpt>
      <trkpt lat="36.030969992280006" lon="-121.57506996765733">
        <ele>85.89</ele>
      </trkpt>
      <trkpt lat="36.03089991956949" lon="-121.57500995323062">
        <ele>86.03</ele>
      </trkpt>
      <trkpt lat="36.03088994510472" lon="-121.57500995323062">
        <ele>86.17</ele>
      </trkpt>
      <trkpt lat="36.030839988961816" lon="-121.57495999708772">
        <ele>86.31</ele>
      </trkpt>
      <trkpt lat="36.030799923464656" lon="-121.57490995712578">
        <ele>86.44</ele>
      </trkpt>
      <trkpt lat="36.03074996732175" lon="-121.57484994269907">
        <ele>86.56</ele>
      </trkpt>
      <trkpt lat="36.030689952895045" lon="-121.57478992827237">
        <ele>86.72</ele>
      </trkpt>
      <trkpt lat="36.03061996400356" lon="-121.57471993938088">
        <ele>86.83</ele>
      </trkpt>
      <trkpt lat="36.03058995679021" lon="-121.57469999045134">
        <ele>86.87</ele>
      </trkpt>
      <trkpt lat="36.03051996789873" lon="-121.5746499504894">
        <ele>86.96</ele>
      </trkpt>
      <trkpt lat="36.03045995347202" lon="-121.57460996881127">
        <ele>87.02</ele>
      </trkpt>
      <trkpt lat="36.03037999011576" lon="-121.57455992884934">
        <ele>87.02</ele>
      </trkpt>
      <trkpt lat="36.03031997568905" lon="-121.57452992163599">
        <ele>86.97</ele>
      </trkpt>
      <trkpt lat="36.030129957944155" lon="-121.57443998381495">
        <ele>86.69</ele>
      </trkpt>
      <trkpt lat="36.0300999507308" lon="-121.57442992553115">
        <ele>86.51</ele>
      </trkpt>
      <trkpt lat="36.029959972947836" lon="-121.57436999492347">
        <ele>86.3</ele>
      </trkpt>
      <trkpt lat="36.02989995852113" lon="-121.57433998771012">
        <ele>86.09</ele>
      </trkpt>
      <trkpt lat="36.02978998795152" lon="-121.57428994774818">
        <ele>85.84</ele>
      </trkpt>
      <trkpt lat="36.02965998463333" lon="-121.57423999160528">
        <ele>85.55</ele>
      </trkpt>
      <trkpt lat="36.029470302164555" lon="-121.57416011206806">
        <ele>85.17</ele>
      </trkpt>
      <trkpt lat="36.02927994914353" lon="-121.57407998107374">
        <ele>84.77</ele>
      </trkpt>
      <trkpt lat="36.02910996414721" lon="-121.57400999218225">
        <ele>84.41</ele>
      </trkpt>
      <trkpt lat="36.02897996082902" lon="-121.57395995222032">
        <ele>84.03</ele>
      </trkpt>
      <trkpt lat="36.02878030389547" lon="-121.57387009821832">
        <ele>83.61</ele>
      </trkpt>
      <trkpt lat="36.028579976409674" lon="-121.57377999275923">
        <ele>83.15</ele>
      </trkpt>
      <trkpt lat="36.0284299403429" lon="-121.57371997833252">
        <ele>82.69</ele>
      </trkpt>
      <trkpt lat="36.028259955346584" lon="-121.57363993115723">
        <ele>82.25</ele>
      </trkpt>
      <trkpt lat="36.028089970350266" lon="-121.57356994226575">
        <ele>81.78</ele>
      </trkpt>
      <trkpt lat="36.0278670117259" lon="-121.57347011379898">
        <ele>81.3</ele>
      </trkpt>
      <trkpt lat="36.02764413692057" lon="-121.57337036915123">
        <ele>80.79</ele>
      </trkpt>
      <trkpt lat="36.02741992101073" lon="-121.57326995395124">
        <ele>80.24</ele>
      </trkpt>
      <trkpt lat="36.02723996154964" lon="-121.57319996505976">
        <ele>79.68</ele>
      </trkpt>
      <trkpt lat="36.026969980448484" lon="-121.57307993620634">
        <ele>79.07</ele>
      </trkpt>
      <trkpt lat="36.02673998102546" lon="-121.5729799401015">
        <ele>78.45</ele>
      </trkpt>
      <trkpt lat="36.02660997770727" lon="-121.5729199256748">
        <ele>77.84</ele>
      </trkpt>
      <trkpt lat="36.02655993774533" lon="-121.57289997674525">
        <ele>77.24</ele>
      </trkpt>
      <trkpt lat="36.02644996717572" lon="-121.57284993678331">
        <ele>76.61</ele>
      </trkpt>
      <trkpt lat="36.02639992721379" lon="-121.57281992956996">
        <ele>75.99</ele>
      </trkpt>
      <trkpt lat="36.02633999660611" lon="-121.5727899223566">
        <ele>75.36</ele>
      </trkpt>
      <trkpt lat="36.02620999328792" lon="-121.57271993346512">
        <ele>74.71</ele>
      </trkpt>
      <trkpt lat="36.02607998996973" lon="-121.57263997010887">
        <ele>74.05</ele>
      </trkpt>
      <trkpt lat="36.02599994279444" lon="-121.57258993014693">
        <ele>73.41</ele>
      </trkpt>
      <trkpt lat="36.02592995390296" lon="-121.57253997400403">
        <ele>72.78</ele>
      </trkpt>
      <trkpt lat="36.02572996169329" lon="-121.57239999622107">
        <ele>72.14</ele>
      </trkpt>
      <trkpt lat="36.025619991123676" lon="-121.572309974581">
        <ele>71.51</ele>
      </trkpt>
      <trkpt lat="36.02554991841316" lon="-121.57225993461907">
        <ele>70.89</ele>
      </trkpt>
      <trkpt lat="36.025449922308326" lon="-121.57217997126281">
        <ele>70.27</ele>
      </trkpt>
      <trkpt lat="36.02543994784355" lon="-121.57216999679804">
        <ele>69.67</ele>
      </trkpt>
      <trkpt lat="36.02527993731201" lon="-121.57201996073127">
        <ele>69.05</ele>
      </trkpt>
      <trkpt lat="36.02515999227762" lon="-121.57191996462643">
        <ele>68.43</ele>
      </trkpt>
      <trkpt lat="36.02511992678046" lon="-121.57188995741308">
        <ele>67.84</ele>
      </trkpt>
      <trkpt lat="36.02500995621085" lon="-121.57178996130824">
        <ele>67.26</ele>
      </trkpt>
      <trkpt lat="36.02491993457079" lon="-121.57169993966818">
        <ele>66.71</ele>
      </trkpt>
      <trkpt lat="36.02472991682589" lon="-121.57151998020709">
        <ele>66.18</ele>
      </trkpt>
      <trkpt lat="36.02461994625628" lon="-121.57141998410225">
        <ele>65.64</ele>
      </trkpt>
      <trkpt lat="36.02448005229235" lon="-121.57128503546119">
        <ele>65.12</ele>
      </trkpt>
      <trkpt lat="36.02433999069035" lon="-121.57114991918206">
        <ele>64.6</ele>
      </trkpt>
      <trkpt lat="36.02420998737216" lon="-121.57099996693432">
        <ele>64.12</ele>
      </trkpt>
      <trkpt lat="36.02408995851874" lon="-121.5708799380809">
        <ele>63.63</ele>
      </trkpt>
      <trkpt lat="36.02403991855681" lon="-121.57080994918942">
        <ele>63.16</ele>
      </trkpt>
      <trkpt lat="36.02390999905765" lon="-121.57062998972833">
        <ele>62.72</ele>
      </trkpt>
      <trkpt lat="36.0237399302423" lon="-121.5703999903053">
        <ele>62.29</ele>
      </trkpt>
      <trkpt lat="36.023619985207915" lon="-121.5702099725604">
        <ele>61.9</ele>
      </trkpt>
      <trkpt lat="36.02356994524598" lon="-121.57013998366892">
        <ele>61.48</ele>
      </trkpt>
      <trkpt lat="36.02350993081927" lon="-121.57004996202886">
        <ele>61.11</ele>
      </trkpt>
      <trkpt lat="36.02345997467637" lon="-121.5699599403888">
        <ele>60.75</ele>
      </trkpt>
      <trkpt lat="36.02338998578489" lon="-121.56983999535441">
        <ele>60.41</ele>
      </trkpt>
      <trkpt lat="36.02324992418289" lon="-121.56959993764758">
        <ele>60.07</ele>
      </trkpt>
      <trkpt lat="36.02323994971812" lon="-121.56957998871803">
        <ele>59.77</ele>
      </trkpt>
      <trkpt lat="36.023149928078055" lon="-121.56941486522555">
        <ele>59.52</ele>
      </trkpt>
      <trkpt lat="36.023059990257025" lon="-121.56924999319017">
        <ele>59.22</ele>
      </trkpt>
      <trkpt lat="36.02299997583032" lon="-121.56912996433675">
        <ele>58.98</ele>
      </trkpt>
      <trkpt lat="36.02295999415219" lon="-121.56904991716146">
        <ele>58.77</ele>
      </trkpt>
      <trkpt lat="36.02294993586838" lon="-121.56903994269669">
        <ele>58.58</ele>
      </trkpt>
      <trkpt lat="36.022889921441674" lon="-121.5689099393785">
        <ele>58.43</ele>
      </trkpt>
      <trkpt lat="36.022759918123484" lon="-121.56862998381257">
        <ele>58.27</ele>
      </trkpt>
      <trkpt lat="36.022689929232" lon="-121.56845999881625">
        <ele>58.12</ele>
      </trkpt>
      <trkpt lat="36.02267995476723" lon="-121.5684299916029">
        <ele>58.04</ele>
      </trkpt>
      <trkpt lat="36.02255992591381" lon="-121.56817995943129">
        <ele>57.94</ele>
      </trkpt>
      <trkpt lat="36.02242992259562" lon="-121.567869996652">
        <ele>57.61</ele>
      </trkpt>
      <trkpt lat="36.02233998477459" lon="-121.56767997890711">
        <ele>57.5</ele>
      </trkpt>
      <trkpt lat="36.022309977561235" lon="-121.56760999001563">
        <ele>57.5</ele>
      </trkpt>
      <trkpt lat="36.022179974243045" lon="-121.56729994341731">
        <ele>57.53</ele>
      </trkpt>
      <trkpt lat="36.02208483964205" lon="-121.56707472167909">
        <ele>57.62</ele>
      </trkpt>
      <trkpt lat="36.021989956498146" lon="-121.56684991903603">
        <ele>57.83</ele>
      </trkpt>
      <trkpt lat="36.021899934858084" lon="-121.56664992682636">
        <ele>57.98</ele>
      </trkpt>
      <trkpt lat="36.02176993153989" lon="-121.56636997126043">
        <ele>58.16</ele>
      </trkpt>
      <trkpt lat="36.021729949861765" lon="-121.56626997515559">
        <ele>58.36</ele>
      </trkpt>
      <trkpt lat="36.02169994264841" lon="-121.56620996072888">
        <ele>58.58</ele>
      </trkpt>
      <trkpt lat="36.0216399282217" lon="-121.5660799574107">
        <ele>58.85</ele>
      </trkpt>
      <trkpt lat="36.0215899720788" lon="-121.56596998684108">
        <ele>59.15</ele>
      </trkpt>
      <trkpt lat="36.02154999040067" lon="-121.56587996520102">
        <ele>59.45</ele>
      </trkpt>
      <trkpt lat="36.021489975973964" lon="-121.56574996188283">
        <ele>59.76</ele>
      </trkpt>
      <trkpt lat="36.02145996876061" lon="-121.56568994745612">
        <ele>60.08</ele>
      </trkpt>
      <trkpt lat="36.02141998708248" lon="-121.56558995135128">
        <ele>60.42</ele>
      </trkpt>
      <trkpt lat="36.02136994712055" lon="-121.56548995524645">
        <ele>60.77</ele>
      </trkpt>
      <trkpt lat="36.021349998191" lon="-121.56541996635497">
        <ele>61.16</ele>
      </trkpt>
      <trkpt lat="36.02130993269384" lon="-121.5653299447149">
        <ele>61.57</ele>
      </trkpt>
      <trkpt lat="36.021279925480485" lon="-121.56522994861007">
        <ele>62.0</ele>
      </trkpt>
      <trkpt lat="36.02125997655094" lon="-121.56516993418336">
        <ele>62.44</ele>
      </trkpt>
      <trkpt lat="36.02123994380236" lon="-121.56509994529188">
        <ele>62.91</ele>
      </trkpt>
      <trkpt lat="36.02121999487281" lon="-121.5650299564004">
        <ele>63.39</ele>
      </trkpt>
      <trkpt lat="36.02119996212423" lon="-121.5648999530822">
        <ele>63.89</ele>
      </trkpt>
      <trkpt lat="36.021189987659454" lon="-121.56486994586885">
        <ele>64.4</ele>
      </trkpt>
      <trkpt lat="36.02117992937565" lon="-121.5647899825126">
        <ele>64.92</ele>
      </trkpt>
      <trkpt lat="36.021169954910874" lon="-121.56467992812395">
        <ele>65.47</ele>
      </trkpt>
      <trkpt lat="36.021169954910874" lon="-121.56458999030292">
        <ele>66.04</ele>
      </trkpt>
      <trkpt lat="36.021169954910874" lon="-121.56443995423615">
        <ele>66.62</ele>
      </trkpt>
      <trkpt lat="36.021169954910874" lon="-121.56441992148757">
        <ele>67.19</ele>
      </trkpt>
      <trkpt lat="36.021169954910874" lon="-121.56433995813131">
        <ele>67.78</ele>
      </trkpt>
      <trkpt lat="36.02117992937565" lon="-121.56426996923983">
        <ele>68.38</ele>
      </trkpt>
      <trkpt lat="36.02117992937565" lon="-121.56419998034835">
        <ele>68.98</ele>
      </trkpt>
      <trkpt lat="36.02117992937565" lon="-121.56417994759977">
        <ele>69.59</ele>
      </trkpt>
      <trkpt lat="36.021189987659454" lon="-121.56410995870829">
        <ele>70.22</ele>
      </trkpt>
      <trkpt lat="36.02119996212423" lon="-121.56405991874635">
        <ele>70.84</ele>
      </trkpt>
      <trkpt lat="36.02121999487281" lon="-121.56395992264152">
        <ele>71.49</ele>
      </trkpt>
      <trkpt lat="36.02122996933758" lon="-121.56386998482049">
        <ele>72.14</ele>
      </trkpt>
      <trkpt lat="36.02124991826713" lon="-121.56377996318042">
        <ele>72.82</ele>
      </trkpt>
      <trkpt lat="36.021279925480485" lon="-121.56368994154036">
        <ele>73.51</ele>
      </trkpt>
      <trkpt lat="36.021299958229065" lon="-121.56358994543552">
        <ele>74.18</ele>
      </trkpt>
      <trkpt lat="36.02136994712055" lon="-121.56339992769063">
        <ele>74.86</ele>
      </trkpt>
      <trkpt lat="36.02137992158532" lon="-121.56334997154772">
        <ele>75.5</ele>
      </trkpt>
      <trkpt lat="36.021409928798676" lon="-121.56325994990766">
        <ele>76.15</ele>
      </trkpt>
      <trkpt lat="36.02145996876061" lon="-121.5631199721247">
        <ele>76.82</ele>
      </trkpt>
      <trkpt lat="36.021489975973964" lon="-121.56300991773605">
        <ele>77.44</ele>
      </trkpt>
      <trkpt lat="36.02151998318732" lon="-121.5629299543798">
        <ele>78.06</ele>
      </trkpt>
      <trkpt lat="36.021539932116866" lon="-121.56282995827496">
        <ele>78.68</ele>
      </trkpt>
      <trkpt lat="36.021559964865446" lon="-121.56275996938348">
        <ele>79.3</ele>
      </trkpt>
      <trkpt lat="36.021579997614026" lon="-121.56263994053006">
        <ele>79.89</ele>
      </trkpt>
      <trkpt lat="36.02160992100835" lon="-121.56252996996045">
        <ele>80.5</ele>
      </trkpt>
      <trkpt lat="36.02160992100835" lon="-121.56250993721187">
        <ele>81.1</ele>
      </trkpt>
      <trkpt lat="36.02164998650551" lon="-121.56233995221555">
        <ele>81.7</ele>
      </trkpt>
      <trkpt lat="36.02168996818364" lon="-121.5621199272573">
        <ele>82.31</ele>
      </trkpt>
      <trkpt lat="36.02173992432654" lon="-121.5618799533695">
        <ele>82.95</ele>
      </trkpt>
      <trkpt lat="36.0217799898237" lon="-121.56164995394647">
        <ele>83.55</ele>
      </trkpt>
      <trkpt lat="36.02178996428847" lon="-121.56158993951976">
        <ele>84.13</ele>
      </trkpt>
      <trkpt lat="36.02181997150183" lon="-121.56142992898822">
        <ele>84.72</ele>
      </trkpt>
      <trkpt lat="36.021839920431376" lon="-121.56135994009674">
        <ele>85.3</ele>
      </trkpt>
      <trkpt lat="36.02184997871518" lon="-121.56130998395383">
        <ele>85.87</ele>
      </trkpt>
      <trkpt lat="36.021859953179955" lon="-121.56121996231377">
        <ele>86.43</ele>
      </trkpt>
      <trkpt lat="36.021859953179955" lon="-121.561209987849">
        <ele>87.0</ele>
      </trkpt>
      <trkpt lat="36.02186992764473" lon="-121.56115994788706">
        <ele>87.57</ele>
      </trkpt>
      <trkpt lat="36.02186992764473" lon="-121.56111996620893">
        <ele>88.13</ele>
      </trkpt>
      <trkpt lat="36.021879985928535" lon="-121.56104997731745">
        <ele>88.7</ele>
      </trkpt>
      <trkpt lat="36.021879985928535" lon="-121.56098996289074">
        <ele>89.26</ele>
      </trkpt>
      <trkpt lat="36.021879985928535" lon="-121.56091997399926">
        <ele>89.81</ele>
      </trkpt>
      <trkpt lat="36.021879985928535" lon="-121.5608299523592">
        <ele>90.36</ele>
      </trkpt>
      <trkpt lat="36.021879985928535" lon="-121.56076993793249">
        <ele>90.92</ele>
      </trkpt>
      <trkpt lat="36.021879985928535" lon="-121.56075996346772">
        <ele>91.48</ele>
      </trkpt>
      <trkpt lat="36.021879985928535" lon="-121.56065996736288">
        <ele>92.05</ele>
      </trkpt>
      <trkpt lat="36.02186992764473" lon="-121.56054999679327">
        <ele>92.6</ele>
      </trkpt>
      <trkpt lat="36.02186992764473" lon="-121.56053993850946">
        <ele>93.15</ele>
      </trkpt>
      <trkpt lat="36.02186992764473" lon="-121.56040993519127">
        <ele>93.71</ele>
      </trkpt>
      <trkpt lat="36.021859953179955" lon="-121.56027993187308">
        <ele>94.3</ele>
      </trkpt>
      <trkpt lat="36.021859953179955" lon="-121.56019996851683">
        <ele>94.9</ele>
      </trkpt>
      <trkpt lat="36.02184997871518" lon="-121.56013995409012">
        <ele>95.47</ele>
      </trkpt>
      <trkpt lat="36.021839920431376" lon="-121.56000995077193">
        <ele>96.07</ele>
      </trkpt>
      <trkpt lat="36.02181997150183" lon="-121.55987994745374">
        <ele>96.61</ele>
      </trkpt>
      <trkpt lat="36.02180999703705" lon="-121.55981993302703">
        <ele>97.13</ele>
      </trkpt>
      <trkpt lat="36.02178996428847" lon="-121.55965992249548">
        <ele>97.66</ele>
      </trkpt>
      <trkpt lat="36.02178996428847" lon="-121.55961994081736">
        <ele>98.15</ele>
      </trkpt>
      <trkpt lat="36.0217799898237" lon="-121.55950997024775">
        <ele>98.64</ele>
      </trkpt>
      <trkpt lat="36.0217799898237" lon="-121.55941994860768">
        <ele>99.13</ele>
      </trkpt>
      <trkpt lat="36.02176993153989" lon="-121.55927997082472">
        <ele>99.65</ele>
      </trkpt>
      <trkpt lat="36.02176993153989" lon="-121.55921995639801">
        <ele>100.1</ele>
      </trkpt>
      <trkpt lat="36.02176993153989" lon="-121.55918994918466">
        <ele>100.51</ele>
      </trkpt>
      <trkpt lat="36.02176993153989" lon="-121.5590999275446">
        <ele>100.92</ele>
      </trkpt>
      <trkpt lat="36.02176993153989" lon="-121.55901996418834">
        <ele>101.34</ele>
      </trkpt>
      <trkpt lat="36.02178996428847" lon="-121.55873992480338">
        <ele>101.69</ele>
      </trkpt>
      <trkpt lat="36.02179993875325" lon="-121.55857999809086">
        <ele>101.96</ele>
      </trkpt>
      <trkpt lat="36.02179993875325" lon="-121.55854999087751">
        <ele>102.25</ele>
      </trkpt>
      <trkpt lat="36.02180999703705" lon="-121.55840992927551">
        <ele>102.51</ele>
      </trkpt>
      <trkpt lat="36.02181997150183" lon="-121.55832996591926">
        <ele>102.76</ele>
      </trkpt>
      <trkpt lat="36.02181997150183" lon="-121.55819996260107">
        <ele>102.97</ele>
      </trkpt>
      <trkpt lat="36.0218299459666" lon="-121.55800994485617">
        <ele>103.16</ele>
      </trkpt>
      <trkpt lat="36.0218299459666" lon="-121.55788999982178">
        <ele>103.31</ele>
      </trkpt>
      <trkpt lat="36.021839920431376" lon="-121.55757995322347">
        <ele>103.41</ele>
      </trkpt>
      <trkpt lat="36.02184997871518" lon="-121.55739999376237">
        <ele>103.46</ele>
      </trkpt>
      <trkpt lat="36.02186992764473" lon="-121.55715993605554">
        <ele>103.51</ele>
      </trkpt>
      <trkpt lat="36.021879985928535" lon="-121.5568699222058">
        <ele>103.6</ele>
      </trkpt>
      <trkpt lat="36.021900018677115" lon="-121.55664453282952">
        <ele>103.73</ele>
      </trkpt>
      <trkpt lat="36.021919967606664" lon="-121.55641998164356">
        <ele>103.81</ele>
      </trkpt>
      <trkpt lat="36.02192994207144" lon="-121.55606995336711">
        <ele>103.86</ele>
      </trkpt>
      <trkpt lat="36.02193991653621" lon="-121.55597993172705">
        <ele>103.86</ele>
      </trkpt>
      <trkpt lat="36.02193991653621" lon="-121.55584992840886">
        <ele>103.83</ele>
      </trkpt>
      <trkpt lat="36.02194997482002" lon="-121.55573995783925">
        <ele>103.8</ele>
      </trkpt>
      <trkpt lat="36.02195994928479" lon="-121.55561992898583">
        <ele>103.76</ele>
      </trkpt>
      <trkpt lat="36.02195994928479" lon="-121.55553996562958">
        <ele>103.69</ele>
      </trkpt>
      <trkpt lat="36.021969923749566" lon="-121.55539998784661">
        <ele>103.61</ele>
      </trkpt>
      <trkpt lat="36.021969923749566" lon="-121.55528993345797">
        <ele>103.51</ele>
      </trkpt>
      <trkpt lat="36.02199993096292" lon="-121.55499991960824">
        <ele>103.41</ele>
      </trkpt>
      <trkpt lat="36.02199993096292" lon="-121.55495993793011">
        <ele>103.3</ele>
      </trkpt>
      <trkpt lat="36.022009989246726" lon="-121.55479992739856">
        <ele>103.19</ele>
      </trkpt>
      <trkpt lat="36.022029938176274" lon="-121.55463991686702">
        <ele>103.09</ele>
      </trkpt>
      <trkpt lat="36.022029938176274" lon="-121.55453992076218">
        <ele>102.95</ele>
      </trkpt>
      <trkpt lat="36.022029938176274" lon="-121.55451997183263">
        <ele>102.8</ele>
      </trkpt>
      <trkpt lat="36.022029938176274" lon="-121.55448996461928">
        <ele>102.65</ele>
      </trkpt>
      <trkpt lat="36.022029938176274" lon="-121.55442995019257">
        <ele>102.5</ele>
      </trkpt>
      <trkpt lat="36.022029938176274" lon="-121.55437999404967">
        <ele>102.33</ele>
      </trkpt>
      <trkpt lat="36.0220199637115" lon="-121.55432995408773">
        <ele>102.15</ele>
      </trkpt>
      <trkpt lat="36.022009989246726" lon="-121.55425996519625">
        <ele>101.97</ele>
      </trkpt>
      <trkpt lat="36.02199993096292" lon="-121.55418997630477">
        <ele>101.79</ele>
      </trkpt>
      <trkpt lat="36.021989956498146" lon="-121.55412996187806">
        <ele>101.6</ele>
      </trkpt>
      <trkpt lat="36.02197998203337" lon="-121.55406994745135">
        <ele>101.39</ele>
      </trkpt>
      <trkpt lat="36.02195994928479" lon="-121.55399995855987">
        <ele>101.17</ele>
      </trkpt>
      <trkpt lat="36.02192994207144" lon="-121.55386995524168">
        <ele>100.95</ele>
      </trkpt>
      <trkpt lat="36.021919967606664" lon="-121.5538499224931">
        <ele>100.8</ele>
      </trkpt>
      <trkpt lat="36.021899934858084" lon="-121.55374992638826">
        <ele>100.66</ele>
      </trkpt>
      <trkpt lat="36.021839920431376" lon="-121.55352998524904">
        <ele>100.54</ele>
      </trkpt>
      <trkpt lat="36.02179993875325" lon="-121.55329998582602">
        <ele>100.5</ele>
      </trkpt>
      <trkpt lat="36.0217799898237" lon="-121.55323997139931">
        <ele>100.41</ele>
      </trkpt>
      <trkpt lat="36.02176993153989" lon="-121.55316998250782">
        <ele>100.32</ele>
      </trkpt>
      <trkpt lat="36.021749982610345" lon="-121.55309999361634">
        <ele>100.23</ele>
      </trkpt>
      <trkpt lat="36.021729949861765" lon="-121.55304995365441">
        <ele>100.15</ele>
      </trkpt>
      <trkpt lat="36.021709917113185" lon="-121.5529999975115">
        <ele>100.08</ele>
      </trkpt>
      <trkpt lat="36.02168996818364" lon="-121.5529399830848">
        <ele>100.01</ele>
      </trkpt>
      <trkpt lat="36.02164998650551" lon="-121.55284996144474">
        <ele>99.96</ele>
      </trkpt>
      <trkpt lat="36.02162995375693" lon="-121.55281995423138">
        <ele>99.94</ele>
      </trkpt>
      <trkpt lat="36.02160992100835" lon="-121.55277997255325">
        <ele>99.95</ele>
      </trkpt>
      <trkpt lat="36.02156993933022" lon="-121.55270998366177">
        <ele>100.0</ele>
      </trkpt>
      <trkpt lat="36.021539932116866" lon="-121.55264996923506">
        <ele>100.06</ele>
      </trkpt>
      <trkpt lat="36.02152995765209" lon="-121.55263999477029">
        <ele>100.08</ele>
      </trkpt>
      <trkpt lat="36.02149995043874" lon="-121.55257998034358">
        <ele>100.11</ele>
      </trkpt>
      <trkpt lat="36.02145996876061" lon="-121.55253999866545">
        <ele>100.14</ele>
      </trkpt>
      <trkpt lat="36.021409928798676" lon="-121.55247998423874">
        <ele>100.21</ele>
      </trkpt>
      <trkpt lat="36.02136994712055" lon="-121.55243991874158">
        <ele>100.32</ele>
      </trkpt>
      <trkpt lat="36.021319990977645" lon="-121.55238996259868">
        <ele>100.43</ele>
      </trkpt>
      <trkpt lat="36.02125997655094" lon="-121.55233992263675">
        <ele>100.52</ele>
      </trkpt>
      <trkpt lat="36.021189987659454" lon="-121.55228996649384">
        <ele>100.56</ele>
      </trkpt>
      <trkpt lat="36.021109940484166" lon="-121.55222995206714">
        <ele>100.63</ele>
      </trkpt>
      <trkpt lat="36.02108999155462" lon="-121.55221997760236">
        <ele>100.76</ele>
      </trkpt>
      <trkpt lat="36.021039951592684" lon="-121.55217999592423">
        <ele>100.94</ele>
      </trkpt>
      <trkpt lat="36.02098999544978" lon="-121.55213993042707">
        <ele>101.12</ele>
      </trkpt>
      <trkpt lat="36.02091992273927" lon="-121.5520799998194">
        <ele>101.28</ele>
      </trkpt>
      <trkpt lat="36.02087994106114" lon="-121.55202995985746">
        <ele>101.44</ele>
      </trkpt>
      <trkpt lat="36.02082998491824" lon="-121.55196994543076">
        <ele>101.61</ele>
      </trkpt>
      <trkpt lat="36.02079997770488" lon="-121.55192996375263">
        <ele>101.81</ele>
      </trkpt>
      <trkpt lat="36.02076997049153" lon="-121.55189995653927">
        <ele>102.0</ele>
      </trkpt>
      <trkpt lat="36.02074993774295" lon="-121.55186994932592">
        <ele>102.19</ele>
      </trkpt>
      <trkpt lat="36.020719930529594" lon="-121.55183994211257">
        <ele>102.39</ele>
      </trkpt>
      <trkpt lat="36.020699981600046" lon="-121.55180993489921">
        <ele>102.59</ele>
      </trkpt>
      <trkpt lat="36.020699981600046" lon="-121.55179996043444">
        <ele>102.78</ele>
      </trkpt>
      <trkpt lat="36.020679948851466" lon="-121.55176995322108">
        <ele>102.97</ele>
      </trkpt>
      <trkpt lat="36.02065999992192" lon="-121.55172997154295">
        <ele>103.18</ele>
      </trkpt>
      <trkpt lat="36.02063996717334" lon="-121.55168998986483">
        <ele>103.39</ele>
      </trkpt>
      <trkpt lat="36.020629992708564" lon="-121.55165998265147">
        <ele>103.59</ele>
      </trkpt>
      <trkpt lat="36.02061993442476" lon="-121.55162997543812">
        <ele>103.78</ele>
      </trkpt>
      <trkpt lat="36.02061993442476" lon="-121.55161991715431">
        <ele>103.96</ele>
      </trkpt>
      <trkpt lat="36.020609959959984" lon="-121.55158999375999">
        <ele>104.14</ele>
      </trkpt>
      <trkpt lat="36.02059998549521" lon="-121.55154992826283">
        <ele>104.31</ele>
      </trkpt>
      <trkpt lat="36.020589927211404" lon="-121.55149997211993">
        <ele>104.49</ele>
      </trkpt>
      <trkpt lat="36.02057995274663" lon="-121.551449932158">
        <ele>104.65</ele>
      </trkpt>
      <trkpt lat="36.02057995274663" lon="-121.55140995047987">
        <ele>104.83</ele>
      </trkpt>
      <trkpt lat="36.020569978281856" lon="-121.5513199288398">
        <ele>104.97</ele>
      </trkpt>
      <trkpt lat="36.02055991999805" lon="-121.55122999101877">
        <ele>105.12</ele>
      </trkpt>
      <trkpt lat="36.02055991999805" lon="-121.55117995105684">
        <ele>105.27</ele>
      </trkpt>
      <trkpt lat="36.02055991999805" lon="-121.55114994384348">
        <ele>105.42</ele>
      </trkpt>
      <trkpt lat="36.02055991999805" lon="-121.551079954952">
        <ele>105.57</ele>
      </trkpt>
      <trkpt lat="36.02055991999805" lon="-121.5510299988091">
        <ele>105.72</ele>
      </trkpt>
      <trkpt lat="36.02055991999805" lon="-121.55095992609859">
        <ele>105.86</ele>
      </trkpt>
      <trkpt lat="36.02055991999805" lon="-121.55094995163381">
        <ele>106.01</ele>
      </trkpt>
      <trkpt lat="36.020569978281856" lon="-121.55087996274233">
        <ele>106.16</ele>
      </trkpt>
      <trkpt lat="36.02057995274663" lon="-121.55078994110227">
        <ele>106.32</ele>
      </trkpt>
      <trkpt lat="36.02057995274663" lon="-121.55073998495936">
        <ele>106.46</ele>
      </trkpt>
      <trkpt lat="36.020589927211404" lon="-121.55072992667556">
        <ele>106.62</ele>
      </trkpt>
      <trkpt lat="36.020589927211404" lon="-121.55071995221078">
        <ele>106.76</ele>
      </trkpt>
      <trkpt lat="36.020609959959984" lon="-121.55055994167924">
        <ele>106.91</ele>
      </trkpt>
      <trkpt lat="36.02064994163811" lon="-121.55035994946957">
        <ele>107.06</ele>
      </trkpt>
      <trkpt lat="36.020699981600046" lon="-121.55010991729796">
        <ele>107.21</ele>
      </trkpt>
      <trkpt lat="36.02070995606482" lon="-121.55008996836841">
        <ele>107.37</ele>
      </trkpt>
      <trkpt lat="36.02070995606482" lon="-121.55007999390364">
        <ele>107.53</ele>
      </trkpt>
      <trkpt lat="36.020739963278174" lon="-121.54995996505022">
        <ele>107.7</ele>
      </trkpt>
      <trkpt lat="36.02074993774295" lon="-121.54985996894538">
        <ele>107.85</ele>
      </trkpt>
      <trkpt lat="36.0207799449563" lon="-121.5497299656272">
        <ele>108.02</ele>
      </trkpt>
      <trkpt lat="36.02078991942108" lon="-121.54965997673571">
        <ele>108.2</ele>
      </trkpt>
      <trkpt lat="36.02079997770488" lon="-121.54963994398713">
        <ele>108.39</ele>
      </trkpt>
      <trkpt lat="36.02080995216966" lon="-121.54954992234707">
        <ele>108.57</ele>
      </trkpt>
      <trkpt lat="36.02081992663443" lon="-121.54945998452604">
        <ele>108.77</ele>
      </trkpt>
      <trkpt lat="36.020849933847785" lon="-121.54928999952972">
        <ele>108.97</ele>
      </trkpt>
      <trkpt lat="36.02085999213159" lon="-121.54919997788966">
        <ele>109.18</ele>
      </trkpt>
      <trkpt lat="36.020889999344945" lon="-121.54906997457147">
        <ele>109.44</ele>
      </trkpt>
      <trkpt lat="36.02090994827449" lon="-121.54889998957515">
        <ele>109.69</ele>
      </trkpt>
      <trkpt lat="36.02090994827449" lon="-121.54888993129134">
        <ele>109.93</ele>
      </trkpt>
      <trkpt lat="36.02092998102307" lon="-121.54880996793509">
        <ele>110.2</ele>
      </trkpt>
      <trkpt lat="36.02094992995262" lon="-121.54869999736547">
        <ele>110.48</ele>
      </trkpt>
      <trkpt lat="36.02094992995262" lon="-121.54863998293877">
        <ele>110.75</ele>
      </trkpt>
      <trkpt lat="36.02095998823643" lon="-121.54861995019019">
        <ele>111.04</ele>
      </trkpt>
      <trkpt lat="36.02095998823643" lon="-121.54853998683393">
        <ele>111.33</ele>
      </trkpt>
      <trkpt lat="36.0209699627012" lon="-121.54846999794245">
        <ele>111.65</ele>
      </trkpt>
      <trkpt lat="36.0209699627012" lon="-121.54839992523193">
        <ele>111.97</ele>
      </trkpt>
      <trkpt lat="36.02095998823643" lon="-121.54831996187568">
        <ele>112.3</ele>
      </trkpt>
      <trkpt lat="36.02094992995262" lon="-121.54821996577084">
        <ele>112.63</ele>
      </trkpt>
      <trkpt lat="36.02092998102307" lon="-121.54790991917253">
        <ele>112.98</ele>
      </trkpt>
      <trkpt lat="36.02090994827449" lon="-121.54775996692479">
        <ele>113.31</ele>
      </trkpt>
      <trkpt lat="36.02089997380972" lon="-121.54765997081995">
        <ele>113.67</ele>
      </trkpt>
      <trkpt lat="36.02087994106114" lon="-121.54754991643131">
        <ele>114.04</ele>
      </trkpt>
      <trkpt lat="36.02087994106114" lon="-121.54753994196653">
        <ele>114.42</ele>
      </trkpt>
      <trkpt lat="36.020869966596365" lon="-121.54747992753983">
        <ele>114.81</ele>
      </trkpt>
      <trkpt lat="36.020849933847785" lon="-121.54739996418357">
        <ele>115.21</ele>
      </trkpt>
      <trkpt lat="36.02082998491824" lon="-121.54731991700828">
        <ele>115.61</ele>
      </trkpt>
      <trkpt lat="36.02082998491824" lon="-121.54728999361396">
        <ele>116.05</ele>
      </trkpt>
      <trkpt lat="36.02078991942108" lon="-121.54717993922532">
        <ele>116.48</ele>
      </trkpt>
      <trkpt lat="36.020739963278174" lon="-121.54701992869377">
        <ele>116.92</ele>
      </trkpt>
      <trkpt lat="36.02068992331624" lon="-121.54684994369745">
        <ele>117.43</ele>
      </trkpt>
      <trkpt lat="36.020629992708564" lon="-121.54665992595255">
        <ele>117.97</ele>
      </trkpt>
      <trkpt lat="36.020589927211404" lon="-121.54653998091817">
        <ele>118.57</ele>
      </trkpt>
      <trkpt lat="36.020569978281856" lon="-121.54643998481333">
        <ele>119.17</ele>
      </trkpt>
      <trkpt lat="36.0205399710685" lon="-121.54629992321134">
        <ele>119.73</ele>
      </trkpt>
      <trkpt lat="36.02050996385515" lon="-121.5461499709636">
        <ele>120.3</ele>
      </trkpt>
      <trkpt lat="36.02049998939037" lon="-121.54613999649882">
        <ele>120.85</ele>
      </trkpt>
      <trkpt lat="36.02049998939037" lon="-121.54612993821502">
        <ele>121.42</ele>
      </trkpt>
      <trkpt lat="36.02047995664179" lon="-121.5460199676454">
        <ele>122.01</ele>
      </trkpt>
      <trkpt lat="36.02046998217702" lon="-121.54591997154057">
        <ele>122.63</ele>
      </trkpt>
      <trkpt lat="36.02046998217702" lon="-121.5459099970758">
        <ele>123.24</ele>
      </trkpt>
      <trkpt lat="36.02045992389321" lon="-121.54581997543573">
        <ele>123.88</ele>
      </trkpt>
      <trkpt lat="36.02044994942844" lon="-121.5457199793309">
        <ele>124.53</ele>
      </trkpt>
      <trkpt lat="36.020439974963665" lon="-121.54569994658232">
        <ele>125.16</ele>
      </trkpt>
      <trkpt lat="36.020439974963665" lon="-121.54568997211754">
        <ele>125.8</ele>
      </trkpt>
      <trkpt lat="36.020439974963665" lon="-121.54562995769083">
        <ele>126.48</ele>
      </trkpt>
      <trkpt lat="36.020419942215085" lon="-121.54551998712122">
        <ele>127.15</ele>
      </trkpt>
      <trkpt lat="36.020419942215085" lon="-121.54541999101639">
        <ele>127.83</ele>
      </trkpt>
      <trkpt lat="36.02040996775031" lon="-121.54527992941439">
        <ele>128.53</ele>
      </trkpt>
      <trkpt lat="36.02039999328554" lon="-121.54515998438">
        <ele>129.22</ele>
      </trkpt>
      <trkpt lat="36.02039999328554" lon="-121.54504992999136">
        <ele>129.92</ele>
      </trkpt>
      <trkpt lat="36.02039999328554" lon="-121.54502998106182">
        <ele>130.61</ele>
      </trkpt>
      <trkpt lat="36.02039999328554" lon="-121.54493995942175">
        <ele>131.31</ele>
      </trkpt>
      <trkpt lat="36.02038993500173" lon="-121.54481993056834">
        <ele>132.0</ele>
      </trkpt>
      <trkpt lat="36.02038993500173" lon="-121.54468992725015">
        <ele>132.7</ele>
      </trkpt>
      <trkpt lat="36.02037996053696" lon="-121.54458993114531">
        <ele>133.4</ele>
      </trkpt>
      <trkpt lat="36.02037996053696" lon="-121.54456998221576">
        <ele>134.09</ele>
      </trkpt>
      <trkpt lat="36.02037996053696" lon="-121.54444995336235">
        <ele>134.8</ele>
      </trkpt>
      <trkpt lat="36.02037996053696" lon="-121.54435993172228">
        <ele>135.51</ele>
      </trkpt>
      <trkpt lat="36.02037996053696" lon="-121.54432992450893">
        <ele>136.2</ele>
      </trkpt>
      <trkpt lat="36.02038993500173" lon="-121.5442399866879">
        <ele>136.91</ele>
      </trkpt>
      <trkpt lat="36.02040996775031" lon="-121.54413999058306">
        <ele>137.63</ele>
      </trkpt>
      <trkpt lat="36.02040996775031" lon="-121.54412993229926">
        <ele>138.31</ele>
      </trkpt>
      <trkpt lat="36.020439974963665" lon="-121.54397998005152">
        <ele>139.04</ele>
      </trkpt>
      <trkpt lat="36.02045992389321" lon="-121.5438599511981">
        <ele>139.75</ele>
      </trkpt>
      <trkpt lat="36.02047995664179" lon="-121.54375995509326">
        <ele>140.45</ele>
      </trkpt>
      <trkpt lat="36.02048993110657" lon="-121.54365995898843">
        <ele>141.13</ele>
      </trkpt>
      <trkpt lat="36.02050996385515" lon="-121.54352995567024">
        <ele>141.73</ele>
      </trkpt>
      <trkpt lat="36.02051993831992" lon="-121.5434299595654">
        <ele>142.3</ele>
      </trkpt>
      <trkpt lat="36.02051993831992" lon="-121.54331998899579">
        <ele>142.87</ele>
      </trkpt>
      <trkpt lat="36.02052999660373" lon="-121.54320993460715">
        <ele>143.45</ele>
      </trkpt>
      <trkpt lat="36.0205399710685" lon="-121.54311999678612">
        <ele>144.02</ele>
      </trkpt>
      <trkpt lat="36.0205399710685" lon="-121.54303994961083">
        <ele>144.57</ele>
      </trkpt>
      <trkpt lat="36.0205399710685" lon="-121.54301991686225">
        <ele>145.12</ele>
      </trkpt>
      <trkpt lat="36.02052999660373" lon="-121.54292997904122">
        <ele>145.65</ele>
      </trkpt>
      <trkpt lat="36.02052999660373" lon="-121.54281992465258">
        <ele>146.16</ele>
      </trkpt>
      <trkpt lat="36.02051993831992" lon="-121.54273996129632">
        <ele>146.68</ele>
      </trkpt>
      <trkpt lat="36.02050996385515" lon="-121.5426199324429">
        <ele>147.22</ele>
      </trkpt>
      <trkpt lat="36.02048993110657" lon="-121.54247995465994">
        <ele>147.73</ele>
      </trkpt>
      <trkpt lat="36.02046998217702" lon="-121.54236998409033">
        <ele>148.2</ele>
      </trkpt>
      <trkpt lat="36.020439974963665" lon="-121.54227996245027">
        <ele>148.63</ele>
      </trkpt>
      <trkpt lat="36.02039999328554" lon="-121.54211995191872">
        <ele>149.1</ele>
      </trkpt>
      <trkpt lat="36.0203499533236" lon="-121.54195994138718">
        <ele>149.53</ele>
      </trkpt>
      <trkpt lat="36.02027996443212" lon="-121.54176992364228">
        <ele>149.87</ele>
      </trkpt>
      <trkpt lat="36.0202048625797" lon="-121.54154461808503">
        <ele>150.19</ele>
      </trkpt>
      <trkpt lat="36.02012992836535" lon="-121.54131998308003">
        <ele>150.45</ele>
      </trkpt>
      <trkpt lat="36.020099921151996" lon="-121.5412199869752">
        <ele>150.66</ele>
      </trkpt>
      <trkpt lat="36.02005993947387" lon="-121.54110993258655">
        <ele>150.83</ele>
      </trkpt>
      <trkpt lat="36.01999992504716" lon="-121.54090994037688">
        <ele>150.97</ele>
      </trkpt>
      <trkpt lat="36.01994996890426" lon="-121.54077993705869">
        <ele>151.06</ele>
      </trkpt>
      <trkpt lat="36.019859947264194" lon="-121.54049998149276">
        <ele>151.11</ele>
      </trkpt>
      <trkpt lat="36.01978987455368" lon="-121.54029470868409">
        <ele>151.13</ele>
      </trkpt>
      <trkpt lat="36.01971996948123" lon="-121.5400899387896">
        <ele>151.1</ele>
      </trkpt>
      <trkpt lat="36.01965484209359" lon="-121.53987963683903">
        <ele>151.03</ele>
      </trkpt>
      <trkpt lat="36.01958996616304" lon="-121.53966992162168">
        <ele>150.92</ele>
      </trkpt>
      <trkpt lat="36.019579991698265" lon="-121.53964997269213">
        <ele>150.79</ele>
      </trkpt>
      <trkpt lat="36.01952995173633" lon="-121.53951996937394">
        <ele>150.62</ele>
      </trkpt>
      <trkpt lat="36.01950991898775" lon="-121.53943992219865">
        <ele>150.42</ele>
      </trkpt>
      <trkpt lat="36.01939994841814" lon="-121.5391699410975">
        <ele>150.13</ele>
      </trkpt>
      <trkpt lat="36.01934999227524" lon="-121.53901998884976">
        <ele>149.83</ele>
      </trkpt>
      <trkpt lat="36.01928997784853" lon="-121.53883994556963">
        <ele>149.51</ele>
      </trkpt>
      <trkpt lat="36.01918998174369" lon="-121.53852998279035">
        <ele>149.17</ele>
      </trkpt>
      <trkpt lat="36.01915997453034" lon="-121.53843996115029">
        <ele>148.82</ele>
      </trkpt>
      <trkpt lat="36.019129967316985" lon="-121.53833996504545">
        <ele>148.45</ele>
      </trkpt>
      <trkpt lat="36.01909996010363" lon="-121.53823996894062">
        <ele>148.07</ele>
      </trkpt>
      <trkpt lat="36.01908998563886" lon="-121.53820996172726">
        <ele>147.66</ele>
      </trkpt>
      <trkpt lat="36.0190499201417" lon="-121.53807995840907">
        <ele>147.22</ele>
      </trkpt>
      <trkpt lat="36.01902997121215" lon="-121.53802991844714">
        <ele>146.77</ele>
      </trkpt>
      <trkpt lat="36.018959982320666" lon="-121.53783998452127">
        <ele>146.29</ele>
      </trkpt>
      <trkpt lat="36.018939949572086" lon="-121.53777997009456">
        <ele>145.81</ele>
      </trkpt>
      <trkpt lat="36.018889993429184" lon="-121.53762993402779">
        <ele>145.3</ele>
      </trkpt>
      <trkpt lat="36.018829979002476" lon="-121.53747998178005">
        <ele>144.78</ele>
      </trkpt>
      <trkpt lat="36.018809946253896" lon="-121.53741996735334">
        <ele>144.26</ele>
      </trkpt>
      <trkpt lat="36.01875999011099" lon="-121.53729993849993">
        <ele>143.73</ele>
      </trkpt>
      <trkpt lat="36.01872998289764" lon="-121.53721997514367">
        <ele>143.2</ele>
      </trkpt>
      <trkpt lat="36.01864993572235" lon="-121.53700992465019">
        <ele>142.65</ele>
      </trkpt>
      <trkpt lat="36.018619928509" lon="-121.53693993575871">
        <ele>142.1</ele>
      </trkpt>
      <trkpt lat="36.01860995404422" lon="-121.53689995408058">
        <ele>141.55</ele>
      </trkpt>
      <trkpt lat="36.01855999790132" lon="-121.53675997629762">
        <ele>140.97</ele>
      </trkpt>
      <trkpt lat="36.018529990687966" lon="-121.53666995465755">
        <ele>140.41</ele>
      </trkpt>
      <trkpt lat="36.01845991797745" lon="-121.53650994412601">
        <ele>139.8</ele>
      </trkpt>
      <trkpt lat="36.018439969047904" lon="-121.53645998798311">
        <ele>139.25</ele>
      </trkpt>
      <trkpt lat="36.018399987369776" lon="-121.53636996634305">
        <ele>138.7</ele>
      </trkpt>
      <trkpt lat="36.018359921872616" lon="-121.53629997745156">
        <ele>138.14</ele>
      </trkpt>
      <trkpt lat="36.01832999847829" lon="-121.53622998856008">
        <ele>137.58</ele>
      </trkpt>
      <trkpt lat="36.01829999126494" lon="-121.53617994859815">
        <ele>137.04</ele>
      </trkpt>
      <trkpt lat="36.01823997683823" lon="-121.53609998524189">
        <ele>136.49</ele>
      </trkpt>
      <trkpt lat="36.0181899368763" lon="-121.53602999635041">
        <ele>135.96</ele>
      </trkpt>
      <trkpt lat="36.018139980733395" lon="-121.5359699819237">
        <ele>135.47</ele>
      </trkpt>
      <trkpt lat="36.01812992244959" lon="-121.5359699819237">
        <ele>134.99</ele>
      </trkpt>
      <trkpt lat="36.01808994077146" lon="-121.53591994196177">
        <ele>134.53</ele>
      </trkpt>
      <trkpt lat="36.018079966306686" lon="-121.53590996749699">
        <ele>134.08</ele>
      </trkpt>
      <trkpt lat="36.01804995909333" lon="-121.53585992753506">
        <ele>133.64</ele>
      </trkpt>
      <trkpt lat="36.0179999191314" lon="-121.53580997139215">
        <ele>133.23</ele>
      </trkpt>
      <trkpt lat="36.017929930239916" lon="-121.53573998250067">
        <ele>132.84</ele>
      </trkpt>
      <trkpt lat="36.017819959670305" lon="-121.53563998639584">
        <ele>132.45</ele>
      </trkpt>
      <trkpt lat="36.01772993803024" lon="-121.53555993922055">
        <ele>132.07</ele>
      </trkpt>
      <trkpt lat="36.01758996024728" lon="-121.53542993590236">
        <ele>131.7</ele>
      </trkpt>
      <trkpt lat="36.0175699274987" lon="-121.53541996143758">
        <ele>131.34</ele>
      </trkpt>
      <trkpt lat="36.01748996414244" lon="-121.53533999808133">
        <ele>131.0</ele>
      </trkpt>
      <trkpt lat="36.01741997525096" lon="-121.53526992537081">
        <ele>130.68</ele>
      </trkpt>
      <trkpt lat="36.01737999357283" lon="-121.53523991815746">
        <ele>130.37</ele>
      </trkpt>
      <trkpt lat="36.0173299536109" lon="-121.53518996201456">
        <ele>130.07</ele>
      </trkpt>
      <trkpt lat="36.01724999025464" lon="-121.5351099986583">
        <ele>129.78</ele>
      </trkpt>
      <trkpt lat="36.01721998304129" lon="-121.53507999144495">
        <ele>129.5</ele>
      </trkpt>
      <trkpt lat="36.01716994307935" lon="-121.53502995148301">
        <ele>129.23</ele>
      </trkpt>
      <trkpt lat="36.017089979723096" lon="-121.53494998812675">
        <ele>128.97</ele>
      </trkpt>
      <trkpt lat="36.01702996529639" lon="-121.53486994095147">
        <ele>128.7</ele>
      </trkpt>
      <trkpt lat="36.01692996919155" lon="-121.53473993763328">
        <ele>128.41</ele>
      </trkpt>
      <trkpt lat="36.01687992922962" lon="-121.5346699487418">
        <ele>128.14</ele>
      </trkpt>
      <trkpt lat="36.01685998030007" lon="-121.53461999259889">
        <ele>127.89</ele>
      </trkpt>
      <trkpt lat="36.01679996587336" lon="-121.53452997095883">
        <ele>127.61</ele>
      </trkpt>
      <trkpt lat="36.01673995144665" lon="-121.53442997485399">
        <ele>127.34</ele>
      </trkpt>
      <trkpt lat="36.0167099442333" lon="-121.53438999317586">
        <ele>127.1</ele>
      </trkpt>
      <trkpt lat="36.01664992980659" lon="-121.53426996432245">
        <ele>126.87</ele>
      </trkpt>
      <trkpt lat="36.016639955341816" lon="-121.5342399571091">
        <ele>126.64</ele>
      </trkpt>
      <trkpt lat="36.016619922593236" lon="-121.53419997543097">
        <ele>126.4</ele>
      </trkpt>
      <trkpt lat="36.01655999198556" lon="-121.53408992104232">
        <ele>126.18</ele>
      </trkpt>
      <trkpt lat="36.0164699703455" lon="-121.53388992883265">
        <ele>125.91</ele>
      </trkpt>
      <trkpt lat="36.01638992317021" lon="-121.53371994383633">
        <ele>125.6</ele>
      </trkpt>
      <trkpt lat="36.01632999256253" lon="-121.53355993330479">
        <ele>125.36</ele>
      </trkpt>
      <trkpt lat="36.01628992706537" lon="-121.53346999548376">
        <ele>125.13</ele>
      </trkpt>
      <trkpt lat="36.01625991985202" lon="-121.53340998105705">
        <ele>124.79</ele>
      </trkpt>
      <trkpt lat="36.016229996457696" lon="-121.53331995941699">
        <ele>124.47</ele>
      </trkpt>
      <trkpt lat="36.01616998203099" lon="-121.53316992335021">
        <ele>124.1</ele>
      </trkpt>
      <trkpt lat="36.016139974817634" lon="-121.5330599527806">
        <ele>123.75</ele>
      </trkpt>
      <trkpt lat="36.016119942069054" lon="-121.53297998942435">
        <ele>123.47</ele>
      </trkpt>
      <trkpt lat="36.01606998592615" lon="-121.53283992782235">
        <ele>123.24</ele>
      </trkpt>
      <trkpt lat="36.01602992042899" lon="-121.53269995003939">
        <ele>122.92</ele>
      </trkpt>
      <trkpt lat="36.015969989821315" lon="-121.53246995061636">
        <ele>122.54</ele>
      </trkpt>
      <trkpt lat="36.015929924324155" lon="-121.53227993287146">
        <ele>122.14</ele>
      </trkpt>
      <trkpt lat="36.015839986503124" lon="-121.53192998841405">
        <ele>121.67</ele>
      </trkpt>
      <trkpt lat="36.01580997928977" lon="-121.53183996677399">
        <ele>121.3</ele>
      </trkpt>
      <trkpt lat="36.015779972076416" lon="-121.5317099634558">
        <ele>120.89</ele>
      </trkpt>
      <trkpt lat="36.01576999761164" lon="-121.53165992349386">
        <ele>120.39</ele>
      </trkpt>
      <trkpt lat="36.01572993211448" lon="-121.53149999678135">
        <ele>119.86</ele>
      </trkpt>
      <trkpt lat="36.015689950436354" lon="-121.53134996071458">
        <ele>119.25</ele>
      </trkpt>
      <trkpt lat="36.01563999429345" lon="-121.53117997571826">
        <ele>118.63</ele>
      </trkpt>
      <trkpt lat="36.015629936009645" lon="-121.53110998682678">
        <ele>118.04</ele>
      </trkpt>
      <trkpt lat="36.01559992879629" lon="-121.53098995797336">
        <ele>117.44</ele>
      </trkpt>
      <trkpt lat="36.015539998188615" lon="-121.53074998408556">
        <ele>116.88</ele>
      </trkpt>
      <trkpt lat="36.01552993990481" lon="-121.53067999519408">
        <ele>116.23</ele>
      </trkpt>
      <trkpt lat="36.015519965440035" lon="-121.53061998076737">
        <ele>115.54</ele>
      </trkpt>
      <trkpt lat="36.015499932691455" lon="-121.53051998466253">
        <ele>114.77</ele>
      </trkpt>
      <trkpt lat="36.0154699254781" lon="-121.53037992306054">
        <ele>113.97</ele>
      </trkpt>
      <trkpt lat="36.01543991826475" lon="-121.53025997802615">
        <ele>113.11</ele>
      </trkpt>
      <trkpt lat="36.0154199693352" lon="-121.53015998192132">
        <ele>112.2</ele>
      </trkpt>
      <trkpt lat="36.01539993658662" lon="-121.53005998581648">
        <ele>111.28</ele>
      </trkpt>
      <trkpt lat="36.01537998765707" lon="-121.52996996417642">
        <ele>110.3</ele>
      </trkpt>
      <trkpt lat="36.015369929373264" lon="-121.52990994974971">
        <ele>109.28</ele>
      </trkpt>
      <trkpt lat="36.015349980443716" lon="-121.52982998639345">
        <ele>108.21</ele>
      </trkpt>
      <trkpt lat="36.01531997323036" lon="-121.5296699758619">
        <ele>107.09</ele>
      </trkpt>
      <trkpt lat="36.01529994048178" lon="-121.52951993979514">
        <ele>105.95</ele>
      </trkpt>
      <trkpt lat="36.01528996601701" lon="-121.52947995811701">
        <ele>104.76</ele>
      </trkpt>
      <trkpt lat="36.01528996601701" lon="-121.52945992536843">
        <ele>103.55</ele>
      </trkpt>
      <trkpt lat="36.015259958803654" lon="-121.52935992926359">
        <ele>102.23</ele>
      </trkpt>
      <trkpt lat="36.015239926055074" lon="-121.52930997312069">
        <ele>100.91</ele>
      </trkpt>
      <trkpt lat="36.01518996991217" lon="-121.52916999533772">
        <ele>99.49</ele>
      </trkpt>
      <trkpt lat="36.015069941058755" lon="-121.52884997427464">
        <ele>97.97</ele>
      </trkpt>
      <trkpt lat="36.01502995938063" lon="-121.52876992709935">
        <ele>96.55</ele>
      </trkpt>
      <trkpt lat="36.014959970489144" lon="-121.52862994931638">
        <ele>95.09</ele>
      </trkpt>
      <trkpt lat="36.014899956062436" lon="-121.52850992046297">
        <ele>93.67</ele>
      </trkpt>
      <trkpt lat="36.01483994163573" lon="-121.52841998264194">
        <ele>92.16</ele>
      </trkpt>
      <trkpt lat="36.01475997827947" lon="-121.5283099282533">
        <ele>90.59</ele>
      </trkpt>
      <trkpt lat="36.01471999660134" lon="-121.52823993936181">
        <ele>89.12</ele>
      </trkpt>
      <trkpt lat="36.01466995663941" lon="-121.52819995768368">
        <ele>87.64</ele>
      </trkpt>
      <trkpt lat="36.01452503353357" lon="-121.52802502736449">
        <ele>86.08</ele>
      </trkpt>
      <trkpt lat="36.014379942789674" lon="-121.52784992940724">
        <ele>84.46</ele>
      </trkpt>
      <trkpt lat="36.014205096289515" lon="-121.52768011204898">
        <ele>82.93</ele>
      </trkpt>
      <trkpt lat="36.01402999833226" lon="-121.5275099594146">
        <ele>81.38</ele>
      </trkpt>
      <trkpt lat="36.013885075226426" lon="-121.52738003991544">
        <ele>79.84</ele>
      </trkpt>
      <trkpt lat="36.01373998448253" lon="-121.52724995277822">
        <ele>78.33</ele>
      </trkpt>
      <trkpt lat="36.013600090518594" lon="-121.52713512070477">
        <ele>76.83</ele>
      </trkpt>
      <trkpt lat="36.013459945097566" lon="-121.5270199533552">
        <ele>75.31</ele>
      </trkpt>
      <trkpt lat="36.01340998895466" lon="-121.52696999721229">
        <ele>73.9</ele>
      </trkpt>
      <trkpt lat="36.01322013884783" lon="-121.5267950668931">
        <ele>72.35</ele>
      </trkpt>
      <trkpt lat="36.013029953464866" lon="-121.52661996893585">
        <ele>70.92</ele>
      </trkpt>
      <trkpt lat="36.012919982895255" lon="-121.52650999836624">
        <ele>69.54</ele>
      </trkpt>
      <trkpt lat="36.0128899756819" lon="-121.52647999115288">
        <ele>68.22</ele>
      </trkpt>
      <trkpt lat="36.01281998679042" lon="-121.52641997672617">
        <ele>66.94</ele>
      </trkpt>
      <trkpt lat="36.01268998347223" lon="-121.52629994787276">
        <ele>65.65</ele>
      </trkpt>
      <trkpt lat="36.012599961832166" lon="-121.5262199845165">
        <ele>64.42</ele>
      </trkpt>
      <trkpt lat="36.012489991262555" lon="-121.52610993012786">
        <ele>63.24</ele>
      </trkpt>
      <trkpt lat="36.01230014115572" lon="-121.5259350836277">
        <ele>62.02</ele>
      </trkpt>
      <trkpt lat="36.01210995577276" lon="-121.52575998567045">
        <ele>60.78</ele>
      </trkpt>
      <trkpt lat="36.01198992691934" lon="-121.52562998235226">
        <ele>59.68</ele>
      </trkpt>
      <trkpt lat="36.01195991970599" lon="-121.52560994960368">
        <ele>58.66</ele>
      </trkpt>
      <trkpt lat="36.011849949136376" lon="-121.52550995349884">
        <ele>57.59</ele>
      </trkpt>
      <trkpt lat="36.01168993860483" lon="-121.52535991743207">
        <ele>56.55</ele>
      </trkpt>
      <trkpt lat="36.01144996471703" lon="-121.52513997629285">
        <ele>55.66</ele>
      </trkpt>
      <trkpt lat="36.01123999804258" lon="-121.52492992579937">
        <ele>54.95</ele>
      </trkpt>
      <trkpt lat="36.01114997640252" lon="-121.52484996244311">
        <ele>54.25</ele>
      </trkpt>
      <trkpt lat="36.01109993644059" lon="-121.52480998076499">
        <ele>53.56</ele>
      </trkpt>
      <trkpt lat="36.01106992922723" lon="-121.5247899480164">
        <ele>52.9</ele>
      </trkpt>
      <trkpt lat="36.01103992201388" lon="-121.52475994080305">
        <ele>52.36</ele>
      </trkpt>
      <trkpt lat="36.011009998619556" lon="-121.5247399918735">
        <ele>51.84</ele>
      </trkpt>
      <trkpt lat="36.01088996976614" lon="-121.52464997023344">
        <ele>51.38</ele>
      </trkpt>
      <trkpt lat="36.01079994812608" lon="-121.52458995580673">
        <ele>50.92</ele>
      </trkpt>
      <trkpt lat="36.01071998476982" lon="-121.52452994138002">
        <ele>50.51</ele>
      </trkpt>
      <trkpt lat="36.01063993759453" lon="-121.52446992695332">
        <ele>50.23</ele>
      </trkpt>
      <trkpt lat="36.010579923167825" lon="-121.52442994527519">
        <ele>49.94</ele>
      </trkpt>
      <trkpt lat="36.0105399414897" lon="-121.52439993806183">
        <ele>49.66</ele>
      </trkpt>
      <trkpt lat="36.01049995981157" lon="-121.52436993084848">
        <ele>49.42</ele>
      </trkpt>
      <trkpt lat="36.010449919849634" lon="-121.52431997470558">
        <ele>49.22</ele>
      </trkpt>
      <trkpt lat="36.01039996370673" lon="-121.52427999302745">
        <ele>49.05</ele>
      </trkpt>
      <trkpt lat="36.01037993095815" lon="-121.5242499858141">
        <ele>48.93</ele>
      </trkpt>
      <trkpt lat="36.0103499237448" lon="-121.52421997860074">
        <ele>48.83</ele>
      </trkpt>
      <trkpt lat="36.01030994206667" lon="-121.52418997138739">
        <ele>48.75</ele>
      </trkpt>
      <trkpt lat="36.010279934853315" lon="-121.52414998970926">
        <ele>48.71</ele>
      </trkpt>
      <trkpt lat="36.01023995317519" lon="-121.5241099242121">
        <ele>48.67</ele>
      </trkpt>
      <trkpt lat="36.01020994596183" lon="-121.52406994253397">
        <ele>48.66</ele>
      </trkpt>
      <trkpt lat="36.01017993874848" lon="-121.52403993532062">
        <ele>48.67</ele>
      </trkpt>
      <trkpt lat="36.01013995707035" lon="-121.52397992089391">
        <ele>48.71</ele>
      </trkpt>
      <trkpt lat="36.010109949857" lon="-121.52391999028623">
        <ele>48.79</ele>
      </trkpt>
      <trkpt lat="36.01007994264364" lon="-121.52387992478907">
        <ele>48.87</ele>
      </trkpt>
      <trkpt lat="36.010059993714094" lon="-121.52383994311094">
        <ele>48.97</ele>
      </trkpt>
      <trkpt lat="36.01002998650074" lon="-121.52378998696804">
        <ele>49.04</ele>
      </trkpt>
      <trkpt lat="36.01000995375216" lon="-121.52374992147088">
        <ele>49.12</ele>
      </trkpt>
      <trkpt lat="36.009999979287386" lon="-121.52370993979275">
        <ele>49.21</ele>
      </trkpt>
      <trkpt lat="36.00996997207403" lon="-121.52366995811462">
        <ele>49.27</ele>
      </trkpt>
      <trkpt lat="36.00996997207403" lon="-121.52363995090127">
        <ele>49.39</ele>
      </trkpt>
      <trkpt lat="36.00994993932545" lon="-121.52360994368792">
        <ele>49.48</ele>
      </trkpt>
      <trkpt lat="36.009929990395904" lon="-121.52354992926121">
        <ele>49.56</ele>
      </trkpt>
      <trkpt lat="36.0099199321121" lon="-121.52350994758308">
        <ele>49.65</ele>
      </trkpt>
      <trkpt lat="36.009909957647324" lon="-121.52345999144018">
        <ele>49.74</ele>
      </trkpt>
      <trkpt lat="36.009889924898744" lon="-121.52339997701347">
        <ele>49.85</ele>
      </trkpt>
      <trkpt lat="36.00987995043397" lon="-121.52334993705153">
        <ele>49.96</ele>
      </trkpt>
      <trkpt lat="36.00985991768539" lon="-121.52328992262483">
        <ele>50.03</ele>
      </trkpt>
      <trkpt lat="36.00983996875584" lon="-121.52315991930664">
        <ele>50.12</ele>
      </trkpt>
      <trkpt lat="36.00980996154249" lon="-121.52302999980748">
        <ele>50.22</ele>
      </trkpt>
      <trkpt lat="36.00978992879391" lon="-121.52292991988361">
        <ele>50.26</ele>
      </trkpt>
      <trkpt lat="36.00976997986436" lon="-121.52280997484922">
        <ele>50.26</ele>
      </trkpt>
      <trkpt lat="36.00975992158055" lon="-121.52272992767394">
        <ele>50.26</ele>
      </trkpt>
      <trkpt lat="36.00974994711578" lon="-121.52269992046058">
        <ele>50.21</ele>
      </trkpt>
      <trkpt lat="36.00974994711578" lon="-121.52266999706626">
        <ele>50.17</ele>
      </trkpt>
      <trkpt lat="36.009739972651005" lon="-121.5226299315691">
        <ele>50.08</ele>
      </trkpt>
      <trkpt lat="36.009739972651005" lon="-121.52258994989097">
        <ele>50.0</ele>
      </trkpt>
      <trkpt lat="36.00972999818623" lon="-121.52255994267762">
        <ele>49.88</ele>
      </trkpt>
      <trkpt lat="36.00972999818623" lon="-121.52253999374807">
        <ele>49.75</ele>
      </trkpt>
      <trkpt lat="36.00972999818623" lon="-121.52248995378613">
        <ele>49.59</ele>
      </trkpt>
      <trkpt lat="36.00972999818623" lon="-121.52245994657278">
        <ele>49.4</ele>
      </trkpt>
      <trkpt lat="36.00972999818623" lon="-121.52243999764323">
        <ele>49.19</ele>
      </trkpt>
      <trkpt lat="36.00972999818623" lon="-121.52237998321652">
        <ele>48.94</ele>
      </trkpt>
      <trkpt lat="36.00972999818623" lon="-121.52226992882788">
        <ele>48.63</ele>
      </trkpt>
      <trkpt lat="36.00972999818623" lon="-121.52210991829634">
        <ele>48.33</ele>
      </trkpt>
      <trkpt lat="36.00972999818623" lon="-121.52173994109035">
        <ele>48.02</ele>
      </trkpt>
      <trkpt lat="36.00972999818623" lon="-121.52146995998919">
        <ele>47.73</ele>
      </trkpt>
      <trkpt lat="36.00972999818623" lon="-121.52136996388435">
        <ele>47.41</ele>
      </trkpt>
      <trkpt lat="36.00972999818623" lon="-121.52129997499287">
        <ele>47.08</ele>
      </trkpt>
      <trkpt lat="36.00972999818623" lon="-121.52123996056616">
        <ele>46.73</ele>
      </trkpt>
      <trkpt lat="36.009719939902425" lon="-121.52120995335281">
        <ele>46.36</ele>
      </trkpt>
      <trkpt lat="36.009719939902425" lon="-121.5211599972099">
        <ele>45.98</ele>
      </trkpt>
      <trkpt lat="36.009719939902425" lon="-121.52110995724797">
        <ele>45.59</ele>
      </trkpt>
      <trkpt lat="36.00970996543765" lon="-121.52104994282126">
        <ele>45.19</ele>
      </trkpt>
      <trkpt lat="36.00970996543765" lon="-121.52100996114314">
        <ele>44.78</ele>
      </trkpt>
      <trkpt lat="36.00969999097288" lon="-121.52096997946501">
        <ele>44.36</ele>
      </trkpt>
      <trkpt lat="36.00969999097288" lon="-121.5209599211812">
        <ele>43.92</ele>
      </trkpt>
      <trkpt lat="36.00969999097288" lon="-121.52089999057353">
        <ele>43.49</ele>
      </trkpt>
      <trkpt lat="36.00968993268907" lon="-121.52086998336017">
        <ele>43.03</ele>
      </trkpt>
      <trkpt lat="36.00968993268907" lon="-121.52082991786301">
        <ele>42.57</ele>
      </trkpt>
      <trkpt lat="36.0096799582243" lon="-121.52076998725533">
        <ele>42.11</ele>
      </trkpt>
      <trkpt lat="36.00965992547572" lon="-121.52068994008005">
        <ele>41.64</ele>
      </trkpt>
      <trkpt lat="36.00964995101094" lon="-121.52061995118856">
        <ele>41.16</ele>
      </trkpt>
      <trkpt lat="36.00963997654617" lon="-121.52056999504566">
        <ele>40.66</ele>
      </trkpt>
      <trkpt lat="36.00962991826236" lon="-121.5205299295485">
        <ele>40.19</ele>
      </trkpt>
      <trkpt lat="36.00959999486804" lon="-121.52043999172747">
        <ele>39.72</ele>
      </trkpt>
      <trkpt lat="36.00957996211946" lon="-121.52035994455218">
        <ele>39.21</ele>
      </trkpt>
      <trkpt lat="36.00955992937088" lon="-121.52027998119593">
        <ele>38.71</ele>
      </trkpt>
      <trkpt lat="36.009529922157526" lon="-121.52020999230444">
        <ele>38.23</ele>
      </trkpt>
      <trkpt lat="36.00951994769275" lon="-121.52015995234251">
        <ele>37.79</ele>
      </trkpt>
      <trkpt lat="36.009499998763204" lon="-121.5200999379158">
        <ele>37.33</ele>
      </trkpt>
      <trkpt lat="36.00946999154985" lon="-121.5200399234891">
        <ele>36.87</ele>
      </trkpt>
      <trkpt lat="36.009439984336495" lon="-121.51996993459761">
        <ele>36.43</ele>
      </trkpt>
      <trkpt lat="36.009419951587915" lon="-121.5199099201709">
        <ele>36.05</ele>
      </trkpt>
      <trkpt lat="36.009399918839335" lon="-121.51987999677658">
        <ele>35.7</ele>
      </trkpt>
      <trkpt lat="36.00938994437456" lon="-121.51984998956323">
        <ele>35.38</ele>
      </trkpt>
      <trkpt lat="36.00936999544501" lon="-121.51980992406607">
        <ele>35.07</ele>
      </trkpt>
      <trkpt lat="36.00934996269643" lon="-121.51976994238794">
        <ele>34.8</ele>
      </trkpt>
      <trkpt lat="36.00932992994785" lon="-121.51971998624504">
        <ele>34.56</ele>
      </trkpt>
      <trkpt lat="36.00931995548308" lon="-121.51970992796123">
        <ele>34.35</ele>
      </trkpt>
      <trkpt lat="36.009289948269725" lon="-121.51963993906975">
        <ele>34.15</ele>
      </trkpt>
      <trkpt lat="36.00923999212682" lon="-121.51955997571349">
        <ele>33.97</ele>
      </trkpt>
      <trkpt lat="36.009119963273406" lon="-121.51931991800666">
        <ele>33.67</ele>
      </trkpt>
      <trkpt lat="36.009009992703795" lon="-121.51909997686744">
        <ele>33.37</ele>
      </trkpt>
      <trkpt lat="36.00889993831515" lon="-121.51889998465776">
        <ele>33.19</ele>
      </trkpt>
      <trkpt lat="36.00878996774554" lon="-121.51867995969951">
        <ele>33.19</ele>
      </trkpt>
      <trkpt lat="36.00864998996258" lon="-121.51839992031455">
        <ele>33.76</ele>
      </trkpt>
      <trkpt lat="36.008619982749224" lon="-121.51834996417165">
        <ele>33.88</ele>
      </trkpt>
      <trkpt lat="36.00858997553587" lon="-121.51829992420971">
        <ele>34.02</ele>
      </trkpt>
      <trkpt lat="36.008559968322515" lon="-121.51821996085346">
        <ele>34.21</ele>
      </trkpt>
      <trkpt lat="36.00851998664439" lon="-121.5181299392134">
        <ele>34.45</ele>
      </trkpt>
      <trkpt lat="36.00846994668245" lon="-121.51798996143043">
        <ele>34.78</ele>
      </trkpt>
      <trkpt lat="36.00845997221768" lon="-121.51792994700372">
        <ele>35.02</ele>
      </trkpt>
      <trkpt lat="36.008429965004325" lon="-121.51783992536366">
        <ele>35.17</ele>
      </trkpt>
      <trkpt lat="36.00841999053955" lon="-121.51776993647218">
        <ele>35.41</ele>
      </trkpt>
      <trkpt lat="36.00839995779097" lon="-121.51766994036734">
        <ele>35.71</ele>
      </trkpt>
      <trkpt lat="36.0083899833262" lon="-121.51754999533296">
        <ele>35.98</ele>
      </trkpt>
      <trkpt lat="36.008364921435714" lon="-121.51731949299574">
        <ele>36.32</ele>
      </trkpt>
      <trkpt lat="36.00833994336426" lon="-121.5170899964869">
        <ele>36.64</ele>
      </trkpt>
      <trkpt lat="36.008299961686134" lon="-121.51675991714">
        <ele>37.15</ele>
      </trkpt>
      <trkpt lat="36.00828998722136" lon="-121.5167099609971">
        <ele>37.55</ele>
      </trkpt>
      <trkpt lat="36.00826995447278" lon="-121.5165999904275">
        <ele>38.01</ele>
      </trkpt>
      <trkpt lat="36.00822997279465" lon="-121.51642992161214">
        <ele>38.47</ele>
      </trkpt>
      <trkpt lat="36.00821999832988" lon="-121.51641994714737">
        <ele>38.86</ele>
      </trkpt>
      <trkpt lat="36.0081999655813" lon="-121.51630997657776">
        <ele>39.3</ele>
      </trkpt>
      <trkpt lat="36.008169958367944" lon="-121.5162199549377">
        <ele>39.69</ele>
      </trkpt>
      <trkpt lat="36.008169958367944" lon="-121.51620998047292">
        <ele>40.11</ele>
      </trkpt>
      <trkpt lat="36.00813995115459" lon="-121.51610998436809">
        <ele>40.48</ele>
      </trkpt>
      <trkpt lat="36.008109943941236" lon="-121.51600998826325">
        <ele>40.86</ele>
      </trkpt>
      <trkpt lat="36.00804992951453" lon="-121.51579993776977">
        <ele>41.19</ele>
      </trkpt>
      <trkpt lat="36.00803995504975" lon="-121.51576993055642">
        <ele>41.63</ele>
      </trkpt>
      <trkpt lat="36.007999973371625" lon="-121.5155999455601">
        <ele>42.12</ele>
      </trkpt>
      <trkpt lat="36.0079599916935" lon="-121.51547991670668">
        <ele>42.57</ele>
      </trkpt>
      <trkpt lat="36.00793995894492" lon="-121.51539995335042">
        <ele>43.03</ele>
      </trkpt>
      <trkpt lat="36.00791992619634" lon="-121.51531998999417">
        <ele>43.41</ele>
      </trkpt>
      <trkpt lat="36.00790995173156" lon="-121.5152299683541">
        <ele>43.86</ele>
      </trkpt>
      <trkpt lat="36.00789997726679" lon="-121.51515997946262">
        <ele>44.29</ele>
      </trkpt>
      <trkpt lat="36.00788991898298" lon="-121.51508999057114">
        <ele>44.66</ele>
      </trkpt>
      <trkpt lat="36.00788991898298" lon="-121.51501991786063">
        <ele>45.06</ele>
      </trkpt>
      <trkpt lat="36.00788991898298" lon="-121.51495998725295">
        <ele>45.45</ele>
      </trkpt>
      <trkpt lat="36.00788991898298" lon="-121.51488999836147">
        <ele>45.84</ele>
      </trkpt>
      <trkpt lat="36.00788991898298" lon="-121.51481992565095">
        <ele>46.2</ele>
      </trkpt>
      <trkpt lat="36.00788991898298" lon="-121.51471992954612">
        <ele>46.55</ele>
      </trkpt>
      <trkpt lat="36.00788991898298" lon="-121.51468992233276">
        <ele>46.87</ele>
      </trkpt>
      <trkpt lat="36.00788991898298" lon="-121.51457995176315">
        <ele>47.18</ele>
      </trkpt>
      <trkpt lat="36.00788991898298" lon="-121.51448993012309">
        <ele>47.46</ele>
      </trkpt>
      <trkpt lat="36.00788991898298" lon="-121.51427996344864">
        <ele>47.81</ele>
      </trkpt>
      <trkpt lat="36.00787994451821" lon="-121.51419991627336">
        <ele>48.11</ele>
      </trkpt>
      <trkpt lat="36.00787994451821" lon="-121.51405993849039">
        <ele>48.36</ele>
      </trkpt>
      <trkpt lat="36.007869970053434" lon="-121.51391996070743">
        <ele>48.56</ele>
      </trkpt>
      <trkpt lat="36.00785999558866" lon="-121.51382993906736">
        <ele>48.72</ele>
      </trkpt>
      <trkpt lat="36.00785999558866" lon="-121.51377998292446">
        <ele>48.88</ele>
      </trkpt>
      <trkpt lat="36.007849937304854" lon="-121.51366992853582">
        <ele>49.01</ele>
      </trkpt>
      <trkpt lat="36.007829988375306" lon="-121.51353992521763">
        <ele>49.08</ele>
      </trkpt>
      <trkpt lat="36.007809955626726" lon="-121.51342995464802">
        <ele>49.12</ele>
      </trkpt>
      <trkpt lat="36.007809955626726" lon="-121.51338997296989">
        <ele>49.18</ele>
      </trkpt>
      <trkpt lat="36.00779998116195" lon="-121.51334999129176">
        <ele>49.21</ele>
      </trkpt>
      <trkpt lat="36.00777994841337" lon="-121.5132599696517">
        <ele>49.18</ele>
      </trkpt>
      <trkpt lat="36.007759999483824" lon="-121.51319995522499">
        <ele>49.16</ele>
      </trkpt>
      <trkpt lat="36.00774994120002" lon="-121.51313994079828">
        <ele>49.14</ele>
      </trkpt>
      <trkpt lat="36.00772999227047" lon="-121.51307992637157">
        <ele>49.08</ele>
      </trkpt>
      <trkpt lat="36.00770995952189" lon="-121.51299996301532">
        <ele>49.03</ele>
      </trkpt>
      <trkpt lat="36.00768992677331" lon="-121.51293994858861">
        <ele>48.96</ele>
      </trkpt>
      <trkpt lat="36.00766997784376" lon="-121.5128799341619">
        <ele>48.87</ele>
      </trkpt>
      <trkpt lat="36.00764994509518" lon="-121.5128199197352">
        <ele>48.76</ele>
      </trkpt>
      <trkpt lat="36.00762999616563" lon="-121.51275998912752">
        <ele>48.67</ele>
      </trkpt>
      <trkpt lat="36.00759998895228" lon="-121.51266996748745">
        <ele>48.58</ele>
      </trkpt>
      <trkpt lat="36.00751994177699" lon="-121.51243996806443">
        <ele>48.38</ele>
      </trkpt>
      <trkpt lat="36.007419945672154" lon="-121.51217996142805">
        <ele>48.22</ele>
      </trkpt>
      <trkpt lat="36.00734987296164" lon="-121.51197971776128">
        <ele>48.12</ele>
      </trkpt>
      <trkpt lat="36.00727996788919" lon="-121.5117799770087">
        <ele>48.01</ele>
      </trkpt>
      <trkpt lat="36.00725993514061" lon="-121.51174996979535">
        <ele>47.84</ele>
      </trkpt>
      <trkpt lat="36.007229927927256" lon="-121.51165994815528">
        <ele>47.67</ele>
      </trkpt>
      <trkpt lat="36.0071999207139" lon="-121.51156992651522">
        <ele>47.51</ele>
      </trkpt>
      <trkpt lat="36.00717997178435" lon="-121.51154997758567">
        <ele>47.34</ele>
      </trkpt>
      <trkpt lat="36.00715993903577" lon="-121.51148996315897">
        <ele>47.19</ele>
      </trkpt>
      <trkpt lat="36.007119957357645" lon="-121.5113999415189">
        <ele>47.06</ele>
      </trkpt>
      <trkpt lat="36.00707997567952" lon="-121.51132995262742">
        <ele>46.95</ele>
      </trkpt>
      <trkpt lat="36.00705994293094" lon="-121.51128997094929">
        <ele>46.83</ele>
      </trkpt>
      <trkpt lat="36.00702993571758" lon="-121.51123993098736">
        <ele>46.69</ele>
      </trkpt>
      <trkpt lat="36.00699992850423" lon="-121.51119994930923">
        <ele>46.54</ele>
      </trkpt>
      <trkpt lat="36.00697997957468" lon="-121.51116994209588">
        <ele>46.4</ele>
      </trkpt>
      <trkpt lat="36.006839917972684" lon="-121.5109699498862">
        <ele>46.27</ele>
      </trkpt>
      <trkpt lat="36.00665995851159" lon="-121.51070994324982">
        <ele>46.09</ele>
      </trkpt>
      <trkpt lat="36.006539929658175" lon="-121.51052998378873">
        <ele>46.01</ele>
      </trkpt>
      <trkpt lat="36.00637991912663" lon="-121.5102899260819">
        <ele>45.87</ele>
      </trkpt>
      <trkpt lat="36.00624991580844" lon="-121.51007484644651">
        <ele>45.77</ele>
      </trkpt>
      <trkpt lat="36.00611999630928" lon="-121.5098599344492">
        <ele>45.75</ele>
      </trkpt>
      <trkpt lat="36.00607993081212" lon="-121.50979992002249">
        <ele>45.67</ele>
      </trkpt>
      <trkpt lat="36.00596996024251" lon="-121.5096199605614">
        <ele>45.69</ele>
      </trkpt>
      <trkpt lat="36.00581992417574" lon="-121.50935995392501">
        <ele>45.64</ele>
      </trkpt>
      <trkpt lat="36.00577994249761" lon="-121.50928996503353">
        <ele>45.61</ele>
      </trkpt>
      <trkpt lat="36.00574993528426" lon="-121.5092399250716">
        <ele>45.6</ele>
      </trkpt>
      <trkpt lat="36.00572998635471" lon="-121.50920991785824">
        <ele>45.62</ele>
      </trkpt>
      <trkpt lat="36.00570995360613" lon="-121.50917999446392">
        <ele>45.65</ele>
      </trkpt>
      <trkpt lat="36.005679946392775" lon="-121.50913992896676">
        <ele>45.7</ele>
      </trkpt>
      <trkpt lat="36.005639964714646" lon="-121.50908997282386">
        <ele>45.75</ele>
      </trkpt>
      <trkpt lat="36.00558992475271" lon="-121.50902995839715">
        <ele>45.83</ele>
      </trkpt>
      <trkpt lat="36.00553996860981" lon="-121.50897991843522">
        <ele>45.91</ele>
      </trkpt>
      <trkpt lat="36.005489928647876" lon="-121.50892996229231">
        <ele>46.02</ele>
      </trkpt>
      <trkpt lat="36.00540996529162" lon="-121.50885997340083">
        <ele>46.17</ele>
      </trkpt>
      <trkpt lat="36.00527996197343" lon="-121.50873994454741">
        <ele>46.33</ele>
      </trkpt>
      <trkpt lat="36.00525992922485" lon="-121.50870993733406">
        <ele>46.48</ele>
      </trkpt>
      <trkpt lat="36.005229922011495" lon="-121.5086799301207">
        <ele>46.62</ele>
      </trkpt>
      <trkpt lat="36.005189940333366" lon="-121.5086299739778">
        <ele>46.88</ele>
      </trkpt>
      <trkpt lat="36.00515993312001" lon="-121.50858999229968">
        <ele>47.12</ele>
      </trkpt>
      <trkpt lat="36.005119951441884" lon="-121.50852997787297">
        <ele>47.37</ele>
      </trkpt>
      <trkpt lat="36.005059937015176" lon="-121.50844993069768">
        <ele>47.65</ele>
      </trkpt>
      <trkpt lat="36.00503998808563" lon="-121.50840994901955">
        <ele>47.91</ele>
      </trkpt>
      <trkpt lat="36.00499992258847" lon="-121.50835999287665">
        <ele>48.18</ele>
      </trkpt>
      <trkpt lat="36.00498994812369" lon="-121.5083299856633">
        <ele>48.44</ele>
      </trkpt>
      <trkpt lat="36.004969999194145" lon="-121.50828992016613">
        <ele>48.71</ele>
      </trkpt>
      <trkpt lat="36.00491995923221" lon="-121.50820995680988">
        <ele>48.99</ele>
      </trkpt>
      <trkpt lat="36.00488995201886" lon="-121.50814994238317">
        <ele>49.28</ele>
      </trkpt>
      <trkpt lat="36.00486991927028" lon="-121.50811993516982">
        <ele>49.56</ele>
      </trkpt>
      <trkpt lat="36.00482993759215" lon="-121.50805992074311">
        <ele>49.85</ele>
      </trkpt>
      <trkpt lat="36.00478995591402" lon="-121.50799999013543">
        <ele>50.15</ele>
      </trkpt>
      <trkpt lat="36.004779981449246" lon="-121.50797995738685">
        <ele>50.45</ele>
      </trkpt>
      <trkpt lat="36.004759948700666" lon="-121.5079499501735">
        <ele>50.74</ele>
      </trkpt>
      <trkpt lat="36.00471996702254" lon="-121.50787996128201">
        <ele>51.03</ele>
      </trkpt>
      <trkpt lat="36.00467998534441" lon="-121.50782992132008">
        <ele>51.31</ele>
      </trkpt>
      <trkpt lat="36.004629945382476" lon="-121.50777996517718">
        <ele>51.65</ele>
      </trkpt>
      <trkpt lat="36.00453992374241" lon="-121.50766999460757">
        <ele>51.93</ele>
      </trkpt>
      <trkpt lat="36.00443992763758" lon="-121.50755994021893">
        <ele>52.19</ele>
      </trkpt>
      <trkpt lat="36.00432995706797" lon="-121.50743999518454">
        <ele>52.54</ele>
      </trkpt>
      <trkpt lat="36.004259968176484" lon="-121.50736992247403">
        <ele>52.9</ele>
      </trkpt>
      <trkpt lat="36.004189979285" lon="-121.50728995911777">
        <ele>53.26</ele>
      </trkpt>
      <trkpt lat="36.00413993932307" lon="-121.50722994469106">
        <ele>53.62</ele>
      </trkpt>
      <trkpt lat="36.004089983180165" lon="-121.50717998854816">
        <ele>54.01</ele>
      </trkpt>
      <trkpt lat="36.00403994321823" lon="-121.50709994137287">
        <ele>54.4</ele>
      </trkpt>
      <trkpt lat="36.00398998707533" lon="-121.50704998522997">
        <ele>54.78</ele>
      </trkpt>
      <trkpt lat="36.00392997264862" lon="-121.50696993805468">
        <ele>55.18</ele>
      </trkpt>
      <trkpt lat="36.00387993268669" lon="-121.50688997469842">
        <ele>55.59</ele>
      </trkpt>
      <trkpt lat="36.003809943795204" lon="-121.50678997859359">
        <ele>55.98</ele>
      </trkpt>
      <trkpt lat="36.00373995490372" lon="-121.50668998248875">
        <ele>56.44</ele>
      </trkpt>
      <trkpt lat="36.00364993326366" lon="-121.50654992088675">
        <ele>56.89</ele>
      </trkpt>
      <trkpt lat="36.00362998433411" lon="-121.50651999749243">
        <ele>57.3</ele>
      </trkpt>
      <trkpt lat="36.00347994826734" lon="-121.5062799397856">
        <ele>57.75</ele>
      </trkpt>
      <trkpt lat="36.003399984911084" lon="-121.50614993646741">
        <ele>58.19</ele>
      </trkpt>
      <trkpt lat="36.00334994494915" lon="-121.50604994036257">
        <ele>58.64</ele>
      </trkpt>
      <trkpt lat="36.003249948844314" lon="-121.50587995536625">
        <ele>59.05</ele>
      </trkpt>
      <trkpt lat="36.00316998548806" lon="-121.50571994483471">
        <ele>59.54</ele>
      </trkpt>
      <trkpt lat="36.00300997495651" lon="-121.50538994930685">
        <ele>59.96</ele>
      </trkpt>
      <trkpt lat="36.00295993499458" lon="-121.50529992766678">
        <ele>60.38</ele>
      </trkpt>
      <trkpt lat="36.002929927781224" lon="-121.5052399970591">
        <ele>60.84</ele>
      </trkpt>
      <trkpt lat="36.00289992056787" lon="-121.50518995709717">
        <ele>61.3</ele>
      </trkpt>
      <trkpt lat="36.00284996442497" lon="-121.50511996820569">
        <ele>61.68</ele>
      </trkpt>
      <trkpt lat="36.002819957211614" lon="-121.50506992824376">
        <ele>62.05</ele>
      </trkpt>
      <trkpt lat="36.002779975533485" lon="-121.50501997210085">
        <ele>62.42</ele>
      </trkpt>
      <trkpt lat="36.00272993557155" lon="-121.50496993213892">
        <ele>62.8</ele>
      </trkpt>
      <trkpt lat="36.00268995389342" lon="-121.50492995046079">
        <ele>63.17</ele>
      </trkpt>
      <trkpt lat="36.00254997611046" lon="-121.5047999471426">
        <ele>63.63</ele>
      </trkpt>
      <trkpt lat="36.00246992893517" lon="-121.50473993271589">
        <ele>64.06</ele>
      </trkpt>
      <trkpt lat="36.002409998327494" lon="-121.50468997657299">
        <ele>64.47</ele>
      </trkpt>
      <trkpt lat="36.00239994004369" lon="-121.50467991828918">
        <ele>64.85</ele>
      </trkpt>
      <trkpt lat="36.00237999111414" lon="-121.50465996935964">
        <ele>65.22</ele>
      </trkpt>
      <trkpt lat="36.00233992561698" lon="-121.50461998768151">
        <ele>65.6</ele>
      </trkpt>
      <trkpt lat="36.002309918403625" lon="-121.50458998046815">
        <ele>65.95</ele>
      </trkpt>
      <trkpt lat="36.0022699367255" lon="-121.50454999879003">
        <ele>66.27</ele>
      </trkpt>
      <trkpt lat="36.00225996226072" lon="-121.50453994050622">
        <ele>66.61</ele>
      </trkpt>
      <trkpt lat="36.00223992951214" lon="-121.50450993329287">
        <ele>66.94</ele>
      </trkpt>
      <trkpt lat="36.002199947834015" lon="-121.50445997714996">
        <ele>67.25</ele>
      </trkpt>
      <trkpt lat="36.00216994062066" lon="-121.50442996993661">
        <ele>67.59</ele>
      </trkpt>
      <trkpt lat="36.00213993340731" lon="-121.50437992997468">
        <ele>67.93</ele>
      </trkpt>
      <trkpt lat="36.002089977264404" lon="-121.50428999215364">
        <ele>68.28</ele>
      </trkpt>
      <trkpt lat="36.002029962837696" lon="-121.50418999604881">
        <ele>68.57</ele>
      </trkpt>
      <trkpt lat="36.00190993398428" lon="-121.5039899200201">
        <ele>68.84</ele>
      </trkpt>
      <trkpt lat="36.0018399450928" lon="-121.50388992391527">
        <ele>69.15</ele>
      </trkpt>
      <trkpt lat="36.00179996341467" lon="-121.50382999330759">
        <ele>69.5</ele>
      </trkpt>
      <trkpt lat="36.00175998173654" lon="-121.50377995334566">
        <ele>69.82</ele>
      </trkpt>
      <trkpt lat="36.00171991623938" lon="-121.50371993891895">
        <ele>70.11</ele>
      </trkpt>
      <trkpt lat="36.00166996009648" lon="-121.50365992449224">
        <ele>70.39</ele>
      </trkpt>
      <trkpt lat="36.001619920134544" lon="-121.50358993560076">
        <ele>70.69</ele>
      </trkpt>
      <trkpt lat="36.001490000635386" lon="-121.50342497974634">
        <ele>70.98</ele>
      </trkpt>
      <trkpt lat="36.001359997317195" lon="-121.5032599400729">
        <ele>71.3</ele>
      </trkpt>
      <trkpt lat="36.001189928501844" lon="-121.50303999893367">
        <ele>71.65</ele>
      </trkpt>
      <trkpt lat="36.00111993961036" lon="-121.5029399190098">
        <ele>71.99</ele>
      </trkpt>
      <trkpt lat="36.00106998346746" lon="-121.50286993011832">
        <ele>72.31</ele>
      </trkpt>
      <trkpt lat="36.00100996904075" lon="-121.50276993401349">
        <ele>72.7</ele>
      </trkpt>
      <trkpt lat="36.00095992907882" lon="-121.502699945122">
        <ele>73.07</ele>
      </trkpt>
      <trkpt lat="36.00091994740069" lon="-121.50260992348194">
        <ele>73.44</ele>
      </trkpt>
      <trkpt lat="36.00082992576063" lon="-121.50242996402085">
        <ele>73.83</ele>
      </trkpt>
      <trkpt lat="36.0007899440825" lon="-121.50231999345124">
        <ele>74.24</ele>
      </trkpt>
      <trkpt lat="36.00072992965579" lon="-121.50218999013305">
        <ele>74.64</ele>
      </trkpt>
      <trkpt lat="36.000699922442436" lon="-121.50211991742253">
        <ele>75.03</ele>
      </trkpt>
      <trkpt lat="36.00068994797766" lon="-121.50208999402821">
        <ele>75.4</ele>
      </trkpt>
      <trkpt lat="36.000649966299534" lon="-121.50200994685292">
        <ele>75.78</ele>
      </trkpt>
      <trkpt lat="36.000609984621406" lon="-121.50192998349667">
        <ele>76.15</ele>
      </trkpt>
      <trkpt lat="36.000569919124246" lon="-121.50184993632138">
        <ele>76.53</ele>
      </trkpt>
      <trkpt lat="36.00049993023276" lon="-121.50175999850035">
        <ele>76.9</ele>
      </trkpt>
      <trkpt lat="36.00044997408986" lon="-121.50167995132506">
        <ele>77.28</ele>
      </trkpt>
      <trkpt lat="36.00038995966315" lon="-121.50160996243358">
        <ele>77.64</ele>
      </trkpt>
      <trkpt lat="36.00037998519838" lon="-121.501589929685">
        <ele>77.97</ele>
      </trkpt>
      <trkpt lat="36.000329945236444" lon="-121.5015399735421">
        <ele>78.33</ele>
      </trkpt>
      <trkpt lat="36.000269930809736" lon="-121.5014599263668">
        <ele>78.72</ele>
      </trkpt>
      <trkpt lat="36.00024998188019" lon="-121.50143997743726">
        <ele>79.02</ele>
      </trkpt>
      <trkpt lat="36.00014998577535" lon="-121.50132992304862">
        <ele>79.32</ele>
      </trkpt>
      <trkpt lat="36.00006993860006" lon="-121.50124995969236">
        <ele>79.61</ele>
      </trkpt>
      <trkpt lat="36.00001998245716" lon="-121.50119991973042">
        <ele>79.89</ele>
      </trkpt>
      <trkpt lat="35.99993993528187" lon="-121.50111995637417">
        <ele>79.99</ele>
      </trkpt>
      <trkpt lat="35.99986994639039" lon="-121.50104996748269">
        <ele>80.29</ele>
      </trkpt>
      <trkpt lat="35.99981999024749" lon="-121.50100998580456">
        <ele>80.56</ele>
      </trkpt>
      <trkpt lat="35.999749917536974" lon="-121.50094997137785">
        <ele>80.79</ele>
      </trkpt>
      <trkpt lat="35.99952016957104" lon="-121.50075517594814">
        <ele>80.93</ele>
      </trkpt>
      <trkpt lat="35.99928991869092" lon="-121.50055996142328">
        <ele>80.87</ele>
      </trkpt>
      <trkpt lat="35.99908992648125" lon="-121.50037991814315">
        <ele>80.96</ele>
      </trkpt>
      <trkpt lat="35.99889018572867" lon="-121.50021345354617">
        <ele>81.18</ele>
      </trkpt>
      <trkpt lat="35.99869036115706" lon="-121.50004698894918">
        <ele>81.39</ele>
      </trkpt>
      <trkpt lat="35.99848994985223" lon="-121.49987993761897">
        <ele>81.56</ele>
      </trkpt>
      <trkpt lat="35.99834016524255" lon="-121.49976007640362">
        <ele>81.92</ele>
      </trkpt>
      <trkpt lat="35.99818996153772" lon="-121.49963996373117">
        <ele>82.13</ele>
      </trkpt>
      <trkpt lat="35.99816992878914" lon="-121.49961993098259">
        <ele>82.29</ele>
      </trkpt>
      <trkpt lat="35.99803992547095" lon="-121.49951993487775">
        <ele>82.52</ele>
      </trkpt>
      <trkpt lat="35.99788997322321" lon="-121.49939998984337">
        <ele>82.7</ele>
      </trkpt>
      <trkpt lat="35.99780992604792" lon="-121.49932991713285">
        <ele>82.82</ele>
      </trkpt>
      <trkpt lat="35.99767011590302" lon="-121.4992150850594">
        <ele>82.91</ele>
      </trkpt>
      <trkpt lat="35.99752997048199" lon="-121.49909991770983">
        <ele>83.04</ele>
      </trkpt>
      <trkpt lat="35.997449923306704" lon="-121.49901995435357">
        <ele>83.12</ele>
      </trkpt>
      <trkpt lat="35.997299971058965" lon="-121.49888995103538">
        <ele>83.31</ele>
      </trkpt>
      <trkpt lat="35.997149934992194" lon="-121.49876992218196">
        <ele>83.47</ele>
      </trkpt>
      <trkpt lat="35.997059997171164" lon="-121.49868995882571">
        <ele>83.6</ele>
      </trkpt>
      <trkpt lat="35.99683997221291" lon="-121.49849994108081">
        <ele>83.52</ele>
      </trkpt>
      <trkpt lat="35.996699994429946" lon="-121.49836993776262">
        <ele>83.51</ele>
      </trkpt>
      <trkpt lat="35.996609972789884" lon="-121.49830992333591">
        <ele>83.37</ele>
      </trkpt>
      <trkpt lat="35.99655993282795" lon="-121.49826994165778">
        <ele>83.23</ele>
      </trkpt>
      <trkpt lat="35.996549958363175" lon="-121.49825996719301">
        <ele>83.17</ele>
      </trkpt>
      <trkpt lat="35.99648994393647" lon="-121.49821998551488">
        <ele>82.98</ele>
      </trkpt>
      <trkpt lat="35.99644996225834" lon="-121.4981999527663">
        <ele>82.95</ele>
      </trkpt>
      <trkpt lat="35.99640998058021" lon="-121.49816994555295">
        <ele>82.91</ele>
      </trkpt>
      <trkpt lat="35.99635994061828" lon="-121.49813993833959">
        <ele>82.85</ele>
      </trkpt>
      <trkpt lat="35.996269918978214" lon="-121.49807992391288">
        <ele>82.86</ele>
      </trkpt>
      <trkpt lat="35.99623999558389" lon="-121.49805997498333">
        <ele>82.76</ele>
      </trkpt>
      <trkpt lat="35.99621996283531" lon="-121.49804991669953">
        <ele>82.61</ele>
      </trkpt>
      <trkpt lat="35.996159948408604" lon="-121.4980199933052">
        <ele>82.43</ele>
      </trkpt>
      <trkpt lat="35.99608995951712" lon="-121.49798998609185">
        <ele>82.23</ele>
      </trkpt>
      <trkpt lat="35.99606992676854" lon="-121.49797992780805">
        <ele>81.99</ele>
      </trkpt>
      <trkpt lat="35.99601997062564" lon="-121.4979599788785">
        <ele>81.73</ele>
      </trkpt>
      <trkpt lat="35.99589994177222" lon="-121.49790993891656">
        <ele>81.44</ele>
      </trkpt>
      <trkpt lat="35.99573029205203" lon="-121.49784011766315">
        <ele>81.16</ele>
      </trkpt>
      <trkpt lat="35.995559971779585" lon="-121.4977699611336">
        <ele>80.89</ele>
      </trkpt>
      <trkpt lat="35.9954799246043" lon="-121.49772997945547">
        <ele>80.49</ele>
      </trkpt>
      <trkpt lat="35.995389986783266" lon="-121.49769997224212">
        <ele>80.06</ele>
      </trkpt>
      <trkpt lat="35.99522025324404" lon="-121.4976251218468">
        <ele>79.59</ele>
      </trkpt>
      <trkpt lat="35.9950499329716" lon="-121.49754993617535">
        <ele>79.13</ele>
      </trkpt>
      <trkpt lat="35.99487994797528" lon="-121.49746997281909">
        <ele>78.62</ele>
      </trkpt>
      <trkpt lat="35.994809959083796" lon="-121.49743996560574">
        <ele>78.1</ele>
      </trkpt>
      <trkpt lat="35.9945903532207" lon="-121.49734516628087">
        <ele>77.5</ele>
      </trkpt>
      <trkpt lat="35.99436999298632" lon="-121.49724994786084">
        <ele>76.96</ele>
      </trkpt>
      <trkpt lat="35.99417997524142" lon="-121.49716998450458">
        <ele>76.43</ele>
      </trkpt>
      <trkpt lat="35.99402993917465" lon="-121.4970999956131">
        <ele>75.71</ele>
      </trkpt>
      <trkpt lat="35.99385995417833" lon="-121.49701994843781">
        <ele>75.08</ele>
      </trkpt>
      <trkpt lat="35.99369524978101" lon="-121.49694509804249">
        <ele>74.41</ele>
      </trkpt>
      <trkpt lat="35.99352995865047" lon="-121.49686999619007">
        <ele>73.67</ele>
      </trkpt>
      <trkpt lat="35.99336030893028" lon="-121.49679506197572">
        <ele>72.95</ele>
      </trkpt>
      <trkpt lat="35.99318998865783" lon="-121.4967199601233">
        <ele>72.28</ele>
      </trkpt>
      <trkpt lat="35.99300994537771" lon="-121.49664997123182">
        <ele>71.57</ele>
      </trkpt>
      <trkpt lat="35.99285027012229" lon="-121.49658006615937">
        <ele>70.75</ele>
      </trkpt>
      <trkpt lat="35.99268992431462" lon="-121.49650999344885">
        <ele>69.94</ele>
      </trkpt>
      <trkpt lat="35.99259998649359" lon="-121.4964799862355">
        <ele>69.17</ele>
      </trkpt>
      <trkpt lat="35.99253997206688" lon="-121.49643992073834">
        <ele>68.43</ele>
      </trkpt>
      <trkpt lat="35.99245992489159" lon="-121.49640999734402">
        <ele>67.63</ele>
      </trkpt>
      <trkpt lat="35.992359928786755" lon="-121.49635995738208">
        <ele>66.79</ele>
      </trkpt>
      <trkpt lat="35.992249958217144" lon="-121.49630991742015">
        <ele>65.94</ele>
      </trkpt>
      <trkpt lat="35.99213998764753" lon="-121.49624998681247">
        <ele>65.05</ele>
      </trkpt>
      <trkpt lat="35.99204996600747" lon="-121.49618997238576">
        <ele>64.21</ele>
      </trkpt>
      <trkpt lat="35.99198995158076" lon="-121.49615996517241">
        <ele>63.37</ele>
      </trkpt>
      <trkpt lat="35.99191996268928" lon="-121.49610992521048">
        <ele>62.55</ele>
      </trkpt>
      <trkpt lat="35.99185994826257" lon="-121.49606994353235">
        <ele>61.62</ele>
      </trkpt>
      <trkpt lat="35.99170018918812" lon="-121.4959551114589">
        <ele>60.66</ele>
      </trkpt>
      <trkpt lat="35.99153992719948" lon="-121.49583994410932">
        <ele>59.76</ele>
      </trkpt>
      <trkpt lat="35.991519978269935" lon="-121.49582996964455">
        <ele>58.87</ele>
      </trkpt>
      <trkpt lat="35.99137991666794" lon="-121.49573994800448">
        <ele>57.92</ele>
      </trkpt>
      <trkpt lat="35.991329960525036" lon="-121.49570994079113">
        <ele>56.95</ele>
      </trkpt>
      <trkpt lat="35.991069953888655" lon="-121.49552998133004">
        <ele>56.07</ele>
      </trkpt>
      <trkpt lat="35.99090994335711" lon="-121.4954199269414">
        <ele>55.07</ele>
      </trkpt>
      <trkpt lat="35.99083995446563" lon="-121.49537994526327">
        <ele>54.15</ele>
      </trkpt>
      <trkpt lat="35.990749932825565" lon="-121.49531993083656">
        <ele>53.2</ele>
      </trkpt>
      <trkpt lat="35.99053694866598" lon="-121.49518347345293">
        <ele>52.19</ele>
      </trkpt>
      <trkpt lat="35.990323880687356" lon="-121.4950470160693">
        <ele>51.25</ele>
      </trkpt>
      <trkpt lat="35.99010997451842" lon="-121.49490997195244">
        <ele>50.31</ele>
      </trkpt>
      <trkpt lat="35.990019952878356" lon="-121.49484995752573">
        <ele>49.34</ele>
      </trkpt>
      <trkpt lat="35.9897499717772" lon="-121.49467997252941">
        <ele>48.38</ele>
      </trkpt>
      <trkpt lat="35.989600187167525" lon="-121.4945800602436">
        <ele>47.28</ele>
      </trkpt>
      <trkpt lat="35.98944998346269" lon="-121.49447998031974">
        <ele>46.12</ele>
      </trkpt>
      <trkpt lat="35.98937999457121" lon="-121.49443999864161">
        <ele>44.97</ele>
      </trkpt>
      <trkpt lat="35.98928997293115" lon="-121.4943799842149">
        <ele>43.7</ele>
      </trkpt>
      <trkpt lat="35.989159969612956" lon="-121.4943199697882">
        <ele>42.54</ele>
      </trkpt>
      <trkpt lat="35.989009933546185" lon="-121.49425995536149">
        <ele>41.55</ele>
      </trkpt>
      <trkpt lat="35.98881999962032" lon="-121.49420999921858">
        <ele>40.75</ele>
      </trkpt>
      <trkpt lat="35.988619923591614" lon="-121.49411997757852">
        <ele>40.14</ele>
      </trkpt>
      <trkpt lat="35.9883304964751" lon="-121.49400514550507">
        <ele>39.2</ele>
      </trkpt>
      <trkpt lat="35.988039979711175" lon="-121.4938899781555">
        <ele>38.13</ele>
      </trkpt>
      <trkpt lat="35.98776999861002" lon="-121.49377992376685">
        <ele>37.09</ele>
      </trkpt>
      <trkpt lat="35.9874755423516" lon="-121.49365520104766">
        <ele>36.02</ele>
      </trkpt>
      <trkpt lat="35.987179996445775" lon="-121.49352997541428">
        <ele>34.92</ele>
      </trkpt>
      <trkpt lat="35.98708997480571" lon="-121.49347993545234">
        <ele>34.01</ele>
      </trkpt>
      <trkpt lat="35.986919989809394" lon="-121.49339997209609">
        <ele>33.0</ele>
      </trkpt>
      <trkpt lat="35.98674992099404" lon="-121.4933199249208">
        <ele>31.98</ele>
      </trkpt>
      <trkpt lat="35.986520340666175" lon="-121.49320350028574">
        <ele>30.77</ele>
      </trkpt>
      <trkpt lat="35.986290760338306" lon="-121.49308707565069">
        <ele>29.79</ele>
      </trkpt>
      <trkpt lat="35.98605992272496" lon="-121.49296998046339">
        <ele>28.78</ele>
      </trkpt>
      <trkpt lat="35.98589027300477" lon="-121.49291004985571">
        <ele>27.82</ele>
      </trkpt>
      <trkpt lat="35.985719952732325" lon="-121.49284995160997">
        <ele>26.92</ele>
      </trkpt>
      <trkpt lat="35.98559992387891" lon="-121.49281994439662">
        <ele>26.0</ele>
      </trkpt>
      <trkpt lat="35.985569916665554" lon="-121.49279999546707">
        <ele>25.14</ele>
      </trkpt>
      <trkpt lat="35.98549992777407" lon="-121.49277996271849">
        <ele>24.26</ele>
      </trkpt>
      <trkpt lat="35.985399931669235" lon="-121.49273998104036">
        <ele>23.38</ele>
      </trkpt>
      <trkpt lat="35.985289961099625" lon="-121.49267996661365">
        <ele>22.53</ele>
      </trkpt>
      <trkpt lat="35.985229946672916" lon="-121.49263998493552">
        <ele>21.7</ele>
      </trkpt>
      <trkpt lat="35.985159957781434" lon="-121.49258994497359">
        <ele>20.87</ele>
      </trkpt>
      <trkpt lat="35.9850599616766" lon="-121.4925199560821">
        <ele>20.13</ele>
      </trkpt>
      <trkpt lat="35.98497999832034" lon="-121.49244996719062">
        <ele>19.37</ele>
      </trkpt>
      <trkpt lat="35.98488997668028" lon="-121.49234997108579">
        <ele>18.51</ele>
      </trkpt>
      <trkpt lat="35.984689984470606" lon="-121.49207998998463">
        <ele>17.8</ele>
      </trkpt>
      <trkpt lat="35.98446995951235" lon="-121.4918399322778">
        <ele>17.07</ele>
      </trkpt>
      <trkpt lat="35.984279941767454" lon="-121.4916599728167">
        <ele>16.56</ele>
      </trkpt>
      <trkpt lat="35.98404994234443" lon="-121.49149996228516">
        <ele>15.96</ele>
      </trkpt>
      <trkpt lat="35.9838199429214" lon="-121.49134992621839">
        <ele>15.41</ele>
      </trkpt>
      <trkpt lat="35.98366018384695" lon="-121.49126007221639">
        <ele>14.8</ele>
      </trkpt>
      <trkpt lat="35.98349992185831" lon="-121.4911699667573">
        <ele>14.23</ele>
      </trkpt>
      <trkpt lat="35.983359944075346" lon="-121.49106997065246">
        <ele>13.7</ele>
      </trkpt>
      <trkpt lat="35.983150312677026" lon="-121.49096016772091">
        <ele>13.11</ele>
      </trkpt>
      <trkpt lat="35.98293992690742" lon="-121.49084994569421">
        <ele>12.58</ele>
      </trkpt>
      <trkpt lat="35.98288997076452" lon="-121.49082999676466">
        <ele>12.21</ele>
      </trkpt>
      <trkpt lat="35.982839930802584" lon="-121.49080996401608">
        <ele>11.87</ele>
      </trkpt>
      <trkpt lat="35.9827199857682" lon="-121.49074994958937">
        <ele>11.63</ele>
      </trkpt>
      <trkpt lat="35.9824504237622" lon="-121.49061349220574">
        <ele>11.61</ele>
      </trkpt>
      <trkpt lat="35.98218094557524" lon="-121.49047711864114">
        <ele>11.33</ele>
      </trkpt>
      <trkpt lat="35.9819099586457" lon="-121.49033999070525">
        <ele>11.2</ele>
      </trkpt>
      <trkpt lat="35.98172530531883" lon="-121.49025013670325">
        <ele>11.03</ele>
      </trkpt>
      <trkpt lat="35.98153998143971" lon="-121.49015994742513">
        <ele>10.92</ele>
      </trkpt>
      <trkpt lat="35.981359938159585" lon="-121.49008995853364">
        <ele>10.9</ele>
      </trkpt>
      <trkpt lat="35.98117997869849" lon="-121.49003991857171">
        <ele>10.88</ele>
      </trkpt>
      <trkpt lat="35.98110998980701" lon="-121.49003991857171">
        <ele>10.88</ele>
      </trkpt>
      <trkpt lat="35.98091997206211" lon="-121.49002994410694">
        <ele>10.92</ele>
      </trkpt>
      <trkpt lat="35.98080991767347" lon="-121.49004997685552">
        <ele>10.96</ele>
      </trkpt>
      <trkpt lat="35.980669939890504" lon="-121.49007998406887">
        <ele>11.03</ele>
      </trkpt>
      <trkpt lat="35.98043994046748" lon="-121.490119965747">
        <ele>11.15</ele>
      </trkpt>
      <trkpt lat="35.98026995547116" lon="-121.49012994021177">
        <ele>11.36</ele>
      </trkpt>
      <trkpt lat="35.98015998490155" lon="-121.490119965747">
        <ele>11.59</ele>
      </trkpt>
      <trkpt lat="35.980069963261485" lon="-121.49008995853364">
        <ele>11.88</ele>
      </trkpt>
      <trkpt lat="35.97996996715665" lon="-121.49004997685552">
        <ele>12.21</ele>
      </trkpt>
      <trkpt lat="35.97985999658704" lon="-121.48998996242881">
        <ele>12.54</ele>
      </trkpt>
      <trkpt lat="35.97979998216033" lon="-121.48994998075068">
        <ele>12.87</ele>
      </trkpt>
      <trkpt lat="35.97971993498504" lon="-121.48989994078875">
        <ele>13.25</ele>
      </trkpt>
      <trkpt lat="35.97957995720208" lon="-121.48979994468391">
        <ele>13.58</ele>
      </trkpt>
      <trkpt lat="35.97941013984382" lon="-121.48966507986188">
        <ele>14.04</ele>
      </trkpt>
      <trkpt lat="35.97923998720944" lon="-121.48952996358275">
        <ele>14.46</ele>
      </trkpt>
      <trkpt lat="35.97911995835602" lon="-121.48943994194269">
        <ele>15.05</ele>
      </trkpt>
      <trkpt lat="35.978999929502606" lon="-121.48936995305121">
        <ele>15.54</ele>
      </trkpt>
      <trkpt lat="35.97879993729293" lon="-121.4892599824816">
        <ele>16.14</ele>
      </trkpt>
      <trkpt lat="35.9786999411881" lon="-121.48921991698444">
        <ele>16.69</ele>
      </trkpt>
      <trkpt lat="35.97840992733836" lon="-121.48908999748528">
        <ele>17.22</ele>
      </trkpt>
      <trkpt lat="35.97822996787727" lon="-121.48902998305857">
        <ele>17.79</ele>
      </trkpt>
      <trkpt lat="35.97801991738379" lon="-121.48896996863186">
        <ele>18.42</ele>
      </trkpt>
      <trkpt lat="35.977765526622534" lon="-121.48888262920082">
        <ele>19.02</ele>
      </trkpt>
      <trkpt lat="35.977511052042246" lon="-121.48879528976977">
        <ele>19.58</ele>
      </trkpt>
      <trkpt lat="35.97725657746196" lon="-121.48870803415775">
        <ele>20.33</ele>
      </trkpt>
      <trkpt lat="35.976999923586845" lon="-121.48861994035542">
        <ele>21.11</ele>
      </trkpt>
      <trkpt lat="35.976810324937105" lon="-121.48855506442487">
        <ele>21.72</ele>
      </trkpt>
      <trkpt lat="35.97661997191608" lon="-121.48848993703723">
        <ele>22.43</ele>
      </trkpt>
      <trkpt lat="35.9763599652797" lon="-121.48840997368097">
        <ele>23.18</ele>
      </trkpt>
      <trkpt lat="35.97614538855851" lon="-121.48832514882088">
        <ele>24.08</ele>
      </trkpt>
      <trkpt lat="35.975929973647" lon="-121.48823998868465">
        <ele>24.55</ele>
      </trkpt>
      <trkpt lat="35.97571992315352" lon="-121.48815994150937">
        <ele>25.25</ele>
      </trkpt>
      <trkpt lat="35.97550995647907" lon="-121.48805994540453">
        <ele>26.02</ele>
      </trkpt>
      <trkpt lat="35.97524994984269" lon="-121.48794997483492">
        <ele>26.8</ele>
      </trkpt>
      <trkpt lat="35.97521994262934" lon="-121.48793991655111">
        <ele>27.48</ele>
      </trkpt>
      <trkpt lat="35.97509999759495" lon="-121.48789993487298">
        <ele>28.15</ele>
      </trkpt>
      <trkpt lat="35.97507996484637" lon="-121.48788996040821">
        <ele>28.81</ele>
      </trkpt>
      <trkpt lat="35.97496999427676" lon="-121.48785995319486">
        <ele>29.48</ele>
      </trkpt>
      <trkpt lat="35.97481995820999" lon="-121.4878299459815">
        <ele>30.1</ele>
      </trkpt>
      <trkpt lat="35.974719962105155" lon="-121.48781997151673">
        <ele>30.68</ele>
      </trkpt>
      <trkpt lat="35.974589958786964" lon="-121.48779993876815">
        <ele>31.34</ele>
      </trkpt>
      <trkpt lat="35.97436993382871" lon="-121.48775995709002">
        <ele>32.03</ele>
      </trkpt>
      <trkpt lat="35.97421998158097" lon="-121.48770991712809">
        <ele>32.67</ele>
      </trkpt>
      <trkpt lat="35.9740199893713" lon="-121.4876399282366">
        <ele>33.18</ele>
      </trkpt>
      <trkpt lat="35.97386995330453" lon="-121.4875899720937">
        <ele>33.72</ele>
      </trkpt>
      <trkpt lat="35.97373994998634" lon="-121.487529957667">
        <ele>34.17</ele>
      </trkpt>
      <trkpt lat="35.97367993555963" lon="-121.48749995045364">
        <ele>34.64</ele>
      </trkpt>
      <trkpt lat="35.97362997941673" lon="-121.48746994324028">
        <ele>35.1</ele>
      </trkpt>
      <trkpt lat="35.973519925028086" lon="-121.4873999543488">
        <ele>35.57</ele>
      </trkpt>
      <trkpt lat="35.97348991781473" lon="-121.48737992160022">
        <ele>36.01</ele>
      </trkpt>
      <trkpt lat="35.97333996556699" lon="-121.48726995103061">
        <ele>36.54</ele>
      </trkpt>
      <trkpt lat="35.973149947822094" lon="-121.48710994049907">
        <ele>36.88</ele>
      </trkpt>
      <trkpt lat="35.972959930077195" lon="-121.48693995550275">
        <ele>37.32</ele>
      </trkpt>
      <trkpt lat="35.97291994839907" lon="-121.48689997382462">
        <ele>37.69</ele>
      </trkpt>
      <trkpt lat="35.9727799706161" lon="-121.48675999604166">
        <ele>38.09</ele>
      </trkpt>
      <trkpt lat="35.97259992733598" lon="-121.4865899272263">
        <ele>38.39</ele>
      </trkpt>
      <trkpt lat="35.97240253351629" lon="-121.48638507351279">
        <ele>38.77</ele>
      </trkpt>
      <trkpt lat="35.97220522351563" lon="-121.48618021979928">
        <ele>38.96</ele>
      </trkpt>
      <trkpt lat="35.97200782969594" lon="-121.48597528226674">
        <ele>39.15</ele>
      </trkpt>
      <trkpt lat="35.97180993296206" lon="-121.48576992563903">
        <ele>39.13</ele>
      </trkpt>
      <trkpt lat="35.97167992964387" lon="-121.48562994785607">
        <ele>39.33</ele>
      </trkpt>
      <trkpt lat="35.971540035679936" lon="-121.48548502475023">
        <ele>39.53</ele>
      </trkpt>
      <trkpt lat="35.97139997407794" lon="-121.48533993400633">
        <ele>39.78</ele>
      </trkpt>
      <trkpt lat="35.971369966864586" lon="-121.48530992679298">
        <ele>39.98</ele>
      </trkpt>
      <trkpt lat="35.971219930797815" lon="-121.48515997454524">
        <ele>40.17</ele>
      </trkpt>
      <trkpt lat="35.97105992026627" lon="-121.48501999676228">
        <ele>40.47</ele>
      </trkpt>
      <trkpt lat="35.970959924161434" lon="-121.48494992405176">
        <ele>40.69</ele>
      </trkpt>
      <trkpt lat="35.97081508487463" lon="-121.48483509197831">
        <ele>40.9</ele>
      </trkpt>
      <trkpt lat="35.97066999413073" lon="-121.48471992462873">
        <ele>41.15</ele>
      </trkpt>
      <trkpt lat="35.970489950850606" lon="-121.48459997959435">
        <ele>41.32</ele>
      </trkpt>
      <trkpt lat="35.97028995864093" lon="-121.48447995074093">
        <ele>41.44</ele>
      </trkpt>
      <trkpt lat="35.970065323635936" lon="-121.48436511866748">
        <ele>41.72</ele>
      </trkpt>
      <trkpt lat="35.96983993425965" lon="-121.4842499513179">
        <ele>41.86</ele>
      </trkpt>
      <trkpt lat="35.96967522986233" lon="-121.48416009731591">
        <ele>41.95</ele>
      </trkpt>
      <trkpt lat="35.96950993873179" lon="-121.48406999185681">
        <ele>42.02</ele>
      </trkpt>
      <trkpt lat="35.96933995373547" lon="-121.48397997021675">
        <ele>42.09</ele>
      </trkpt>
      <trkpt lat="35.96918019466102" lon="-121.48389514535666">
        <ele>42.13</ele>
      </trkpt>
      <trkpt lat="35.96901993267238" lon="-121.48380998522043">
        <ele>42.14</ele>
      </trkpt>
      <trkpt lat="35.968789933249354" lon="-121.48367998190224">
        <ele>42.13</ele>
      </trkpt>
      <trkpt lat="35.9685199521482" lon="-121.48354997858405">
        <ele>42.0</ele>
      </trkpt>
      <trkpt lat="35.96841995604336" lon="-121.48350999690592">
        <ele>41.84</ele>
      </trkpt>
      <trkpt lat="35.96830998547375" lon="-121.48347998969257">
        <ele>41.71</ele>
      </trkpt>
      <trkpt lat="35.968079986050725" lon="-121.48343992419541">
        <ele>41.51</ele>
      </trkpt>
      <trkpt lat="35.967915365472436" lon="-121.48343992419541">
        <ele>41.57</ele>
      </trkpt>
      <trkpt lat="35.96774999052286" lon="-121.48343992419541">
        <ele>41.67</ele>
      </trkpt>
      <trkpt lat="35.96761998720467" lon="-121.48343992419541">
        <ele>41.68</ele>
      </trkpt>
      <trkpt lat="35.96750993281603" lon="-121.48345995694399">
        <ele>41.66</ele>
      </trkpt>
      <trkpt lat="35.96725998446345" lon="-121.48350999690592">
        <ele>41.65</ele>
      </trkpt>
      <trkpt lat="35.966959996148944" lon="-121.48360999301076">
        <ele>41.64</ele>
      </trkpt>
      <trkpt lat="35.96671298146248" lon="-121.48370722308755">
        <ele>41.59</ele>
      </trkpt>
      <trkpt lat="35.96646596677601" lon="-121.48380453698337">
        <ele>41.56</ele>
      </trkpt>
      <trkpt lat="35.96621895208955" lon="-121.48390185087919">
        <ele>41.5</ele>
      </trkpt>
      <trkpt lat="35.96596992574632" lon="-121.4839999191463">
        <ele>41.46</ele>
      </trkpt>
      <trkpt lat="35.965779991820455" lon="-121.48405993357301">
        <ele>41.5</ele>
      </trkpt>
      <trkpt lat="35.965609923005104" lon="-121.48409999907017">
        <ele>41.61</ele>
      </trkpt>
      <trkpt lat="35.96544999629259" lon="-121.48411994799972">
        <ele>41.7</ele>
      </trkpt>
      <trkpt lat="35.96523994579911" lon="-121.4841399807483">
        <ele>41.75</ele>
      </trkpt>
      <trkpt lat="35.96508999355137" lon="-121.48412992246449">
        <ele>41.78</ele>
      </trkpt>
      <trkpt lat="35.96482059918344" lon="-121.4841067045927">
        <ele>41.75</ele>
      </trkpt>
      <trkpt lat="35.96455128863454" lon="-121.48408340290189">
        <ele>42.02</ele>
      </trkpt>
      <trkpt lat="35.964279966428876" lon="-121.48405993357301">
        <ele>42.32</ele>
      </trkpt>
      <trkpt lat="35.96410042606294" lon="-121.48404501378536">
        <ele>42.59</ele>
      </trkpt>
      <trkpt lat="35.96391996368766" lon="-121.48402992635965">
        <ele>42.88</ele>
      </trkpt>
      <trkpt lat="35.96367051824927" lon="-121.48400503210723">
        <ele>43.27</ele>
      </trkpt>
      <trkpt lat="35.963419983163476" lon="-121.48397997021675">
        <ele>43.67</ele>
      </trkpt>
      <trkpt lat="35.963379917666316" lon="-121.48397997021675">
        <ele>44.06</ele>
      </trkpt>
      <trkpt lat="35.963110607117414" lon="-121.48395004682243">
        <ele>44.4</ele>
      </trkpt>
      <trkpt lat="35.962839955464005" lon="-121.48391995579004">
        <ele>44.77</ele>
      </trkpt>
      <trkpt lat="35.96265999600291" lon="-121.48389992304146">
        <ele>45.27</ele>
      </trkpt>
      <trkpt lat="35.96243997104466" lon="-121.48386999964714">
        <ele>45.91</ele>
      </trkpt>
      <trkpt lat="35.962299993261695" lon="-121.48385994136333">
        <ele>46.5</ele>
      </trkpt>
      <trkpt lat="35.96211994998157" lon="-121.48384996689856">
        <ele>47.1</ele>
      </trkpt>
      <trkpt lat="35.96196999773383" lon="-121.48383999243379">
        <ele>47.69</ele>
      </trkpt>
      <trkpt lat="35.96177997998893" lon="-121.4838199596852">
        <ele>48.32</ele>
      </trkpt>
      <trkpt lat="35.961719965562224" lon="-121.48379992693663">
        <ele>48.97</ele>
      </trkpt>
      <trkpt lat="35.961609994992614" lon="-121.48376991972327">
        <ele>49.64</ele>
      </trkpt>
      <trkpt lat="35.961589962244034" lon="-121.4837599452585">
        <ele>50.33</ele>
      </trkpt>
      <trkpt lat="35.96135996282101" lon="-121.48365994915366">
        <ele>51.02</ele>
      </trkpt>
      <trkpt lat="35.9611099306494" lon="-121.4835199713707">
        <ele>51.7</ele>
      </trkpt>
      <trkpt lat="35.960960146039724" lon="-121.4834250882268">
        <ele>52.46</ele>
      </trkpt>
      <trkpt lat="35.96080994233489" lon="-121.4833299536258">
        <ele>53.18</ele>
      </trkpt>
      <trkpt lat="35.960635179653764" lon="-121.48319508880377">
        <ele>54.05</ele>
      </trkpt>
      <trkpt lat="35.96045999787748" lon="-121.48305997252464">
        <ele>54.77</ele>
      </trkpt>
      <trkpt lat="35.96022027544677" lon="-121.48288520984352">
        <ele>55.41</ele>
      </trkpt>
      <trkpt lat="35.959979966282845" lon="-121.4827099442482">
        <ele>56.26</ele>
      </trkpt>
      <trkpt lat="35.95979992300272" lon="-121.48258999921381">
        <ele>57.1</ele>
      </trkpt>
      <trkpt lat="35.95961996354163" lon="-121.48248991928995">
        <ele>57.89</ele>
      </trkpt>
      <trkpt lat="35.95935040153563" lon="-121.48235019296408">
        <ele>58.65</ele>
      </trkpt>
      <trkpt lat="35.959079917520285" lon="-121.48220996372402">
        <ele>59.46</ele>
      </trkpt>
      <trkpt lat="35.95892024226487" lon="-121.4821351133287">
        <ele>60.06</ele>
      </trkpt>
      <trkpt lat="35.95875998027623" lon="-121.48205992765725">
        <ele>60.52</ele>
      </trkpt>
      <trkpt lat="35.958565352484584" lon="-121.48198507726192">
        <ele>60.93</ele>
      </trkpt>
      <trkpt lat="35.958369970321655" lon="-121.48190997540951">
        <ele>61.63</ele>
      </trkpt>
      <trkpt lat="35.9583399631083" lon="-121.4818999171257">
        <ele>62.13</ele>
      </trkpt>
      <trkpt lat="35.95818992704153" lon="-121.4818499609828">
        <ele>62.66</ele>
      </trkpt>
      <trkpt lat="35.95816997811198" lon="-121.48183998651803">
        <ele>63.07</ele>
      </trkpt>
      <trkpt lat="35.95790552906692" lon="-121.4817651361227">
        <ele>63.58</ele>
      </trkpt>
      <trkpt lat="35.957639990374446" lon="-121.48168995045125">
        <ele>63.86</ele>
      </trkpt>
      <trkpt lat="35.957489954307675" lon="-121.48164996877313">
        <ele>64.03</ele>
      </trkpt>
      <trkpt lat="35.95745994709432" lon="-121.48163999430835">
        <ele>64.18</ele>
      </trkpt>
      <trkpt lat="35.95726540312171" lon="-121.48159506730735">
        <ele>63.92</ele>
      </trkpt>
      <trkpt lat="35.95706993713975" lon="-121.48154997266829">
        <ele>64.21</ele>
      </trkpt>
      <trkpt lat="35.956929959356785" lon="-121.48152993991971">
        <ele>64.4</ele>
      </trkpt>
      <trkpt lat="35.95674999989569" lon="-121.48150999099016">
        <ele>64.51</ele>
      </trkpt>
      <trkpt lat="35.95667992718518" lon="-121.48149993270636">
        <ele>64.44</ele>
      </trkpt>
      <trkpt lat="35.95645051449537" lon="-121.48148501291871">
        <ele>64.34</ele>
      </trkpt>
      <trkpt lat="35.956219928339124" lon="-121.481469925493">
        <ele>64.14</ele>
      </trkpt>
      <trkpt lat="35.95620995387435" lon="-121.481469925493">
        <ele>63.9</ele>
      </trkpt>
      <trkpt lat="35.95603996887803" lon="-121.481469925493">
        <ele>63.6</ele>
      </trkpt>
      <trkpt lat="35.95580049790442" lon="-121.4814633037895">
        <ele>63.23</ele>
      </trkpt>
      <trkpt lat="35.95556111074984" lon="-121.48145668208599">
        <ele>62.81</ele>
      </trkpt>
      <trkpt lat="35.955319963395596" lon="-121.48144997656345">
        <ele>62.3</ele>
      </trkpt>
      <trkpt lat="35.95513992011547" lon="-121.48144997656345">
        <ele>61.74</ele>
      </trkpt>
      <trkpt lat="35.95495996065438" lon="-121.48144997656345">
        <ele>61.15</ele>
      </trkpt>
      <trkpt lat="35.95480992458761" lon="-121.48143991827965">
        <ele>60.43</ele>
      </trkpt>
      <trkpt lat="35.95457053743303" lon="-121.4814199693501">
        <ele>59.76</ele>
      </trkpt>
      <trkpt lat="35.954329976812005" lon="-121.48139993660152">
        <ele>59.19</ele>
      </trkpt>
      <trkpt lat="35.954165356233716" lon="-121.4813750423491">
        <ele>58.56</ele>
      </trkpt>
      <trkpt lat="35.95399998128414" lon="-121.48134998045862">
        <ele>57.72</ele>
      </trkpt>
      <trkpt lat="35.95371994189918" lon="-121.48129994049668">
        <ele>56.85</ele>
      </trkpt>
      <trkpt lat="35.95348994247615" lon="-121.48123992606997">
        <ele>56.0</ele>
      </trkpt>
      <trkpt lat="35.95333529636264" lon="-121.4811900537461">
        <ele>55.13</ele>
      </trkpt>
      <trkpt lat="35.95317997969687" lon="-121.48113992996514">
        <ele>54.26</ele>
      </trkpt>
      <trkpt lat="35.952950399369" lon="-121.48105015978217">
        <ele>53.42</ele>
      </trkpt>
      <trkpt lat="35.952720902860165" lon="-121.48096030578017">
        <ele>52.57</ele>
      </trkpt>
      <trkpt lat="35.95248998142779" lon="-121.48086994886398">
        <ele>51.68</ele>
      </trkpt>
      <trkpt lat="35.9522199165076" lon="-121.48075997829437">
        <ele>50.77</ele>
      </trkpt>
      <trkpt lat="35.951969968155026" lon="-121.48064992390573">
        <ele>49.87</ele>
      </trkpt>
      <trkpt lat="35.9517899248749" lon="-121.4805599860847">
        <ele>48.97</ele>
      </trkpt>
      <trkpt lat="35.951640140265226" lon="-121.4804651029408">
        <ele>48.03</ele>
      </trkpt>
      <trkpt lat="35.95148993656039" lon="-121.4803699683398">
        <ele>47.24</ele>
      </trkpt>
      <trkpt lat="35.95147996209562" lon="-121.48035999387503">
        <ele>46.38</ele>
      </trkpt>
      <trkpt lat="35.95124694518745" lon="-121.48020015098155">
        <ele>45.53</ele>
      </trkpt>
      <trkpt lat="35.95101392827928" lon="-121.4800403919071">
        <ele>44.71</ele>
      </trkpt>
      <trkpt lat="35.95078091137111" lon="-121.47988063283265">
        <ele>43.86</ele>
      </trkpt>
      <trkpt lat="35.95054789446294" lon="-121.47972078993917">
        <ele>42.85</ele>
      </trkpt>
      <trkpt lat="35.950314877554774" lon="-121.47956103086472">
        <ele>42.15</ele>
      </trkpt>
      <trkpt lat="35.950079932808876" lon="-121.47939993068576">
        <ele>41.42</ele>
      </trkpt>
      <trkpt lat="35.9500699583441" lon="-121.47938995622098">
        <ele>40.66</ele>
      </trkpt>
      <trkpt lat="35.94991992227733" lon="-121.47928996011615">
        <ele>39.88</ele>
      </trkpt>
      <trkpt lat="35.94969025813043" lon="-121.4791251718998">
        <ele>39.14</ele>
      </trkpt>
      <trkpt lat="35.94945992343128" lon="-121.47895996458828">
        <ele>38.36</ele>
      </trkpt>
      <trkpt lat="35.94930016435683" lon="-121.4788500778377">
        <ele>37.63</ele>
      </trkpt>
      <trkpt lat="35.94913998618722" lon="-121.47873993963003">
        <ele>36.97</ele>
      </trkpt>
      <trkpt lat="35.94890529289842" lon="-121.47857515141368">
        <ele>36.37</ele>
      </trkpt>
      <trkpt lat="35.94866992905736" lon="-121.47840994410217">
        <ele>35.82</ele>
      </trkpt>
      <trkpt lat="35.94849994406104" lon="-121.47828999906778">
        <ele>35.3</ele>
      </trkpt>
      <trkpt lat="35.948243625462055" lon="-121.47811020724475">
        <ele>34.85</ele>
      </trkpt>
      <trkpt lat="35.94798730686307" lon="-121.47793041542172">
        <ele>34.38</ele>
      </trkpt>
      <trkpt lat="35.9477299824357" lon="-121.47774995304644">
        <ele>33.97</ele>
      </trkpt>
      <trkpt lat="35.947473580017686" lon="-121.4775635395199">
        <ele>33.59</ele>
      </trkpt>
      <trkpt lat="35.9472172614187" lon="-121.47737712599337">
        <ele>33.14</ele>
      </trkpt>
      <trkpt lat="35.946959936991334" lon="-121.47718995809555">
        <ele>32.82</ele>
      </trkpt>
      <trkpt lat="35.946690291166306" lon="-121.4770027063787">
        <ele>32.56</ele>
      </trkpt>
      <trkpt lat="35.94642072916031" lon="-121.47681545466185">
        <ele>32.29</ele>
      </trkpt>
      <trkpt lat="35.94615108333528" lon="-121.476628202945">
        <ele>32.02</ele>
      </trkpt>
      <trkpt lat="35.94587992876768" lon="-121.47643994539976">
        <ele>31.79</ele>
      </trkpt>
      <trkpt lat="35.945609947666526" lon="-121.47625998593867">
        <ele>31.54</ele>
      </trkpt>
      <trkpt lat="35.945400232449174" lon="-121.47611347027123">
        <ele>31.33</ele>
      </trkpt>
      <trkpt lat="35.94519051723182" lon="-121.47596703842282">
        <ele>31.22</ele>
      </trkpt>
      <trkpt lat="35.94497996382415" lon="-121.47581993602216">
        <ele>31.1</ele>
      </trkpt>
      <trkpt lat="35.94482992775738" lon="-121.47570996545255">
        <ele>31.0</ele>
      </trkpt>
      <trkpt lat="35.94466991722584" lon="-121.47559999488294">
        <ele>30.91</ele>
      </trkpt>
      <trkpt lat="35.94451518729329" lon="-121.47549513727427">
        <ele>30.84</ele>
      </trkpt>
      <trkpt lat="35.944359954446554" lon="-121.47538994438946">
        <ele>30.79</ele>
      </trkpt>
      <trkpt lat="35.94419994391501" lon="-121.47527997381985">
        <ele>30.75</ele>
      </trkpt>
      <trkpt lat="35.944039933383465" lon="-121.47516991943121">
        <ele>30.72</ele>
      </trkpt>
      <trkpt lat="35.943889981135726" lon="-121.4750599488616">
        <ele>30.7</ele>
      </trkpt>
      <trkpt lat="35.943615306168795" lon="-121.4748701825738">
        <ele>30.71</ele>
      </trkpt>
      <trkpt lat="35.943340715020895" lon="-121.47468050010502">
        <ele>30.71</ele>
      </trkpt>
      <trkpt lat="35.943066040053964" lon="-121.47449073381722">
        <ele>30.75</ele>
      </trkpt>
      <trkpt lat="35.94278994016349" lon="-121.47429996170104">
        <ele>30.81</ele>
      </trkpt>
      <trkpt lat="35.942556923255324" lon="-121.47413684986532">
        <ele>30.92</ele>
      </trkpt>
      <trkpt lat="35.942323906347156" lon="-121.4739737380296">
        <ele>30.96</ele>
      </trkpt>
      <trkpt lat="35.94208996742964" lon="-121.47380995564163">
        <ele>31.05</ele>
      </trkpt>
      <trkpt lat="35.94187027774751" lon="-121.47366017103195">
        <ele>31.14</ele>
      </trkpt>
      <trkpt lat="35.941650588065386" lon="-121.47351038642228">
        <ele>31.22</ele>
      </trkpt>
      <trkpt lat="35.94142997637391" lon="-121.47335993126035">
        <ele>31.33</ele>
      </trkpt>
      <trkpt lat="35.94117030501366" lon="-121.47317519411445">
        <ele>31.47</ele>
      </trkpt>
      <trkpt lat="35.94090996310115" lon="-121.47298995405436">
        <ele>31.6</ele>
      </trkpt>
      <trkpt lat="35.940749952569604" lon="-121.47287998348475">
        <ele>31.74</ele>
      </trkpt>
      <trkpt lat="35.94062992371619" lon="-121.47278996184468">
        <ele>31.89</ele>
      </trkpt>
      <trkpt lat="35.94037997536361" lon="-121.47260991856456">
        <ele>32.05</ele>
      </trkpt>
      <trkpt lat="35.94019523821771" lon="-121.47248016670346">
        <ele>32.27</ele>
      </trkpt>
      <trkpt lat="35.94000999815762" lon="-121.47234999574721">
        <ele>32.44</ele>
      </trkpt>
      <trkpt lat="35.939849987626076" lon="-121.47223994135857">
        <ele>32.6</ele>
      </trkpt>
      <trkpt lat="35.93961529433727" lon="-121.47207515314221">
        <ele>32.77</ele>
      </trkpt>
      <trkpt lat="35.939379930496216" lon="-121.4719099458307">
        <ele>32.92</ele>
      </trkpt>
      <trkpt lat="35.93922997824848" lon="-121.47179997526109">
        <ele>33.13</ele>
      </trkpt>
      <trkpt lat="35.939070135354996" lon="-121.47169008851051">
        <ele>33.31</ele>
      </trkpt>
      <trkpt lat="35.93890995718539" lon="-121.47157995030284">
        <ele>33.5</ele>
      </trkpt>
      <trkpt lat="35.93875992111862" lon="-121.47146997973323">
        <ele>33.67</ele>
      </trkpt>
      <trkpt lat="35.93860519118607" lon="-121.47136009298265">
        <ele>33.85</ele>
      </trkpt>
      <trkpt lat="35.93844995833933" lon="-121.47124995477498">
        <ele>34.01</ele>
      </trkpt>
      <trkpt lat="35.938409976661205" lon="-121.4712299220264">
        <ele>34.2</ele>
      </trkpt>
      <trkpt lat="35.938193555921316" lon="-121.47108013741672">
        <ele>34.39</ele>
      </trkpt>
      <trkpt lat="35.93797721900046" lon="-121.47093035280704">
        <ele>34.56</ele>
      </trkpt>
      <trkpt lat="35.93775996007025" lon="-121.47077998146415">
        <ele>34.69</ele>
      </trkpt>
      <trkpt lat="35.937659963965416" lon="-121.47070999257267">
        <ele>34.91</ele>
      </trkpt>
      <trkpt lat="35.93745997175574" lon="-121.47056993097067">
        <ele>35.12</ele>
      </trkpt>
      <trkpt lat="35.9373499173671" lon="-121.47048996761441">
        <ele>35.36</ele>
      </trkpt>
      <trkpt lat="35.93718999065459" lon="-121.47038997150958">
        <ele>35.58</ele>
      </trkpt>
      <trkpt lat="35.93697994016111" lon="-121.4702399354428">
        <ele>35.78</ele>
      </trkpt>
      <trkpt lat="35.9368699695915" lon="-121.47016994655132">
        <ele>35.97</ele>
      </trkpt>
      <trkpt lat="35.93684993684292" lon="-121.47015997208655">
        <ele>36.19</ele>
      </trkpt>
      <trkpt lat="35.93673996627331" lon="-121.47008998319507">
        <ele>36.37</ele>
      </trkpt>
      <trkpt lat="35.93661993741989" lon="-121.47000993601978">
        <ele>36.57</ele>
      </trkpt>
      <trkpt lat="35.93654994852841" lon="-121.46997992880642">
        <ele>36.75</ele>
      </trkpt>
      <trkpt lat="35.9364899341017" lon="-121.46994992159307">
        <ele>36.94</ele>
      </trkpt>
      <trkpt lat="35.936219953000546" lon="-121.4698099438101">
        <ele>37.15</ele>
      </trkpt>
      <trkpt lat="35.93604996800423" lon="-121.46972998045385">
        <ele>37.48</ele>
      </trkpt>
      <trkpt lat="35.93594997189939" lon="-121.46967994049191">
        <ele>37.75</ele>
      </trkpt>
      <trkpt lat="35.93587998300791" lon="-121.46964993327856">
        <ele>38.0</ele>
      </trkpt>
      <trkpt lat="35.93585995025933" lon="-121.46963995881379">
        <ele>38.23</ele>
      </trkpt>
      <trkpt lat="35.935769928619266" lon="-121.46959997713566">
        <ele>38.5</ele>
      </trkpt>
      <trkpt lat="35.935679990798235" lon="-121.46955999545753">
        <ele>38.77</ele>
      </trkpt>
      <trkpt lat="35.9355799946934" lon="-121.46951992996037">
        <ele>39.01</ele>
      </trkpt>
      <trkpt lat="35.93542995862663" lon="-121.46946997381747">
        <ele>39.25</ele>
      </trkpt>
      <trkpt lat="35.93536994419992" lon="-121.46943996660411">
        <ele>39.45</ele>
      </trkpt>
      <trkpt lat="35.93527992255986" lon="-121.46940995939076">
        <ele>39.66</ele>
      </trkpt>
      <trkpt lat="35.93497993424535" lon="-121.4693199377507">
        <ele>39.89</ele>
      </trkpt>
      <trkpt lat="35.93487993814051" lon="-121.46928993053734">
        <ele>40.07</ele>
      </trkpt>
      <trkpt lat="35.93484993092716" lon="-121.46927995607257">
        <ele>40.22</ele>
      </trkpt>
      <trkpt lat="35.93475999310613" lon="-121.46924994885921">
        <ele>40.37</ele>
      </trkpt>
      <trkpt lat="35.93463996425271" lon="-121.46921994164586">
        <ele>40.5</ele>
      </trkpt>
      <trkpt lat="35.934539968147874" lon="-121.46919999271631">
        <ele>40.62</ele>
      </trkpt>
      <trkpt lat="35.93443997204304" lon="-121.46917995996773">
        <ele>40.72</ele>
      </trkpt>
      <trkpt lat="35.9343399759382" lon="-121.46915992721915">
        <ele>40.78</ele>
      </trkpt>
      <trkpt lat="35.93431994318962" lon="-121.46915992721915">
        <ele>40.82</ele>
      </trkpt>
      <trkpt lat="35.93405054882169" lon="-121.46911005489528">
        <ele>40.84</ele>
      </trkpt>
      <trkpt lat="35.93377998098731" lon="-121.46905993111432">
        <ele>40.84</ele>
      </trkpt>
      <trkpt lat="35.933599937707186" lon="-121.46902992390096">
        <ele>40.81</ele>
      </trkpt>
      <trkpt lat="35.93337547034025" lon="-121.46899002604187">
        <ele>40.75</ele>
      </trkpt>
      <trkpt lat="35.93314999714494" lon="-121.4689499605447">
        <ele>40.67</ele>
      </trkpt>
      <trkpt lat="35.93294044956565" lon="-121.46891006268561">
        <ele>40.56</ele>
      </trkpt>
      <trkpt lat="35.93272997997701" lon="-121.46886999718845">
        <ele>40.45</ele>
      </trkpt>
      <trkpt lat="35.93272612430155" lon="-121.46886865608394">
        <ele>40.3</ele>
      </trkpt>
      <trkpt lat="35.93264993280172" lon="-121.46899991668761">
        <ele>40.11</ele>
      </trkpt>
      <trkpt lat="35.932629983872175" lon="-121.46905993111432">
        <ele>39.91</ele>
      </trkpt>
      <trkpt lat="35.93259997665882" lon="-121.46921994164586">
        <ele>39.68</ele>
      </trkpt>
      <trkpt lat="35.93251992948353" lon="-121.46947994828224">
        <ele>39.44</ele>
      </trkpt>
      <trkpt lat="35.93250995501876" lon="-121.46951992996037">
        <ele>39.18</ele>
      </trkpt>
      <trkpt lat="35.932439966127276" lon="-121.46984992548823">
        <ele>38.87</ele>
      </trkpt>
      <trkpt lat="35.932419933378696" lon="-121.46989996545017">
        <ele>38.57</ele>
      </trkpt>
      <trkpt lat="35.93235991895199" lon="-121.47010993212461">
        <ele>38.25</ele>
      </trkpt>
      <trkpt lat="35.93229998834431" lon="-121.4703199826181">
        <ele>37.9</ele>
      </trkpt>
      <trkpt lat="35.93224994838238" lon="-121.47050991654396">
        <ele>37.55</ele>
      </trkpt>
      <trkpt lat="35.932179875671864" lon="-121.47081543691456">
        <ele>37.17</ele>
      </trkpt>
      <trkpt lat="35.93210997059941" lon="-121.47111995145679">
        <ele>36.76</ele>
      </trkpt>
      <trkpt lat="35.93207996338606" lon="-121.47131994366646">
        <ele>36.35</ele>
      </trkpt>
      <trkpt lat="35.93201994895935" lon="-121.47152999415994">
        <ele>35.93</ele>
      </trkpt>
      <trkpt lat="35.93199991621077" lon="-121.47159998305142">
        <ele>35.53</ele>
      </trkpt>
      <trkpt lat="35.93190997838974" lon="-121.47186996415257">
        <ele>35.09</ele>
      </trkpt>
      <trkpt lat="35.9318448510021" lon="-121.47216542623937">
        <ele>34.64</ele>
      </trkpt>
      <trkpt lat="35.93177997507155" lon="-121.47245996631682">
        <ele>34.18</ele>
      </trkpt>
      <trkpt lat="35.93175994232297" lon="-121.47259994409978">
        <ele>33.74</ele>
      </trkpt>
      <trkpt lat="35.93171996064484" lon="-121.47282994352281">
        <ele>33.28</ele>
      </trkpt>
      <trkpt lat="35.93171996064484" lon="-121.47287998348475">
        <ele>32.85</ele>
      </trkpt>
      <trkpt lat="35.931684924289584" lon="-121.47308031097054">
        <ele>32.39</ele>
      </trkpt>
      <trkpt lat="35.93164997175336" lon="-121.47327996790409">
        <ele>31.94</ele>
      </trkpt>
      <trkpt lat="35.931639997288585" lon="-121.47334995679557">
        <ele>31.51</ele>
      </trkpt>
      <trkpt lat="35.93164024874568" lon="-121.47334643639624">
        <ele>31.09</ele>
      </trkpt>
      <trkpt lat="35.93158995732665" lon="-121.47316999733448">
        <ele>30.7</ele>
      </trkpt>
      <trkpt lat="35.93157998286188" lon="-121.47313999012113">
        <ele>30.3</ele>
      </trkpt>
      <trkpt lat="35.93154997564852" lon="-121.47297997958958">
        <ele>29.91</ele>
      </trkpt>
      <trkpt lat="35.93153991736472" lon="-121.47277998737991">
        <ele>29.54</ele>
      </trkpt>
      <trkpt lat="35.93149993568659" lon="-121.47268996573985">
        <ele>29.16</ele>
      </trkpt>
      <trkpt lat="35.931429946795106" lon="-121.47257999517024">
        <ele>28.78</ele>
      </trkpt>
      <trkpt lat="35.93128996901214" lon="-121.47248997353017">
        <ele>28.41</ele>
      </trkpt>
      <trkpt lat="35.93123992905021" lon="-121.47241998463869">
        <ele>28.04</ele>
      </trkpt>
      <trkpt lat="35.93123992905021" lon="-121.47240992635489">
        <ele>27.66</ele>
      </trkpt>
      <trkpt lat="35.93114999122918" lon="-121.47237991914153">
        <ele>27.31</ele>
      </trkpt>
      <trkpt lat="35.931059969589114" lon="-121.47231998853385">
        <ele>26.95</ele>
      </trkpt>
      <trkpt lat="35.9309399407357" lon="-121.47219995968044">
        <ele>26.59</ele>
      </trkpt>
      <trkpt lat="35.93077993020415" lon="-121.4720399491489">
        <ele>26.26</ele>
      </trkpt>
      <trkpt lat="35.93063995242119" lon="-121.47194992750883">
        <ele>25.92</ele>
      </trkpt>
      <trkpt lat="35.930569963529706" lon="-121.4719099458307">
        <ele>25.58</ele>
      </trkpt>
      <trkpt lat="35.93051992356777" lon="-121.47179997526109">
        <ele>25.25</ele>
      </trkpt>
      <trkpt lat="35.93048991635442" lon="-121.47173996083438">
        <ele>24.93</ele>
      </trkpt>
      <trkpt lat="35.93044993467629" lon="-121.4717199280858">
        <ele>24.62</ele>
      </trkpt>
      <trkpt lat="35.93037994578481" lon="-121.47174993529916">
        <ele>24.32</ele>
      </trkpt>
      <trkpt lat="35.93009999021888" lon="-121.4716699719429">
        <ele>23.98</ele>
      </trkpt>
      <trkpt lat="35.930029917508364" lon="-121.47165999747813">
        <ele>23.7</ele>
      </trkpt>
      <trkpt lat="35.92994995415211" lon="-121.47165999747813">
        <ele>23.44</ele>
      </trkpt>
      <trkpt lat="35.9298899397254" lon="-121.47162999026477">
        <ele>23.19</ele>
      </trkpt>
      <trkpt lat="35.92986999079585" lon="-121.47157995030284">
        <ele>22.97</ele>
      </trkpt>
      <trkpt lat="35.92984995804727" lon="-121.47154994308949">
        <ele>22.76</ele>
      </trkpt>
      <trkpt lat="35.92981995083392" lon="-121.47144994698465">
        <ele>22.57</ele>
      </trkpt>
      <trkpt lat="35.92977996915579" lon="-121.47139999084175">
        <ele>22.4</ele>
      </trkpt>
      <trkpt lat="35.929769994691014" lon="-121.47138993255794">
        <ele>22.26</ele>
      </trkpt>
      <trkpt lat="35.92967997305095" lon="-121.47131994366646">
        <ele>22.11</ele>
      </trkpt>
      <trkpt lat="35.9296499658376" lon="-121.47124995477498">
        <ele>21.97</ele>
      </trkpt>
      <trkpt lat="35.92960998415947" lon="-121.47100998088717">
        <ele>21.82</ele>
      </trkpt>
      <trkpt lat="35.92960998415947" lon="-121.4708599448204">
        <ele>21.8</ele>
      </trkpt>
      <trkpt lat="35.929599925875664" lon="-121.47076992318034">
        <ele>21.78</ele>
      </trkpt>
      <trkpt lat="35.92954996973276" lon="-121.4707499742508">
        <ele>21.72</ele>
      </trkpt>
      <trkpt lat="35.92947998084128" lon="-121.47071996703744">
        <ele>21.66</ele>
      </trkpt>
      <trkpt lat="35.929429940879345" lon="-121.47062994539738">
        <ele>21.7</ele>
      </trkpt>
      <trkpt lat="35.92934997752309" lon="-121.47052994929254">
        <ele>21.75</ele>
      </trkpt>
      <trkpt lat="35.929279988631606" lon="-121.47044998593628">
        <ele>21.87</ele>
      </trkpt>
      <trkpt lat="35.9292199742049" lon="-121.4703799970448">
        <ele>22.08</ele>
      </trkpt>
      <trkpt lat="35.92913992702961" lon="-121.47028997540474">
        <ele>22.42</ele>
      </trkpt>
      <trkpt lat="35.92907999642193" lon="-121.4702399354428">
        <ele>22.6</ele>
      </trkpt>
      <trkpt lat="35.92898997478187" lon="-121.47016994655132">
        <ele>22.68</ele>
      </trkpt>
      <trkpt lat="35.928809931501746" lon="-121.47000993601978">
        <ele>23.13</ele>
      </trkpt>
      <trkpt lat="35.92877992428839" lon="-121.46998998709023">
        <ele>23.36</ele>
      </trkpt>
      <trkpt lat="35.92865997925401" lon="-121.4698899909854">
        <ele>23.49</ele>
      </trkpt>
      <trkpt lat="35.92863994650543" lon="-121.46985998377204">
        <ele>23.82</ele>
      </trkpt>
      <trkpt lat="35.92850994318724" lon="-121.46965999156237">
        <ele>24.19</ele>
      </trkpt>
      <trkpt lat="35.928419921547174" lon="-121.4695099554956">
        <ele>24.47</ele>
      </trkpt>
      <trkpt lat="35.9284099470824" lon="-121.46948992274702">
        <ele>24.84</ele>
      </trkpt>
      <trkpt lat="35.92834993265569" lon="-121.46929998882115">
        <ele>25.26</ele>
      </trkpt>
      <trkpt lat="35.928329983726144" lon="-121.46917995996773">
        <ele>25.75</ele>
      </trkpt>
      <trkpt lat="35.928329983726144" lon="-121.46908993832767">
        <ele>26.21</ele>
      </trkpt>
      <trkpt lat="35.928329983726144" lon="-121.46905993111432">
        <ele>26.67</ele>
      </trkpt>
      <trkpt lat="35.928329983726144" lon="-121.46899991668761">
        <ele>27.17</ele>
      </trkpt>
      <trkpt lat="35.928309950977564" lon="-121.46895993500948">
        <ele>27.66</ele>
      </trkpt>
      <trkpt lat="35.928269969299436" lon="-121.46890997886658">
        <ele>28.14</ele>
      </trkpt>
      <trkpt lat="35.9282199293375" lon="-121.46884996443987">
        <ele>28.63</ele>
      </trkpt>
      <trkpt lat="35.928159998729825" lon="-121.46879992447793">
        <ele>29.08</ele>
      </trkpt>
      <trkpt lat="35.92810995876789" lon="-121.4687599427998">
        <ele>29.56</ele>
      </trkpt>
      <trkpt lat="35.92806997708976" lon="-121.4687099866569">
        <ele>30.11</ele>
      </trkpt>
      <trkpt lat="35.92806997708976" lon="-121.4686499722302">
        <ele>30.68</ele>
      </trkpt>
      <trkpt lat="35.92806997708976" lon="-121.46860999055207">
        <ele>31.23</ele>
      </trkpt>
      <trkpt lat="35.92803996987641" lon="-121.46854997612536">
        <ele>31.77</ele>
      </trkpt>
      <trkpt lat="35.92790996655822" lon="-121.46844998002052">
        <ele>32.32</ele>
      </trkpt>
      <trkpt lat="35.92782991938293" lon="-121.46836993284523">
        <ele>32.89</ele>
      </trkpt>
      <trkpt lat="35.92776998877525" lon="-121.46829994395375">
        <ele>33.45</ele>
      </trkpt>
      <trkpt lat="35.9277399815619" lon="-121.46824998781085">
        <ele>33.98</ele>
      </trkpt>
      <trkpt lat="35.92762992717326" lon="-121.46811998449266">
        <ele>34.47</ele>
      </trkpt>
      <trkpt lat="35.92756999656558" lon="-121.46798998117447">
        <ele>35.01</ele>
      </trkpt>
      <trkpt lat="35.92752993106842" lon="-121.46777993068099">
        <ele>35.58</ele>
      </trkpt>
      <trkpt lat="35.92752993106842" lon="-121.46772997453809">
        <ele>36.07</ele>
      </trkpt>
      <trkpt lat="35.92752993106842" lon="-121.46766996011138">
        <ele>36.54</ele>
      </trkpt>
      <trkpt lat="35.92752884142101" lon="-121.46766535006464">
        <ele>36.99</ele>
      </trkpt>
      <trkpt lat="35.927409986034036" lon="-121.46762997843325">
        <ele>37.38</ele>
      </trkpt>
      <trkpt lat="35.92731996439397" lon="-121.46755998954177">
        <ele>37.74</ele>
      </trkpt>
      <trkpt lat="35.927239917218685" lon="-121.46741992793977">
        <ele>38.13</ele>
      </trkpt>
      <trkpt lat="35.92718996107578" lon="-121.46734993904829">
        <ele>38.55</ele>
      </trkpt>
      <trkpt lat="35.927149979397655" lon="-121.46731993183494">
        <ele>38.94</ele>
      </trkpt>
      <trkpt lat="35.92713992111385" lon="-121.46731993183494">
        <ele>39.3</ele>
      </trkpt>
      <trkpt lat="35.927089964970946" lon="-121.46731993183494">
        <ele>39.66</ele>
      </trkpt>
      <trkpt lat="35.92705995775759" lon="-121.46736997179687">
        <ele>39.97</ele>
      </trkpt>
      <trkpt lat="35.926999943330884" lon="-121.46744993515313">
        <ele>40.24</ele>
      </trkpt>
      <trkpt lat="35.926939928904176" lon="-121.46748991683125">
        <ele>40.53</ele>
      </trkpt>
      <trkpt lat="35.92686994001269" lon="-121.46748991683125">
        <ele>40.82</ele>
      </trkpt>
      <trkpt lat="35.92678997665644" lon="-121.46748991683125">
        <ele>41.09</ele>
      </trkpt>
      <trkpt lat="35.926679922267795" lon="-121.46742998622358">
        <ele>41.39</ele>
      </trkpt>
      <trkpt lat="35.92666994780302" lon="-121.46741992793977">
        <ele>41.61</ele>
      </trkpt>
      <trkpt lat="35.92655997723341" lon="-121.467409953475">
        <ele>41.8</ele>
      </trkpt>
      <trkpt lat="35.92648998834193" lon="-121.46736997179687">
        <ele>41.98</ele>
      </trkpt>
      <trkpt lat="35.92640994116664" lon="-121.46731993183494">
        <ele>42.16</ele>
      </trkpt>
      <trkpt lat="35.92636995948851" lon="-121.46727995015681">
        <ele>42.32</ele>
      </trkpt>
      <trkpt lat="35.92632997781038" lon="-121.46727995015681">
        <ele>42.44</ele>
      </trkpt>
      <trkpt lat="35.92627993784845" lon="-121.46727995015681">
        <ele>42.53</ele>
      </trkpt>
      <trkpt lat="35.92619997449219" lon="-121.46729998290539">
        <ele>42.6</ele>
      </trkpt>
      <trkpt lat="35.92616996727884" lon="-121.46728992462158">
        <ele>42.68</ele>
      </trkpt>
      <trkpt lat="35.92610995285213" lon="-121.46727995015681">
        <ele>42.75</ele>
      </trkpt>
      <trkpt lat="35.92602998949587" lon="-121.46724994294345">
        <ele>42.8</ele>
      </trkpt>
      <trkpt lat="35.92598992399871" lon="-121.4672299940139">
        <ele>42.84</ele>
      </trkpt>
      <trkpt lat="35.92588992789388" lon="-121.46718992851675">
        <ele>42.86</ele>
      </trkpt>
      <trkpt lat="35.925819939002395" lon="-121.46717995405197">
        <ele>42.85</ele>
      </trkpt>
      <trkpt lat="35.92574995011091" lon="-121.46712999790907">
        <ele>42.87</ele>
      </trkpt>
      <trkpt lat="35.92569999396801" lon="-121.46711993962526">
        <ele>42.86</ele>
      </trkpt>
      <trkpt lat="35.92565992847085" lon="-121.46707995794713">
        <ele>42.85</ele>
      </trkpt>
      <trkpt lat="35.9256399795413" lon="-121.46700996905565">
        <ele>42.84</ele>
      </trkpt>
      <trkpt lat="35.92555993236601" lon="-121.467039976269">
        <ele>42.77</ele>
      </trkpt>
      <trkpt lat="35.92547996900976" lon="-121.4670299179852">
        <ele>42.71</ele>
      </trkpt>
      <trkpt lat="35.925409980118275" lon="-121.46700996905565">
        <ele>42.64</ele>
      </trkpt>
      <trkpt lat="35.92534996569157" lon="-121.46700996905565">
        <ele>42.54</ele>
      </trkpt>
      <trkpt lat="35.92530998401344" lon="-121.46701994352043">
        <ele>42.43</ele>
      </trkpt>
      <trkpt lat="35.92524996958673" lon="-121.46701994352043">
        <ele>42.31</ele>
      </trkpt>
      <trkpt lat="35.92516992241144" lon="-121.46696998737752">
        <ele>42.16</ele>
      </trkpt>
      <trkpt lat="35.925089959055185" lon="-121.46689999848604">
        <ele>42.0</ele>
      </trkpt>
      <trkpt lat="35.9250199701637" lon="-121.46685993298888">
        <ele>41.83</ele>
      </trkpt>
      <trkpt lat="35.92492994852364" lon="-121.46679991856217">
        <ele>41.69</ele>
      </trkpt>
      <trkpt lat="35.92489994131029" lon="-121.46675993688405">
        <ele>41.58</ele>
      </trkpt>
      <trkpt lat="35.92486993409693" lon="-121.4667399879545">
        <ele>41.46</ele>
      </trkpt>
      <trkpt lat="35.92485995963216" lon="-121.4667399879545">
        <ele>41.29</ele>
      </trkpt>
      <trkpt lat="35.92483992688358" lon="-121.46677996963263">
        <ele>41.12</ele>
      </trkpt>
      <trkpt lat="35.92481997795403" lon="-121.46686999127269">
        <ele>40.91</ele>
      </trkpt>
      <trkpt lat="35.92475996352732" lon="-121.46691994741559">
        <ele>40.76</ele>
      </trkpt>
      <trkpt lat="35.92460992746055" lon="-121.46695992909372">
        <ele>40.63</ele>
      </trkpt>
      <trkpt lat="35.92443994246423" lon="-121.46704995073378">
        <ele>40.39</ele>
      </trkpt>
      <trkpt lat="35.92438998632133" lon="-121.46710996516049">
        <ele>40.15</ele>
      </trkpt>
      <trkpt lat="35.92436995357275" lon="-121.46719998680055">
        <ele>39.89</ele>
      </trkpt>
      <trkpt lat="35.92434992082417" lon="-121.4672299940139">
        <ele>39.67</ele>
      </trkpt>
      <trkpt lat="35.92434992082417" lon="-121.46723996847868">
        <ele>39.47</ele>
      </trkpt>
      <trkpt lat="35.924289990216494" lon="-121.46726997569203">
        <ele>39.24</ele>
      </trkpt>
      <trkpt lat="35.92418999411166" lon="-121.46730995737016">
        <ele>39.02</ele>
      </trkpt>
      <trkpt lat="35.92417993582785" lon="-121.46730995737016">
        <ele>38.84</ele>
      </trkpt>
      <trkpt lat="35.92405999079347" lon="-121.4673599973321">
        <ele>38.63</ele>
      </trkpt>
      <trkpt lat="35.92401992529631" lon="-121.46738992072642">
        <ele>38.45</ele>
      </trkpt>
      <trkpt lat="35.923949936404824" lon="-121.46743996068835">
        <ele>38.26</ele>
      </trkpt>
      <trkpt lat="35.92378992587328" lon="-121.46747994236648">
        <ele>38.11</ele>
      </trkpt>
      <trkpt lat="35.92363997362554" lon="-121.46747994236648">
        <ele>38.01</ele>
      </trkpt>
      <trkpt lat="35.92354995198548" lon="-121.46747994236648">
        <ele>37.9</ele>
      </trkpt>
      <trkpt lat="35.92350997030735" lon="-121.46752998232841">
        <ele>37.74</ele>
      </trkpt>
      <trkpt lat="35.923499995842576" lon="-121.46754993125796">
        <ele>37.61</ele>
      </trkpt>
      <trkpt lat="35.923409974202514" lon="-121.46751992404461">
        <ele>37.6</ele>
      </trkpt>
      <trkpt lat="35.92330997809768" lon="-121.46751992404461">
        <ele>37.56</ele>
      </trkpt>
      <trkpt lat="35.923199923709035" lon="-121.46750994957983">
        <ele>37.55</ele>
      </trkpt>
      <trkpt lat="35.9230999276042" lon="-121.46745999343693">
        <ele>37.54</ele>
      </trkpt>
      <trkpt lat="35.923069920390844" lon="-121.46739997901022">
        <ele>37.52</ele>
      </trkpt>
      <trkpt lat="35.92301996424794" lon="-121.46737994626164">
        <ele>37.5</ele>
      </trkpt>
      <trkpt lat="35.922979982569814" lon="-121.46736997179687">
        <ele>37.48</ele>
      </trkpt>
      <trkpt lat="35.922899935394526" lon="-121.4673599973321">
        <ele>37.48</ele>
      </trkpt>
      <trkpt lat="35.922789964824915" lon="-121.46733996458352">
        <ele>37.5</ele>
      </trkpt>
      <trkpt lat="35.922659961506724" lon="-121.46727995015681">
        <ele>37.53</ele>
      </trkpt>
      <trkpt lat="35.92255996540189" lon="-121.46724994294345">
        <ele>37.57</ele>
      </trkpt>
      <trkpt lat="35.92245996929705" lon="-121.4672299940139">
        <ele>37.63</ele>
      </trkpt>
      <trkpt lat="35.92240992933512" lon="-121.4672299940139">
        <ele>37.69</ele>
      </trkpt>
      <trkpt lat="35.92234999872744" lon="-121.46726997569203">
        <ele>37.76</ele>
      </trkpt>
      <trkpt lat="35.922349244356155" lon="-121.46726813167334">
        <ele>37.86</ele>
      </trkpt>
      <trkpt lat="35.92232996597886" lon="-121.46723996847868">
        <ele>37.98</ele>
      </trkpt>
      <trkpt lat="35.92229995876551" lon="-121.46720996126533">
        <ele>38.12</ele>
      </trkpt>
      <trkpt lat="35.92225997708738" lon="-121.46718992851675">
        <ele>38.25</ele>
      </trkpt>
      <trkpt lat="35.922189988195896" lon="-121.46715992130339">
        <ele>38.4</ele>
      </trkpt>
      <trkpt lat="35.92215998098254" lon="-121.46712999790907">
        <ele>38.57</ele>
      </trkpt>
      <trkpt lat="35.92213994823396" lon="-121.46711993962526">
        <ele>38.74</ele>
      </trkpt>
      <trkpt lat="35.922059984877706" lon="-121.46710996516049">
        <ele>38.93</ele>
      </trkpt>
      <trkpt lat="35.92197993770242" lon="-121.46712999790907">
        <ele>39.13</ele>
      </trkpt>
      <trkpt lat="35.92196996323764" lon="-121.46712999790907">
        <ele>39.33</ele>
      </trkpt>
      <trkpt lat="35.92182998545468" lon="-121.4671699795872">
        <ele>39.56</ele>
      </trkpt>
      <trkpt lat="35.9218099527061" lon="-121.46717995405197">
        <ele>39.79</ele>
      </trkpt>
      <trkpt lat="35.921629993245006" lon="-121.46723996847868">
        <ele>40.05</ele>
      </trkpt>
      <trkpt lat="35.9216199349612" lon="-121.46724994294345">
        <ele>40.29</ele>
      </trkpt>
      <trkpt lat="35.9215699788183" lon="-121.46725991740823">
        <ele>40.54</ele>
      </trkpt>
      <trkpt lat="35.92152999714017" lon="-121.46725991740823">
        <ele>40.79</ele>
      </trkpt>
      <trkpt lat="35.921499989926815" lon="-121.46724994294345">
        <ele>41.06</ele>
      </trkpt>
      <trkpt lat="35.921459924429655" lon="-121.46723996847868">
        <ele>41.33</ele>
      </trkpt>
      <trkpt lat="35.92146252281964" lon="-121.46723535843194">
        <ele>41.6</ele>
      </trkpt>
      <trkpt lat="35.92143997550011" lon="-121.46718992851675">
        <ele>41.89</ele>
      </trkpt>
      <trkpt lat="35.9214299172163" lon="-121.46706998348236">
        <ele>42.17</ele>
      </trkpt>
      <trkpt lat="35.92141994275153" lon="-121.4669799618423">
        <ele>42.46</ele>
      </trkpt>
      <trkpt lat="35.921199917793274" lon="-121.46704995073378">
        <ele>42.78</ele>
      </trkpt>
      <trkpt lat="35.92116999439895" lon="-121.46705992519855">
        <ele>43.08</ele>
      </trkpt>
      <trkpt lat="35.9211399871856" lon="-121.46705992519855">
        <ele>43.39</ele>
      </trkpt>
      <trkpt lat="35.92110997997224" lon="-121.46704995073378">
        <ele>43.7</ele>
      </trkpt>
      <trkpt lat="35.921069998294115" lon="-121.467039976269">
        <ele>44.01</ele>
      </trkpt>
      <trkpt lat="35.92103999108076" lon="-121.46701994352043">
        <ele>44.32</ele>
      </trkpt>
      <trkpt lat="35.92103999108076" lon="-121.46698993630707">
        <ele>44.63</ele>
      </trkpt>
      <trkpt lat="35.921029932796955" lon="-121.4669799618423">
        <ele>44.94</ele>
      </trkpt>
      <trkpt lat="35.92098995111883" lon="-121.46680997684598">
        <ele>45.29</ele>
      </trkpt>
      <trkpt lat="35.92097997665405" lon="-121.46677996963263">
        <ele>45.59</ele>
      </trkpt>
      <trkpt lat="35.920859947800636" lon="-121.46647998131812">
        <ele>45.96</ele>
      </trkpt>
      <trkpt lat="35.920856427401304" lon="-121.46647553890944">
        <ele>46.25</ele>
      </trkpt>
      <trkpt lat="35.920769926160574" lon="-121.46650998853147">
        <ele>46.55</ele>
      </trkpt>
      <trkpt lat="35.92068996280432" lon="-121.46653999574482">
        <ele>46.85</ele>
      </trkpt>
      <trkpt lat="35.92057999223471" lon="-121.46658995188773">
        <ele>47.14</ele>
      </trkpt>
      <trkpt lat="35.920469937846065" lon="-121.46662993356586">
        <ele>47.43</ele>
      </trkpt>
      <trkpt lat="35.92036994174123" lon="-121.46667997352779">
        <ele>47.7</ele>
      </trkpt>
      <trkpt lat="35.92024999670684" lon="-121.4667399879545">
        <ele>47.97</ele>
      </trkpt>
      <trkpt lat="35.9200899861753" lon="-121.46681995131075">
        <ele>48.22</ele>
      </trkpt>
      <trkpt lat="35.919849928468466" lon="-121.46695992909372">
        <ele>48.42</ele>
      </trkpt>
      <trkpt lat="35.91969997622073" lon="-121.467039976269">
        <ele>48.62</ele>
      </trkpt>
      <trkpt lat="35.91968991793692" lon="-121.46704995073378">
        <ele>48.87</ele>
      </trkpt>
      <trkpt lat="35.91964993625879" lon="-121.46707995794713">
        <ele>49.13</ele>
      </trkpt>
      <trkpt lat="35.91953996568918" lon="-121.46714994683862">
        <ele>49.38</ele>
      </trkpt>
      <trkpt lat="35.91936998069286" lon="-121.46726997569203">
        <ele>49.62</ele>
      </trkpt>
      <trkpt lat="35.91922991909087" lon="-121.46736997179687">
        <ele>49.9</ele>
      </trkpt>
      <trkpt lat="35.919090108945966" lon="-121.46746980026364">
        <ele>50.16</ele>
      </trkpt>
      <trkpt lat="35.91894996352494" lon="-121.46756996400654">
        <ele>50.41</ele>
      </trkpt>
      <trkpt lat="35.918723568320274" lon="-121.46773642860353">
        <ele>50.68</ele>
      </trkpt>
      <trkpt lat="35.91849717311561" lon="-121.46790289320052">
        <ele>50.99</ele>
      </trkpt>
      <trkpt lat="35.91826993972063" lon="-121.46806994453073">
        <ele>51.29</ele>
      </trkpt>
      <trkpt lat="35.91807690449059" lon="-121.4682131074369">
        <ele>51.52</ele>
      </trkpt>
      <trkpt lat="35.91788378544152" lon="-121.46835627034307">
        <ele>51.75</ele>
      </trkpt>
      <trkpt lat="35.91768999584019" lon="-121.46849993616343">
        <ele>51.96</ele>
      </trkpt>
      <trkpt lat="35.917459996417165" lon="-121.46865994669497">
        <ele>52.16</ele>
      </trkpt>
      <trkpt lat="35.917289927601814" lon="-121.46876991726458">
        <ele>52.42</ele>
      </trkpt>
      <trkpt lat="35.91712991707027" lon="-121.46885993890464">
        <ele>52.68</ele>
      </trkpt>
      <trkpt lat="35.91702992096543" lon="-121.46890997886658">
        <ele>52.9</ele>
      </trkpt>
      <trkpt lat="35.91699999757111" lon="-121.46892992779613">
        <ele>53.09</ele>
      </trkpt>
      <trkpt lat="35.91688994318247" lon="-121.46897996775806">
        <ele>53.3</ele>
      </trkpt>
      <trkpt lat="35.916769998148084" lon="-121.46903998218477">
        <ele>53.47</ele>
      </trkpt>
      <trkpt lat="35.916689950972795" lon="-121.46905993111432">
        <ele>53.65</ele>
      </trkpt>
      <trkpt lat="35.91661996208131" lon="-121.46908993832767">
        <ele>53.81</ele>
      </trkpt>
      <trkpt lat="35.91652994044125" lon="-121.46910997107625">
        <ele>53.95</ele>
      </trkpt>
      <trkpt lat="35.91646992601454" lon="-121.4691299200058">
        <ele>54.08</ele>
      </trkpt>
      <trkpt lat="35.916409995406866" lon="-121.4691399782896">
        <ele>54.21</ele>
      </trkpt>
      <trkpt lat="35.916389962658286" lon="-121.46914995275438">
        <ele>54.32</ele>
      </trkpt>
      <trkpt lat="35.91632994823158" lon="-121.46915992721915">
        <ele>54.43</ele>
      </trkpt>
      <trkpt lat="35.91620991937816" lon="-121.46917995996773">
        <ele>54.51</ele>
      </trkpt>
      <trkpt lat="35.916129956021905" lon="-121.4691899344325">
        <ele>54.59</ele>
      </trkpt>
      <trkpt lat="35.91605996713042" lon="-121.46919999271631">
        <ele>54.67</ele>
      </trkpt>
      <trkpt lat="35.915959971025586" lon="-121.46920996718109">
        <ele>54.76</ele>
      </trkpt>
      <trkpt lat="35.915869949385524" lon="-121.46921994164586">
        <ele>54.83</ele>
      </trkpt>
      <trkpt lat="35.91578998602927" lon="-121.46921994164586">
        <ele>54.91</ele>
      </trkpt>
      <trkpt lat="35.915719997137785" lon="-121.46921994164586">
        <ele>54.99</ele>
      </trkpt>
      <trkpt lat="35.91565998271108" lon="-121.46921994164586">
        <ele>55.06</ele>
      </trkpt>
      <trkpt lat="35.915589993819594" lon="-121.46920996718109">
        <ele>55.14</ele>
      </trkpt>
      <trkpt lat="35.91551992110908" lon="-121.46920996718109">
        <ele>55.22</ele>
      </trkpt>
      <trkpt lat="35.91546996496618" lon="-121.46919999271631">
        <ele>55.29</ele>
      </trkpt>
      <trkpt lat="35.915419925004244" lon="-121.4691899344325">
        <ele>55.37</ele>
      </trkpt>
      <trkpt lat="35.91534993611276" lon="-121.46917995996773">
        <ele>55.45</ele>
      </trkpt>
      <trkpt lat="35.91530995443463" lon="-121.46916998550296">
        <ele>55.54</ele>
      </trkpt>
      <trkpt lat="35.91525999829173" lon="-121.46914995275438">
        <ele>55.63</ele>
      </trkpt>
      <trkpt lat="35.9152099583298" lon="-121.4691399782896">
        <ele>55.73</ele>
      </trkpt>
      <trkpt lat="35.91515991836786" lon="-121.4691299200058">
        <ele>55.83</ele>
      </trkpt>
      <trkpt lat="35.91508992947638" lon="-121.46909999661148">
        <ele>55.96</ele>
      </trkpt>
      <trkpt lat="35.91499999165535" lon="-121.4690799638629">
        <ele>56.08</ele>
      </trkpt>
      <trkpt lat="35.91490997001529" lon="-121.46903998218477">
        <ele>56.21</ele>
      </trkpt>
      <trkpt lat="35.91484995558858" lon="-121.46901994943619">
        <ele>56.36</ele>
      </trkpt>
      <trkpt lat="35.91476999223232" lon="-121.46897996775806">
        <ele>56.51</ele>
      </trkpt>
      <trkpt lat="35.914689945057034" lon="-121.46893998607993">
        <ele>56.67</ele>
      </trkpt>
      <trkpt lat="35.91459992341697" lon="-121.46889992058277">
        <ele>56.84</ele>
      </trkpt>
      <trkpt lat="35.91447997838259" lon="-121.46882993169129">
        <ele>57.07</ele>
      </trkpt>
      <trkpt lat="35.914369923993945" lon="-121.4687599427998">
        <ele>57.26</ele>
      </trkpt>
      <trkpt lat="35.91426992788911" lon="-121.46868995390832">
        <ele>57.49</ele>
      </trkpt>
      <trkpt lat="35.914199938997626" lon="-121.46862993948162">
        <ele>57.73</ele>
      </trkpt>
      <trkpt lat="35.914089968428016" lon="-121.46855995059013">
        <ele>57.99</ele>
      </trkpt>
      <trkpt lat="35.9139699395746" lon="-121.4684599544853">
        <ele>58.29</ele>
      </trkpt>
      <trkpt lat="35.91387991793454" lon="-121.46837999112904">
        <ele>58.58</ele>
      </trkpt>
      <trkpt lat="35.91374999843538" lon="-121.4682799950242">
        <ele>58.91</ele>
      </trkpt>
      <trkpt lat="35.913699958473444" lon="-121.46822995506227">
        <ele>59.26</ele>
      </trkpt>
      <trkpt lat="35.91359996236861" lon="-121.46813993342221">
        <ele>59.62</ele>
      </trkpt>
      <trkpt lat="35.91336996294558" lon="-121.46795997396111">
        <ele>60.05</ele>
      </trkpt>
      <trkpt lat="35.91321992687881" lon="-121.46782997064292">
        <ele>60.39</ele>
      </trkpt>
      <trkpt lat="35.913075087592006" lon="-121.46771010942757">
        <ele>60.84</ele>
      </trkpt>
      <trkpt lat="35.912929996848106" lon="-121.46758999675512">
        <ele>61.23</ele>
      </trkpt>
      <trkpt lat="35.91272019781172" lon="-121.46741012111306">
        <ele>61.75</ele>
      </trkpt>
      <trkpt lat="35.91250997968018" lon="-121.4672299940139">
        <ele>62.29</ele>
      </trkpt>
      <trkpt lat="35.9124399907887" lon="-121.46717995405197">
        <ele>62.81</ele>
      </trkpt>
      <trkpt lat="35.91235994361341" lon="-121.46710996516049">
        <ele>63.32</ele>
      </trkpt>
      <trkpt lat="35.91220999136567" lon="-121.46698993630707">
        <ele>63.86</ele>
      </trkpt>
      <trkpt lat="35.912109995260835" lon="-121.46690997295082">
        <ele>64.42</ele>
      </trkpt>
      <trkpt lat="35.9120599552989" lon="-121.46685993298888">
        <ele>64.99</ele>
      </trkpt>
      <trkpt lat="35.91190991923213" lon="-121.4667399879545">
        <ele>65.58</ele>
      </trkpt>
      <trkpt lat="35.911715207621455" lon="-121.46658014506102">
        <ele>66.2</ele>
      </trkpt>
      <trkpt lat="35.91151999309659" lon="-121.46641996689141">
        <ele>66.85</ele>
      </trkpt>
      <trkpt lat="35.91145997866988" lon="-121.46636992692947">
        <ele>67.49</ele>
      </trkpt>
      <trkpt lat="35.91130994260311" lon="-121.46624998189509">
        <ele>68.13</ele>
      </trkpt>
      <trkpt lat="35.91115999035537" lon="-121.46612995304167">
        <ele>68.78</ele>
      </trkpt>
      <trkpt lat="35.9110099542886" lon="-121.46600992418826">
        <ele>69.46</ele>
      </trkpt>
      <trkpt lat="35.9107977245003" lon="-121.46583767607808">
        <ele>70.14</ele>
      </trkpt>
      <trkpt lat="35.91058541089296" lon="-121.46566534414887">
        <ele>70.91</ele>
      </trkpt>
      <trkpt lat="35.91037318110466" lon="-121.46549301221967">
        <ele>71.71</ele>
      </trkpt>
      <trkpt lat="35.910159945487976" lon="-121.46531992591918">
        <ele>72.55</ele>
      </trkpt>
      <trkpt lat="35.909975124523044" lon="-121.4651651121676">
        <ele>73.26</ele>
      </trkpt>
      <trkpt lat="35.909789968281984" lon="-121.46500996313989">
        <ele>73.94</ele>
      </trkpt>
      <trkpt lat="35.90964512899518" lon="-121.46489504724741">
        <ele>74.64</ele>
      </trkpt>
      <trkpt lat="35.90949995443225" lon="-121.46477996371686">
        <ele>75.32</ele>
      </trkpt>
      <trkpt lat="35.909359976649284" lon="-121.46465993486345">
        <ele>76.12</ele>
      </trkpt>
      <trkpt lat="35.909279929473996" lon="-121.46460997872055">
        <ele>76.83</ele>
      </trkpt>
      <trkpt lat="35.909209940582514" lon="-121.46453998982906">
        <ele>77.56</ele>
      </trkpt>
      <trkpt lat="35.90907013043761" lon="-121.46442507393658">
        <ele>78.34</ele>
      </trkpt>
      <trkpt lat="35.908929985016584" lon="-121.46430999040604">
        <ele>79.13</ele>
      </trkpt>
      <trkpt lat="35.908739967271686" lon="-121.46414997987449">
        <ele>79.92</ele>
      </trkpt>
      <trkpt lat="35.908609963953495" lon="-121.46403992548585">
        <ele>80.71</ele>
      </trkpt>
      <trkpt lat="35.908369990065694" lon="-121.46383993327618">
        <ele>81.55</ele>
      </trkpt>
      <trkpt lat="35.90822515077889" lon="-121.46372007206082">
        <ele>82.19</ele>
      </trkpt>
      <trkpt lat="35.90807997621596" lon="-121.46359995938838">
        <ele>82.81</ele>
      </trkpt>
      <trkpt lat="35.908009987324476" lon="-121.46354991942644">
        <ele>83.45</ele>
      </trkpt>
      <trkpt lat="35.90776355937123" lon="-121.4633468259126">
        <ele>84.01</ele>
      </trkpt>
      <trkpt lat="35.90751713141799" lon="-121.46314373239875">
        <ele>84.58</ele>
      </trkpt>
      <trkpt lat="35.90726994909346" lon="-121.46293996833265">
        <ele>85.18</ele>
      </trkpt>
      <trkpt lat="35.90721999295056" lon="-121.4629099611193">
        <ele>85.75</ele>
      </trkpt>
      <trkpt lat="35.907169952988625" lon="-121.46286997944117">
        <ele>86.31</ele>
      </trkpt>
      <trkpt lat="35.90711999684572" lon="-121.46282999776304">
        <ele>86.86</ele>
      </trkpt>
      <trkpt lat="35.90706995688379" lon="-121.46279999054968">
        <ele>87.38</ele>
      </trkpt>
      <trkpt lat="35.907019916921854" lon="-121.46275992505252">
        <ele>87.88</ele>
      </trkpt>
      <trkpt lat="35.906979935243726" lon="-121.46272991783917">
        <ele>88.36</ele>
      </trkpt>
      <trkpt lat="35.9069399535656" lon="-121.46270996890962">
        <ele>88.81</ele>
      </trkpt>
      <trkpt lat="35.90690994635224" lon="-121.46268993616104">
        <ele>89.25</ele>
      </trkpt>
      <trkpt lat="35.906869964674115" lon="-121.46265992894769">
        <ele>89.68</ele>
      </trkpt>
      <trkpt lat="35.90680995024741" lon="-121.46262992173433">
        <ele>90.08</ele>
      </trkpt>
      <trkpt lat="35.906759994104505" lon="-121.46260997280478">
        <ele>90.47</ele>
      </trkpt>
      <trkpt lat="35.906719928607345" lon="-121.4625899400562">
        <ele>90.83</ele>
      </trkpt>
      <trkpt lat="35.90665999799967" lon="-121.46255993284285">
        <ele>91.17</ele>
      </trkpt>
      <trkpt lat="35.90659998357296" lon="-121.4625399839133">
        <ele>91.49</ele>
      </trkpt>
      <trkpt lat="35.90651993639767" lon="-121.46250997669995">
        <ele>91.81</ele>
      </trkpt>
      <trkpt lat="35.90645992197096" lon="-121.46248994395137">
        <ele>92.11</ele>
      </trkpt>
      <trkpt lat="35.906439973041415" lon="-121.4624799694866">
        <ele>92.37</ele>
      </trkpt>
      <trkpt lat="35.90634995140135" lon="-121.46244996227324">
        <ele>92.62</ele>
      </trkpt>
      <trkpt lat="35.906289936974645" lon="-121.46242992952466">
        <ele>92.8</ele>
      </trkpt>
      <trkpt lat="35.906269988045096" lon="-121.46241995505989">
        <ele>92.98</ele>
      </trkpt>
      <trkpt lat="35.90597997419536" lon="-121.46231995895505">
        <ele>93.08</ele>
      </trkpt>
      <trkpt lat="35.90592993423343" lon="-121.46229992620647">
        <ele>93.26</ele>
      </trkpt>
      <trkpt lat="35.9058899525553" lon="-121.4622899517417">
        <ele>93.44</ele>
      </trkpt>
      <trkpt lat="35.90584997087717" lon="-121.46226991899312">
        <ele>93.61</ele>
      </trkpt>
      <trkpt lat="35.90581996366382" lon="-121.46224997006357">
        <ele>93.77</ele>
      </trkpt>
      <trkpt lat="35.90577998198569" lon="-121.46222993731499">
        <ele>93.91</ele>
      </trkpt>
      <trkpt lat="35.90575994923711" lon="-121.46222993731499">
        <ele>93.97</ele>
      </trkpt>
      <trkpt lat="35.905729942023754" lon="-121.46220998838544">
        <ele>94.03</ele>
      </trkpt>
      <trkpt lat="35.90567998588085" lon="-121.46217998117208">
        <ele>94.08</ele>
      </trkpt>
      <trkpt lat="35.9056499786675" lon="-121.4621599484235">
        <ele>94.1</ele>
      </trkpt>
      <trkpt lat="35.90560999698937" lon="-121.46212994121015">
        <ele>94.11</ele>
      </trkpt>
      <trkpt lat="35.90556993149221" lon="-121.4620999339968">
        <ele>94.09</ele>
      </trkpt>
      <trkpt lat="35.90548996813595" lon="-121.46202994510531">
        <ele>94.02</ele>
      </trkpt>
      <trkpt lat="35.90546993538737" lon="-121.46200999617577">
        <ele>93.94</ele>
      </trkpt>
      <trkpt lat="35.905449986457825" lon="-121.46198996342719">
        <ele>93.84</ele>
      </trkpt>
      <trkpt lat="35.90541997924447" lon="-121.46195995621383">
        <ele>93.76</ele>
      </trkpt>
      <trkpt lat="35.90537999756634" lon="-121.4619199745357">
        <ele>93.67</ele>
      </trkpt>
      <trkpt lat="35.90534999035299" lon="-121.46188996732235">
        <ele>93.56</ele>
      </trkpt>
      <trkpt lat="35.905299950391054" lon="-121.46182995289564">
        <ele>93.42</ele>
      </trkpt>
      <trkpt lat="35.90519995428622" lon="-121.46169994957745">
        <ele>93.19</ele>
      </trkpt>
      <trkpt lat="35.90515997260809" lon="-121.46163993515074">
        <ele>93.06</ele>
      </trkpt>
      <trkpt lat="35.905109932646155" lon="-121.46158997900784">
        <ele>92.89</ele>
      </trkpt>
      <trkpt lat="35.90505997650325" lon="-121.46152996458113">
        <ele>92.73</ele>
      </trkpt>
      <trkpt lat="35.9050299692899" lon="-121.461489982903">
        <ele>92.54</ele>
      </trkpt>
      <trkpt lat="35.904999962076545" lon="-121.46145997568965">
        <ele>92.33</ele>
      </trkpt>
      <trkpt lat="35.90496995486319" lon="-121.46141999401152">
        <ele>92.12</ele>
      </trkpt>
      <trkpt lat="35.90493994764984" lon="-121.46139996126294">
        <ele>91.9</ele>
      </trkpt>
      <trkpt lat="35.90490994043648" lon="-121.46135997958481">
        <ele>91.68</ele>
      </trkpt>
      <trkpt lat="35.90485998429358" lon="-121.46131999790668">
        <ele>91.44</ele>
      </trkpt>
      <trkpt lat="35.90481991879642" lon="-121.46127993240952">
        <ele>91.2</ele>
      </trkpt>
      <trkpt lat="35.90479996986687" lon="-121.46126995794475">
        <ele>90.95</ele>
      </trkpt>
      <trkpt lat="35.904759988188744" lon="-121.4612399507314">
        <ele>90.7</ele>
      </trkpt>
      <trkpt lat="35.904719922691584" lon="-121.46120994351804">
        <ele>90.46</ele>
      </trkpt>
      <trkpt lat="35.904679941013455" lon="-121.4611899945885">
        <ele>90.21</ele>
      </trkpt>
      <trkpt lat="35.90463995933533" lon="-121.46115998737514">
        <ele>89.94</ele>
      </trkpt>
      <trkpt lat="35.90462998487055" lon="-121.46115998737514">
        <ele>89.67</ele>
      </trkpt>
      <trkpt lat="35.90457994490862" lon="-121.46112998016179">
        <ele>89.42</ele>
      </trkpt>
      <trkpt lat="35.90453996323049" lon="-121.4611099474132">
        <ele>89.17</ele>
      </trkpt>
      <trkpt lat="35.90448992326856" lon="-121.46109997294843">
        <ele>88.91</ele>
      </trkpt>
      <trkpt lat="35.904419934377074" lon="-121.46107994019985">
        <ele>88.64</ele>
      </trkpt>
      <trkpt lat="35.904379952698946" lon="-121.46106996573508">
        <ele>88.35</ele>
      </trkpt>
      <trkpt lat="35.90433997102082" lon="-121.46106996573508">
        <ele>88.06</ele>
      </trkpt>
      <trkpt lat="35.904289931058884" lon="-121.4610599912703">
        <ele>87.76</ele>
      </trkpt>
      <trkpt lat="35.904229916632175" lon="-121.4610599912703">
        <ele>87.45</ele>
      </trkpt>
      <trkpt lat="35.90417996048927" lon="-121.46106996573508">
        <ele>87.14</ele>
      </trkpt>
      <trkpt lat="35.90412992052734" lon="-121.46107994019985">
        <ele>86.82</ele>
      </trkpt>
      <trkpt lat="35.90408993884921" lon="-121.46107994019985">
        <ele>86.5</ele>
      </trkpt>
      <trkpt lat="35.9040299244225" lon="-121.46108999848366">
        <ele>86.19</ele>
      </trkpt>
      <trkpt lat="35.903949961066246" lon="-121.4611099474132">
        <ele>85.85</ele>
      </trkpt>
      <trkpt lat="35.90386999770999" lon="-121.46112998016179">
        <ele>85.52</ele>
      </trkpt>
      <trkpt lat="35.90375994332135" lon="-121.46116996183991">
        <ele>85.2</ele>
      </trkpt>
      <trkpt lat="35.903559951111674" lon="-121.4612399507314">
        <ele>84.86</ele>
      </trkpt>
      <trkpt lat="35.90343992225826" lon="-121.46127993240952">
        <ele>84.55</ele>
      </trkpt>
      <trkpt lat="35.90317999944091" lon="-121.46137992851436">
        <ele>84.23</ele>
      </trkpt>
      <trkpt lat="35.90303021483123" lon="-121.46145980805159">
        <ele>83.89</ele>
      </trkpt>
      <trkpt lat="35.90287992730737" lon="-121.4615399390459">
        <ele>83.5</ele>
      </trkpt>
      <trkpt lat="35.90285997837782" lon="-121.46155997179449">
        <ele>83.16</ele>
      </trkpt>
      <trkpt lat="35.90281999669969" lon="-121.46157992072403">
        <ele>82.83</ele>
      </trkpt>
      <trkpt lat="35.90275998227298" lon="-121.46162996068597">
        <ele>82.47</ele>
      </trkpt>
      <trkpt lat="35.90274992398918" lon="-121.46162996068597">
        <ele>82.16</ele>
      </trkpt>
      <trkpt lat="35.902549931779504" lon="-121.46177999675274">
        <ele>81.8</ele>
      </trkpt>
      <trkpt lat="35.90240014716983" lon="-121.46187982521951">
        <ele>81.47</ele>
      </trkpt>
      <trkpt lat="35.902249943464994" lon="-121.46197998896241">
        <ele>81.15</ele>
      </trkpt>
      <trkpt lat="35.90207518078387" lon="-121.46208979189396">
        <ele>80.85</ele>
      </trkpt>
      <trkpt lat="35.90189999900758" lon="-121.46219993010163">
        <ele>80.59</ele>
      </trkpt>
      <trkpt lat="35.90180997736752" lon="-121.46226991899312">
        <ele>80.27</ele>
      </trkpt>
      <trkpt lat="35.901649966835976" lon="-121.46237997338176">
        <ele>79.92</ele>
      </trkpt>
      <trkpt lat="35.90154997073114" lon="-121.46244996227324">
        <ele>79.65</ele>
      </trkpt>
      <trkpt lat="35.90148995630443" lon="-121.46248994395137">
        <ele>79.42</ele>
      </trkpt>
      <trkpt lat="35.901369927451015" lon="-121.46256999112666">
        <ele>79.15</ele>
      </trkpt>
      <trkpt lat="35.90126993134618" lon="-121.46262992173433">
        <ele>78.95</ele>
      </trkpt>
      <trkpt lat="35.901219975203276" lon="-121.46265992894769">
        <ele>78.78</ele>
      </trkpt>
      <trkpt lat="35.90117999352515" lon="-121.46267996169627">
        <ele>78.63</ele>
      </trkpt>
      <trkpt lat="35.90116993524134" lon="-121.46268993616104">
        <ele>78.47</ele>
      </trkpt>
      <trkpt lat="35.90110992081463" lon="-121.4627199433744">
        <ele>78.35</ele>
      </trkpt>
      <trkpt lat="35.901069939136505" lon="-121.46272991783917">
        <ele>78.24</ele>
      </trkpt>
      <trkpt lat="35.90102995745838" lon="-121.46273997612298">
        <ele>78.15</ele>
      </trkpt>
      <trkpt lat="35.90099995024502" lon="-121.46274995058775">
        <ele>78.06</ele>
      </trkpt>
      <trkpt lat="35.90098997578025" lon="-121.46275992505252">
        <ele>77.98</ele>
      </trkpt>
      <trkpt lat="35.900939935818315" lon="-121.46275992505252">
        <ele>77.94</ele>
      </trkpt>
      <trkpt lat="35.900879921391606" lon="-121.46276998333633">
        <ele>77.91</ele>
      </trkpt>
      <trkpt lat="35.90083993971348" lon="-121.4627799578011">
        <ele>77.87</ele>
      </trkpt>
      <trkpt lat="35.90081999078393" lon="-121.4627799578011">
        <ele>77.83</ele>
      </trkpt>
      <trkpt lat="35.90079995803535" lon="-121.4627799578011">
        <ele>77.8</ele>
      </trkpt>
      <trkpt lat="35.90072996914387" lon="-121.46276998333633">
        <ele>77.8</ele>
      </trkpt>
      <trkpt lat="35.90068998746574" lon="-121.46276998333633">
        <ele>77.78</ele>
      </trkpt>
      <trkpt lat="35.900659980252385" lon="-121.46276998333633">
        <ele>77.76</ele>
      </trkpt>
      <trkpt lat="35.900639947503805" lon="-121.46276998333633">
        <ele>77.73</ele>
      </trkpt>
      <trkpt lat="35.90061999857426" lon="-121.46275992505252">
        <ele>77.7</ele>
      </trkpt>
      <trkpt lat="35.9005899913609" lon="-121.46275992505252">
        <ele>77.67</ele>
      </trkpt>
      <trkpt lat="35.90047993697226" lon="-121.46272991783917">
        <ele>77.66</ele>
      </trkpt>
      <trkpt lat="35.90045998804271" lon="-121.46272991783917">
        <ele>77.61</ele>
      </trkpt>
      <trkpt lat="35.90043995529413" lon="-121.4627199433744">
        <ele>77.56</ele>
      </trkpt>
      <trkpt lat="35.900399973616004" lon="-121.46270996890962">
        <ele>77.49</ele>
      </trkpt>
      <trkpt lat="35.900359991937876" lon="-121.46269999444485">
        <ele>77.42</ele>
      </trkpt>
      <trkpt lat="35.90030995197594" lon="-121.46267996169627">
        <ele>77.34</ele>
      </trkpt>
      <trkpt lat="35.90027994476259" lon="-121.46265992894769">
        <ele>77.25</ele>
      </trkpt>
      <trkpt lat="35.90024993754923" lon="-121.46264995448291">
        <ele>77.14</ele>
      </trkpt>
      <trkpt lat="35.900229988619685" lon="-121.46263998001814">
        <ele>77.03</ele>
      </trkpt>
      <trkpt lat="35.90017994865775" lon="-121.46260997280478">
        <ele>76.89</ele>
      </trkpt>
      <trkpt lat="35.90012999251485" lon="-121.46257996559143">
        <ele>76.72</ele>
      </trkpt>
      <trkpt lat="35.90008992701769" lon="-121.46255993284285">
        <ele>76.56</ele>
      </trkpt>
      <trkpt lat="35.900039970874786" lon="-121.46251995116472">
        <ele>76.39</ele>
      </trkpt>
      <trkpt lat="35.899969981983304" lon="-121.46245993673801">
        <ele>76.2</ele>
      </trkpt>
      <trkpt lat="35.89989999309182" lon="-121.4623999223113">
        <ele>75.97</ele>
      </trkpt>
      <trkpt lat="35.89982992038131" lon="-121.46232993341982">
        <ele>75.7</ele>
      </trkpt>
      <trkpt lat="35.89981994591653" lon="-121.46231995895505">
        <ele>75.48</ele>
      </trkpt>
      <trkpt lat="35.89978993870318" lon="-121.4622899517417">
        <ele>75.23</ele>
      </trkpt>
      <trkpt lat="35.89976998977363" lon="-121.46225994452834">
        <ele>74.98</ele>
      </trkpt>
      <trkpt lat="35.89973998256028" lon="-121.46222993731499">
        <ele>74.71</ele>
      </trkpt>
      <trkpt lat="35.89970997534692" lon="-121.46219993010163">
        <ele>74.42</ele>
      </trkpt>
      <trkpt lat="35.89967996813357" lon="-121.46214997395873">
        <ele>74.13</ele>
      </trkpt>
      <trkpt lat="35.89965993538499" lon="-121.46211996674538">
        <ele>73.8</ele>
      </trkpt>
      <trkpt lat="35.899589946493506" lon="-121.46198996342719">
        <ele>73.41</ele>
      </trkpt>
      <trkpt lat="35.89956999756396" lon="-121.4619699306786">
        <ele>73.06</ele>
      </trkpt>
      <trkpt lat="35.89954996481538" lon="-121.46192994900048">
        <ele>72.71</ele>
      </trkpt>
      <trkpt lat="35.899539990350604" lon="-121.46188996732235">
        <ele>72.36</ele>
      </trkpt>
      <trkpt lat="35.89948995038867" lon="-121.46175996400416">
        <ele>71.99</ele>
      </trkpt>
      <trkpt lat="35.89943999424577" lon="-121.46159995347261">
        <ele>71.59</ele>
      </trkpt>
      <trkpt lat="35.89940998703241" lon="-121.461489982903">
        <ele>71.16</ele>
      </trkpt>
      <trkpt lat="35.89937997981906" lon="-121.46139996126294">
        <ele>70.7</ele>
      </trkpt>
      <trkpt lat="35.89935994707048" lon="-121.46134992130101">
        <ele>70.29</ele>
      </trkpt>
      <trkpt lat="35.899329939857125" lon="-121.46128999069333">
        <ele>69.91</ele>
      </trkpt>
      <trkpt lat="35.899289958179" lon="-121.46120994351804">
        <ele>69.52</ele>
      </trkpt>
      <trkpt lat="35.89925995096564" lon="-121.46114992909133">
        <ele>69.07</ele>
      </trkpt>
      <trkpt lat="35.89922994375229" lon="-121.46109997294843">
        <ele>68.58</ele>
      </trkpt>
      <trkpt lat="35.899199936538935" lon="-121.4610499329865">
        <ele>68.06</ele>
      </trkpt>
      <trkpt lat="35.899179987609386" lon="-121.46101992577314">
        <ele>67.55</ele>
      </trkpt>
      <trkpt lat="35.89916992932558" lon="-121.4609999768436">
        <ele>67.01</ele>
      </trkpt>
      <trkpt lat="35.89912994764745" lon="-121.46093996241689">
        <ele>66.38</ele>
      </trkpt>
      <trkpt lat="35.899089965969324" lon="-121.46087994799018">
        <ele>65.75</ele>
      </trkpt>
      <trkpt lat="35.89901997707784" lon="-121.4608099590987">
        <ele>65.19</ele>
      </trkpt>
      <trkpt lat="35.89896993711591" lon="-121.46072999574244">
        <ele>64.69</ele>
      </trkpt>
      <trkpt lat="35.89887999929488" lon="-121.4606299996376">
        <ele>64.13</ele>
      </trkpt>
      <trkpt lat="35.89881998486817" lon="-121.46057995967567">
        <ele>63.56</ele>
      </trkpt>
      <trkpt lat="35.89874999597669" lon="-121.46049999631941">
        <ele>62.99</ele>
      </trkpt>
      <trkpt lat="35.89869995601475" lon="-121.46045993082225">
        <ele>62.42</ele>
      </trkpt>
      <trkpt lat="35.898619992658496" lon="-121.46038994193077">
        <ele>61.86</ele>
      </trkpt>
      <trkpt lat="35.898529971018434" lon="-121.46031995303929">
        <ele>61.31</ele>
      </trkpt>
      <trkpt lat="35.8984799310565" lon="-121.46027997136116">
        <ele>60.8</ele>
      </trkpt>
      <trkpt lat="35.89845998212695" lon="-121.46025993861258">
        <ele>60.32</ele>
      </trkpt>
      <trkpt lat="35.89838999323547" lon="-121.46020998246968">
        <ele>59.8</ele>
      </trkpt>
      <trkpt lat="35.898319920524955" lon="-121.46015994250774">
        <ele>59.3</ele>
      </trkpt>
      <trkpt lat="35.89825998991728" lon="-121.46012993529439">
        <ele>58.79</ele>
      </trkpt>
      <trkpt lat="35.89821992442012" lon="-121.46009992808104">
        <ele>58.32</ele>
      </trkpt>
      <trkpt lat="35.898169968277216" lon="-121.46007997915149">
        <ele>57.83</ele>
      </trkpt>
      <trkpt lat="35.89813996106386" lon="-121.46005994640291">
        <ele>57.38</ele>
      </trkpt>
      <trkpt lat="35.898099979385734" lon="-121.46002993918955">
        <ele>56.93</ele>
      </trkpt>
      <trkpt lat="35.8980499394238" lon="-121.46000999026">
        <ele>56.49</ele>
      </trkpt>
      <trkpt lat="35.89800995774567" lon="-121.45998995751143">
        <ele>56.05</ele>
      </trkpt>
      <trkpt lat="35.89795991778374" lon="-121.45997998304665">
        <ele>55.62</ele>
      </trkpt>
      <trkpt lat="35.89791993610561" lon="-121.45995995029807">
        <ele>55.19</ele>
      </trkpt>
      <trkpt lat="35.89786997996271" lon="-121.4599499758333">
        <ele>54.77</ele>
      </trkpt>
      <trkpt lat="35.897799991071224" lon="-121.45993991754949">
        <ele>54.34</ele>
      </trkpt>
      <trkpt lat="35.89764534495771" lon="-121.4599000196904">
        <ele>53.95</ele>
      </trkpt>
      <trkpt lat="35.89748994447291" lon="-121.45985995419323">
        <ele>53.64</ele>
      </trkpt>
      <trkpt lat="35.8973799739033" lon="-121.4598199725151">
        <ele>53.33</ele>
      </trkpt>
      <trkpt lat="35.89714997448027" lon="-121.45972995087504">
        <ele>53.05</ele>
      </trkpt>
      <trkpt lat="35.89712994173169" lon="-121.45972995087504">
        <ele>52.69</ele>
      </trkpt>
      <trkpt lat="35.89701997116208" lon="-121.45968996919692">
        <ele>52.34</ele>
      </trkpt>
      <trkpt lat="35.89696993120015" lon="-121.45966993644834">
        <ele>51.99</ele>
      </trkpt>
      <trkpt lat="35.89693992398679" lon="-121.45966993644834">
        <ele>51.64</ele>
      </trkpt>
      <trkpt lat="35.896859960630536" lon="-121.45964998751879">
        <ele>51.32</ele>
      </trkpt>
      <trkpt lat="35.896789971739054" lon="-121.45963992923498">
        <ele>50.99</ele>
      </trkpt>
      <trkpt lat="35.8967599645257" lon="-121.45962995477021">
        <ele>50.66</ele>
      </trkpt>
      <trkpt lat="35.896729957312346" lon="-121.45962995477021">
        <ele>50.32</ele>
      </trkpt>
      <trkpt lat="35.89668997563422" lon="-121.45962995477021">
        <ele>49.98</ele>
      </trkpt>
      <trkpt lat="35.89666994288564" lon="-121.45962995477021">
        <ele>49.63</ele>
      </trkpt>
      <trkpt lat="35.89664999395609" lon="-121.45962995477021">
        <ele>49.28</ele>
      </trkpt>
      <trkpt lat="35.89662996120751" lon="-121.45962995477021">
        <ele>48.92</ele>
      </trkpt>
      <trkpt lat="35.896619986742735" lon="-121.45962995477021">
        <ele>48.55</ele>
      </trkpt>
      <trkpt lat="35.896579921245575" lon="-121.45962995477021">
        <ele>48.18</ele>
      </trkpt>
      <trkpt lat="35.89652996510267" lon="-121.45963992923498">
        <ele>47.8</ele>
      </trkpt>
      <trkpt lat="35.896469950675964" lon="-121.45963992923498">
        <ele>47.41</ele>
      </trkpt>
      <trkpt lat="35.89628999121487" lon="-121.45966993644834">
        <ele>46.99</ele>
      </trkpt>
      <trkpt lat="35.89625998400152" lon="-121.45966993644834">
        <ele>46.58</ele>
      </trkpt>
      <trkpt lat="35.89610994793475" lon="-121.45969994366169">
        <ele>46.14</ele>
      </trkpt>
      <trkpt lat="35.89607994072139" lon="-121.45969994366169">
        <ele>45.71</ele>
      </trkpt>
      <trkpt lat="35.89596997015178" lon="-121.45971997641027">
        <ele>45.26</ele>
      </trkpt>
      <trkpt lat="35.89593996293843" lon="-121.45972995087504">
        <ele>44.79</ele>
      </trkpt>
      <trkpt lat="35.89591993018985" lon="-121.45972995087504">
        <ele>44.33</ele>
      </trkpt>
      <trkpt lat="35.8958999812603" lon="-121.45973992533982">
        <ele>43.84</ele>
      </trkpt>
      <trkpt lat="35.895889922976494" lon="-121.45973992533982">
        <ele>43.36</ele>
      </trkpt>
      <trkpt lat="35.89585999958217" lon="-121.45974998362362">
        <ele>42.85</ele>
      </trkpt>
      <trkpt lat="35.89583996683359" lon="-121.4597599580884">
        <ele>42.33</ele>
      </trkpt>
      <trkpt lat="35.89582999236882" lon="-121.45976993255317">
        <ele>41.8</ele>
      </trkpt>
      <trkpt lat="35.89579998515546" lon="-121.45977999083698">
        <ele>41.27</ele>
      </trkpt>
      <trkpt lat="35.89576997794211" lon="-121.45978996530175">
        <ele>40.72</ele>
      </trkpt>
      <trkpt lat="35.895739970728755" lon="-121.45980999805033">
        <ele>40.15</ele>
      </trkpt>
      <trkpt lat="35.895739970728755" lon="-121.4598199725151">
        <ele>39.59</ele>
      </trkpt>
      <trkpt lat="35.895719937980175" lon="-121.45982994697988">
        <ele>39.02</ele>
      </trkpt>
      <trkpt lat="35.89569998905063" lon="-121.45983992144465">
        <ele>38.45</ele>
      </trkpt>
      <trkpt lat="35.89567995630205" lon="-121.45985995419323">
        <ele>37.86</ele>
      </trkpt>
      <trkpt lat="35.89565992355347" lon="-121.45987998694181">
        <ele>37.28</ele>
      </trkpt>
      <trkpt lat="35.895589934661984" lon="-121.45993991754949">
        <ele>36.65</ele>
      </trkpt>
      <trkpt lat="35.895549952983856" lon="-121.45998995751143">
        <ele>36.02</ele>
      </trkpt>
      <trkpt lat="35.89548993855715" lon="-121.46003999747336">
        <ele>35.42</ele>
      </trkpt>
      <trkpt lat="35.89544995687902" lon="-121.46007997915149">
        <ele>34.82</ele>
      </trkpt>
      <trkpt lat="35.895439982414246" lon="-121.46007997915149">
        <ele>34.28</ele>
      </trkpt>
      <trkpt lat="35.89538994245231" lon="-121.46010998636484">
        <ele>33.72</ele>
      </trkpt>
      <trkpt lat="35.89535993523896" lon="-121.46012993529439">
        <ele>33.19</ele>
      </trkpt>
      <trkpt lat="35.8953299280256" lon="-121.46014996804297">
        <ele>32.66</ele>
      </trkpt>
      <trkpt lat="35.89529992081225" lon="-121.46016991697252">
        <ele>32.14</ele>
      </trkpt>
      <trkpt lat="35.8952799718827" lon="-121.46017997525632">
        <ele>31.65</ele>
      </trkpt>
      <trkpt lat="35.89525993913412" lon="-121.4601899497211">
        <ele>31.17</ele>
      </trkpt>
      <trkpt lat="35.89521995745599" lon="-121.46020998246968">
        <ele>30.7</ele>
      </trkpt>
      <trkpt lat="35.895119961351156" lon="-121.46023998968303">
        <ele>30.29</ele>
      </trkpt>
      <trkpt lat="35.89510998688638" lon="-121.46023998968303">
        <ele>29.88</ele>
      </trkpt>
      <trkpt lat="35.89506992138922" lon="-121.46025993861258">
        <ele>29.51</ele>
      </trkpt>
      <trkpt lat="35.89499993249774" lon="-121.46027997136116">
        <ele>29.17</ele>
      </trkpt>
      <trkpt lat="35.89493991807103" lon="-121.46028994582593">
        <ele>28.85</ele>
      </trkpt>
      <trkpt lat="35.89486992917955" lon="-121.46030997857451">
        <ele>28.57</ele>
      </trkpt>
      <trkpt lat="35.89475995860994" lon="-121.46033998578787">
        <ele>28.3</ele>
      </trkpt>
      <trkpt lat="35.89471997693181" lon="-121.46034996025264">
        <ele>28.06</ele>
      </trkpt>
      <trkpt lat="35.894619980826974" lon="-121.460379967466">
        <ele>27.84</ele>
      </trkpt>
      <trkpt lat="35.89458997361362" lon="-121.46038994193077">
        <ele>27.64</ele>
      </trkpt>
      <trkpt lat="35.894449995830655" lon="-121.46039991639555">
        <ele>27.45</ele>
      </trkpt>
      <trkpt lat="35.894409930333495" lon="-121.46040997467935">
        <ele>27.33</ele>
      </trkpt>
      <trkpt lat="35.894149923697114" lon="-121.4604299236089">
        <ele>26.64</ele>
      </trkpt>
      <trkpt lat="35.893869968131185" lon="-121.46045993082225">
        <ele>26.42</ele>
      </trkpt>
      <trkpt lat="35.89368992485106" lon="-121.46049999631941">
        <ele>26.52</ele>
      </trkpt>
      <trkpt lat="35.893679950386286" lon="-121.46049999631941">
        <ele>26.56</ele>
      </trkpt>
      <trkpt lat="35.893569979816675" lon="-121.46053997799754">
        <ele>26.72</ele>
      </trkpt>
      <trkpt lat="35.89351993985474" lon="-121.46054995246232">
        <ele>26.91</ele>
      </trkpt>
      <trkpt lat="35.89347995817661" lon="-121.46055992692709">
        <ele>27.13</ele>
      </trkpt>
      <trkpt lat="35.89333998039365" lon="-121.46058993414044">
        <ele>27.57</ele>
      </trkpt>
      <trkpt lat="35.89318994432688" lon="-121.46060996688902">
        <ele>27.99</ele>
      </trkpt>
      <trkpt lat="35.892989952117205" lon="-121.46063997410238">
        <ele>28.39</ele>
      </trkpt>
      <trkpt lat="35.892969919368625" lon="-121.46064994856715">
        <ele>28.68</ele>
      </trkpt>
      <trkpt lat="35.89289993047714" lon="-121.46065992303193">
        <ele>29.02</ele>
      </trkpt>
      <trkpt lat="35.89265551418066" lon="-121.4606749266386">
        <ele>29.38</ele>
      </trkpt>
      <trkpt lat="35.892409924417734" lon="-121.46068993024528">
        <ele>29.7</ele>
      </trkpt>
      <trkpt lat="35.89219710789621" lon="-121.46068993024528">
        <ele>30.04</ele>
      </trkpt>
      <trkpt lat="35.89198429137468" lon="-121.46068993024528">
        <ele>30.43</ele>
      </trkpt>
      <trkpt lat="35.89176996611059" lon="-121.46068993024528">
        <ele>30.88</ele>
      </trkpt>
      <trkpt lat="35.8916899189353" lon="-121.46068993024528">
        <ele>31.36</ele>
      </trkpt>
      <trkpt lat="35.891509959474206" lon="-121.46068993024528">
        <ele>31.87</ele>
      </trkpt>
      <trkpt lat="35.89138993062079" lon="-121.4606799557805">
        <ele>32.43</ele>
      </trkpt>
      <trkpt lat="35.8912599273026" lon="-121.46068993024528">
        <ele>33.0</ele>
      </trkpt>
      <trkpt lat="35.891249952837825" lon="-121.46068993024528">
        <ele>33.57</ele>
      </trkpt>
      <trkpt lat="35.891229920089245" lon="-121.46068993024528">
        <ele>34.16</ele>
      </trkpt>
      <trkpt lat="35.89121994562447" lon="-121.46068993024528">
        <ele>34.77</ele>
      </trkpt>
      <trkpt lat="35.89116998948157" lon="-121.46069998852909">
        <ele>35.4</ele>
      </trkpt>
      <trkpt lat="35.891099916771054" lon="-121.46070996299386">
        <ele>36.05</ele>
      </trkpt>
      <trkpt lat="35.8910199534148" lon="-121.46072999574244">
        <ele>36.7</ele>
      </trkpt>
      <trkpt lat="35.890969997271895" lon="-121.46073997020721">
        <ele>37.38</ele>
      </trkpt>
      <trkpt lat="35.89086991734803" lon="-121.46076997742057">
        <ele>38.07</ele>
      </trkpt>
      <trkpt lat="35.89078995399177" lon="-121.46079998463392">
        <ele>38.76</ele>
      </trkpt>
      <trkpt lat="35.89069993235171" lon="-121.46082999184728">
        <ele>39.45</ele>
      </trkpt>
      <trkpt lat="35.89061996899545" lon="-121.46085999906063">
        <ele>40.14</ele>
      </trkpt>
      <trkpt lat="35.890579987317324" lon="-121.4608699735254">
        <ele>40.83</ele>
      </trkpt>
      <trkpt lat="35.890559954568744" lon="-121.46088992245495">
        <ele>41.49</ele>
      </trkpt>
      <trkpt lat="35.89052994735539" lon="-121.46089998073876">
        <ele>42.18</ele>
      </trkpt>
      <trkpt lat="35.89047999121249" lon="-121.46091992966831">
        <ele>42.87</ele>
      </trkpt>
      <trkpt lat="35.89045995846391" lon="-121.46093996241689">
        <ele>43.54</ele>
      </trkpt>
      <trkpt lat="35.890389969572425" lon="-121.46096996963024">
        <ele>44.24</ele>
      </trkpt>
      <trkpt lat="35.89022995904088" lon="-121.4610599912703">
        <ele>44.95</ele>
      </trkpt>
      <trkpt lat="35.89013993740082" lon="-121.46109997294843">
        <ele>45.66</ele>
      </trkpt>
      <trkpt lat="35.89007992297411" lon="-121.46112998016179">
        <ele>46.36</ele>
      </trkpt>
      <trkpt lat="35.890069948509336" lon="-121.46112998016179">
        <ele>47.0</ele>
      </trkpt>
      <trkpt lat="35.89005997404456" lon="-121.46113995462656">
        <ele>47.63</ele>
      </trkpt>
      <trkpt lat="35.89003994129598" lon="-121.46113995462656">
        <ele>48.27</ele>
      </trkpt>
      <trkpt lat="35.89001999236643" lon="-121.46114992909133">
        <ele>48.89</ele>
      </trkpt>
      <trkpt lat="35.88997992686927" lon="-121.46115998737514">
        <ele>49.52</ele>
      </trkpt>
      <trkpt lat="35.8899199962616" lon="-121.46116996183991">
        <ele>50.15</ele>
      </trkpt>
      <trkpt lat="35.88981991633773" lon="-121.46117993630469">
        <ele>50.77</ele>
      </trkpt>
      <trkpt lat="35.88968999683857" lon="-121.46117993630469">
        <ele>51.38</ele>
      </trkpt>
      <trkpt lat="35.889619924128056" lon="-121.46116996183991">
        <ele>51.95</ele>
      </trkpt>
      <trkpt lat="35.8895899169147" lon="-121.46116996183991">
        <ele>52.47</ele>
      </trkpt>
      <trkpt lat="35.889529986307025" lon="-121.46116996183991">
        <ele>52.98</ele>
      </trkpt>
      <trkpt lat="35.88941993191838" lon="-121.46114992909133">
        <ele>53.47</ele>
      </trkpt>
      <trkpt lat="35.88927995413542" lon="-121.46111992187798">
        <ele>53.92</ele>
      </trkpt>
      <trkpt lat="35.889159925282" lon="-121.46107994019985">
        <ele>54.37</ele>
      </trkpt>
      <trkpt lat="35.889079961925745" lon="-121.46103995852172">
        <ele>54.77</ele>
      </trkpt>
      <trkpt lat="35.8889199513942" lon="-121.46093996241689">
        <ele>55.05</ele>
      </trkpt>
      <trkpt lat="35.8887299336493" lon="-121.46079998463392">
        <ele>55.51</ele>
      </trkpt>
      <trkpt lat="35.88861996307969" lon="-121.46071993745863">
        <ele>55.89</ele>
      </trkpt>
      <trkpt lat="35.88859993033111" lon="-121.46070996299386">
        <ele>56.3</ele>
      </trkpt>
      <trkpt lat="35.888499934226274" lon="-121.46063997410238">
        <ele>56.71</ele>
      </trkpt>
      <trkpt lat="35.88846992701292" lon="-121.4606199413538">
        <ele>57.1</ele>
      </trkpt>
      <trkpt lat="35.888439919799566" lon="-121.46059999242425">
        <ele>57.5</ele>
      </trkpt>
      <trkpt lat="35.888389963656664" lon="-121.46057995967567">
        <ele>57.92</ele>
      </trkpt>
      <trkpt lat="35.88831997476518" lon="-121.46053997799754">
        <ele>58.37</ele>
      </trkpt>
      <trkpt lat="35.8882999420166" lon="-121.46053997799754">
        <ele>58.73</ele>
      </trkpt>
      <trkpt lat="35.88825996033847" lon="-121.46052991971374">
        <ele>59.09</ele>
      </trkpt>
      <trkpt lat="35.88818997144699" lon="-121.46051994524896">
        <ele>59.43</ele>
      </trkpt>
      <trkpt lat="35.88812995702028" lon="-121.46051994524896">
        <ele>59.76</ele>
      </trkpt>
      <trkpt lat="35.88811998255551" lon="-121.46051994524896">
        <ele>60.11</ele>
      </trkpt>
      <trkpt lat="35.888089975342155" lon="-121.46050997078419">
        <ele>60.45</ele>
      </trkpt>
      <trkpt lat="35.88803993538022" lon="-121.46050997078419">
        <ele>60.78</ele>
      </trkpt>
      <trkpt lat="35.887959972023964" lon="-121.46051994524896">
        <ele>61.12</ele>
      </trkpt>
      <trkpt lat="35.887939939275384" lon="-121.46051994524896">
        <ele>61.47</ele>
      </trkpt>
      <trkpt lat="35.88780993595719" lon="-121.46051994524896">
        <ele>61.81</ele>
      </trkpt>
      <trkpt lat="35.88769996538758" lon="-121.46051994524896">
        <ele>62.17</ele>
      </trkpt>
      <trkpt lat="35.887619918212295" lon="-121.46051994524896">
        <ele>62.55</ele>
      </trkpt>
      <trkpt lat="35.887579936534166" lon="-121.46051994524896">
        <ele>62.93</ele>
      </trkpt>
      <trkpt lat="35.88756996206939" lon="-121.46051994524896">
        <ele>63.31</ele>
      </trkpt>
      <trkpt lat="35.88754992932081" lon="-121.46051994524896">
        <ele>63.7</ele>
      </trkpt>
      <trkpt lat="35.887529980391264" lon="-121.46051994524896">
        <ele>64.1</ele>
      </trkpt>
      <trkpt lat="35.887489998713136" lon="-121.46050997078419">
        <ele>64.52</ele>
      </trkpt>
      <trkpt lat="35.887449933215976" lon="-121.46049999631941">
        <ele>64.95</ele>
      </trkpt>
      <trkpt lat="35.88740995153785" lon="-121.46048993803561">
        <ele>65.4</ele>
      </trkpt>
      <trkpt lat="35.88739997707307" lon="-121.46048993803561">
        <ele>65.83</ele>
      </trkpt>
      <trkpt lat="35.88737994432449" lon="-121.46047996357083">
        <ele>66.28</ele>
      </trkpt>
      <trkpt lat="35.887339962646365" lon="-121.46046998910606">
        <ele>66.74</ele>
      </trkpt>
      <trkpt lat="35.88729998096824" lon="-121.46044995635748">
        <ele>67.24</ele>
      </trkpt>
      <trkpt lat="35.887229992076755" lon="-121.46041994914412">
        <ele>67.74</ele>
      </trkpt>
      <trkpt lat="35.887209959328175" lon="-121.46040997467935">
        <ele>68.22</ele>
      </trkpt>
      <trkpt lat="35.887149944901466" lon="-121.460379967466">
        <ele>68.74</ele>
      </trkpt>
      <trkpt lat="35.88708993047476" lon="-121.46033998578787">
        <ele>69.28</ele>
      </trkpt>
      <trkpt lat="35.88704994879663" lon="-121.46029992029071">
        <ele>69.81</ele>
      </trkpt>
      <trkpt lat="35.88698993436992" lon="-121.46025993861258">
        <ele>70.33</ele>
      </trkpt>
      <trkpt lat="35.88686998933554" lon="-121.46014996804297">
        <ele>70.86</ele>
      </trkpt>
      <trkpt lat="35.886779967695475" lon="-121.46005994640291">
        <ele>71.39</ele>
      </trkpt>
      <trkpt lat="35.886759934946895" lon="-121.46003999747336">
        <ele>71.91</ele>
      </trkpt>
      <trkpt lat="35.88668994605541" lon="-121.45996992476285">
        <ele>72.43</ele>
      </trkpt>
      <trkpt lat="35.88659992441535" lon="-121.45986992865801">
        <ele>72.93</ele>
      </trkpt>
      <trkpt lat="35.88648995384574" lon="-121.45974998362362">
        <ele>73.46</ele>
      </trkpt>
      <trkpt lat="35.88626992888749" lon="-121.45949995145202">
        <ele>74.04</ele>
      </trkpt>
      <trkpt lat="35.88610991835594" lon="-121.45931999199092">
        <ele>74.54</ele>
      </trkpt>
      <trkpt lat="35.88608996942639" lon="-121.45928998477757">
        <ele>75.1</ele>
      </trkpt>
      <trkpt lat="35.885879918932915" lon="-121.45904992707074">
        <ele>75.68</ele>
      </trkpt>
      <trkpt lat="35.88573499582708" lon="-121.45888002589345">
        <ele>76.25</ele>
      </trkpt>
      <trkpt lat="35.88558998890221" lon="-121.4587099570781">
        <ele>76.78</ele>
      </trkpt>
      <trkpt lat="35.88539502583444" lon="-121.4584800414741">
        <ele>77.3</ele>
      </trkpt>
      <trkpt lat="35.88519997894764" lon="-121.45824995823205">
        <ele>77.87</ele>
      </trkpt>
      <trkpt lat="35.88500250130892" lon="-121.458022557199">
        <ele>78.47</ele>
      </trkpt>
      <trkpt lat="35.88480510748923" lon="-121.45779515616596">
        <ele>79.13</ele>
      </trkpt>
      <trkpt lat="35.88460771366954" lon="-121.45756767131388">
        <ele>79.78</ele>
      </trkpt>
      <trkpt lat="35.88440998457372" lon="-121.45733993500471">
        <ele>80.4</ele>
      </trkpt>
      <trkpt lat="35.88427998125553" lon="-121.45718998275697">
        <ele>80.99</ele>
      </trkpt>
      <trkpt lat="35.884179985150695" lon="-121.45707992836833">
        <ele>81.55</ele>
      </trkpt>
      <trkpt lat="35.88401997461915" lon="-121.45688999444246">
        <ele>81.98</ele>
      </trkpt>
      <trkpt lat="35.883879996836185" lon="-121.45672998391092">
        <ele>82.48</ele>
      </trkpt>
      <trkpt lat="35.88366994634271" lon="-121.45647995173931">
        <ele>82.85</ele>
      </trkpt>
      <trkpt lat="35.883489986881614" lon="-121.45626998506486">
        <ele>83.26</ele>
      </trkpt>
      <trkpt lat="35.883429972454906" lon="-121.45618993788958">
        <ele>83.71</ele>
      </trkpt>
      <trkpt lat="35.883295023813844" lon="-121.45602498203516">
        <ele>84.28</ele>
      </trkpt>
      <trkpt lat="35.88315999135375" lon="-121.45585994236171">
        <ele>84.77</ele>
      </trkpt>
      <trkpt lat="35.883039962500334" lon="-121.45570999011397">
        <ele>85.29</ele>
      </trkpt>
      <trkpt lat="35.88288992643356" lon="-121.4554999396205">
        <ele>85.81</ele>
      </trkpt>
      <trkpt lat="35.88280996307731" lon="-121.45535996183753">
        <ele>86.25</ele>
      </trkpt>
      <trkpt lat="35.8827499486506" lon="-121.45524999126792">
        <ele>86.77</ele>
      </trkpt>
      <trkpt lat="35.882699992507696" lon="-121.4551299624145">
        <ele>87.19</ele>
      </trkpt>
      <trkpt lat="35.882679959759116" lon="-121.45509995520115">
        <ele>87.57</ele>
      </trkpt>
      <trkpt lat="35.88264995254576" lon="-121.45500993356109">
        <ele>87.97</ele>
      </trkpt>
      <trkpt lat="35.882609970867634" lon="-121.45490993745625">
        <ele>88.37</ele>
      </trkpt>
      <trkpt lat="35.882549956440926" lon="-121.45470994524658">
        <ele>88.79</ele>
      </trkpt>
      <trkpt lat="35.8825099747628" lon="-121.45456996746361">
        <ele>89.18</ele>
      </trkpt>
      <trkpt lat="35.88248994201422" lon="-121.45447994582355">
        <ele>89.53</ele>
      </trkpt>
      <trkpt lat="35.88244996033609" lon="-121.45432999357581">
        <ele>89.87</ele>
      </trkpt>
      <trkpt lat="35.882399920374155" lon="-121.45404995419085">
        <ele>90.17</ele>
      </trkpt>
      <trkpt lat="35.88237997144461" lon="-121.4539699908346">
        <ele>90.47</ele>
      </trkpt>
      <trkpt lat="35.882309982553124" lon="-121.45361996255815">
        <ele>90.62</ele>
      </trkpt>
      <trkpt lat="35.882309982553124" lon="-121.45359992980957">
        <ele>90.92</ele>
      </trkpt>
      <trkpt lat="35.882269917055964" lon="-121.45343991927803">
        <ele>91.16</ele>
      </trkpt>
      <trkpt lat="35.88225994259119" lon="-121.4533999375999">
        <ele>91.46</ele>
      </trkpt>
      <trkpt lat="35.882229935377836" lon="-121.45327999256551">
        <ele>91.76</ele>
      </trkpt>
      <trkpt lat="35.88219992816448" lon="-121.45319994539022">
        <ele>92.04</ele>
      </trkpt>
      <trkpt lat="35.882179979234934" lon="-121.45313993096352">
        <ele>92.32</ele>
      </trkpt>
      <trkpt lat="35.882119964808226" lon="-121.45299995318055">
        <ele>92.54</ele>
      </trkpt>
      <trkpt lat="35.882119964808226" lon="-121.45298997871578">
        <ele>92.81</ele>
      </trkpt>
      <trkpt lat="35.88203991763294" lon="-121.45279996097088">
        <ele>93.08</ele>
      </trkpt>
      <trkpt lat="35.8819399215281" lon="-121.45256996154785">
        <ele>93.5</ele>
      </trkpt>
      <trkpt lat="35.88189993984997" lon="-121.45245999097824">
        <ele>93.85</ele>
      </trkpt>
      <trkpt lat="35.88186993263662" lon="-121.4524099510163">
        <ele>94.1</ele>
      </trkpt>
      <trkpt lat="35.881839925423265" lon="-121.4523599948734">
        <ele>94.33</ele>
      </trkpt>
      <trkpt lat="35.881799943745136" lon="-121.45227994769812">
        <ele>94.56</ele>
      </trkpt>
      <trkpt lat="35.88175996206701" lon="-121.45222999155521">
        <ele>94.82</ele>
      </trkpt>
      <trkpt lat="35.881749987602234" lon="-121.45219998434186">
        <ele>95.07</ele>
      </trkpt>
      <trkpt lat="35.881689973175526" lon="-121.45212999545038">
        <ele>95.29</ele>
      </trkpt>
      <trkpt lat="35.88163993321359" lon="-121.45206998102367">
        <ele>95.49</ele>
      </trkpt>
      <trkpt lat="35.8815099298954" lon="-121.45190997049212">
        <ele>95.66</ele>
      </trkpt>
      <trkpt lat="35.88133332319558" lon="-121.45171006210148">
        <ele>95.85</ele>
      </trkpt>
      <trkpt lat="35.881156800314784" lon="-121.45151015371084">
        <ele>95.97</ele>
      </trkpt>
      <trkpt lat="35.880979942157865" lon="-121.4513099938631">
        <ele>96.2</ele>
      </trkpt>
      <trkpt lat="35.880850022658706" lon="-121.45116004161537">
        <ele>96.4</ele>
      </trkpt>
      <trkpt lat="35.88071993552148" lon="-121.45100992172956">
        <ele>96.64</ele>
      </trkpt>
      <trkpt lat="35.880569983273745" lon="-121.45084999501705">
        <ele>96.93</ele>
      </trkpt>
      <trkpt lat="35.88044995442033" lon="-121.45070993341506">
        <ele>97.16</ele>
      </trkpt>
      <trkpt lat="35.88031995110214" lon="-121.45055998116732">
        <ele>97.31</ele>
      </trkpt>
      <trkpt lat="35.88030997663736" lon="-121.45054992288351">
        <ele>97.45</ele>
      </trkpt>
      <trkpt lat="35.88017997331917" lon="-121.45041991956532">
        <ele>97.54</ele>
      </trkpt>
      <trkpt lat="35.88004997000098" lon="-121.45026996731758">
        <ele>97.59</ele>
      </trkpt>
      <trkpt lat="35.88001996278763" lon="-121.45023996010423">
        <ele>97.69</ele>
      </trkpt>
      <trkpt lat="35.87990999221802" lon="-121.45011993125081">
        <ele>97.79</ele>
      </trkpt>
      <trkpt lat="35.87977998889983" lon="-121.44997995346785">
        <ele>97.9</ele>
      </trkpt>
      <trkpt lat="35.87963992729783" lon="-121.44982991740108">
        <ele>97.97</ele>
      </trkpt>
      <trkpt lat="35.879499949514866" lon="-121.44968993961811">
        <ele>98.01</ele>
      </trkpt>
      <trkpt lat="35.879369946196675" lon="-121.44953998737037">
        <ele>98.06</ele>
      </trkpt>
      <trkpt lat="35.87928998284042" lon="-121.44945994019508">
        <ele>98.09</ele>
      </trkpt>
      <trkpt lat="35.87922996841371" lon="-121.44939992576838">
        <ele>98.13</ele>
      </trkpt>
      <trkpt lat="35.87909996509552" lon="-121.44924997352064">
        <ele>98.16</ele>
      </trkpt>
      <trkpt lat="35.87896996177733" lon="-121.44909993745387">
        <ele>98.14</ele>
      </trkpt>
      <trkpt lat="35.878829983994365" lon="-121.44894998520613">
        <ele>98.17</ele>
      </trkpt>
      <trkpt lat="35.87871003895998" lon="-121.44881503656507">
        <ele>98.18</ele>
      </trkpt>
      <trkpt lat="35.87858992628753" lon="-121.44867992028594">
        <ele>98.23</ele>
      </trkpt>
      <trkpt lat="35.878445003181696" lon="-121.44851504825056">
        <ele>98.3</ele>
      </trkpt>
      <trkpt lat="35.87829999625683" lon="-121.44834992475808">
        <ele>98.39</ele>
      </trkpt>
      <trkpt lat="35.87816999293864" lon="-121.44818999804556">
        <ele>98.4</ele>
      </trkpt>
      <trkpt lat="35.87815993465483" lon="-121.44817993976176">
        <ele>98.42</ele>
      </trkpt>
      <trkpt lat="35.87803998962045" lon="-121.4480399619788">
        <ele>98.53</ele>
      </trkpt>
      <trkpt lat="35.877830022946" lon="-121.4478050172329">
        <ele>98.58</ele>
      </trkpt>
      <trkpt lat="35.87761997245252" lon="-121.44756998866796">
        <ele>98.58</ele>
      </trkpt>
      <trkpt lat="35.877430038526654" lon="-121.44736002199352">
        <ele>98.59</ele>
      </trkpt>
      <trkpt lat="35.877239936962724" lon="-121.44714997150004">
        <ele>98.53</ele>
      </trkpt>
      <trkpt lat="35.87712996639311" lon="-121.44701996818185">
        <ele>98.55</ele>
      </trkpt>
      <trkpt lat="35.87710993364453" lon="-121.44699993543327">
        <ele>98.57</ele>
      </trkpt>
      <trkpt lat="35.87697993032634" lon="-121.44684998318553">
        <ele>98.58</ele>
      </trkpt>
      <trkpt lat="35.876939948648214" lon="-121.44680991768837">
        <ele>98.63</ele>
      </trkpt>
      <trkpt lat="35.87670994922519" lon="-121.44657991826534">
        <ele>98.75</ele>
      </trkpt>
      <trkpt lat="35.87658505886793" lon="-121.44646005704999">
        <ele>98.79</ele>
      </trkpt>
      <trkpt lat="35.87645991705358" lon="-121.44633994437754">
        <ele>98.83</ele>
      </trkpt>
      <trkpt lat="35.876310132443905" lon="-121.44621010869741">
        <ele>98.85</ele>
      </trkpt>
      <trkpt lat="35.87615992873907" lon="-121.44607993774116">
        <ele>98.93</ele>
      </trkpt>
      <trkpt lat="35.876010144129395" lon="-121.44597013480961">
        <ele>99.01</ele>
      </trkpt>
      <trkpt lat="35.87585994042456" lon="-121.44585999660194">
        <ele>99.13</ele>
      </trkpt>
      <trkpt lat="35.87566992267966" lon="-121.4457499422133">
        <ele>99.24</ele>
      </trkpt>
      <trkpt lat="35.87557998485863" lon="-121.44567995332181">
        <ele>99.3</ele>
      </trkpt>
      <trkpt lat="35.875499937683344" lon="-121.44562999717891">
        <ele>99.35</ele>
      </trkpt>
      <trkpt lat="35.87531997822225" lon="-121.4455099683255">
        <ele>99.46</ele>
      </trkpt>
      <trkpt lat="35.87518997490406" lon="-121.44542992115021">
        <ele>99.51</ele>
      </trkpt>
      <trkpt lat="35.875089978799224" lon="-121.44536999054253">
        <ele>99.53</ele>
      </trkpt>
      <trkpt lat="35.875029964372516" lon="-121.44533998332918">
        <ele>99.57</ele>
      </trkpt>
      <trkpt lat="35.87497992441058" lon="-121.4453199505806">
        <ele>99.59</ele>
      </trkpt>
      <trkpt lat="35.8748599793762" lon="-121.44525993615389">
        <ele>99.66</ele>
      </trkpt>
      <trkpt lat="35.87480993941426" lon="-121.44523998722434">
        <ele>99.68</ele>
      </trkpt>
      <trkpt lat="35.874639954417944" lon="-121.44515994004905">
        <ele>99.65</ele>
      </trkpt>
      <trkpt lat="35.87451992556453" lon="-121.44509992562234">
        <ele>99.47</ele>
      </trkpt>
      <trkpt lat="35.87450995109975" lon="-121.44509992562234">
        <ele>99.43</ele>
      </trkpt>
      <trkpt lat="35.87438992224634" lon="-121.44503999501467">
        <ele>99.38</ele>
      </trkpt>
      <trkpt lat="35.874279951676726" lon="-121.44497998058796">
        <ele>99.23</ele>
      </trkpt>
      <trkpt lat="35.874189930036664" lon="-121.44493999890983">
        <ele>99.09</ele>
      </trkpt>
      <trkpt lat="35.874039977788925" lon="-121.44486992619932">
        <ele>98.95</ele>
      </trkpt>
      <trkpt lat="35.87387996725738" lon="-121.44478996284306">
        <ele>98.86</ele>
      </trkpt>
      <trkpt lat="35.873779971152544" lon="-121.44474998116493">
        <ele>98.79</ele>
      </trkpt>
      <trkpt lat="35.87367997504771" lon="-121.444699941203">
        <ele>98.72</ele>
      </trkpt>
      <trkpt lat="35.873569920659065" lon="-121.44465995952487">
        <ele>98.61</ele>
      </trkpt>
      <trkpt lat="35.87333992123604" lon="-121.44455996342003">
        <ele>98.53</ele>
      </trkpt>
      <trkpt lat="35.87316993623972" lon="-121.44448997452855">
        <ele>98.48</ele>
      </trkpt>
      <trkpt lat="35.87311998009682" lon="-121.44446994177997">
        <ele>98.39</ele>
      </trkpt>
      <trkpt lat="35.87292996235192" lon="-121.44438997842371">
        <ele>98.3</ele>
      </trkpt>
      <trkpt lat="35.872709937393665" lon="-121.44428998231888">
        <ele>98.14</ele>
      </trkpt>
      <trkpt lat="35.87251991964877" lon="-121.44417992793024">
        <ele>98.07</ele>
      </trkpt>
      <trkpt lat="35.872409949079156" lon="-121.44409996457398">
        <ele>97.97</ele>
      </trkpt>
      <trkpt lat="35.87234993465245" lon="-121.44404992461205">
        <ele>97.86</ele>
      </trkpt>
      <trkpt lat="35.87228992022574" lon="-121.44399996846914">
        <ele>97.76</ele>
      </trkpt>
      <trkpt lat="35.87220995686948" lon="-121.44390994682908">
        <ele>97.76</ele>
      </trkpt>
      <trkpt lat="35.87212999351323" lon="-121.44382998347282">
        <ele>97.7</ele>
      </trkpt>
      <trkpt lat="35.872019939124584" lon="-121.44367994740605">
        <ele>97.52</ele>
      </trkpt>
      <trkpt lat="35.87192991748452" lon="-121.44353996962309">
        <ele>97.53</ele>
      </trkpt>
      <trkpt lat="35.87185992859304" lon="-121.44339999184012">
        <ele>97.41</ele>
      </trkpt>
      <trkpt lat="35.87180997245014" lon="-121.44325993023813">
        <ele>97.31</ele>
      </trkpt>
      <trkpt lat="35.87178993970156" lon="-121.44320997409523">
        <ele>97.21</ele>
      </trkpt>
      <trkpt lat="35.87176999077201" lon="-121.44313998520374">
        <ele>97.1</ele>
      </trkpt>
      <trkpt lat="35.87172992527485" lon="-121.44300998188555">
        <ele>96.97</ele>
      </trkpt>
      <trkpt lat="35.87172992527485" lon="-121.44299992360175">
        <ele>96.86</ele>
      </trkpt>
      <trkpt lat="35.87168994359672" lon="-121.44282993860543">
        <ele>96.73</ele>
      </trkpt>
      <trkpt lat="35.87166999466717" lon="-121.44277998246253">
        <ele>96.6</ele>
      </trkpt>
      <trkpt lat="35.87161995470524" lon="-121.44258996471763">
        <ele>96.47</ele>
      </trkpt>
      <trkpt lat="35.871574860066175" lon="-121.44238963723183">
        <ele>96.35</ele>
      </trkpt>
      <trkpt lat="35.871529933065176" lon="-121.44218998029828">
        <ele>96.22</ele>
      </trkpt>
      <trkpt lat="35.871459944173694" lon="-121.44190994091332">
        <ele>96.09</ele>
      </trkpt>
      <trkpt lat="35.871419962495565" lon="-121.44171992316842">
        <ele>95.99</ele>
      </trkpt>
      <trkpt lat="35.871399929746985" lon="-121.44160995259881">
        <ele>95.85</ele>
      </trkpt>
      <trkpt lat="35.87136992253363" lon="-121.44150995649397">
        <ele>95.72</ele>
      </trkpt>
      <trkpt lat="35.87131996639073" lon="-121.44125992432237">
        <ele>95.57</ele>
      </trkpt>
      <trkpt lat="35.87123991921544" lon="-121.44088994711637">
        <ele>95.4</ele>
      </trkpt>
      <trkpt lat="35.87118987925351" lon="-121.44066455774009">
        <ele>95.34</ele>
      </trkpt>
      <trkpt lat="35.871139923110604" lon="-121.4404399227351">
        <ele>95.23</ele>
      </trkpt>
      <trkpt lat="35.871099941432476" lon="-121.44021998159587">
        <ele>95.09</ele>
      </trkpt>
      <trkpt lat="35.871099941432476" lon="-121.44020992331207">
        <ele>94.94</ele>
      </trkpt>
      <trkpt lat="35.871049985289574" lon="-121.43999995663762">
        <ele>94.64</ele>
      </trkpt>
      <trkpt lat="35.87101997807622" lon="-121.43986995331943">
        <ele>94.36</ele>
      </trkpt>
      <trkpt lat="35.87099994532764" lon="-121.43978998996317">
        <ele>94.12</ele>
      </trkpt>
      <trkpt lat="35.87097999639809" lon="-121.43971991725266">
        <ele>93.92</ele>
      </trkpt>
      <trkpt lat="35.87094998918474" lon="-121.43962997943163">
        <ele>93.74</ele>
      </trkpt>
      <trkpt lat="35.87092995643616" lon="-121.4395899977535">
        <ele>93.57</ele>
      </trkpt>
      <trkpt lat="35.87087991647422" lon="-121.43946996890008">
        <ele>93.38</ele>
      </trkpt>
      <trkpt lat="35.8708499930799" lon="-121.4393899217248">
        <ele>93.21</ele>
      </trkpt>
      <trkpt lat="35.87082996033132" lon="-121.43934994004667">
        <ele>93.05</ele>
      </trkpt>
      <trkpt lat="35.87076994590461" lon="-121.43923996947706">
        <ele>92.91</ele>
      </trkpt>
      <trkpt lat="35.870709931477904" lon="-121.439149947837">
        <ele>92.77</ele>
      </trkpt>
      <trkpt lat="35.87063994258642" lon="-121.43904995173216">
        <ele>92.65</ele>
      </trkpt>
      <trkpt lat="35.87062996812165" lon="-121.43902991898358">
        <ele>92.52</ele>
      </trkpt>
      <trkpt lat="35.870579928159714" lon="-121.4389699883759">
        <ele>92.41</ele>
      </trkpt>
      <trkpt lat="35.87037993595004" lon="-121.43872993066907">
        <ele>92.38</ele>
      </trkpt>
      <trkpt lat="35.87037993595004" lon="-121.4387199562043">
        <ele>92.25</ele>
      </trkpt>
      <trkpt lat="35.870239958167076" lon="-121.43857997842133">
        <ele>92.13</ele>
      </trkpt>
      <trkpt lat="35.87017994374037" lon="-121.43851996399462">
        <ele>91.98</ele>
      </trkpt>
      <trkpt lat="35.87003007531166" lon="-121.43837009556592">
        <ele>91.79</ele>
      </trkpt>
      <trkpt lat="35.86987995542586" lon="-121.43821997568011">
        <ele>91.54</ele>
      </trkpt>
      <trkpt lat="35.86981994099915" lon="-121.4381599612534">
        <ele>91.32</ele>
      </trkpt>
      <trkpt lat="35.86964995600283" lon="-121.43797991797328">
        <ele>91.1</ele>
      </trkpt>
      <trkpt lat="35.86948508396745" lon="-121.4378251042217">
        <ele>90.92</ele>
      </trkpt>
      <trkpt lat="35.86931996047497" lon="-121.437669955194">
        <ele>90.85</ele>
      </trkpt>
      <trkpt lat="35.86925994604826" lon="-121.43760994076729">
        <ele>90.71</ele>
      </trkpt>
      <trkpt lat="35.86910999380052" lon="-121.43746996298432">
        <ele>90.57</ele>
      </trkpt>
      <trkpt lat="35.86905995383859" lon="-121.43741992302239">
        <ele>90.28</ele>
      </trkpt>
      <trkpt lat="35.86897999048233" lon="-121.43732998520136">
        <ele>89.95</ele>
      </trkpt>
      <trkpt lat="35.868839928880334" lon="-121.43718992359936">
        <ele>89.61</ele>
      </trkpt>
      <trkpt lat="35.86869995109737" lon="-121.4370499458164">
        <ele>89.21</ele>
      </trkpt>
      <trkpt lat="35.868559973314404" lon="-121.43690996803343">
        <ele>88.79</ele>
      </trkpt>
      <trkpt lat="35.868499958887696" lon="-121.4368599280715">
        <ele>88.33</ele>
      </trkpt>
      <trkpt lat="35.868409937247634" lon="-121.43677996471524">
        <ele>87.82</ele>
      </trkpt>
      <trkpt lat="35.86826995946467" lon="-121.43664996139705">
        <ele>87.3</ele>
      </trkpt>
      <trkpt lat="35.868129981681705" lon="-121.43651995807886">
        <ele>86.77</ele>
      </trkpt>
      <trkpt lat="35.867979945614934" lon="-121.43638995476067">
        <ele>86.3</ele>
      </trkpt>
      <trkpt lat="35.86794993840158" lon="-121.43635994754732">
        <ele>85.72</ele>
      </trkpt>
      <trkpt lat="35.867829993367195" lon="-121.4362499769777">
        <ele>85.11</ele>
      </trkpt>
      <trkpt lat="35.867809960618615" lon="-121.43622994422913">
        <ele>84.43</ele>
      </trkpt>
      <trkpt lat="35.86770996451378" lon="-121.43611997365952">
        <ele>83.7</ele>
      </trkpt>
      <trkpt lat="35.8676899317652" lon="-121.43610999919474">
        <ele>82.93</ele>
      </trkpt>
      <trkpt lat="35.86760996840894" lon="-121.43604998476803">
        <ele>82.08</ele>
      </trkpt>
      <trkpt lat="35.86753997951746" lon="-121.4359999448061">
        <ele>81.19</ele>
      </trkpt>
      <trkpt lat="35.867509972304106" lon="-121.43598997034132">
        <ele>80.29</ele>
      </trkpt>
      <trkpt lat="35.86740997619927" lon="-121.43592995591462">
        <ele>79.21</ele>
      </trkpt>
      <trkpt lat="35.86736999452114" lon="-121.43590992316604">
        <ele>78.16</ele>
      </trkpt>
      <trkpt lat="35.86730998009443" lon="-121.43587999977171">
        <ele>77.03</ele>
      </trkpt>
      <trkpt lat="35.86719992570579" lon="-121.43583993427455">
        <ele>75.81</ele>
      </trkpt>
      <trkpt lat="35.86715994402766" lon="-121.43582995980978">
        <ele>74.7</ele>
      </trkpt>
      <trkpt lat="35.86703999899328" lon="-121.43577991984785">
        <ele>73.49</ele>
      </trkpt>
      <trkpt lat="35.86693991906941" lon="-121.43571998924017">
        <ele>72.37</ele>
      </trkpt>
      <trkpt lat="35.86686993017793" lon="-121.43567992374301">
        <ele>71.27</ele>
      </trkpt>
      <trkpt lat="35.86683992296457" lon="-121.43566994927824">
        <ele>70.08</ele>
      </trkpt>
      <trkpt lat="35.86676993407309" lon="-121.43559996038675">
        <ele>68.9</ele>
      </trkpt>
      <trkpt lat="35.86671997793019" lon="-121.43555997870862">
        <ele>67.67</ele>
      </trkpt>
      <trkpt lat="35.86667999625206" lon="-121.4355199970305">
        <ele>66.45</ele>
      </trkpt>
      <trkpt lat="35.866609923541546" lon="-121.43541991710663">
        <ele>65.24</ele>
      </trkpt>
      <trkpt lat="35.86655996739864" lon="-121.43531992100179">
        <ele>64.06</ele>
      </trkpt>
      <trkpt lat="35.86650992743671" lon="-121.43522998318076">
        <ele>62.78</ele>
      </trkpt>
      <trkpt lat="35.86645997129381" lon="-121.43508992157876">
        <ele>61.5</ele>
      </trkpt>
      <trkpt lat="35.86641998961568" lon="-121.43493996933103">
        <ele>60.4</ele>
      </trkpt>
      <trkpt lat="35.866369949653745" lon="-121.43479999154806">
        <ele>59.15</ele>
      </trkpt>
      <trkpt lat="35.866349916905165" lon="-121.43473997712135">
        <ele>57.87</ele>
      </trkpt>
      <trkpt lat="35.8662099391222" lon="-121.43439992330968">
        <ele>56.54</ele>
      </trkpt>
      <trkpt lat="35.86611991748214" lon="-121.43420479260385">
        <ele>55.14</ele>
      </trkpt>
      <trkpt lat="35.86602997966111" lon="-121.43400999717414">
        <ele>53.8</ele>
      </trkpt>
      <trkpt lat="35.86600994691253" lon="-121.43394998274744">
        <ele>52.47</ele>
      </trkpt>
      <trkpt lat="35.86584993638098" lon="-121.43363993614912">
        <ele>51.04</ele>
      </trkpt>
      <trkpt lat="35.86584993638098" lon="-121.43362996168435">
        <ele>49.71</ele>
      </trkpt>
      <trkpt lat="35.8657799474895" lon="-121.43350993283093">
        <ele>48.36</ele>
      </trkpt>
      <trkpt lat="35.86573996581137" lon="-121.43344991840422">
        <ele>47.0</ele>
      </trkpt>
      <trkpt lat="35.865699984133244" lon="-121.43339996226132">
        <ele>45.6</ele>
      </trkpt>
      <trkpt lat="35.86555992253125" lon="-121.43318999558687">
        <ele>44.16</ele>
      </trkpt>
      <trkpt lat="35.86540997028351" lon="-121.43296997062862">
        <ele>42.84</ele>
      </trkpt>
      <trkpt lat="35.86525993421674" lon="-121.4327899273485">
        <ele>41.45</ele>
      </trkpt>
      <trkpt lat="35.86521995253861" lon="-121.43272999674082">
        <ele>40.17</ele>
      </trkpt>
      <trkpt lat="35.86512993089855" lon="-121.43263997510076">
        <ele>38.78</ele>
      </trkpt>
      <trkpt lat="35.86504996754229" lon="-121.43253997899592">
        <ele>37.42</ele>
      </trkpt>
      <trkpt lat="35.86499992758036" lon="-121.43248993903399">
        <ele>36.14</ele>
      </trkpt>
      <trkpt lat="35.86489993147552" lon="-121.4323699939996">
        <ele>34.88</ele>
      </trkpt>
      <trkpt lat="35.864869924262166" lon="-121.43233998678625">
        <ele>33.79</ele>
      </trkpt>
      <trkpt lat="35.8647299464792" lon="-121.43218995071948">
        <ele>32.76</ele>
      </trkpt>
      <trkpt lat="35.86458996869624" lon="-121.43204997293651">
        <ele>31.68</ele>
      </trkpt>
      <trkpt lat="35.86454998701811" lon="-121.43200999125838">
        <ele>30.72</ele>
      </trkpt>
      <trkpt lat="35.86440992541611" lon="-121.43185995519161">
        <ele>29.62</ele>
      </trkpt>
      <trkpt lat="35.86431998759508" lon="-121.431749984622">
        <ele>28.82</ele>
      </trkpt>
      <trkpt lat="35.86423994041979" lon="-121.43163993023336">
        <ele>28.06</ele>
      </trkpt>
      <trkpt lat="35.86416995152831" lon="-121.43153993412852">
        <ele>27.38</ele>
      </trkpt>
      <trkpt lat="35.86409996263683" lon="-121.43143993802369">
        <ele>26.68</ele>
      </trkpt>
      <trkpt lat="35.864089988172054" lon="-121.43141998909414">
        <ele>26.05</ele>
      </trkpt>
      <trkpt lat="35.86401999928057" lon="-121.43126995302737">
        <ele>25.49</ele>
      </trkpt>
      <trkpt lat="35.863939952105284" lon="-121.43108999356627">
        <ele>24.99</ele>
      </trkpt>
      <trkpt lat="35.86383995600045" lon="-121.4308299869299">
        <ele>24.68</ele>
      </trkpt>
      <trkpt lat="35.86381992325187" lon="-121.43076997250319">
        <ele>24.32</ele>
      </trkpt>
      <trkpt lat="35.86375999264419" lon="-121.43062999472022">
        <ele>23.98</ele>
      </trkpt>
      <trkpt lat="35.86373995989561" lon="-121.43057995475829">
        <ele>23.66</ele>
      </trkpt>
      <trkpt lat="35.86368991993368" lon="-121.43042991869152">
        <ele>23.34</ele>
      </trkpt>
      <trkpt lat="35.863659996539354" lon="-121.43035992980003">
        <ele>23.07</ele>
      </trkpt>
      <trkpt lat="35.863619931042194" lon="-121.43021995201707">
        <ele>22.88</ele>
      </trkpt>
      <trkpt lat="35.86349998600781" lon="-121.42990998923779">
        <ele>22.73</ele>
      </trkpt>
      <trkpt lat="35.863469978794456" lon="-121.42981996759772">
        <ele>22.6</ele>
      </trkpt>
      <trkpt lat="35.86341993883252" lon="-121.42970999702811">
        <ele>22.49</ele>
      </trkpt>
      <trkpt lat="35.86330996826291" lon="-121.42949994653463">
        <ele>22.43</ele>
      </trkpt>
      <trkpt lat="35.86325992830098" lon="-121.42940992489457">
        <ele>22.42</ele>
      </trkpt>
      <trkpt lat="35.86323997937143" lon="-121.42938997596502">
        <ele>22.44</ele>
      </trkpt>
      <trkpt lat="35.86321994662285" lon="-121.42935996875167">
        <ele>22.51</ele>
      </trkpt>
      <trkpt lat="35.86308994330466" lon="-121.42918998375535">
        <ele>22.71</ele>
      </trkpt>
      <trkpt lat="35.86298994719982" lon="-121.42906995490193">
        <ele>22.87</ele>
      </trkpt>
      <trkpt lat="35.86292993277311" lon="-121.42901999875903">
        <ele>22.97</ele>
      </trkpt>
      <trkpt lat="35.86287997663021" lon="-121.4289699587971">
        <ele>23.12</ele>
      </trkpt>
      <trkpt lat="35.862739998847246" lon="-121.42885998822749">
        <ele>23.22</ele>
      </trkpt>
      <trkpt lat="35.862609995529056" lon="-121.42875999212265">
        <ele>23.25</ele>
      </trkpt>
      <trkpt lat="35.86246993392706" lon="-121.42863996326923">
        <ele>23.38</ele>
      </trkpt>
      <trkpt lat="35.86235996335745" lon="-121.4285399671644">
        <ele>23.54</ele>
      </trkpt>
      <trkpt lat="35.86225996725261" lon="-121.42843997105956">
        <ele>23.68</ele>
      </trkpt>
      <trkpt lat="35.862219985574484" lon="-121.42839998938143">
        <ele>23.86</ele>
      </trkpt>
      <trkpt lat="35.862159971147776" lon="-121.42833997495472">
        <ele>24.06</ele>
      </trkpt>
      <trkpt lat="35.86205997504294" lon="-121.42820997163653">
        <ele>24.2</ele>
      </trkpt>
      <trkpt lat="35.86196995340288" lon="-121.42806999385357">
        <ele>24.36</ele>
      </trkpt>
      <trkpt lat="35.861899964511395" lon="-121.42792993225157">
        <ele>24.57</ele>
      </trkpt>
      <trkpt lat="35.861879931762815" lon="-121.42788995057344">
        <ele>24.75</ele>
      </trkpt>
      <trkpt lat="35.861789993941784" lon="-121.42770999111235">
        <ele>24.89</ele>
      </trkpt>
      <trkpt lat="35.861789993941784" lon="-121.42769993282855">
        <ele>25.05</ele>
      </trkpt>
      <trkpt lat="35.86171992123127" lon="-121.42757998779416">
        <ele>25.15</ele>
      </trkpt>
      <trkpt lat="35.86168999783695" lon="-121.42751997336745">
        <ele>25.32</ele>
      </trkpt>
      <trkpt lat="35.86166996508837" lon="-121.42746993340552">
        <ele>25.48</ele>
      </trkpt>
      <trkpt lat="35.86150995455682" lon="-121.42715997062624">
        <ele>25.58</ele>
      </trkpt>
      <trkpt lat="35.86139998398721" lon="-121.42696995288134">
        <ele>25.58</ele>
      </trkpt>
      <trkpt lat="35.861259922385216" lon="-121.42669997178018">
        <ele>25.77</ele>
      </trkpt>
      <trkpt lat="35.86110997013748" lon="-121.42640995793045">
        <ele>25.87</ele>
      </trkpt>
      <trkpt lat="35.86094995960593" lon="-121.42614995129406">
        <ele>25.87</ele>
      </trkpt>
      <trkpt lat="35.86081995628774" lon="-121.42593998461962">
        <ele>25.83</ele>
      </trkpt>
      <trkpt lat="35.86077997460961" lon="-121.42586999572814">
        <ele>25.9</ele>
      </trkpt>
      <trkpt lat="35.8606599457562" lon="-121.42569992691278">
        <ele>25.9</ele>
      </trkpt>
      <trkpt lat="35.86063999682665" lon="-121.42566991969943">
        <ele>25.92</ele>
      </trkpt>
      <trkpt lat="35.860549975186586" lon="-121.42552994191647">
        <ele>26.08</ele>
      </trkpt>
      <trkpt lat="35.86051996797323" lon="-121.42549993470311">
        <ele>26.08</ele>
      </trkpt>
      <trkpt lat="35.86040999740362" lon="-121.42532994970679">
        <ele>26.01</ele>
      </trkpt>
      <trkpt lat="35.86034998297691" lon="-121.42522995360196">
        <ele>25.97</ele>
      </trkpt>
      <trkpt lat="35.86027999408543" lon="-121.42509995028377">
        <ele>25.87</ele>
      </trkpt>
      <trkpt lat="35.86021997965872" lon="-121.42496994696558">
        <ele>25.81</ele>
      </trkpt>
      <trkpt lat="35.860139932483435" lon="-121.42479996196926">
        <ele>25.68</ele>
      </trkpt>
      <trkpt lat="35.86007991805673" lon="-121.42465998418629">
        <ele>25.6</ele>
      </trkpt>
      <trkpt lat="35.860009929165244" lon="-121.42447994090617">
        <ele>25.45</ele>
      </trkpt>
      <trkpt lat="35.85993994027376" lon="-121.42425999976695">
        <ele>25.36</ele>
      </trkpt>
      <trkpt lat="35.85987992584705" lon="-121.4240399748087">
        <ele>25.25</ele>
      </trkpt>
      <trkpt lat="35.8598499186337" lon="-121.42383998259902">
        <ele>25.18</ele>
      </trkpt>
      <trkpt lat="35.8597999624908" lon="-121.42359992489219">
        <ele>25.03</ele>
      </trkpt>
      <trkpt lat="35.85974992252886" lon="-121.42329993657768">
        <ele>24.89</ele>
      </trkpt>
      <trkpt lat="35.85971999913454" lon="-121.42310991883278">
        <ele>24.7</ele>
      </trkpt>
      <trkpt lat="35.859709940850735" lon="-121.42306993715465">
        <ele>24.51</ele>
      </trkpt>
      <trkpt lat="35.85967993363738" lon="-121.42289995215833">
        <ele>24.3</ele>
      </trkpt>
      <trkpt lat="35.85965998470783" lon="-121.4227999560535">
        <ele>24.07</ele>
      </trkpt>
      <trkpt lat="35.859624864533544" lon="-121.42259459942579">
        <ele>23.83</ele>
      </trkpt>
      <trkpt lat="35.85958999581635" lon="-121.42238999716938">
        <ele>23.59</ele>
      </trkpt>
      <trkpt lat="35.859559988602996" lon="-121.42224993556738">
        <ele>23.34</ele>
      </trkpt>
      <trkpt lat="35.85952998138964" lon="-121.42205991782248">
        <ele>23.14</ele>
      </trkpt>
      <trkpt lat="35.85948999971151" lon="-121.42182991839945">
        <ele>22.85</ele>
      </trkpt>
      <trkpt lat="35.85945999249816" lon="-121.4216999989003">
        <ele>22.61</ele>
      </trkpt>
      <trkpt lat="35.859389919787645" lon="-121.42145994119346">
        <ele>22.35</ele>
      </trkpt>
      <trkpt lat="35.85932998917997" lon="-121.42124997451901">
        <ele>22.04</ele>
      </trkpt>
      <trkpt lat="35.85930995643139" lon="-121.42117998562753">
        <ele>21.77</ele>
      </trkpt>
      <trkpt lat="35.859279949218035" lon="-121.4210799895227">
        <ele>21.51</ele>
      </trkpt>
      <trkpt lat="35.85924994200468" lon="-121.42096993513405">
        <ele>21.24</ele>
      </trkpt>
      <trkpt lat="35.85922999307513" lon="-121.42086993902922">
        <ele>20.97</ele>
      </trkpt>
      <trkpt lat="35.85918992757797" lon="-121.42070992849767">
        <ele>20.69</ele>
      </trkpt>
      <trkpt lat="35.85915992036462" lon="-121.42044992186129">
        <ele>20.45</ele>
      </trkpt>
      <trkpt lat="35.859129996970296" lon="-121.4202699624002">
        <ele>20.15</ele>
      </trkpt>
      <trkpt lat="35.859089931473136" lon="-121.41993996687233">
        <ele>19.84</ele>
      </trkpt>
      <trkpt lat="35.85906998254359" lon="-121.41973997466266">
        <ele>19.55</ele>
      </trkpt>
      <trkpt lat="35.859019942581654" lon="-121.41937997192144">
        <ele>19.31</ele>
      </trkpt>
      <trkpt lat="35.858979960903525" lon="-121.41913999803364">
        <ele>19.0</ele>
      </trkpt>
      <trkpt lat="35.85894995369017" lon="-121.41894998028874">
        <ele>18.75</ele>
      </trkpt>
      <trkpt lat="35.85889999754727" lon="-121.41867999918759">
        <ele>18.45</ele>
      </trkpt>
      <trkpt lat="35.858829924836755" lon="-121.41831999644637">
        <ele>18.1</ele>
      </trkpt>
      <trkpt lat="35.85875993594527" lon="-121.41805998980999">
        <ele>17.72</ele>
      </trkpt>
      <trkpt lat="35.85868994705379" lon="-121.4177399687469">
        <ele>17.47</ele>
      </trkpt>
      <trkpt lat="35.85864996537566" lon="-121.4174999948591">
        <ele>17.19</ele>
      </trkpt>
      <trkpt lat="35.85861995816231" lon="-121.41734995879233">
        <ele>16.87</ele>
      </trkpt>
      <trkpt lat="35.858609983697534" lon="-121.41728994436562">
        <ele>16.57</ele>
      </trkpt>
      <trkpt lat="35.85857997648418" lon="-121.41710998490453">
        <ele>16.25</ele>
      </trkpt>
      <trkpt lat="35.85848995484412" lon="-121.41675995662808">
        <ele>15.77</ele>
      </trkpt>
      <trkpt lat="35.85845994763076" lon="-121.41664998605847">
        <ele>15.41</ele>
      </trkpt>
      <trkpt lat="35.858439998701215" lon="-121.41658997163177">
        <ele>15.08</ele>
      </trkpt>
      <trkpt lat="35.85837998427451" lon="-121.4164499938488">
        <ele>14.63</ele>
      </trkpt>
      <trkpt lat="35.8583199698478" lon="-121.41626995056868">
        <ele>14.4</ele>
      </trkpt>
      <trkpt lat="35.85821997374296" lon="-121.41604992561042">
        <ele>14.33</ele>
      </trkpt>
      <trkpt lat="35.858159959316254" lon="-121.41588999889791">
        <ele>14.09</ele>
      </trkpt>
      <trkpt lat="35.85804998874664" lon="-121.41565999947488">
        <ele>13.87</ele>
      </trkpt>
      <trkpt lat="35.85800992324948" lon="-121.41555991955101">
        <ele>13.58</ele>
      </trkpt>
      <trkpt lat="35.85795996710658" lon="-121.41546998172998">
        <ele>13.26</ele>
      </trkpt>
      <trkpt lat="35.85782996378839" lon="-121.41517996788025">
        <ele>12.91</ele>
      </trkpt>
      <trkpt lat="35.8576999604702" lon="-121.41491996124387">
        <ele>12.68</ele>
      </trkpt>
      <trkpt lat="35.85756995715201" lon="-121.4147199690342">
        <ele>12.35</ele>
      </trkpt>
      <trkpt lat="35.85754992440343" lon="-121.41468996182084">
        <ele>12.1</ele>
      </trkpt>
      <trkpt lat="35.8574599865824" lon="-121.41454998403788">
        <ele>11.86</ele>
      </trkpt>
      <trkpt lat="35.85733995772898" lon="-121.41436491161585">
        <ele>11.62</ele>
      </trkpt>
      <trkpt lat="35.857219928875566" lon="-121.41417992301285">
        <ele>11.34</ele>
      </trkpt>
      <trkpt lat="35.85709998384118" lon="-121.41402997076511">
        <ele>11.1</ele>
      </trkpt>
      <trkpt lat="35.856979954987764" lon="-121.41387993469834">
        <ele>10.8</ele>
      </trkpt>
      <trkpt lat="35.856849951669574" lon="-121.4137299824506">
        <ele>10.58</ele>
      </trkpt>
      <trkpt lat="35.85681994445622" lon="-121.41368991695344">
        <ele>10.44</ele>
      </trkpt>
      <trkpt lat="35.85671994835138" lon="-121.41357994638383">
        <ele>10.24</ele>
      </trkpt>
      <trkpt lat="35.85659991949797" lon="-121.4134299941361">
        <ele>10.08</ele>
      </trkpt>
      <trkpt lat="35.856439992785454" lon="-121.41321994364262">
        <ele>9.95</ele>
      </trkpt>
      <trkpt lat="35.85623991675675" lon="-121.41292992979288">
        <ele>9.85</ele>
      </trkpt>
      <trkpt lat="35.8562199678272" lon="-121.41289992257953">
        <ele>9.72</ele>
      </trkpt>
      <trkpt lat="35.856119971722364" lon="-121.41275994479656">
        <ele>9.6</ele>
      </trkpt>
      <trkpt lat="35.85604998283088" lon="-121.4126699231565">
        <ele>9.48</ele>
      </trkpt>
      <trkpt lat="35.85599994286895" lon="-121.41259993426502">
        <ele>9.41</ele>
      </trkpt>
      <trkpt lat="35.85589994676411" lon="-121.41246993094683">
        <ele>9.32</ele>
      </trkpt>
      <trkpt lat="35.85586993955076" lon="-121.41243992373347">
        <ele>9.23</ele>
      </trkpt>
      <trkpt lat="35.85570992901921" lon="-121.41226993873715">
        <ele>9.22</ele>
      </trkpt>
      <trkpt lat="35.85552996955812" lon="-121.41211998648942">
        <ele>9.13</ele>
      </trkpt>
      <trkpt lat="35.85533995181322" lon="-121.41197992488742">
        <ele>9.09</ele>
      </trkpt>
      <trkpt lat="35.855129985138774" lon="-121.41184992156923">
        <ele>9.01</ele>
      </trkpt>
      <trkpt lat="35.85511992685497" lon="-121.41183994710445">
        <ele>9.01</ele>
      </trkpt>
      <trkpt lat="35.854979949072" lon="-121.41177993267775">
        <ele>9.01</ele>
      </trkpt>
      <trkpt lat="35.854809964075685" lon="-121.41169996932149">
        <ele>9.13</ele>
      </trkpt>
      <trkpt lat="35.85458993911743" lon="-121.41164992935956">
        <ele>9.15</ele>
      </trkpt>
      <trkpt lat="35.85427997633815" lon="-121.41158999875188">
        <ele>9.17</ele>
      </trkpt>
      <trkpt lat="35.85413999855518" lon="-121.41155999153852">
        <ele>9.24</ele>
      </trkpt>
      <trkpt lat="35.85401996970177" lon="-121.41151992604136">
        <ele>9.36</ele>
      </trkpt>
      <trkpt lat="35.853909999132156" lon="-121.41144993714988">
        <ele>9.52</ele>
      </trkpt>
      <trkpt lat="35.8538799919188" lon="-121.41142998822033">
        <ele>9.6</ele>
      </trkpt>
      <trkpt lat="35.853819977492094" lon="-121.41138992272317">
        <ele>9.69</ele>
      </trkpt>
      <trkpt lat="35.853759963065386" lon="-121.4113299921155">
        <ele>9.73</ele>
      </trkpt>
      <trkpt lat="35.853759963065386" lon="-121.41131993383169">
        <ele>9.85</ele>
      </trkpt>
      <trkpt lat="35.8536899741739" lon="-121.41123997047544">
        <ele>9.88</ele>
      </trkpt>
      <trkpt lat="35.853609926998615" lon="-121.41108993440866">
        <ele>10.07</ele>
      </trkpt>
      <trkpt lat="35.85352996364236" lon="-121.41092992387712">
        <ele>10.27</ele>
      </trkpt>
      <trkpt lat="35.85340993478894" lon="-121.4106999244541">
        <ele>10.36</ele>
      </trkpt>
      <trkpt lat="35.85329996421933" lon="-121.41053999774158">
        <ele>10.55</ele>
      </trkpt>
      <trkpt lat="35.85321991704404" lon="-121.41043991781771">
        <ele>10.74</ele>
      </trkpt>
      <trkpt lat="35.85320994257927" lon="-121.41040999442339">
        <ele>10.96</ele>
      </trkpt>
      <trkpt lat="35.853089997544885" lon="-121.41028996556997">
        <ele>11.1</ele>
      </trkpt>
      <trkpt lat="35.85305999033153" lon="-121.41024998389184">
        <ele>11.34</ele>
      </trkpt>
      <trkpt lat="35.85286997258663" lon="-121.41010992228985">
        <ele>11.53</ele>
      </trkpt>
      <trkpt lat="35.852789925411344" lon="-121.41005996614695">
        <ele>11.8</ele>
      </trkpt>
      <trkpt lat="35.85273996926844" lon="-121.41002995893359">
        <ele>12.08</ele>
      </trkpt>
      <trkpt lat="35.85259999148548" lon="-121.40995997004211">
        <ele>12.41</ele>
      </trkpt>
      <trkpt lat="35.85243998095393" lon="-121.4098999556154">
        <ele>12.74</ele>
      </trkpt>
      <trkpt lat="35.852260356768966" lon="-121.4098550286144">
        <ele>13.09</ele>
      </trkpt>
      <trkpt lat="35.852079978212714" lon="-121.40980993397534">
        <ele>13.45</ele>
      </trkpt>
      <trkpt lat="35.85178996436298" lon="-121.40972997061908">
        <ele>13.85</ele>
      </trkpt>
      <trkpt lat="35.851569939404726" lon="-121.4096599817276">
        <ele>14.24</ele>
      </trkpt>
      <trkpt lat="35.85138997994363" lon="-121.40961991623044">
        <ele>14.61</ele>
      </trkpt>
      <trkpt lat="35.85129995830357" lon="-121.40958999283612">
        <ele>15.04</ele>
      </trkpt>
      <trkpt lat="35.85116995498538" lon="-121.40955998562276">
        <ele>15.51</ele>
      </trkpt>
      <trkpt lat="35.85101991891861" lon="-121.4095199201256">
        <ele>15.96</ele>
      </trkpt>
      <trkpt lat="35.850899973884225" lon="-121.40944993123412">
        <ele>16.49</ele>
      </trkpt>
      <trkpt lat="35.850769970566034" lon="-121.40936996787786">
        <ele>17.01</ele>
      </trkpt>
      <trkpt lat="35.85067994892597" lon="-121.4092799462378">
        <ele>17.57</ele>
      </trkpt>
      <trkpt lat="35.850559920072556" lon="-121.40913996845484">
        <ele>18.16</ele>
      </trkpt>
      <trkpt lat="35.850469982251525" lon="-121.40900996513665">
        <ele>18.77</ele>
      </trkpt>
      <trkpt lat="35.85041994228959" lon="-121.40893997624516">
        <ele>19.34</ele>
      </trkpt>
      <trkpt lat="35.85035992786288" lon="-121.40882992185652">
        <ele>19.92</ele>
      </trkpt>
      <trkpt lat="35.850299997255206" lon="-121.40871995128691">
        <ele>20.5</ele>
      </trkpt>
      <trkpt lat="35.850259931758046" lon="-121.40864996239543">
        <ele>21.1</ele>
      </trkpt>
      <trkpt lat="35.85017996840179" lon="-121.40851995907724">
        <ele>21.72</ele>
      </trkpt>
      <trkpt lat="35.850149961188436" lon="-121.40847997739911">
        <ele>22.37</ele>
      </trkpt>
      <trkpt lat="35.8500999212265" lon="-121.40839993022382">
        <ele>23.04</ele>
      </trkpt>
      <trkpt lat="35.850039990618825" lon="-121.40830999240279">
        <ele>23.7</ele>
      </trkpt>
      <trkpt lat="35.84998995065689" lon="-121.40823991969228">
        <ele>24.37</ele>
      </trkpt>
      <trkpt lat="35.849869921803474" lon="-121.40807999297976">
        <ele>24.99</ele>
      </trkpt>
      <trkpt lat="35.849719969555736" lon="-121.40790992416441">
        <ele>25.59</ele>
      </trkpt>
      <trkpt lat="35.849569933488965" lon="-121.4077499974519">
        <ele>26.39</ele>
      </trkpt>
      <trkpt lat="35.84950991906226" lon="-121.40769995748997">
        <ele>27.12</ele>
      </trkpt>
      <trkpt lat="35.849459962919354" lon="-121.40765997581184">
        <ele>27.88</ele>
      </trkpt>
      <trkpt lat="35.84938997402787" lon="-121.40759996138513">
        <ele>28.64</ele>
      </trkpt>
      <trkpt lat="35.8492399379611" lon="-121.40750993974507">
        <ele>29.55</ele>
      </trkpt>
      <trkpt lat="35.8490499202162" lon="-121.407419918105">
        <ele>30.56</ele>
      </trkpt>
      <trkpt lat="35.8489999640733" lon="-121.40739996917546">
        <ele>31.38</ele>
      </trkpt>
      <trkpt lat="35.848819920793176" lon="-121.40732998028398">
        <ele>32.24</ele>
      </trkpt>
      <trkpt lat="35.84864993579686" lon="-121.40726996585727">
        <ele>33.03</ele>
      </trkpt>
      <trkpt lat="35.848409961909056" lon="-121.40720995143056">
        <ele>33.92</ele>
      </trkpt>
      <trkpt lat="35.848129922524095" lon="-121.40716996975243">
        <ele>34.96</ele>
      </trkpt>
      <trkpt lat="35.84785063751042" lon="-121.40714499168098">
        <ele>35.93</ele>
      </trkpt>
      <trkpt lat="35.847569927573204" lon="-121.4071199297905">
        <ele>36.74</ele>
      </trkpt>
      <trkpt lat="35.847419975325465" lon="-121.40710995532572">
        <ele>37.61</ele>
      </trkpt>
      <trkpt lat="35.84717555902898" lon="-121.40709000639617">
        <ele>38.65</ele>
      </trkpt>
      <trkpt lat="35.84692996926606" lon="-121.4070699736476">
        <ele>39.66</ele>
      </trkpt>
      <trkpt lat="35.84674992598593" lon="-121.40702999196947">
        <ele>40.75</ele>
      </trkpt>
      <trkpt lat="35.84667993709445" lon="-121.40699998475611">
        <ele>41.79</ele>
      </trkpt>
      <trkpt lat="35.84661992266774" lon="-121.40695991925895">
        <ele>42.85</ele>
      </trkpt>
      <trkpt lat="35.84649997763336" lon="-121.40685992315412">
        <ele>43.94</ele>
      </trkpt>
      <trkpt lat="35.846409955993295" lon="-121.40671994537115">
        <ele>45.06</ele>
      </trkpt>
      <trkpt lat="35.84639998152852" lon="-121.40670997090638">
        <ele>46.09</ele>
      </trkpt>
      <trkpt lat="35.84630995988846" lon="-121.40654996037483">
        <ele>47.24</ele>
      </trkpt>
      <trkpt lat="35.846279952675104" lon="-121.40642993152142">
        <ele>48.34</ele>
      </trkpt>
      <trkpt lat="35.846259919926524" lon="-121.4063199609518">
        <ele>49.45</ele>
      </trkpt>
      <trkpt lat="35.84624994546175" lon="-121.40622993931174">
        <ele>50.54</ele>
      </trkpt>
      <trkpt lat="35.84624994546175" lon="-121.40602994710207">
        <ele>51.7</ele>
      </trkpt>
      <trkpt lat="35.8462299965322" lon="-121.40590991824865">
        <ele>52.74</ele>
      </trkpt>
      <trkpt lat="35.846219938248396" lon="-121.40587999485433">
        <ele>53.74</ele>
      </trkpt>
      <trkpt lat="35.84619998931885" lon="-121.40578997321427">
        <ele>54.72</ele>
      </trkpt>
      <trkpt lat="35.84615992382169" lon="-121.40570992603898">
        <ele>55.69</ele>
      </trkpt>
      <trkpt lat="35.846149949356914" lon="-121.40567991882563">
        <ele>56.66</ele>
      </trkpt>
      <trkpt lat="35.84611994214356" lon="-121.40565996989608">
        <ele>57.6</ele>
      </trkpt>
      <trkpt lat="35.84607996046543" lon="-121.4056399371475">
        <ele>58.51</ele>
      </trkpt>
      <trkpt lat="35.84581995382905" lon="-121.40553994104266">
        <ele>59.36</ele>
      </trkpt>
      <trkpt lat="35.845789946615696" lon="-121.40551999211311">
        <ele>60.32</ele>
      </trkpt>
      <trkpt lat="35.84562993608415" lon="-121.40552996657789">
        <ele>61.27</ele>
      </trkpt>
      <trkpt lat="35.84550999104977" lon="-121.40552996657789">
        <ele>62.26</ele>
      </trkpt>
      <trkpt lat="35.84545995108783" lon="-121.40553994104266">
        <ele>63.2</ele>
      </trkpt>
      <trkpt lat="35.84544997662306" lon="-121.40553994104266">
        <ele>64.12</ele>
      </trkpt>
      <trkpt lat="35.84528535604477" lon="-121.40556491911411">
        <ele>65.08</ele>
      </trkpt>
      <trkpt lat="35.845119981095195" lon="-121.4055899810046">
        <ele>66.04</ele>
      </trkpt>
      <trkpt lat="35.844909930601716" lon="-121.4055899810046">
        <ele>66.98</ele>
      </trkpt>
      <trkpt lat="35.84488998167217" lon="-121.40559995546937">
        <ele>67.84</ele>
      </trkpt>
      <trkpt lat="35.84469996392727" lon="-121.40553994104266">
        <ele>68.72</ele>
      </trkpt>
      <trkpt lat="35.84458999335766" lon="-121.40546995215118">
        <ele>69.61</ele>
      </trkpt>
      <trkpt lat="35.8445499278605" lon="-121.40543994493783">
        <ele>70.47</ele>
      </trkpt>
      <trkpt lat="35.84446996450424" lon="-121.40535998158157">
        <ele>71.34</ele>
      </trkpt>
      <trkpt lat="35.844429982826114" lon="-121.40532997436821">
        <ele>72.27</ele>
      </trkpt>
      <trkpt lat="35.844409950077534" lon="-121.40529996715486">
        <ele>73.2</ele>
      </trkpt>
      <trkpt lat="35.84428992122412" lon="-121.40516996383667">
        <ele>74.14</ele>
      </trkpt>
      <trkpt lat="35.844219932332635" lon="-121.40506996773183">
        <ele>74.98</ele>
      </trkpt>
      <trkpt lat="35.84416997618973" lon="-121.40495999716222">
        <ele>75.92</ele>
      </trkpt>
      <trkpt lat="35.844089929014444" lon="-121.40475992113352">
        <ele>76.84</ele>
      </trkpt>
      <trkpt lat="35.84400996565819" lon="-121.40455992892385">
        <ele>77.69</ele>
      </trkpt>
      <trkpt lat="35.8439299184829" lon="-121.40437996946275">
        <ele>78.59</ele>
      </trkpt>
      <trkpt lat="35.84385992959142" lon="-121.40422993339598">
        <ele>79.49</ele>
      </trkpt>
      <trkpt lat="35.84383998066187" lon="-121.40418995171785">
        <ele>80.36</ele>
      </trkpt>
      <trkpt lat="35.84373998455703" lon="-121.40405994839966">
        <ele>81.21</ele>
      </trkpt>
      <trkpt lat="35.84370997734368" lon="-121.40401996672153">
        <ele>82.03</ele>
      </trkpt>
      <trkpt lat="35.84358994849026" lon="-121.40386993065476">
        <ele>82.94</ele>
      </trkpt>
      <trkpt lat="35.84339993074536" lon="-121.40365996398032">
        <ele>83.84</ele>
      </trkpt>
      <trkpt lat="35.843359949067235" lon="-121.40359994955361">
        <ele>84.67</ele>
      </trkpt>
      <trkpt lat="35.8432599529624" lon="-121.40343993902206">
        <ele>85.54</ele>
      </trkpt>
      <trkpt lat="35.84313992410898" lon="-121.40322997234762">
        <ele>86.38</ele>
      </trkpt>
      <trkpt lat="35.8430199790746" lon="-121.40297994017601">
        <ele>87.23</ele>
      </trkpt>
      <trkpt lat="35.84297999739647" lon="-121.40288991853595">
        <ele>87.98</ele>
      </trkpt>
      <trkpt lat="35.84286483004689" lon="-121.40264474786818">
        <ele>88.72</ele>
      </trkpt>
      <trkpt lat="35.84274999797344" lon="-121.40239999629557">
        <ele>89.56</ele>
      </trkpt>
      <trkpt lat="35.842609936371446" lon="-121.40210998244584">
        <ele>90.32</ele>
      </trkpt>
      <trkpt lat="35.84246995858848" lon="-121.4018199685961">
        <ele>91.1</ele>
      </trkpt>
      <trkpt lat="35.842369962483644" lon="-121.4016299508512">
        <ele>91.78</ele>
      </trkpt>
      <trkpt lat="35.842349929735065" lon="-121.4015799947083">
        <ele>92.44</ele>
      </trkpt>
      <trkpt lat="35.84229997359216" lon="-121.40149994753301">
        <ele>93.09</ele>
      </trkpt>
      <trkpt lat="35.842219926416874" lon="-121.4013799186796">
        <ele>93.67</ele>
      </trkpt>
      <trkpt lat="35.84210995584726" lon="-121.40124999918044">
        <ele>94.23</ele>
      </trkpt>
      <trkpt lat="35.84202999249101" lon="-121.40115997754037">
        <ele>94.8</ele>
      </trkpt>
      <trkpt lat="35.84188993088901" lon="-121.40105998143554">
        <ele>95.41</ele>
      </trkpt>
      <trkpt lat="35.8417799603194" lon="-121.40098999254405">
        <ele>95.98</ele>
      </trkpt>
      <trkpt lat="35.841639982536435" lon="-121.40092997811735">
        <ele>96.52</ele>
      </trkpt>
      <trkpt lat="35.841619949787855" lon="-121.40091991983354">
        <ele>97.07</ele>
      </trkpt>
      <trkpt lat="35.84145993925631" lon="-121.40086996369064">
        <ele>97.61</ele>
      </trkpt>
      <trkpt lat="35.84128995425999" lon="-121.40084993094206">
        <ele>98.11</ele>
      </trkpt>
      <trkpt lat="35.84117998369038" lon="-121.40084993094206">
        <ele>98.65</ele>
      </trkpt>
      <trkpt lat="35.8411099947989" lon="-121.40085998922586">
        <ele>99.15</ele>
      </trkpt>
      <trkpt lat="35.84104998037219" lon="-121.40085998922586">
        <ele>99.67</ele>
      </trkpt>
      <trkpt lat="35.840929951518774" lon="-121.40088999643922">
        <ele>100.17</ele>
      </trkpt>
      <trkpt lat="35.840889969840646" lon="-121.40089997090399">
        <ele>100.65</ele>
      </trkpt>
      <trkpt lat="35.84070992656052" lon="-121.4009599853307">
        <ele>101.14</ele>
      </trkpt>
      <trkpt lat="35.84057992324233" lon="-121.40099996700883">
        <ele>101.63</ele>
      </trkpt>
      <trkpt lat="35.8405399415642" lon="-121.4010099414736">
        <ele>102.12</ele>
      </trkpt>
      <trkpt lat="35.84042997099459" lon="-121.40102997422218">
        <ele>102.62</ele>
      </trkpt>
      <trkpt lat="35.840309942141175" lon="-121.40103994868696">
        <ele>103.18</ele>
      </trkpt>
      <trkpt lat="35.84020994603634" lon="-121.40101999975741">
        <ele>103.75</ele>
      </trkpt>
      <trkpt lat="35.84013995714486" lon="-121.40098999254405">
        <ele>104.22</ele>
      </trkpt>
      <trkpt lat="35.8400599937886" lon="-121.4009499270469">
        <ele>104.69</ele>
      </trkpt>
      <trkpt lat="35.83999997936189" lon="-121.40088999643922">
        <ele>105.17</ele>
      </trkpt>
      <trkpt lat="35.83993996493518" lon="-121.40079997479916">
        <ele>105.67</ele>
      </trkpt>
      <trkpt lat="35.839899983257055" lon="-121.4007099531591">
        <ele>106.23</ele>
      </trkpt>
      <trkpt lat="35.839859917759895" lon="-121.40059998258948">
        <ele>106.79</ele>
      </trkpt>
      <trkpt lat="35.83983996883035" lon="-121.40049998648465">
        <ele>107.41</ele>
      </trkpt>
      <trkpt lat="35.83980996161699" lon="-121.40036998316646">
        <ele>108.01</ele>
      </trkpt>
      <trkpt lat="35.83979998715222" lon="-121.40030996873975">
        <ele>108.63</ele>
      </trkpt>
      <trkpt lat="35.83975992165506" lon="-121.40015993267298">
        <ele>109.29</ele>
      </trkpt>
      <trkpt lat="35.83975992165506" lon="-121.4001499582082">
        <ele>109.93</ele>
      </trkpt>
      <trkpt lat="35.83972999826074" lon="-121.40005993656814">
        <ele>110.6</ele>
      </trkpt>
      <trkpt lat="35.83969999104738" lon="-121.39997997321188">
        <ele>111.28</ele>
      </trkpt>
      <trkpt lat="35.83965992555022" lon="-121.3998999260366">
        <ele>111.96</ele>
      </trkpt>
      <trkpt lat="35.839619943872094" lon="-121.39981996268034">
        <ele>112.64</ele>
      </trkpt>
      <trkpt lat="35.839559929445386" lon="-121.39972994104028">
        <ele>113.34</ele>
      </trkpt>
      <trkpt lat="35.839489940553904" lon="-121.39964997768402">
        <ele>114.1</ele>
      </trkpt>
      <trkpt lat="35.839429926127195" lon="-121.39957998879254">
        <ele>114.9</ele>
      </trkpt>
      <trkpt lat="35.83932993002236" lon="-121.3994799926877">
        <ele>115.61</ele>
      </trkpt>
      <trkpt lat="35.839299922809005" lon="-121.39944998547435">
        <ele>116.4</ele>
      </trkpt>
      <trkpt lat="35.839149970561266" lon="-121.39930992387235">
        <ele>117.29</ele>
      </trkpt>
      <trkpt lat="35.839039999991655" lon="-121.39920992776752">
        <ele>118.15</ele>
      </trkpt>
      <trkpt lat="35.83895995281637" lon="-121.39914999715984">
        <ele>119.07</ele>
      </trkpt>
      <trkpt lat="35.838889963924885" lon="-121.39908998273313">
        <ele>120.03</ele>
      </trkpt>
      <trkpt lat="35.838739927858114" lon="-121.39896995387971">
        <ele>120.98</ele>
      </trkpt>
      <trkpt lat="35.838719978928566" lon="-121.39895997941494">
        <ele>121.95</ele>
      </trkpt>
      <trkpt lat="35.83848025649786" lon="-121.39876686036587">
        <ele>123.25</ele>
      </trkpt>
      <trkpt lat="35.83824045024812" lon="-121.3985737413168">
        <ele>124.33</ele>
      </trkpt>
      <trkpt lat="35.83799997344613" lon="-121.39837995171547">
        <ele>125.38</ele>
      </trkpt>
      <trkpt lat="35.8378600794822" lon="-121.39826009050012">
        <ele>126.45</ele>
      </trkpt>
      <trkpt lat="35.83771993406117" lon="-121.39813997782767">
        <ele>127.52</ele>
      </trkpt>
      <trkpt lat="35.83760996349156" lon="-121.39803998172283">
        <ele>128.65</ele>
      </trkpt>
      <trkpt lat="35.83748993463814" lon="-121.39791995286942">
        <ele>129.79</ele>
      </trkpt>
      <trkpt lat="35.837409971281886" lon="-121.39782993122935">
        <ele>130.96</ele>
      </trkpt>
      <trkpt lat="35.83737996406853" lon="-121.39778994955122">
        <ele>132.07</ele>
      </trkpt>
      <trkpt lat="35.837299916893244" lon="-121.39767997898161">
        <ele>133.17</ele>
      </trkpt>
      <trkpt lat="35.83721995353699" lon="-121.3975599501282">
        <ele>134.26</ele>
      </trkpt>
      <trkpt lat="35.83713999018073" lon="-121.39741997234523">
        <ele>135.43</ele>
      </trkpt>
      <trkpt lat="35.83706991747022" lon="-121.39726993627846">
        <ele>136.5</ele>
      </trkpt>
      <trkpt lat="35.83700998686254" lon="-121.39709995128214">
        <ele>137.63</ele>
      </trkpt>
      <trkpt lat="35.83698995411396" lon="-121.39704999513924">
        <ele>138.71</ele>
      </trkpt>
      <trkpt lat="35.83694997243583" lon="-121.39689995907247">
        <ele>139.85</ele>
      </trkpt>
      <trkpt lat="35.83694997243583" lon="-121.3968899846077">
        <ele>140.92</ele>
      </trkpt>
      <trkpt lat="35.836909990757704" lon="-121.39676995575428">
        <ele>142.0</ele>
      </trkpt>
      <trkpt lat="35.836869925260544" lon="-121.39665998518467">
        <ele>143.06</ele>
      </trkpt>
      <trkpt lat="35.83680999465287" lon="-121.39648991636932">
        <ele>144.11</ele>
      </trkpt>
      <trkpt lat="35.83672994747758" lon="-121.39633996412158">
        <ele>145.13</ele>
      </trkpt>
      <trkpt lat="35.8366599585861" lon="-121.39619998633862">
        <ele>146.15</ele>
      </trkpt>
      <trkpt lat="35.836549988016486" lon="-121.39603997580707">
        <ele>147.28</ele>
      </trkpt>
      <trkpt lat="35.836439933627844" lon="-121.3958999980241">
        <ele>148.25</ele>
      </trkpt>
      <trkpt lat="35.83625997416675" lon="-121.39568994753063">
        <ele>149.22</ele>
      </trkpt>
      <trkpt lat="35.836139945313334" lon="-121.39553999528289">
        <ele>150.19</ele>
      </trkpt>
      <trkpt lat="35.836099963635206" lon="-121.39548995532095">
        <ele>151.12</ele>
      </trkpt>
      <trkpt lat="35.83599996753037" lon="-121.39536992646754">
        <ele>151.98</ele>
      </trkpt>
      <trkpt lat="35.835969960317016" lon="-121.39532994478941">
        <ele>152.81</ele>
      </trkpt>
      <trkpt lat="35.83593995310366" lon="-121.39528996311128">
        <ele>153.61</ele>
      </trkpt>
      <trkpt lat="35.83586996421218" lon="-121.39517999254167">
        <ele>154.45</ele>
      </trkpt>
      <trkpt lat="35.83582998253405" lon="-121.39507999643683">
        <ele>155.23</ele>
      </trkpt>
      <trkpt lat="35.8357999753207" lon="-121.39499994926155">
        <ele>155.99</ele>
      </trkpt>
      <trkpt lat="35.83576996810734" lon="-121.39490992762148">
        <ele>156.73</ele>
      </trkpt>
      <trkpt lat="35.83573996089399" lon="-121.39476994983852">
        <ele>157.45</ele>
      </trkpt>
      <trkpt lat="35.835729986429214" lon="-121.3946499209851">
        <ele>158.12</ele>
      </trkpt>
      <trkpt lat="35.83571992814541" lon="-121.39451991766691">
        <ele>158.71</ele>
      </trkpt>
      <trkpt lat="35.83571992814541" lon="-121.39450994320214">
        <ele>159.26</ele>
      </trkpt>
      <trkpt lat="35.835729986429214" lon="-121.39439997263253">
        <ele>159.81</ele>
      </trkpt>
      <trkpt lat="35.83573996089399" lon="-121.39429997652769">
        <ele>160.31</ele>
      </trkpt>
      <trkpt lat="35.83576996810734" lon="-121.3941699732095">
        <ele>160.82</ele>
      </trkpt>
      <trkpt lat="35.8357999753207" lon="-121.39408992603421">
        <ele>161.27</ele>
      </trkpt>
      <trkpt lat="35.835819924250245" lon="-121.39402999542654">
        <ele>161.63</ele>
      </trkpt>
      <trkpt lat="35.83587993867695" lon="-121.39388993382454">
        <ele>161.99</ele>
      </trkpt>
      <trkpt lat="35.83593995310366" lon="-121.39376998879015">
        <ele>162.3</ele>
      </trkpt>
      <trkpt lat="35.83597993478179" lon="-121.39369999989867">
        <ele>162.56</ele>
      </trkpt>
      <trkpt lat="35.83601991645992" lon="-121.39361995272338">
        <ele>162.78</ele>
      </trkpt>
      <trkpt lat="35.83612997084856" lon="-121.39339992776513">
        <ele>162.97</ele>
      </trkpt>
      <trkpt lat="35.83620993420482" lon="-121.39321996830404">
        <ele>163.09</ele>
      </trkpt>
      <trkpt lat="35.83624999970198" lon="-121.39312994666398">
        <ele>163.17</ele>
      </trkpt>
      <trkpt lat="35.836269948631525" lon="-121.39307999052107">
        <ele>163.21</ele>
      </trkpt>
      <trkpt lat="35.83629995584488" lon="-121.39296993613243">
        <ele>163.2</ele>
      </trkpt>
      <trkpt lat="35.83630993030965" lon="-121.39291997998953">
        <ele>163.21</ele>
      </trkpt>
      <trkpt lat="35.83632996305823" lon="-121.39284999109805">
        <ele>163.19</ele>
      </trkpt>
      <trkpt lat="35.83634999580681" lon="-121.39270992949605">
        <ele>163.11</ele>
      </trkpt>
      <trkpt lat="35.83634999580681" lon="-121.39269995503128">
        <ele>163.03</ele>
      </trkpt>
      <trkpt lat="35.83634999580681" lon="-121.39258998446167">
        <ele>162.86</ele>
      </trkpt>
      <trkpt lat="35.83634999580681" lon="-121.39246995560825">
        <ele>162.68</ele>
      </trkpt>
      <trkpt lat="35.83633993752301" lon="-121.39238999225199">
        <ele>162.49</ele>
      </trkpt>
      <trkpt lat="35.83632996305823" lon="-121.3923099450767">
        <ele>162.3</ele>
      </trkpt>
      <trkpt lat="35.83631998859346" lon="-121.39226996339858">
        <ele>162.12</ele>
      </trkpt>
      <trkpt lat="35.83630993030965" lon="-121.39222998172045">
        <ele>161.94</ele>
      </trkpt>
      <trkpt lat="35.836269948631525" lon="-121.39213996008039">
        <ele>161.7</ele>
      </trkpt>
      <trkpt lat="35.83623994141817" lon="-121.3920699711889">
        <ele>161.51</ele>
      </trkpt>
      <trkpt lat="35.8362299669534" lon="-121.39205999672413">
        <ele>161.36</ele>
      </trkpt>
      <trkpt lat="35.83619995974004" lon="-121.3920099567622">
        <ele>161.19</ele>
      </trkpt>
      <trkpt lat="35.83616995252669" lon="-121.39196997508407">
        <ele>161.06</ele>
      </trkpt>
      <trkpt lat="35.83612997084856" lon="-121.39193996787071">
        <ele>160.97</ele>
      </trkpt>
      <trkpt lat="35.836099963635206" lon="-121.39191993512213">
        <ele>160.87</ele>
      </trkpt>
      <trkpt lat="35.83605998195708" lon="-121.39190996065736">
        <ele>160.79</ele>
      </trkpt>
      <trkpt lat="35.836009941995144" lon="-121.39189998619258">
        <ele>160.72</ele>
      </trkpt>
      <trkpt lat="35.835949927568436" lon="-121.39189998619258">
        <ele>160.76</ele>
      </trkpt>
      <trkpt lat="35.83591992035508" lon="-121.39189998619258">
        <ele>160.77</ele>
      </trkpt>
      <trkpt lat="35.83587993867695" lon="-121.39190996065736">
        <ele>160.8</ele>
      </trkpt>
      <trkpt lat="35.835819924250245" lon="-121.39192999340594">
        <ele>160.85</ele>
      </trkpt>
      <trkpt lat="35.83575999364257" lon="-121.39195991680026">
        <ele>160.91</ele>
      </trkpt>
      <trkpt lat="35.835729986429214" lon="-121.39197994954884">
        <ele>160.95</ele>
      </trkpt>
      <trkpt lat="35.835669972002506" lon="-121.39201993122697">
        <ele>161.05</ele>
      </trkpt>
      <trkpt lat="35.8356099575758" lon="-121.3920699711889">
        <ele>161.16</ele>
      </trkpt>
      <trkpt lat="35.83545992150903" lon="-121.39220994897187">
        <ele>161.27</ele>
      </trkpt>
      <trkpt lat="35.835429998114705" lon="-121.39223995618522">
        <ele>161.4</ele>
      </trkpt>
      <trkpt lat="35.83534995093942" lon="-121.3923099450767">
        <ele>161.6</ele>
      </trkpt>
      <trkpt lat="35.83531994372606" lon="-121.39234992675483">
        <ele>161.76</ele>
      </trkpt>
      <trkpt lat="35.835239980369806" lon="-121.39244992285967">
        <ele>161.95</ele>
      </trkpt>
      <trkpt lat="35.835129925981164" lon="-121.39258998446167">
        <ele>162.21</ele>
      </trkpt>
      <trkpt lat="35.83507996983826" lon="-121.39266994781792">
        <ele>162.43</ele>
      </trkpt>
      <trkpt lat="35.83504996262491" lon="-121.39271998777986">
        <ele>162.66</ele>
      </trkpt>
      <trkpt lat="35.8349899481982" lon="-121.39279995113611">
        <ele>162.95</ele>
      </trkpt>
      <trkpt lat="35.83494996652007" lon="-121.39284999109805">
        <ele>163.25</ele>
      </trkpt>
      <trkpt lat="35.83491995930672" lon="-121.3928799983114">
        <ele>163.57</ele>
      </trkpt>
      <trkpt lat="35.83488995209336" lon="-121.3929299544543">
        <ele>163.89</ele>
      </trkpt>
      <trkpt lat="35.834849970415235" lon="-121.39295996166766">
        <ele>164.25</ele>
      </trkpt>
      <trkpt lat="35.83481996320188" lon="-121.39297999441624">
        <ele>164.62</ele>
      </trkpt>
      <trkpt lat="35.83481996320188" lon="-121.39298996888101">
        <ele>164.99</ele>
      </trkpt>
      <trkpt lat="35.834769923239946" lon="-121.39300991781056">
        <ele>165.41</ele>
      </trkpt>
      <trkpt lat="35.834719967097044" lon="-121.39304998330772">
        <ele>165.82</ele>
      </trkpt>
      <trkpt lat="35.834659952670336" lon="-121.39306993223727">
        <ele>166.3</ele>
      </trkpt>
      <trkpt lat="35.83458996377885" lon="-121.39308996498585">
        <ele>166.74</ele>
      </trkpt>
      <trkpt lat="35.834529949352145" lon="-121.39309993945062">
        <ele>167.18</ele>
      </trkpt>
      <trkpt lat="35.83448996767402" lon="-121.39309993945062">
        <ele>167.66</ele>
      </trkpt>
      <trkpt lat="35.83447999320924" lon="-121.39309993945062">
        <ele>168.14</ele>
      </trkpt>
      <trkpt lat="35.83442995324731" lon="-121.39309993945062">
        <ele>168.64</ele>
      </trkpt>
      <trkpt lat="35.8343699388206" lon="-121.39307999052107">
        <ele>169.18</ele>
      </trkpt>
      <trkpt lat="35.83429994992912" lon="-121.39304998330772">
        <ele>169.7</ele>
      </trkpt>
      <trkpt lat="35.83423993550241" lon="-121.39300991781056">
        <ele>170.25</ele>
      </trkpt>
      <trkpt lat="35.83419995382428" lon="-121.39297999441624">
        <ele>170.81</ele>
      </trkpt>
      <trkpt lat="35.8341799210757" lon="-121.39295996166766">
        <ele>171.37</ele>
      </trkpt>
      <trkpt lat="35.83414999768138" lon="-121.39293992891908">
        <ele>171.94</ele>
      </trkpt>
      <trkpt lat="35.834119990468025" lon="-121.39290992170572">
        <ele>172.54</ele>
      </trkpt>
      <trkpt lat="35.83405997604132" lon="-121.39284999109805">
        <ele>173.17</ele>
      </trkpt>
      <trkpt lat="35.83400993607938" lon="-121.39276994392276">
        <ele>173.82</ele>
      </trkpt>
      <trkpt lat="35.833969954401255" lon="-121.3926899805665">
        <ele>174.48</ele>
      </trkpt>
      <trkpt lat="35.83391999825835" lon="-121.39257992617786">
        <ele>175.15</ele>
      </trkpt>
      <trkpt lat="35.83387993276119" lon="-121.39246995560825">
        <ele>175.87</ele>
      </trkpt>
      <trkpt lat="35.83382997661829" lon="-121.39234992675483">
        <ele>176.58</ele>
      </trkpt>
      <trkpt lat="35.83378999494016" lon="-121.39223995618522">
        <ele>177.21</ele>
      </trkpt>
      <trkpt lat="35.83373995497823" lon="-121.39213996008039">
        <ele>177.85</ele>
      </trkpt>
      <trkpt lat="35.8336999733001" lon="-121.3920699711889">
        <ele>178.48</ele>
      </trkpt>
      <trkpt lat="35.83365999162197" lon="-121.39201993122697">
        <ele>179.12</ele>
      </trkpt>
      <trkpt lat="35.833649933338165" lon="-121.39201993122697">
        <ele>179.78</ele>
      </trkpt>
      <trkpt lat="35.83359997719526" lon="-121.39196997508407">
        <ele>180.5</ele>
      </trkpt>
      <trkpt lat="35.83354993723333" lon="-121.39191993512213">
        <ele>181.21</ele>
      </trkpt>
      <trkpt lat="35.8335099555552" lon="-121.39189998619258">
        <ele>181.9</ele>
      </trkpt>
      <trkpt lat="35.83348992280662" lon="-121.39188992790878">
        <ele>182.58</ele>
      </trkpt>
      <trkpt lat="35.833429992198944" lon="-121.39186997897923">
        <ele>183.28</ele>
      </trkpt>
      <trkpt lat="35.83337995223701" lon="-121.39185992069542">
        <ele>183.97</ele>
      </trkpt>
      <trkpt lat="35.8333199378103" lon="-121.39185992069542">
        <ele>184.65</ele>
      </trkpt>
      <trkpt lat="35.83324994891882" lon="-121.39185992069542">
        <ele>185.34</ele>
      </trkpt>
      <trkpt lat="35.83315992727876" lon="-121.391879953444">
        <ele>186.03</ele>
      </trkpt>
      <trkpt lat="35.83304995670915" lon="-121.39189998619258">
        <ele>186.72</ele>
      </trkpt>
      <trkpt lat="35.832979967817664" lon="-121.39190996065736">
        <ele>187.41</ele>
      </trkpt>
      <trkpt lat="35.832849964499474" lon="-121.39193996787071">
        <ele>188.15</ele>
      </trkpt>
      <trkpt lat="35.83279992453754" lon="-121.39194994233549">
        <ele>188.86</ele>
      </trkpt>
      <trkpt lat="35.832789950072765" lon="-121.39194994233549">
        <ele>189.54</ele>
      </trkpt>
      <trkpt lat="35.83270998671651" lon="-121.39195991680026">
        <ele>190.27</ele>
      </trkpt>
      <trkpt lat="35.832659946754575" lon="-121.39195991680026">
        <ele>190.96</ele>
      </trkpt>
      <trkpt lat="35.83258995786309" lon="-121.39194994233549">
        <ele>191.65</ele>
      </trkpt>
      <trkpt lat="35.832509994506836" lon="-121.39191993512213">
        <ele>192.4</ele>
      </trkpt>
      <trkpt lat="35.83244998008013" lon="-121.39189998619258">
        <ele>193.13</ele>
      </trkpt>
      <trkpt lat="35.832399940118194" lon="-121.391879953444">
        <ele>193.82</ele>
      </trkpt>
      <trkpt lat="35.83232995122671" lon="-121.3918299973011">
        <ele>194.46</ele>
      </trkpt>
      <trkpt lat="35.83228996954858" lon="-121.39179999008775">
        <ele>195.08</ele>
      </trkpt>
      <trkpt lat="35.83227999508381" lon="-121.39178993180394">
        <ele>195.71</ele>
      </trkpt>
      <trkpt lat="35.832229955121875" lon="-121.39174995012581">
        <ele>196.33</ele>
      </trkpt>
      <trkpt lat="35.83214999176562" lon="-121.39164995402098">
        <ele>196.98</ele>
      </trkpt>
      <trkpt lat="35.8320299629122" lon="-121.39148994348943">
        <ele>197.53</ele>
      </trkpt>
      <trkpt lat="35.83200993016362" lon="-121.39146999455988">
        <ele>198.11</ele>
      </trkpt>
      <trkpt lat="35.83185997791588" lon="-121.39127000235021">
        <ele>198.63</ele>
      </trkpt>
      <trkpt lat="35.83170994184911" lon="-121.3910699263215">
        <ele>199.14</ele>
      </trkpt>
      <trkpt lat="35.831609945744276" lon="-121.39093992300332">
        <ele>199.75</ele>
      </trkpt>
      <trkpt lat="35.83146996796131" lon="-121.39074998907745">
        <ele>200.47</ele>
      </trkpt>
      <trkpt lat="35.83133996464312" lon="-121.39056994579732">
        <ele>201.09</ele>
      </trkpt>
      <trkpt lat="35.83130995742977" lon="-121.39049995690584">
        <ele>201.68</ele>
      </trkpt>
      <trkpt lat="35.83127995021641" lon="-121.39044991694391">
        <ele>202.23</ele>
      </trkpt>
      <trkpt lat="35.831219935789704" lon="-121.39030993916094">
        <ele>202.74</ele>
      </trkpt>
      <trkpt lat="35.831159921362996" lon="-121.39013995416462">
        <ele>203.32</ele>
      </trkpt>
      <trkpt lat="35.831109965220094" lon="-121.39000995084643">
        <ele>203.89</ele>
      </trkpt>
      <trkpt lat="35.83107995800674" lon="-121.38991992920637">
        <ele>204.46</ele>
      </trkpt>
      <trkpt lat="35.831069983541965" lon="-121.3899099547416">
        <ele>204.99</ele>
      </trkpt>
      <trkpt lat="35.83101994358003" lon="-121.38981993310153">
        <ele>205.49</ele>
      </trkpt>
      <trkpt lat="35.83096998743713" lon="-121.38974994421005">
        <ele>205.96</ele>
      </trkpt>
      <trkpt lat="35.83095992915332" lon="-121.3897299952805">
        <ele>206.47</ele>
      </trkpt>
      <trkpt lat="35.830919947475195" lon="-121.38967995531857">
        <ele>206.99</ele>
      </trkpt>
      <trkpt lat="35.83085993304849" lon="-121.38960996642709">
        <ele>207.5</ele>
      </trkpt>
      <trkpt lat="35.830809976905584" lon="-121.38956998474896">
        <ele>207.99</ele>
      </trkpt>
      <trkpt lat="35.83075993694365" lon="-121.3895399775356">
        <ele>208.5</ele>
      </trkpt>
      <trkpt lat="35.830659940838814" lon="-121.38948993757367">
        <ele>208.98</ele>
      </trkpt>
      <trkpt lat="35.830619959160686" lon="-121.38946998864412">
        <ele>209.47</ele>
      </trkpt>
      <trkpt lat="35.83032994531095" lon="-121.38932992704213">
        <ele>209.98</ele>
      </trkpt>
      <trkpt lat="35.830299938097596" lon="-121.38931995257735">
        <ele>210.4</ele>
      </trkpt>
      <trkpt lat="35.83015996031463" lon="-121.38925993815064">
        <ele>210.94</ele>
      </trkpt>
      <trkpt lat="35.82998997531831" lon="-121.38919992372394">
        <ele>211.49</ele>
      </trkpt>
      <trkpt lat="35.82998997531831" lon="-121.38918994925916">
        <ele>211.94</ele>
      </trkpt>
      <trkpt lat="35.829909928143024" lon="-121.38915994204581">
        <ele>212.4</ele>
      </trkpt>
      <trkpt lat="35.829819990321994" lon="-121.3890999276191">
        <ele>212.87</ele>
      </trkpt>
      <trkpt lat="35.82971999421716" lon="-121.38903999701142">
        <ele>213.26</ele>
      </trkpt>
      <trkpt lat="35.82959996536374" lon="-121.38895994983613">
        <ele>213.68</ele>
      </trkpt>
      <trkpt lat="35.82950994372368" lon="-121.38887998647988">
        <ele>214.11</ele>
      </trkpt>
      <trkpt lat="35.829419922083616" lon="-121.3888099975884">
        <ele>214.52</ele>
      </trkpt>
      <trkpt lat="35.82935999147594" lon="-121.38874998316169">
        <ele>214.87</ele>
      </trkpt>
      <trkpt lat="35.829329984262586" lon="-121.38871997594833">
        <ele>215.18</ele>
      </trkpt>
      <trkpt lat="35.82923996262252" lon="-121.3886199798435">
        <ele>215.49</ele>
      </trkpt>
      <trkpt lat="35.82922998815775" lon="-121.38860992155969">
        <ele>215.77</ele>
      </trkpt>
      <trkpt lat="35.82915999926627" lon="-121.38852995820343">
        <ele>216.11</ele>
      </trkpt>
      <trkpt lat="35.82909998483956" lon="-121.38843993656337">
        <ele>216.38</ele>
      </trkpt>
      <trkpt lat="35.82899998873472" lon="-121.38826995156705">
        <ele>216.69</ele>
      </trkpt>
      <trkpt lat="35.82892999984324" lon="-121.38815998099744">
        <ele>216.87</ele>
      </trkpt>
      <trkpt lat="35.82888993434608" lon="-121.38808999210596">
        <ele>217.05</ele>
      </trkpt>
      <trkpt lat="35.82878993824124" lon="-121.38790994882584">
        <ele>217.22</ele>
      </trkpt>
      <trkpt lat="35.82873998209834" lon="-121.387809952721">
        <ele>217.31</ele>
      </trkpt>
      <trkpt lat="35.82868994213641" lon="-121.38772998936474">
        <ele>217.36</ele>
      </trkpt>
      <trkpt lat="35.82865993492305" lon="-121.38767994940281">
        <ele>217.41</ele>
      </trkpt>
      <trkpt lat="35.82858994603157" lon="-121.38755992054939">
        <ele>217.43</ele>
      </trkpt>
      <trkpt lat="35.828579971566796" lon="-121.38753997161984">
        <ele>217.44</ele>
      </trkpt>
      <trkpt lat="35.82852993160486" lon="-121.38745992444456">
        <ele>217.44</ele>
      </trkpt>
      <trkpt lat="35.828469917178154" lon="-121.38736998662353">
        <ele>217.34</ele>
      </trkpt>
      <trkpt lat="35.82841996103525" lon="-121.38729999773204">
        <ele>217.21</ele>
      </trkpt>
      <trkpt lat="35.82834997214377" lon="-121.38719991780818">
        <ele>217.11</ele>
      </trkpt>
      <trkpt lat="35.82832993939519" lon="-121.38716999441385">
        <ele>217.04</ele>
      </trkpt>
      <trkpt lat="35.82821996882558" lon="-121.38704996556044">
        <ele>216.89</ele>
      </trkpt>
      <trkpt lat="35.82811997272074" lon="-121.3869499694556">
        <ele>216.72</ele>
      </trkpt>
      <trkpt lat="35.82798996940255" lon="-121.38682994060218">
        <ele>216.63</ele>
      </trkpt>
      <trkpt lat="35.82793992944062" lon="-121.38677998445928">
        <ele>216.54</ele>
      </trkpt>
      <trkpt lat="35.82787999883294" lon="-121.38672994449735">
        <ele>216.42</ele>
      </trkpt>
      <trkpt lat="35.82778997719288" lon="-121.38665995560586">
        <ele>216.32</ele>
      </trkpt>
      <trkpt lat="35.82765997387469" lon="-121.38655995950103">
        <ele>216.19</ele>
      </trkpt>
      <trkpt lat="35.8275299705565" lon="-121.38645996339619">
        <ele>216.0</ele>
      </trkpt>
      <trkpt lat="35.82742997445166" lon="-121.38638997450471">
        <ele>215.87</ele>
      </trkpt>
      <trkpt lat="35.82731992006302" lon="-121.38631998561323">
        <ele>215.72</ele>
      </trkpt>
      <trkpt lat="35.82718991674483" lon="-121.38623993843794">
        <ele>215.55</ele>
      </trkpt>
      <trkpt lat="35.827159993350506" lon="-121.38622996397316">
        <ele>215.45</ele>
      </trkpt>
      <trkpt lat="35.82706997171044" lon="-121.38617992401123">
        <ele>215.38</ele>
      </trkpt>
      <trkpt lat="35.826989924535155" lon="-121.38614991679788">
        <ele>215.29</ele>
      </trkpt>
      <trkpt lat="35.82683997228742" lon="-121.3860799279064">
        <ele>215.23</ele>
      </trkpt>
      <trkpt lat="35.82681993953884" lon="-121.38606995344162">
        <ele>215.15</ele>
      </trkpt>
      <trkpt lat="35.8266699872911" lon="-121.38599996455014">
        <ele>215.06</ele>
      </trkpt>
      <trkpt lat="35.826559932902455" lon="-121.38592997565866">
        <ele>215.05</ele>
      </trkpt>
      <trkpt lat="35.82645993679762" lon="-121.38586996123195">
        <ele>215.08</ele>
      </trkpt>
      <trkpt lat="35.82643998786807" lon="-121.38585998676717">
        <ele>215.08</ele>
      </trkpt>
      <trkpt lat="35.82636999897659" lon="-121.38578999787569">
        <ele>215.15</ele>
      </trkpt>
      <trkpt lat="35.82630998454988" lon="-121.38572998344898">
        <ele>215.18</ele>
      </trkpt>
      <trkpt lat="35.82622993737459" lon="-121.38563996180892">
        <ele>215.19</ele>
      </trkpt>
      <trkpt lat="35.82617998123169" lon="-121.38556997291744">
        <ele>215.23</ele>
      </trkpt>
      <trkpt lat="35.826129941269755" lon="-121.38550995849073">
        <ele>215.29</ele>
      </trkpt>
      <trkpt lat="35.82608995959163" lon="-121.38543996959925">
        <ele>215.35</ele>
      </trkpt>
      <trkpt lat="35.82605995237827" lon="-121.38536998070776">
        <ele>215.39</ele>
      </trkpt>
      <trkpt lat="35.8260499779135" lon="-121.38534994795918">
        <ele>215.45</ele>
      </trkpt>
      <trkpt lat="35.82600999623537" lon="-121.38525992631912">
        <ele>215.48</ele>
      </trkpt>
      <trkpt lat="35.82593992352486" lon="-121.38506999239326">
        <ele>215.47</ele>
      </trkpt>
      <trkpt lat="35.825889967381954" lon="-121.384849967435">
        <ele>215.65</ele>
      </trkpt>
      <trkpt lat="35.825809920206666" lon="-121.38452994637191">
        <ele>215.9</ele>
      </trkpt>
      <trkpt lat="35.825779996812344" lon="-121.38436993584037">
        <ele>216.08</ele>
      </trkpt>
      <trkpt lat="35.82576993852854" lon="-121.3843599613756">
        <ele>216.21</ele>
      </trkpt>
      <trkpt lat="35.825739931315184" lon="-121.38419995084405">
        <ele>216.35</ele>
      </trkpt>
      <trkpt lat="35.82572995685041" lon="-121.38413993641734">
        <ele>216.5</ele>
      </trkpt>
      <trkpt lat="35.825719982385635" lon="-121.38406994752586">
        <ele>216.66</ele>
      </trkpt>
      <trkpt lat="35.825699949637055" lon="-121.38396995142102">
        <ele>216.81</ele>
      </trkpt>
      <trkpt lat="35.825679916888475" lon="-121.38381999917328">
        <ele>217.0</ele>
      </trkpt>
      <trkpt lat="35.825679916888475" lon="-121.38369997031987">
        <ele>217.2</ele>
      </trkpt>
      <trkpt lat="35.8256699424237" lon="-121.38361992314458">
        <ele>217.4</ele>
      </trkpt>
      <trkpt lat="35.825679916888475" lon="-121.38347994536161">
        <ele>217.64</ele>
      </trkpt>
      <trkpt lat="35.825679916888475" lon="-121.38346997089684">
        <ele>217.87</ele>
      </trkpt>
      <trkpt lat="35.825679916888475" lon="-121.38325992040336">
        <ele>218.11</ele>
      </trkpt>
      <trkpt lat="35.82568997517228" lon="-121.38320996426046">
        <ele>218.37</ele>
      </trkpt>
      <trkpt lat="35.82568997517228" lon="-121.3831199426204">
        <ele>218.63</ele>
      </trkpt>
      <trkpt lat="35.82568997517228" lon="-121.38303997926414">
        <ele>218.9</ele>
      </trkpt>
      <trkpt lat="35.82568997517228" lon="-121.3829399831593">
        <ele>219.17</ele>
      </trkpt>
      <trkpt lat="35.825679916888475" lon="-121.38286999426782">
        <ele>219.44</ele>
      </trkpt>
      <trkpt lat="35.8256699424237" lon="-121.38281995430589">
        <ele>219.71</ele>
      </trkpt>
      <trkpt lat="35.82565996795893" lon="-121.38278994709253">
        <ele>219.99</ele>
      </trkpt>
      <trkpt lat="35.82563993521035" lon="-121.38271995820105">
        <ele>220.28</ele>
      </trkpt>
      <trkpt lat="35.8256199862808" lon="-121.38264996930957">
        <ele>220.58</ele>
      </trkpt>
      <trkpt lat="35.82559995353222" lon="-121.38260998763144">
        <ele>220.89</ele>
      </trkpt>
      <trkpt lat="35.82557992078364" lon="-121.3825599476695">
        <ele>221.21</ele>
      </trkpt>
      <trkpt lat="35.82553993910551" lon="-121.38248995877802">
        <ele>221.54</ele>
      </trkpt>
      <trkpt lat="35.82546995021403" lon="-121.38236992992461">
        <ele>221.86</ele>
      </trkpt>
      <trkpt lat="35.82535997964442" lon="-121.38221997767687">
        <ele>222.19</ele>
      </trkpt>
      <trkpt lat="35.82517993636429" lon="-121.38198000378907">
        <ele>222.56</ele>
      </trkpt>
      <trkpt lat="35.8249999769032" lon="-121.38173994608223">
        <ele>222.91</ele>
      </trkpt>
      <trkpt lat="35.82489000633359" lon="-121.38159996829927">
        <ele>223.33</ele>
      </trkpt>
      <trkpt lat="35.82477995194495" lon="-121.3814599905163">
        <ele>223.71</ele>
      </trkpt>
      <trkpt lat="35.82469998858869" lon="-121.38134993612766">
        <ele>224.14</ele>
      </trkpt>
      <trkpt lat="35.82464994862676" lon="-121.38128992170095">
        <ele>224.54</ele>
      </trkpt>
      <trkpt lat="35.82460996694863" lon="-121.38123996555805">
        <ele>224.93</ele>
      </trkpt>
      <trkpt lat="35.82450997084379" lon="-121.38110996223986">
        <ele>225.31</ele>
      </trkpt>
      <trkpt lat="35.824409974738955" lon="-121.38100996613503">
        <ele>225.66</ele>
      </trkpt>
      <trkpt lat="35.82430997863412" lon="-121.38093997724354">
        <ele>226.08</ele>
      </trkpt>
      <trkpt lat="35.8241399936378" lon="-121.3808299228549">
        <ele>226.52</ele>
      </trkpt>
      <trkpt lat="35.82405994646251" lon="-121.38078994117677">
        <ele>226.91</ele>
      </trkpt>
      <trkpt lat="35.82389993593097" lon="-121.38069991953671">
        <ele>227.29</ele>
      </trkpt>
      <trkpt lat="35.823849979788065" lon="-121.38066999614239">
        <ele>227.69</ele>
      </trkpt>
      <trkpt lat="35.82368996925652" lon="-121.38056991621852">
        <ele>228.14</ele>
      </trkpt>
      <trkpt lat="35.82357999868691" lon="-121.38048995286226">
        <ele>228.5</ele>
      </trkpt>
      <trkpt lat="35.823529958724976" lon="-121.38044997118413">
        <ele>228.88</ele>
      </trkpt>
      <trkpt lat="35.82343993708491" lon="-121.38036992400885">
        <ele>229.35</ele>
      </trkpt>
      <trkpt lat="35.82343993708491" lon="-121.38035994954407">
        <ele>229.72</ele>
      </trkpt>
      <trkpt lat="35.82335997372866" lon="-121.38027998618782">
        <ele>230.13</ele>
      </trkpt>
      <trkpt lat="35.82329995930195" lon="-121.38021997176111">
        <ele>230.48</ele>
      </trkpt>
      <trkpt lat="35.823269952088594" lon="-121.38017999008298">
        <ele>230.82</ele>
      </trkpt>
      <trkpt lat="35.82321999594569" lon="-121.38010991737247">
        <ele>231.16</ele>
      </trkpt>
      <trkpt lat="35.82317993044853" lon="-121.38004998676479">
        <ele>231.47</ele>
      </trkpt>
      <trkpt lat="35.823159981518984" lon="-121.38000992126763">
        <ele>231.77</ele>
      </trkpt>
      <trkpt lat="35.82310994155705" lon="-121.37990992516279">
        <ele>232.07</ele>
      </trkpt>
      <trkpt lat="35.8230899926275" lon="-121.37985996901989">
        <ele>232.35</ele>
      </trkpt>
      <trkpt lat="35.82305998541415" lon="-121.37978998012841">
        <ele>232.62</ele>
      </trkpt>
      <trkpt lat="35.82300994545221" lon="-121.37966995127499">
        <ele>232.89</ele>
      </trkpt>
      <trkpt lat="35.82297993823886" lon="-121.37955998070538">
        <ele>233.15</ele>
      </trkpt>
      <trkpt lat="35.82295998930931" lon="-121.37944992631674">
        <ele>233.38</ele>
      </trkpt>
      <trkpt lat="35.82295998930931" lon="-121.37941991910338">
        <ele>233.6</ele>
      </trkpt>
      <trkpt lat="35.822949931025505" lon="-121.3793499302119">
        <ele>233.81</ele>
      </trkpt>
      <trkpt lat="35.82293995656073" lon="-121.37925999239087">
        <ele>233.98</ele>
      </trkpt>
      <trkpt lat="35.82293995656073" lon="-121.37922998517752">
        <ele>234.16</ele>
      </trkpt>
      <trkpt lat="35.82293995656073" lon="-121.37914993800223">
        <ele>234.32</ele>
      </trkpt>
      <trkpt lat="35.82293995656073" lon="-121.37902999296784">
        <ele>234.46</ele>
      </trkpt>
      <trkpt lat="35.82295998930931" lon="-121.37878993526101">
        <ele>234.58</ele>
      </trkpt>
      <trkpt lat="35.822969963774085" lon="-121.37861995026469">
        <ele>234.72</ele>
      </trkpt>
      <trkpt lat="35.822969963774085" lon="-121.37850997969508">
        <ele>234.86</ele>
      </trkpt>
      <trkpt lat="35.82295998930931" lon="-121.3784299325198">
        <ele>234.99</ele>
      </trkpt>
      <trkpt lat="35.82293995656073" lon="-121.37833999469876">
        <ele>235.12</ele>
      </trkpt>
      <trkpt lat="35.82293995656073" lon="-121.3782999292016">
        <ele>235.22</ele>
      </trkpt>
      <trkpt lat="35.8228999748826" lon="-121.37818995863199">
        <ele>235.3</ele>
      </trkpt>
      <trkpt lat="35.82287994213402" lon="-121.37813991867006">
        <ele>235.36</ele>
      </trkpt>
      <trkpt lat="35.822859993204474" lon="-121.37807998806238">
        <ele>235.42</ele>
      </trkpt>
      <trkpt lat="35.822799978777766" lon="-121.37796993367374">
        <ele>235.42</ele>
      </trkpt>
      <trkpt lat="35.82271993160248" lon="-121.37782995589077">
        <ele>235.44</ele>
      </trkpt>
      <trkpt lat="35.822669975459576" lon="-121.37777999974787">
        <ele>235.45</ele>
      </trkpt>
      <trkpt lat="35.822649942710996" lon="-121.37774999253452">
        <ele>235.45</ele>
      </trkpt>
      <trkpt lat="35.82259998656809" lon="-121.37770992703736">
        <ele>235.42</ele>
      </trkpt>
      <trkpt lat="35.822519939392805" lon="-121.37766994535923">
        <ele>235.35</ele>
      </trkpt>
      <trkpt lat="35.82248993217945" lon="-121.37765997089446">
        <ele>235.3</ele>
      </trkpt>
      <trkpt lat="35.82241994328797" lon="-121.37763993814588">
        <ele>235.25</ele>
      </trkpt>
      <trkpt lat="35.822349954396486" lon="-121.3776299636811">
        <ele>235.17</ele>
      </trkpt>
      <trkpt lat="35.82233997993171" lon="-121.3776299636811">
        <ele>235.11</ele>
      </trkpt>
      <trkpt lat="35.82217996940017" lon="-121.37760993093252">
        <ele>235.0</ele>
      </trkpt>
      <trkpt lat="35.82215993665159" lon="-121.37760993093252">
        <ele>234.92</ele>
      </trkpt>
      <trkpt lat="35.821979977190495" lon="-121.37759995646775">
        <ele>234.89</ele>
      </trkpt>
      <trkpt lat="35.821939995512366" lon="-121.37759995646775">
        <ele>234.81</ele>
      </trkpt>
      <trkpt lat="35.82179993391037" lon="-121.37758998200297">
        <ele>234.73</ele>
      </trkpt>
      <trkpt lat="35.82174997776747" lon="-121.37757992371917">
        <ele>234.62</ele>
      </trkpt>
      <trkpt lat="35.82162994891405" lon="-121.3775699492544">
        <ele>234.45</ele>
      </trkpt>
      <trkpt lat="35.82161997444928" lon="-121.3775699492544">
        <ele>234.32</ele>
      </trkpt>
      <trkpt lat="35.82151997834444" lon="-121.37753994204104">
        <ele>234.15</ele>
      </trkpt>
      <trkpt lat="35.821419982239604" lon="-121.37749996036291">
        <ele>233.95</ele>
      </trkpt>
      <trkpt lat="35.82131998613477" lon="-121.37744992040098">
        <ele>233.77</ele>
      </trkpt>
      <trkpt lat="35.82128997892141" lon="-121.37741999700665">
        <ele>233.6</ele>
      </trkpt>
      <trkpt lat="35.82123993895948" lon="-121.3773899897933">
        <ele>233.39</ele>
      </trkpt>
      <trkpt lat="35.82117992453277" lon="-121.37731991708279">
        <ele>233.19</ele>
      </trkpt>
      <trkpt lat="35.82114991731942" lon="-121.37727993540466">
        <ele>232.99</ele>
      </trkpt>
      <trkpt lat="35.82113994285464" lon="-121.3772499281913">
        <ele>232.81</ele>
      </trkpt>
      <trkpt lat="35.82108998671174" lon="-121.37714993208647">
        <ele>232.69</ele>
      </trkpt>
      <trkpt lat="35.82106995396316" lon="-121.37707994319499">
        <ele>232.41</ele>
      </trkpt>
      <trkpt lat="35.821059979498386" lon="-121.37706996873021">
        <ele>232.13</ele>
      </trkpt>
      <trkpt lat="35.82104992121458" lon="-121.37697994709015">
        <ele>231.83</ele>
      </trkpt>
      <trkpt lat="35.821039946749806" lon="-121.37688992545009">
        <ele>231.5</ele>
      </trkpt>
      <trkpt lat="35.821039946749806" lon="-121.37679998762906">
        <ele>231.13</ele>
      </trkpt>
      <trkpt lat="35.82104992121458" lon="-121.37671994045377">
        <ele>230.73</ele>
      </trkpt>
      <trkpt lat="35.82106995396316" lon="-121.37663997709751">
        <ele>230.32</ele>
      </trkpt>
      <trkpt lat="35.821099961176515" lon="-121.37655992992222">
        <ele>229.9</ele>
      </trkpt>
      <trkpt lat="35.82113994285464" lon="-121.37647996656597">
        <ele>229.46</ele>
      </trkpt>
      <trkpt lat="35.82119995728135" lon="-121.3763899449259">
        <ele>229.0</ele>
      </trkpt>
      <trkpt lat="35.82126994617283" lon="-121.3763299304992">
        <ele>228.52</ele>
      </trkpt>
      <trkpt lat="35.82128997892141" lon="-121.37630998156965">
        <ele>228.01</ele>
      </trkpt>
      <trkpt lat="35.82136994227767" lon="-121.37625994160771">
        <ele>227.48</ele>
      </trkpt>
      <trkpt lat="35.82149994559586" lon="-121.37616991996765">
        <ele>226.91</ele>
      </trkpt>
      <trkpt lat="35.82156993448734" lon="-121.37611996382475">
        <ele>226.32</ele>
      </trkpt>
      <trkpt lat="35.821639923378825" lon="-121.37605994939804">
        <ele>225.7</ele>
      </trkpt>
      <trkpt lat="35.82169993780553" lon="-121.37598996050656">
        <ele>225.05</ele>
      </trkpt>
      <trkpt lat="35.82172994501889" lon="-121.37593992054462">
        <ele>224.36</ele>
      </trkpt>
      <trkpt lat="35.82173991948366" lon="-121.37592994607985">
        <ele>223.63</ele>
      </trkpt>
      <trkpt lat="35.82177998498082" lon="-121.37585995718837">
        <ele>222.87</ele>
      </trkpt>
      <trkpt lat="35.821809992194176" lon="-121.37577999383211">
        <ele>222.07</ele>
      </trkpt>
      <trkpt lat="35.821829941123724" lon="-121.37567999772727">
        <ele>221.23</ele>
      </trkpt>
      <trkpt lat="35.821849973872304" lon="-121.37555996887386">
        <ele>220.35</ele>
      </trkpt>
      <trkpt lat="35.82185994833708" lon="-121.37537992559373">
        <ele>219.43</ele>
      </trkpt>
      <trkpt lat="35.82186992280185" lon="-121.37517993338406">
        <ele>218.49</ele>
      </trkpt>
      <trkpt lat="35.82186992280185" lon="-121.3749899994582">
        <ele>217.5</ele>
      </trkpt>
      <trkpt lat="35.82185994833708" lon="-121.37483996339142">
        <ele>216.46</ele>
      </trkpt>
      <trkpt lat="35.82183999940753" lon="-121.37469998560846">
        <ele>215.37</ele>
      </trkpt>
      <trkpt lat="35.821809992194176" lon="-121.37458993121982">
        <ele>214.2</ele>
      </trkpt>
      <trkpt lat="35.821769926697016" lon="-121.37448993511498">
        <ele>212.97</ele>
      </trkpt>
      <trkpt lat="35.82173991948366" lon="-121.37444995343685">
        <ele>211.75</ele>
      </trkpt>
      <trkpt lat="35.82171997055411" lon="-121.37439999729395">
        <ele>210.49</ele>
      </trkpt>
      <trkpt lat="35.821659956127405" lon="-121.37431995011866">
        <ele>209.17</ele>
      </trkpt>
      <trkpt lat="35.82156993448734" lon="-121.3742399867624">
        <ele>207.76</ele>
      </trkpt>
      <trkpt lat="35.82151997834444" lon="-121.37419992126524">
        <ele>206.39</ele>
      </trkpt>
      <trkpt lat="35.82145996391773" lon="-121.37415993958712">
        <ele>204.97</ele>
      </trkpt>
      <trkpt lat="35.821379916742444" lon="-121.37411995790899">
        <ele>203.51</ele>
      </trkpt>
      <trkpt lat="35.82134999334812" lon="-121.37410998344421">
        <ele>202.1</ele>
      </trkpt>
      <trkpt lat="35.82130992785096" lon="-121.37408995069563">
        <ele>200.66</ele>
      </trkpt>
      <trkpt lat="35.82125997170806" lon="-121.37407997623086">
        <ele>199.23</ele>
      </trkpt>
      <trkpt lat="35.82121999002993" lon="-121.37407997623086">
        <ele>197.79</ele>
      </trkpt>
      <trkpt lat="35.82113994285464" lon="-121.37408995069563">
        <ele>196.29</ele>
      </trkpt>
      <trkpt lat="35.821059979498386" lon="-121.37408995069563">
        <ele>194.8</ele>
      </trkpt>
      <trkpt lat="35.820989990606904" lon="-121.37410998344421">
        <ele>193.32</ele>
      </trkpt>
      <trkpt lat="35.82086996175349" lon="-121.37414996512234">
        <ele>191.83</ele>
      </trkpt>
      <trkpt lat="35.82072998397052" lon="-121.37421995401382">
        <ele>190.32</ele>
      </trkpt>
      <trkpt lat="35.820609955117106" lon="-121.37427996844053">
        <ele>188.85</ele>
      </trkpt>
      <trkpt lat="35.82040996290743" lon="-121.37437996454537">
        <ele>187.35</ele>
      </trkpt>
      <trkpt lat="35.8203099668026" lon="-121.37443997897208">
        <ele>185.92</ele>
      </trkpt>
      <trkpt lat="35.82025992684066" lon="-121.37446998618543">
        <ele>184.53</ele>
      </trkpt>
      <trkpt lat="35.82020997069776" lon="-121.37448993511498">
        <ele>183.18</ele>
      </trkpt>
      <trkpt lat="35.82015993073583" lon="-121.37450996786356">
        <ele>181.84</ele>
      </trkpt>
      <trkpt lat="35.82009991630912" lon="-121.37451994232833">
        <ele>180.53</ele>
      </trkpt>
      <trkpt lat="35.82003998570144" lon="-121.37451994232833">
        <ele>179.25</ele>
      </trkpt>
      <trkpt lat="35.819959938526154" lon="-121.37451994232833">
        <ele>178.01</ele>
      </trkpt>
      <trkpt lat="35.8198799751699" lon="-121.37450996786356">
        <ele>176.79</ele>
      </trkpt>
      <trkpt lat="35.81981996074319" lon="-121.3744799606502">
        <ele>175.59</ele>
      </trkpt>
      <trkpt lat="35.81979992799461" lon="-121.3744799606502">
        <ele>174.43</ele>
      </trkpt>
      <trkpt lat="35.81974997185171" lon="-121.37444995343685">
        <ele>173.3</ele>
      </trkpt>
      <trkpt lat="35.81970999017358" lon="-121.3744199462235">
        <ele>172.22</ele>
      </trkpt>
      <trkpt lat="35.81966992467642" lon="-121.37437996454537">
        <ele>171.19</ele>
      </trkpt>
      <trkpt lat="35.81957998685539" lon="-121.37429991737008">
        <ele>170.16</ele>
      </trkpt>
      <trkpt lat="35.81947999075055" lon="-121.37418994680047">
        <ele>169.15</ele>
      </trkpt>
      <trkpt lat="35.81939994357526" lon="-121.37406991794705">
        <ele>168.2</ele>
      </trkpt>
      <trkpt lat="35.8193099219352" lon="-121.37396992184222">
        <ele>167.32</ele>
      </trkpt>
      <trkpt lat="35.81927999854088" lon="-121.3739399984479">
        <ele>166.45</ele>
      </trkpt>
      <trkpt lat="35.819249991327524" lon="-121.37391996569932">
        <ele>165.6</ele>
      </trkpt>
      <trkpt lat="35.819189976900816" lon="-121.37386992573738">
        <ele>164.78</ele>
      </trkpt>
      <trkpt lat="35.81914999522269" lon="-121.37384997680783">
        <ele>163.99</ele>
      </trkpt>
      <trkpt lat="35.81910992972553" lon="-121.37382994405925">
        <ele>163.22</ele>
      </trkpt>
      <trkpt lat="35.81904999911785" lon="-121.37381996959448">
        <ele>162.48</ele>
      </trkpt>
      <trkpt lat="35.81897992640734" lon="-121.3737999368459">
        <ele>161.83</ele>
      </trkpt>
      <trkpt lat="35.81896995194256" lon="-121.3737999368459">
        <ele>161.21</ele>
      </trkpt>
      <trkpt lat="35.818909937515855" lon="-121.37378996238112">
        <ele>160.63</ele>
      </trkpt>
      <trkpt lat="35.81885998137295" lon="-121.37378996238112">
        <ele>160.07</ele>
      </trkpt>
      <trkpt lat="35.818799966946244" lon="-121.3737999368459">
        <ele>159.53</ele>
      </trkpt>
      <trkpt lat="35.81869997084141" lon="-121.37382994405925">
        <ele>159.02</ele>
      </trkpt>
      <trkpt lat="35.818589916452765" lon="-121.3738599512726">
        <ele>158.55</ele>
      </trkpt>
      <trkpt lat="35.81846997141838" lon="-121.37389993295074">
        <ele>158.05</ele>
      </trkpt>
      <trkpt lat="35.81835991702974" lon="-121.37392994016409">
        <ele>157.55</ele>
      </trkpt>
      <trkpt lat="35.8182599209249" lon="-121.37394997291267">
        <ele>157.13</ele>
      </trkpt>
      <trkpt lat="35.81816998310387" lon="-121.37395994737744">
        <ele>156.71</ele>
      </trkpt>
      <trkpt lat="35.81808993592858" lon="-121.37394997291267">
        <ele>156.36</ele>
      </trkpt>
      <trkpt lat="35.81807996146381" lon="-121.37394997291267">
        <ele>156.1</ele>
      </trkpt>
      <trkpt lat="35.81803997978568" lon="-121.3739399984479">
        <ele>155.85</ele>
      </trkpt>
      <trkpt lat="35.81799999810755" lon="-121.37392994016409">
        <ele>155.62</ele>
      </trkpt>
      <trkpt lat="35.81795993261039" lon="-121.37390999123454">
        <ele>155.45</ele>
      </trkpt>
      <trkpt lat="35.817919950932264" lon="-121.37388995848596">
        <ele>155.3</ele>
      </trkpt>
      <trkpt lat="35.81788994371891" lon="-121.37386992573738">
        <ele>155.18</ele>
      </trkpt>
      <trkpt lat="35.817859936505556" lon="-121.37383991852403">
        <ele>155.08</ele>
      </trkpt>
      <trkpt lat="35.81781995482743" lon="-121.3737999368459">
        <ele>155.0</ele>
      </trkpt>
      <trkpt lat="35.817769998684525" lon="-121.37372994795442">
        <ele>154.95</ele>
      </trkpt>
      <trkpt lat="35.81770998425782" lon="-121.37362995184958">
        <ele>155.01</ele>
      </trkpt>
      <trkpt lat="35.81766991876066" lon="-121.37353993020952">
        <ele>155.05</ele>
      </trkpt>
      <trkpt lat="35.81762993708253" lon="-121.37341998517513">
        <ele>155.07</ele>
      </trkpt>
      <trkpt lat="35.817619962617755" lon="-121.37335997074842">
        <ele>155.05</ele>
      </trkpt>
      <trkpt lat="35.817599929869175" lon="-121.37327992357314">
        <ele>155.01</ele>
      </trkpt>
      <trkpt lat="35.8175899554044" lon="-121.3731299713254">
        <ele>155.02</ele>
      </trkpt>
      <trkpt lat="35.81756992265582" lon="-121.37290994636714">
        <ele>154.92</ele>
      </trkpt>
      <trkpt lat="35.81755994819105" lon="-121.37266997247934">
        <ele>154.77</ele>
      </trkpt>
      <trkpt lat="35.81754997372627" lon="-121.3723199442029">
        <ele>154.61</ele>
      </trkpt>
      <trkpt lat="35.8175399992615" lon="-121.37202993035316">
        <ele>154.46</ele>
      </trkpt>
      <trkpt lat="35.8175399992615" lon="-121.37193999253213">
        <ele>154.27</ele>
      </trkpt>
      <trkpt lat="35.81752994097769" lon="-121.37180998921394">
        <ele>154.04</ele>
      </trkpt>
      <trkpt lat="35.81751996651292" lon="-121.37158996425569">
        <ele>153.77</ele>
      </trkpt>
      <trkpt lat="35.81749993376434" lon="-121.37143992818892">
        <ele>153.45</ele>
      </trkpt>
      <trkpt lat="35.817489959299564" lon="-121.37136993929744">
        <ele>153.12</ele>
      </trkpt>
      <trkpt lat="35.81747998483479" lon="-121.37129995040596">
        <ele>152.76</ele>
      </trkpt>
      <trkpt lat="35.817449977621436" lon="-121.37116994708776">
        <ele>152.34</ele>
      </trkpt>
      <trkpt lat="35.81741997040808" lon="-121.3710799254477">
        <ele>151.89</ele>
      </trkpt>
      <trkpt lat="35.817379988729954" lon="-121.37098998762667">
        <ele>151.41</ele>
      </trkpt>
      <trkpt lat="35.817319974303246" lon="-121.37087993323803">
        <ele>150.9</ele>
      </trkpt>
      <trkpt lat="35.81725995987654" lon="-121.3707799371332">
        <ele>150.36</ele>
      </trkpt>
      <trkpt lat="35.817189970985055" lon="-121.37067994102836">
        <ele>149.76</ele>
      </trkpt>
      <trkpt lat="35.81707991659641" lon="-121.37053996324539">
        <ele>149.19</ele>
      </trkpt>
      <trkpt lat="35.816999953240156" lon="-121.37043996714056">
        <ele>148.64</ele>
      </trkpt>
      <trkpt lat="35.816929964348674" lon="-121.37037995271385">
        <ele>148.05</ele>
      </trkpt>
      <trkpt lat="35.81687992438674" lon="-121.37032999657094">
        <ele>147.41</ele>
      </trkpt>
      <trkpt lat="35.81678998656571" lon="-121.37025992386043">
        <ele>146.75</ele>
      </trkpt>
      <trkpt lat="35.81671999767423" lon="-121.37019999325275">
        <ele>146.07</ele>
      </trkpt>
      <trkpt lat="35.816629976034164" lon="-121.37014995329082">
        <ele>145.36</ele>
      </trkpt>
      <trkpt lat="35.8165399543941" lon="-121.37010997161269">
        <ele>144.6</ele>
      </trkpt>
      <trkpt lat="35.816459991037846" lon="-121.37007996439934">
        <ele>143.82</ele>
      </trkpt>
      <trkpt lat="35.81640995107591" lon="-121.37006998993456">
        <ele>143.04</ele>
      </trkpt>
      <trkpt lat="35.8162999805063" lon="-121.37003998272121">
        <ele>142.21</ele>
      </trkpt>
      <trkpt lat="35.816159918904305" lon="-121.37001994997263">
        <ele>141.35</ele>
      </trkpt>
      <trkpt lat="35.81601994112134" lon="-121.37000997550786">
        <ele>140.48</ele>
      </trkpt>
      <trkpt lat="35.815859930589795" lon="-121.36998994275928">
        <ele>139.61</ele>
      </trkpt>
      <trkpt lat="35.81564996391535" lon="-121.36996999382973">
        <ele>138.7</ele>
      </trkpt>
      <trkpt lat="35.81550998613238" lon="-121.36995993554592">
        <ele>137.82</ele>
      </trkpt>
      <trkpt lat="35.815299935638905" lon="-121.36993998661637">
        <ele>136.89</ele>
      </trkpt>
      <trkpt lat="35.815249979496" lon="-121.36992992833257">
        <ele>136.04</ele>
      </trkpt>
      <trkpt lat="35.81494999118149" lon="-121.36989992111921">
        <ele>135.1</ele>
      </trkpt>
      <trkpt lat="35.81485996954143" lon="-121.36988994665444">
        <ele>134.25</ele>
      </trkpt>
      <trkpt lat="35.81474999897182" lon="-121.36988994665444">
        <ele>133.34</ele>
      </trkpt>
      <trkpt lat="35.81468998454511" lon="-121.36987997218966">
        <ele>132.49</ele>
      </trkpt>
      <trkpt lat="35.81463994458318" lon="-121.36986999772489">
        <ele>131.65</ele>
      </trkpt>
      <trkpt lat="35.814589988440275" lon="-121.36985993944108">
        <ele>130.83</ele>
      </trkpt>
      <trkpt lat="35.81453994847834" lon="-121.36983999051154">
        <ele>130.01</ele>
      </trkpt>
      <trkpt lat="35.81448999233544" lon="-121.36980998329818">
        <ele>129.22</ele>
      </trkpt>
      <trkpt lat="35.81444992683828" lon="-121.36977997608483">
        <ele>128.46</ele>
      </trkpt>
      <trkpt lat="35.814419919624925" lon="-121.36975994333625">
        <ele>127.7</ele>
      </trkpt>
      <trkpt lat="35.81435998901725" lon="-121.36968995444477">
        <ele>126.99</ele>
      </trkpt>
      <trkpt lat="35.814309949055314" lon="-121.36962994001806">
        <ele>126.28</ele>
      </trkpt>
      <trkpt lat="35.814269967377186" lon="-121.3695499766618">
        <ele>125.61</ele>
      </trkpt>
      <trkpt lat="35.81422998569906" lon="-121.3694899622351">
        <ele>124.92</ele>
      </trkpt>
      <trkpt lat="35.8141999784857" lon="-121.36941997334361">
        <ele>124.22</ele>
      </trkpt>
      <trkpt lat="35.81416997127235" lon="-121.36932995170355">
        <ele>123.55</ele>
      </trkpt>
      <trkpt lat="35.814139964058995" lon="-121.36920992285013">
        <ele>122.86</ele>
      </trkpt>
      <trkpt lat="35.814119931310415" lon="-121.3691199850291">
        <ele>122.15</ele>
      </trkpt>
      <trkpt lat="35.81409998238087" lon="-121.36900993064046">
        <ele>121.44</ele>
      </trkpt>
      <trkpt lat="35.81406997516751" lon="-121.36878998950124">
        <ele>120.76</ele>
      </trkpt>
      <trkpt lat="35.81404994241893" lon="-121.36855999007821">
        <ele>120.04</ele>
      </trkpt>
      <trkpt lat="35.814029993489385" lon="-121.3683099579066">
        <ele>119.34</ele>
      </trkpt>
      <trkpt lat="35.81401993520558" lon="-121.36814994737506">
        <ele>118.65</ele>
      </trkpt>
      <trkpt lat="35.81401993520558" lon="-121.36808993294835">
        <ele>117.98</ele>
      </trkpt>
      <trkpt lat="35.813989927992225" lon="-121.36775993742049">
        <ele>117.34</ele>
      </trkpt>
      <trkpt lat="35.81397995352745" lon="-121.36759992688894">
        <ele>116.67</ele>
      </trkpt>
      <trkpt lat="35.8139499463141" lon="-121.36745994910598">
        <ele>115.97</ele>
      </trkpt>
      <trkpt lat="35.81391993910074" lon="-121.36732994578779">
        <ele>115.26</ele>
      </trkpt>
      <trkpt lat="35.81388993188739" lon="-121.36721997521818">
        <ele>114.59</ele>
      </trkpt>
      <trkpt lat="35.81384995020926" lon="-121.36710992082953">
        <ele>113.93</ele>
      </trkpt>
      <trkpt lat="35.81379999406636" lon="-121.36699995025992">
        <ele>113.24</ele>
      </trkpt>
      <trkpt lat="35.813769986853" lon="-121.36694999411702">
        <ele>112.59</ele>
      </trkpt>
      <trkpt lat="35.81371994689107" lon="-121.36686994694173">
        <ele>111.94</ele>
      </trkpt>
      <trkpt lat="35.81366999074817" lon="-121.36678998358548">
        <ele>111.32</ele>
      </trkpt>
      <trkpt lat="35.81362992525101" lon="-121.36672996915877">
        <ele>110.71</ele>
      </trkpt>
      <trkpt lat="35.81358994357288" lon="-121.36667992919683">
        <ele>110.13</ele>
      </trkpt>
      <trkpt lat="35.81352992914617" lon="-121.36661999858916">
        <ele>109.55</ele>
      </trkpt>
      <trkpt lat="35.81349992193282" lon="-121.3665899913758">
        <ele>109.01</ele>
      </trkpt>
      <trkpt lat="35.813429933041334" lon="-121.36653995141387">
        <ele>108.46</ele>
      </trkpt>
      <trkpt lat="35.8133399952203" lon="-121.36647993698716">
        <ele>107.91</ele>
      </trkpt>
      <trkpt lat="35.81326992250979" lon="-121.36644992977381">
        <ele>107.43</ele>
      </trkpt>
      <trkpt lat="35.813149977475405" lon="-121.3663999736309">
        <ele>106.96</ele>
      </trkpt>
      <trkpt lat="35.81302994862199" lon="-121.36635999195278">
        <ele>106.56</ele>
      </trkpt>
      <trkpt lat="35.812939926981926" lon="-121.3663399592042">
        <ele>106.18</ele>
      </trkpt>
      <trkpt lat="35.81283993087709" lon="-121.36631992645562">
        <ele>105.81</ele>
      </trkpt>
      <trkpt lat="35.812809923663735" lon="-121.36631992645562">
        <ele>105.48</ele>
      </trkpt>
      <trkpt lat="35.8127099275589" lon="-121.36629997752607">
        <ele>105.16</ele>
      </trkpt>
      <trkpt lat="35.81262996420264" lon="-121.36628991924226">
        <ele>104.87</ele>
      </trkpt>
      <trkpt lat="35.81260993145406" lon="-121.36628991924226">
        <ele>104.63</ele>
      </trkpt>
      <trkpt lat="35.812399964779615" lon="-121.36629997752607">
        <ele>104.27</ele>
      </trkpt>
      <trkpt lat="35.8122799359262" lon="-121.36629997752607">
        <ele>103.98</ele>
      </trkpt>
      <trkpt lat="35.81220994703472" lon="-121.36629997752607">
        <ele>103.79</ele>
      </trkpt>
      <trkpt lat="35.81214993260801" lon="-121.36628991924226">
        <ele>103.65</ele>
      </trkpt>
      <trkpt lat="35.812079943716526" lon="-121.36626997031271">
        <ele>103.59</ele>
      </trkpt>
      <trkpt lat="35.81201992928982" lon="-121.36624993756413">
        <ele>103.58</ele>
      </trkpt>
      <trkpt lat="35.81191993318498" lon="-121.36618992313743">
        <ele>103.65</ele>
      </trkpt>
      <trkpt lat="35.8117999881506" lon="-121.36606997810304">
        <ele>103.84</ele>
      </trkpt>
      <trkpt lat="35.811709966510534" lon="-121.36593997478485">
        <ele>104.02</ele>
      </trkpt>
      <trkpt lat="35.8116099704057" lon="-121.36579999700189">
        <ele>104.19</ele>
      </trkpt>
      <trkpt lat="35.811559930443764" lon="-121.36570997536182">
        <ele>104.36</ele>
      </trkpt>
      <trkpt lat="35.81152992323041" lon="-121.36561995372176">
        <ele>104.57</ele>
      </trkpt>
      <trkpt lat="35.81149999983609" lon="-121.36550998315215">
        <ele>104.84</ele>
      </trkpt>
      <trkpt lat="35.81147996708751" lon="-121.36541996151209">
        <ele>105.14</ele>
      </trkpt>
      <trkpt lat="35.81147996708751" lon="-121.36535994708538">
        <ele>105.44</ele>
      </trkpt>
      <trkpt lat="35.81147996708751" lon="-121.36523991823196">
        <ele>105.82</ele>
      </trkpt>
      <trkpt lat="35.81147996708751" lon="-121.36514998041093">
        <ele>106.16</ele>
      </trkpt>
      <trkpt lat="35.81148994155228" lon="-121.36505995877087">
        <ele>106.47</ele>
      </trkpt>
      <trkpt lat="35.81149999983609" lon="-121.36496993713081">
        <ele>106.8</ele>
      </trkpt>
      <trkpt lat="35.81154995597899" lon="-121.36475997045636">
        <ele>107.05</ele>
      </trkpt>
      <trkpt lat="35.811599995940924" lon="-121.36456995271146">
        <ele>107.37</ele>
      </trkpt>
      <trkpt lat="35.81161994487047" lon="-121.36449996381998">
        <ele>107.74</ele>
      </trkpt>
      <trkpt lat="35.811629919335246" lon="-121.36443994939327">
        <ele>108.11</ele>
      </trkpt>
      <trkpt lat="35.811649952083826" lon="-121.36433995328844">
        <ele>108.48</ele>
      </trkpt>
      <trkpt lat="35.811669984832406" lon="-121.3642399571836">
        <ele>108.85</ele>
      </trkpt>
      <trkpt lat="35.81167995929718" lon="-121.36409997940063">
        <ele>109.22</ele>
      </trkpt>
      <trkpt lat="35.81167995929718" lon="-121.36397995054722">
        <ele>109.59</ele>
      </trkpt>
      <trkpt lat="35.81167995929718" lon="-121.36384994722903">
        <ele>109.98</ele>
      </trkpt>
      <trkpt lat="35.8116599265486" lon="-121.36371994391084">
        <ele>110.35</ele>
      </trkpt>
      <trkpt lat="35.8116099704057" lon="-121.36340998113155">
        <ele>110.57</ele>
      </trkpt>
      <trkpt lat="35.81157987937331" lon="-121.36318953707814">
        <ele>110.91</ele>
      </trkpt>
      <trkpt lat="35.81154995597899" lon="-121.36296993121505">
        <ele>111.34</ele>
      </trkpt>
      <trkpt lat="35.81154995597899" lon="-121.36287999339402">
        <ele>111.82</ele>
      </trkpt>
      <trkpt lat="35.811539981514215" lon="-121.36277999728918">
        <ele>112.28</ele>
      </trkpt>
      <trkpt lat="35.81152992323041" lon="-121.36265996843576">
        <ele>112.74</ele>
      </trkpt>
      <trkpt lat="35.811539981514215" lon="-121.36254999786615">
        <ele>113.21</ele>
      </trkpt>
      <trkpt lat="35.81154995597899" lon="-121.36243994347751">
        <ele>113.69</ele>
      </trkpt>
      <trkpt lat="35.811579963192344" lon="-121.36227993294597">
        <ele>114.17</ele>
      </trkpt>
      <trkpt lat="35.81158993765712" lon="-121.36221991851926">
        <ele>114.6</ele>
      </trkpt>
      <trkpt lat="35.8116099704057" lon="-121.36218999512494">
        <ele>115.04</ele>
      </trkpt>
      <trkpt lat="35.8116099704057" lon="-121.36217993684113">
        <ele>115.44</ele>
      </trkpt>
      <trkpt lat="35.811629919335246" lon="-121.362139955163">
        <ele>115.85</ele>
      </trkpt>
      <trkpt lat="35.811669984832406" lon="-121.3620899990201">
        <ele>116.25</ele>
      </trkpt>
      <trkpt lat="35.81175992265344" lon="-121.36198991909623">
        <ele>116.68</ele>
      </trkpt>
      <trkpt lat="35.81187995150685" lon="-121.3618899229914">
        <ele>117.12</ele>
      </trkpt>
      <trkpt lat="35.81188992597163" lon="-121.3618899229914">
        <ele>117.43</ele>
      </trkpt>
      <trkpt lat="35.811989922076464" lon="-121.36181993409991">
        <ele>117.77</ele>
      </trkpt>
      <trkpt lat="35.8120399620384" lon="-121.36179998517036">
        <ele>118.07</ele>
      </trkpt>
      <trkpt lat="35.812079943716526" lon="-121.36177995242178">
        <ele>118.31</ele>
      </trkpt>
      <trkpt lat="35.81220994703472" lon="-121.36173997074366">
        <ele>118.47</ele>
      </trkpt>
      <trkpt lat="35.81223995424807" lon="-121.36172999627888">
        <ele>118.6</ele>
      </trkpt>
      <trkpt lat="35.81231991760433" lon="-121.3617099635303">
        <ele>118.67</ele>
      </trkpt>
      <trkpt lat="35.81247992813587" lon="-121.36167995631695">
        <ele>118.68</ele>
      </trkpt>
      <trkpt lat="35.81273993477225" lon="-121.36160996742547">
        <ele>118.59</ele>
      </trkpt>
      <trkpt lat="35.81296993419528" lon="-121.36150997132063">
        <ele>118.59</ele>
      </trkpt>
      <trkpt lat="35.81315995194018" lon="-121.36141994968057">
        <ele>118.67</ele>
      </trkpt>
      <trkpt lat="35.813449965789914" lon="-121.3612799718976">
        <ele>118.78</ele>
      </trkpt>
      <trkpt lat="35.813579969108105" lon="-121.3612199574709">
        <ele>118.65</ele>
      </trkpt>
      <trkpt lat="35.81366999074817" lon="-121.36117997579277">
        <ele>118.45</ele>
      </trkpt>
      <trkpt lat="35.81374995410442" lon="-121.36112993583083">
        <ele>118.18</ele>
      </trkpt>
      <trkpt lat="35.81380996853113" lon="-121.36107997968793">
        <ele>117.85</ele>
      </trkpt>
      <trkpt lat="35.813899990171194" lon="-121.36099993251264">
        <ele>117.48</ele>
      </trkpt>
      <trkpt lat="35.814009960740805" lon="-121.3608399219811">
        <ele>116.96</ele>
      </trkpt>
      <trkpt lat="35.81410995684564" lon="-121.36064998805523">
        <ele>116.37</ele>
      </trkpt>
      <trkpt lat="35.81416997127235" lon="-121.36052995920181">
        <ele>115.79</ele>
      </trkpt>
      <trkpt lat="35.81425999291241" lon="-121.36038998141885">
        <ele>115.21</ele>
      </trkpt>
      <trkpt lat="35.81434993073344" lon="-121.36025997810066">
        <ele>114.63</ele>
      </trkpt>
      <trkpt lat="35.81448999233544" lon="-121.36008999310434">
        <ele>114.07</ele>
      </trkpt>
      <trkpt lat="35.81468998454511" lon="-121.35990994982421">
        <ele>113.52</ele>
      </trkpt>
      <trkpt lat="35.814739940688014" lon="-121.35986996814609">
        <ele>112.85</ele>
      </trkpt>
      <trkpt lat="35.814869944006205" lon="-121.35975999757648">
        <ele>112.16</ele>
      </trkpt>
      <trkpt lat="35.815029703080654" lon="-121.3596501108259">
        <ele>111.46</ele>
      </trkpt>
      <trkpt lat="35.815189965069294" lon="-121.35953997261822">
        <ele>110.73</ele>
      </trkpt>
      <trkpt lat="35.81519993953407" lon="-121.35952999815345">
        <ele>109.88</ele>
      </trkpt>
      <trkpt lat="35.81535995006561" lon="-121.3594199437648">
        <ele>109.09</ele>
      </trkpt>
      <trkpt lat="35.81539993174374" lon="-121.35938993655145">
        <ele>108.19</ele>
      </trkpt>
      <trkpt lat="35.81550998613238" lon="-121.3593099731952">
        <ele>107.21</ele>
      </trkpt>
      <trkpt lat="35.81552993506193" lon="-121.35928994044662">
        <ele>106.2</ele>
      </trkpt>
      <trkpt lat="35.81560998223722" lon="-121.3592299260199">
        <ele>105.13</ele>
      </trkpt>
      <trkpt lat="35.81565993838012" lon="-121.35913998819888">
        <ele>103.96</ele>
      </trkpt>
      <trkpt lat="35.8156799711287" lon="-121.35908994823694">
        <ele>102.82</ele>
      </trkpt>
      <trkpt lat="35.815709978342056" lon="-121.35902993381023">
        <ele>101.65</ele>
      </trkpt>
      <trkpt lat="35.815709978342056" lon="-121.35897997766733">
        <ele>100.46</ele>
      </trkpt>
      <trkpt lat="35.81571995280683" lon="-121.35894997045398">
        <ele>99.29</ele>
      </trkpt>
      <trkpt lat="35.815709978342056" lon="-121.35890998877585">
        <ele>98.08</ele>
      </trkpt>
      <trkpt lat="35.815689945593476" lon="-121.35878995992243">
        <ele>96.75</ele>
      </trkpt>
      <trkpt lat="35.81566999666393" lon="-121.3587399199605">
        <ele>95.53</ele>
      </trkpt>
      <trkpt lat="35.81564996391535" lon="-121.35869993828237">
        <ele>94.32</ele>
      </trkpt>
      <trkpt lat="35.815619956701994" lon="-121.35865995660424">
        <ele>93.09</ele>
      </trkpt>
      <trkpt lat="35.81558994948864" lon="-121.35862994939089">
        <ele>91.86</ele>
      </trkpt>
      <trkpt lat="35.815559942275286" lon="-121.35859994217753">
        <ele>90.64</ele>
      </trkpt>
      <trkpt lat="35.81551996059716" lon="-121.35857999324799">
        <ele>89.43</ele>
      </trkpt>
      <trkpt lat="35.8154899533838" lon="-121.35856993496418">
        <ele>88.26</ele>
      </trkpt>
      <trkpt lat="35.81546992063522" lon="-121.35856993496418">
        <ele>87.14</ele>
      </trkpt>
      <trkpt lat="35.8154399972409" lon="-121.3585599604994">
        <ele>86.02</ele>
      </trkpt>
      <trkpt lat="35.81539993174374" lon="-121.35854998603463">
        <ele>84.96</ele>
      </trkpt>
      <trkpt lat="35.81535995006561" lon="-121.35854998603463">
        <ele>83.94</ele>
      </trkpt>
      <trkpt lat="35.815299935638905" lon="-121.3585599604994">
        <ele>82.96</ele>
      </trkpt>
      <trkpt lat="35.815239921212196" lon="-121.35857999324799">
        <ele>82.02</ele>
      </trkpt>
      <trkpt lat="35.815189965069294" lon="-121.35860991664231">
        <ele>81.12</ele>
      </trkpt>
      <trkpt lat="35.81513992510736" lon="-121.35864998213947">
        <ele>80.24</ele>
      </trkpt>
      <trkpt lat="35.815109917894006" lon="-121.35867998935282">
        <ele>79.41</ele>
      </trkpt>
      <trkpt lat="35.81506993621588" lon="-121.35870999656618">
        <ele>78.62</ele>
      </trkpt>
      <trkpt lat="35.815019980072975" lon="-121.3587499782443">
        <ele>77.87</ele>
      </trkpt>
      <trkpt lat="35.81495996564627" lon="-121.35878995992243">
        <ele>77.16</ele>
      </trkpt>
      <trkpt lat="35.81494999118149" lon="-121.35878995992243">
        <ele>76.54</ele>
      </trkpt>
      <trkpt lat="35.81492995843291" lon="-121.3587999343872">
        <ele>75.98</ele>
      </trkpt>
      <trkpt lat="35.81489995121956" lon="-121.35880999267101">
        <ele>75.46</ele>
      </trkpt>
      <trkpt lat="35.81485996954143" lon="-121.35882994160056">
        <ele>75.03</ele>
      </trkpt>
      <trkpt lat="35.814809929579496" lon="-121.35883999988437">
        <ele>74.67</ele>
      </trkpt>
      <trkpt lat="35.81477992236614" lon="-121.35884997434914">
        <ele>74.37</ele>
      </trkpt>
      <trkpt lat="35.81476994790137" lon="-121.35884997434914">
        <ele>74.12</ele>
      </trkpt>
      <trkpt lat="35.814679926261306" lon="-121.35886992327869">
        <ele>73.95</ele>
      </trkpt>
      <trkpt lat="35.81461999565363" lon="-121.3588799815625">
        <ele>73.84</ele>
      </trkpt>
      <trkpt lat="35.81459996290505" lon="-121.3588799815625">
        <ele>73.76</ele>
      </trkpt>
      <trkpt lat="35.81452997401357" lon="-121.35888995602727">
        <ele>73.71</ele>
      </trkpt>
      <trkpt lat="35.81444992683828" lon="-121.35888995602727">
        <ele>73.81</ele>
      </trkpt>
      <trkpt lat="35.814419919624925" lon="-121.35888995602727">
        <ele>73.95</ele>
      </trkpt>
      <trkpt lat="35.814309949055314" lon="-121.35889993049204">
        <ele>74.14</ele>
      </trkpt>
      <trkpt lat="35.81423996016383" lon="-121.35889993049204">
        <ele>74.38</ele>
      </trkpt>
      <trkpt lat="35.81405991688371" lon="-121.35888995602727">
        <ele>74.76</ele>
      </trkpt>
      <trkpt lat="35.8139499463141" lon="-121.3588799815625">
        <ele>75.13</ele>
      </trkpt>
      <trkpt lat="35.813879957422614" lon="-121.3588799815625">
        <ele>75.56</ele>
      </trkpt>
      <trkpt lat="35.81363998353481" lon="-121.35886992327869">
        <ele>76.11</ele>
      </trkpt>
      <trkpt lat="35.813429933041334" lon="-121.35885994881392">
        <ele>76.75</ele>
      </trkpt>
      <trkpt lat="35.8133399952203" lon="-121.35884997434914">
        <ele>77.38</ele>
      </trkpt>
      <trkpt lat="35.81323999911547" lon="-121.35882994160056">
        <ele>78.09</ele>
      </trkpt>
      <trkpt lat="35.81316992640495" lon="-121.35881996713579">
        <ele>78.82</ele>
      </trkpt>
      <trkpt lat="35.81298996694386" lon="-121.35877998545766">
        <ele>79.69</ele>
      </trkpt>
      <trkpt lat="35.812889970839024" lon="-121.35875995270908">
        <ele>80.43</ele>
      </trkpt>
      <trkpt lat="35.812809923663735" lon="-121.3587499782443">
        <ele>81.17</ele>
      </trkpt>
      <trkpt lat="35.81262996420264" lon="-121.35870999656618">
        <ele>81.96</ele>
      </trkpt>
      <trkpt lat="35.81261998973787" lon="-121.35870999656618">
        <ele>82.84</ele>
      </trkpt>
      <trkpt lat="35.81238999031484" lon="-121.3586899638176">
        <ele>83.64</ele>
      </trkpt>
      <trkpt lat="35.812269961461425" lon="-121.35866993106902">
        <ele>84.74</ele>
      </trkpt>
      <trkpt lat="35.81218999810517" lon="-121.35865995660424">
        <ele>85.76</ele>
      </trkpt>
      <trkpt lat="35.812139958143234" lon="-121.35864998213947">
        <ele>86.79</ele>
      </trkpt>
      <trkpt lat="35.81199998036027" lon="-121.35861997492611">
        <ele>87.89</ele>
      </trkpt>
      <trkpt lat="35.81192999146879" lon="-121.35860991664231">
        <ele>88.96</ele>
      </trkpt>
      <trkpt lat="35.81185991875827" lon="-121.35859994217753">
        <ele>90.05</ele>
      </trkpt>
      <trkpt lat="35.81176998093724" lon="-121.35860991664231">
        <ele>91.23</ele>
      </trkpt>
      <trkpt lat="35.81173997372389" lon="-121.35861997492611">
        <ele>92.37</ele>
      </trkpt>
      <trkpt lat="35.81167995929718" lon="-121.35862994939089">
        <ele>93.56</ele>
      </trkpt>
      <trkpt lat="35.8116099704057" lon="-121.35865995660424">
        <ele>94.74</ele>
      </trkpt>
      <trkpt lat="35.81156998872757" lon="-121.3586899638176">
        <ele>95.89</ele>
      </trkpt>
      <trkpt lat="35.811539981514215" lon="-121.35870999656618">
        <ele>97.02</ele>
      </trkpt>
      <trkpt lat="35.81147996708751" lon="-121.35875995270908">
        <ele>98.13</ele>
      </trkpt>
      <trkpt lat="35.8114199526608" lon="-121.35880999267101">
        <ele>99.24</ele>
      </trkpt>
      <trkpt lat="35.8113699965179" lon="-121.35885994881392">
        <ele>100.32</ele>
      </trkpt>
      <trkpt lat="35.81132993102074" lon="-121.35888995602727">
        <ele>101.41</ele>
      </trkpt>
      <trkpt lat="35.81126991659403" lon="-121.35890998877585">
        <ele>102.52</ele>
      </trkpt>
      <trkpt lat="35.811199927702546" lon="-121.35891996324062">
        <ele>103.64</ele>
      </trkpt>
      <trkpt lat="35.811149971559644" lon="-121.35891996324062">
        <ele>104.74</ele>
      </trkpt>
      <trkpt lat="35.811069924384356" lon="-121.35891996324062">
        <ele>105.85</ele>
      </trkpt>
      <trkpt lat="35.81096992827952" lon="-121.3589299377054">
        <ele>106.94</ele>
      </trkpt>
      <trkpt lat="35.81090999767184" lon="-121.3589399959892">
        <ele>108.01</ele>
      </trkpt>
      <trkpt lat="35.81085995770991" lon="-121.35894997045398">
        <ele>109.04</ele>
      </trkpt>
      <trkpt lat="35.810769936069846" lon="-121.3589899521321">
        <ele>110.02</ele>
      </trkpt>
      <trkpt lat="35.81064999103546" lon="-121.35904996655881">
        <ele>111.01</ele>
      </trkpt>
      <trkpt lat="35.81053993664682" lon="-121.35913998819888">
        <ele>111.92</ele>
      </trkpt>
      <trkpt lat="35.810359977185726" lon="-121.35929999873042">
        <ele>112.8</ele>
      </trkpt>
      <trkpt lat="35.81027993001044" lon="-121.3593599293381">
        <ele>113.66</ele>
      </trkpt>
      <trkpt lat="35.81021999940276" lon="-121.3594199437648">
        <ele>114.46</ele>
      </trkpt>
      <trkpt lat="35.8101299777627" lon="-121.35948993265629">
        <ele>115.27</ele>
      </trkpt>
      <trkpt lat="35.810079937800765" lon="-121.35951993986964">
        <ele>116.04</ele>
      </trkpt>
      <trkpt lat="35.809909952804446" lon="-121.3596599176526">
        <ele>116.87</ele>
      </trkpt>
      <trkpt lat="35.80984993837774" lon="-121.35971993207932">
        <ele>117.57</ele>
      </trkpt>
      <trkpt lat="35.80971993505955" lon="-121.35982998646796">
        <ele>118.33</ele>
      </trkpt>
      <trkpt lat="35.80960996448994" lon="-121.35996996425092">
        <ele>119.01</ele>
      </trkpt>
      <trkpt lat="35.80956998281181" lon="-121.36002997867763">
        <ele>119.55</ele>
      </trkpt>
      <trkpt lat="35.8095099683851" lon="-121.36012997478247">
        <ele>120.07</ele>
      </trkpt>
      <trkpt lat="35.80946998670697" lon="-121.36021999642253">
        <ele>120.5</ele>
      </trkpt>
      <trkpt lat="35.80946998670697" lon="-121.3602299708873">
        <ele>120.88</ele>
      </trkpt>
      <trkpt lat="35.80942992120981" lon="-121.36032996699214">
        <ele>121.16</ele>
      </trkpt>
      <trkpt lat="35.809389939531684" lon="-121.36045997031033">
        <ele>121.38</ele>
      </trkpt>
      <trkpt lat="35.809349957853556" lon="-121.3605999480933">
        <ele>121.42</ele>
      </trkpt>
      <trkpt lat="35.809329925104976" lon="-121.36062995530665">
        <ele>121.64</ele>
      </trkpt>
      <trkpt lat="35.80929991789162" lon="-121.36069994419813">
        <ele>121.73</ele>
      </trkpt>
      <trkpt lat="35.80925993621349" lon="-121.36075995862484">
        <ele>121.83</ele>
      </trkpt>
      <trkpt lat="35.80922992900014" lon="-121.3607899658382">
        <ele>121.99</ele>
      </trkpt>
      <trkpt lat="35.809219954535365" lon="-121.36079994030297">
        <ele>122.14</ele>
      </trkpt>
      <trkpt lat="35.80920998007059" lon="-121.36080999858677">
        <ele>122.29</ele>
      </trkpt>
      <trkpt lat="35.80917997285724" lon="-121.36082994751632">
        <ele>122.41</ele>
      </trkpt>
      <trkpt lat="35.80914996564388" lon="-121.3608399219811">
        <ele>122.54</ele>
      </trkpt>
      <trkpt lat="35.8091299328953" lon="-121.3608399219811">
        <ele>122.67</ele>
      </trkpt>
      <trkpt lat="35.80909992568195" lon="-121.3608399219811">
        <ele>122.8</ele>
      </trkpt>
      <trkpt lat="35.80905994400382" lon="-121.36082994751632">
        <ele>122.93</ele>
      </trkpt>
      <trkpt lat="35.80901996232569" lon="-121.36082994751632">
        <ele>123.06</ele>
      </trkpt>
      <trkpt lat="35.808959947898984" lon="-121.36080999858677">
        <ele>123.24</ele>
      </trkpt>
      <trkpt lat="35.80887998454273" lon="-121.36077999137342">
        <ele>123.43</ele>
      </trkpt>
      <trkpt lat="35.80879993736744" lon="-121.36073992587626">
        <ele>123.65</ele>
      </trkpt>
      <trkpt lat="35.80871997401118" lon="-121.36067999526858">
        <ele>123.77</ele>
      </trkpt>
      <trkpt lat="35.80868996679783" lon="-121.36065996252">
        <ele>123.9</ele>
      </trkpt>
      <trkpt lat="35.80860991962254" lon="-121.3605999480933">
        <ele>124.01</ele>
      </trkpt>
      <trkpt lat="35.80853993073106" lon="-121.36052995920181">
        <ele>124.17</ele>
      </trkpt>
      <trkpt lat="35.808489974588156" lon="-121.36044999584556">
        <ele>124.35</ele>
      </trkpt>
      <trkpt lat="35.8084599673748" lon="-121.36037992313504">
        <ele>124.55</ele>
      </trkpt>
      <trkpt lat="35.80843993462622" lon="-121.36034999974072">
        <ele>124.73</ele>
      </trkpt>
      <trkpt lat="35.80840992741287" lon="-121.36026995256543">
        <ele>124.98</ele>
      </trkpt>
      <trkpt lat="35.80838997848332" lon="-121.36017993092537">
        <ele>125.25</ele>
      </trkpt>
      <trkpt lat="35.80838997848332" lon="-121.36014992371202">
        <ele>125.47</ele>
      </trkpt>
      <trkpt lat="35.808359971269965" lon="-121.36004992760718">
        <ele>125.73</ele>
      </trkpt>
      <trkpt lat="35.808339938521385" lon="-121.35995998978615">
        <ele>125.98</ele>
      </trkpt>
      <trkpt lat="35.808339938521385" lon="-121.35994993150234">
        <ele>126.22</ele>
      </trkpt>
      <trkpt lat="35.80830993130803" lon="-121.35987994261086">
        <ele>126.48</ele>
      </trkpt>
      <trkpt lat="35.8082699496299" lon="-121.3597899209708">
        <ele>126.72</ele>
      </trkpt>
      <trkpt lat="35.80825997516513" lon="-121.35976997204125">
        <ele>126.99</ele>
      </trkpt>
      <trkpt lat="35.808229967951775" lon="-121.35971993207932">
        <ele>127.25</ele>
      </trkpt>
      <trkpt lat="35.808169953525066" lon="-121.35962999425828">
        <ele>127.51</ele>
      </trkpt>
      <trkpt lat="35.80810993909836" lon="-121.359549947083">
        <ele>127.8</ele>
      </trkpt>
      <trkpt lat="35.8080299757421" lon="-121.35946998372674">
        <ele>128.1</ele>
      </trkpt>
      <trkpt lat="35.80794992856681" lon="-121.35937996208668">
        <ele>128.41</ele>
      </trkpt>
      <trkpt lat="35.80786996521056" lon="-121.35926999151707">
        <ele>128.85</ele>
      </trkpt>
      <trkpt lat="35.80782998353243" lon="-121.35919991880655">
        <ele>129.31</ele>
      </trkpt>
      <trkpt lat="35.807799976319075" lon="-121.3591199554503">
        <ele>129.81</ele>
      </trkpt>
      <trkpt lat="35.80774993635714" lon="-121.35895994491875">
        <ele>130.38</ele>
      </trkpt>
      <trkpt lat="35.80768992193043" lon="-121.3587399199605">
        <ele>130.96</ele>
      </trkpt>
      <trkpt lat="35.807669973000884" lon="-121.35862994939089">
        <ele>131.47</ele>
      </trkpt>
      <trkpt lat="35.80761993303895" lon="-121.35846993885934">
        <ele>131.94</ele>
      </trkpt>
      <trkpt lat="35.807589925825596" lon="-121.35839994996786">
        <ele>132.41</ele>
      </trkpt>
      <trkpt lat="35.80756997689605" lon="-121.35835996828973">
        <ele>132.9</ele>
      </trkpt>
      <trkpt lat="35.80753996968269" lon="-121.3583099283278">
        <ele>133.4</ele>
      </trkpt>
      <trkpt lat="35.80752999521792" lon="-121.35828997939825">
        <ele>133.94</ele>
      </trkpt>
      <trkpt lat="35.80750996246934" lon="-121.35826994664967">
        <ele>134.49</ele>
      </trkpt>
      <trkpt lat="35.80746998079121" lon="-121.35821999050677">
        <ele>135.02</ele>
      </trkpt>
      <trkpt lat="35.80744994804263" lon="-121.35819995775819">
        <ele>135.61</ele>
      </trkpt>
      <trkpt lat="35.8074099663645" lon="-121.35813994333148">
        <ele>136.22</ele>
      </trkpt>
      <trkpt lat="35.80739999189973" lon="-121.3581299688667">
        <ele>136.86</ele>
      </trkpt>
      <trkpt lat="35.80733997747302" lon="-121.35802997276187">
        <ele>137.49</ele>
      </trkpt>
      <trkpt lat="35.80729999579489" lon="-121.3579399511218">
        <ele>138.24</ele>
      </trkpt>
      <trkpt lat="35.80727996304631" lon="-121.35789996944368">
        <ele>138.99</ele>
      </trkpt>
      <trkpt lat="35.807159934192896" lon="-121.35767994448543">
        <ele>139.82</ele>
      </trkpt>
      <trkpt lat="35.80709991976619" lon="-121.35756997391582">
        <ele>140.6</ele>
      </trkpt>
      <trkpt lat="35.80708994530141" lon="-121.35755999945104">
        <ele>141.38</ele>
      </trkpt>
      <trkpt lat="35.807049963623285" lon="-121.35745991952717">
        <ele>142.22</ele>
      </trkpt>
      <trkpt lat="35.80700998194516" lon="-121.35737995617092">
        <ele>143.09</ele>
      </trkpt>
      <trkpt lat="35.80698994919658" lon="-121.35733997449279">
        <ele>143.99</ele>
      </trkpt>
      <trkpt lat="35.80694996751845" lon="-121.3572099711746">
        <ele>144.98</ele>
      </trkpt>
      <trkpt lat="35.806899927556515" lon="-121.35705993510783">
        <ele>145.92</ele>
      </trkpt>
      <trkpt lat="35.80685994587839" lon="-121.3569699972868">
        <ele>146.85</ele>
      </trkpt>
      <trkpt lat="35.80682993866503" lon="-121.35690998286009">
        <ele>147.78</ele>
      </trkpt>
      <trkpt lat="35.806809989735484" lon="-121.35686991736293">
        <ele>148.7</ele>
      </trkpt>
      <trkpt lat="35.806769924238324" lon="-121.35681996122003">
        <ele>149.6</ele>
      </trkpt>
      <trkpt lat="35.80670999363065" lon="-121.35674997232854">
        <ele>150.48</ele>
      </trkpt>
      <trkpt lat="35.80666992813349" lon="-121.35670999065042">
        <ele>151.45</ele>
      </trkpt>
      <trkpt lat="35.80660999752581" lon="-121.35666992515326">
        <ele>152.46</ele>
      </trkpt>
      <trkpt lat="35.8065499830991" lon="-121.35661996901035">
        <ele>153.48</ele>
      </trkpt>
      <trkpt lat="35.80643992871046" lon="-121.35654998011887">
        <ele>154.59</ele>
      </trkpt>
      <trkpt lat="35.806359965354204" lon="-121.35650999844074">
        <ele>155.65</ele>
      </trkpt>
      <trkpt lat="35.806319983676076" lon="-121.35646993294358">
        <ele>156.68</ele>
      </trkpt>
      <trkpt lat="35.806209929287434" lon="-121.35635996237397">
        <ele>157.75</ele>
      </trkpt>
      <trkpt lat="35.80613994039595" lon="-121.35623993352056">
        <ele>158.84</ele>
      </trkpt>
      <trkpt lat="35.8061099331826" lon="-121.35613993741572">
        <ele>159.92</ele>
      </trkpt>
      <trkpt lat="35.80606995150447" lon="-121.35599995963275">
        <ele>160.98</ele>
      </trkpt>
      <trkpt lat="35.806039944291115" lon="-121.35584992356598">
        <ele>162.04</ele>
      </trkpt>
      <trkpt lat="35.80600993707776" lon="-121.35567993856966">
        <ele>163.09</ele>
      </trkpt>
      <trkpt lat="35.80594992265105" lon="-121.35546997189522">
        <ele>164.05</ele>
      </trkpt>
      <trkpt lat="35.80591999925673" lon="-121.35530996136367">
        <ele>164.99</ele>
      </trkpt>
      <trkpt lat="35.805909940972924" lon="-121.35518993251026">
        <ele>165.99</ele>
      </trkpt>
      <trkpt lat="35.80589996650815" lon="-121.355109969154">
        <ele>166.96</ele>
      </trkpt>
      <trkpt lat="35.80589996650815" lon="-121.35502992197871">
        <ele>167.93</ele>
      </trkpt>
      <trkpt lat="35.805909940972924" lon="-121.3548699952662">
        <ele>168.91</ele>
      </trkpt>
      <trkpt lat="35.805909940972924" lon="-121.35483998805285">
        <ele>169.86</ele>
      </trkpt>
      <trkpt lat="35.805929973721504" lon="-121.35464997030795">
        <ele>170.87</ele>
      </trkpt>
      <trkpt lat="35.805929973721504" lon="-121.35463999584317">
        <ele>171.8</ele>
      </trkpt>
      <trkpt lat="35.80594992265105" lon="-121.35438996367157">
        <ele>172.87</ele>
      </trkpt>
      <trkpt lat="35.80596995539963" lon="-121.35404999367893">
        <ele>173.87</ele>
      </trkpt>
      <trkpt lat="35.80597992986441" lon="-121.35390993207693">
        <ele>174.83</ele>
      </trkpt>
      <trkpt lat="35.80597992986441" lon="-121.35372997261584">
        <ele>175.76</ele>
      </trkpt>
      <trkpt lat="35.80597992986441" lon="-121.35359996929765">
        <ele>176.66</ele>
      </trkpt>
      <trkpt lat="35.80596995539963" lon="-121.35347994044423">
        <ele>177.54</ele>
      </trkpt>
      <trkpt lat="35.80594992265105" lon="-121.3533799443394">
        <ele>178.4</ele>
      </trkpt>
      <trkpt lat="35.80591999925673" lon="-121.35329998098314">
        <ele>179.24</ele>
      </trkpt>
      <trkpt lat="35.805889992043376" lon="-121.35322999209166">
        <ele>180.09</ele>
      </trkpt>
      <trkpt lat="35.805849926546216" lon="-121.3531399704516">
        <ele>180.95</ele>
      </trkpt>
      <trkpt lat="35.805849926546216" lon="-121.35312999598682">
        <ele>181.81</ele>
      </trkpt>
      <trkpt lat="35.80580994486809" lon="-121.35306998156011">
        <ele>182.67</ele>
      </trkpt>
      <trkpt lat="35.805759988725185" lon="-121.35298993438482">
        <ele>183.54</ele>
      </trkpt>
      <trkpt lat="35.8056899998337" lon="-121.35288993827999">
        <ele>184.39</ele>
      </trkpt>
      <trkpt lat="35.80557994544506" lon="-121.35277996771038">
        <ele>185.18</ele>
      </trkpt>
      <trkpt lat="35.80546997487545" lon="-121.35266999714077">
        <ele>185.96</ele>
      </trkpt>
      <trkpt lat="35.805439967662096" lon="-121.35263998992741">
        <ele>186.81</ele>
      </trkpt>
      <trkpt lat="35.80529998987913" lon="-121.35249992832541">
        <ele>187.68</ele>
      </trkpt>
      <trkpt lat="35.80521994270384" lon="-121.35242993943393">
        <ele>188.53</ele>
      </trkpt>
      <trkpt lat="35.805179961025715" lon="-121.35239993222058">
        <ele>189.39</ele>
      </trkpt>
      <trkpt lat="35.80512992106378" lon="-121.35236992500722">
        <ele>190.3</ele>
      </trkpt>
      <trkpt lat="35.805069990456104" lon="-121.35234997607768">
        <ele>191.2</ele>
      </trkpt>
      <trkpt lat="35.805009976029396" lon="-121.35233991779387">
        <ele>192.1</ele>
      </trkpt>
      <trkpt lat="35.804989943280816" lon="-121.3523299433291">
        <ele>193.02</ele>
      </trkpt>
      <trkpt lat="35.80484996549785" lon="-121.3523299433291">
        <ele>193.91</ele>
      </trkpt>
      <trkpt lat="35.80482993274927" lon="-121.3523299433291">
        <ele>194.84</ele>
      </trkpt>
      <trkpt lat="35.80471996217966" lon="-121.35231996886432">
        <ele>195.78</ele>
      </trkpt>
      <trkpt lat="35.80465994775295" lon="-121.35230999439955">
        <ele>196.73</ele>
      </trkpt>
      <trkpt lat="35.80458995886147" lon="-121.35229993611574">
        <ele>197.69</ele>
      </trkpt>
      <trkpt lat="35.80452994443476" lon="-121.3522799871862">
        <ele>198.68</ele>
      </trkpt>
      <trkpt lat="35.804489962756634" lon="-121.35224997997284">
        <ele>199.69</ele>
      </trkpt>
      <trkpt lat="35.80445995554328" lon="-121.35222994722426">
        <ele>200.71</ele>
      </trkpt>
      <trkpt lat="35.80436993390322" lon="-121.35216993279755">
        <ele>201.76</ele>
      </trkpt>
      <trkpt lat="35.804319977760315" lon="-121.3521399255842">
        <ele>202.79</ele>
      </trkpt>
      <trkpt lat="35.804169941693544" lon="-121.35201998054981">
        <ele>203.9</ele>
      </trkpt>
      <trkpt lat="35.80392996780574" lon="-121.35181998834014">
        <ele>205.02</ele>
      </trkpt>
      <trkpt lat="35.803869953379035" lon="-121.35177992284298">
        <ele>206.02</ele>
      </trkpt>
      <trkpt lat="35.80374992452562" lon="-121.35168998502195">
        <ele>207.06</ele>
      </trkpt>
      <trkpt lat="35.803719917312264" lon="-121.3516599778086">
        <ele>208.09</ele>
      </trkpt>
      <trkpt lat="35.80366996116936" lon="-121.35161999613047">
        <ele>209.11</ele>
      </trkpt>
      <trkpt lat="35.80361992120743" lon="-121.35156995616853">
        <ele>210.15</ele>
      </trkpt>
      <trkpt lat="35.8035799395293" lon="-121.3515199162066">
        <ele>211.19</ele>
      </trkpt>
      <trkpt lat="35.803569965064526" lon="-121.35150994174182">
        <ele>212.14</ele>
      </trkpt>
      <trkpt lat="35.80353995785117" lon="-121.35145998559892">
        <ele>213.15</ele>
      </trkpt>
      <trkpt lat="35.80351992510259" lon="-121.35138999670744">
        <ele>214.19</ele>
      </trkpt>
      <trkpt lat="35.80350995063782" lon="-121.3513399567455">
        <ele>215.15</ele>
      </trkpt>
      <trkpt lat="35.80350995063782" lon="-121.35131992399693">
        <ele>216.03</ele>
      </trkpt>
      <trkpt lat="35.80349997617304" lon="-121.3512799423188">
        <ele>216.87</ele>
      </trkpt>
      <trkpt lat="35.80349997617304" lon="-121.35121992789209">
        <ele>217.69</ele>
      </trkpt>
      <trkpt lat="35.80350995063782" lon="-121.35116997174919">
        <ele>218.45</ele>
      </trkpt>
      <trkpt lat="35.8035299833864" lon="-121.3510999828577">
        <ele>219.2</ele>
      </trkpt>
      <trkpt lat="35.803549932315946" lon="-121.35104994289577">
        <ele>219.87</ele>
      </trkpt>
      <trkpt lat="35.803629979491234" lon="-121.35089999064803">
        <ele>220.47</ele>
      </trkpt>
      <trkpt lat="35.803719917312264" lon="-121.35072992183268">
        <ele>220.96</ele>
      </trkpt>
      <trkpt lat="35.803739950060844" lon="-121.35070997290313">
        <ele>221.44</ele>
      </trkpt>
      <trkpt lat="35.80379996448755" lon="-121.35055993683636">
        <ele>221.86</ele>
      </trkpt>
      <trkpt lat="35.80380993895233" lon="-121.35053998790681">
        <ele>222.25</ele>
      </trkpt>
      <trkpt lat="35.80390993505716" lon="-121.35035994462669">
        <ele>222.61</ele>
      </trkpt>
      <trkpt lat="35.80391999334097" lon="-121.35035994462669">
        <ele>222.9</ele>
      </trkpt>
      <trkpt lat="35.803979923948646" lon="-121.35025994852185">
        <ele>223.13</ele>
      </trkpt>
      <trkpt lat="35.80407992005348" lon="-121.35011997073889">
        <ele>223.35</ele>
      </trkpt>
      <trkpt lat="35.80411998555064" lon="-121.3500499818474">
        <ele>223.47</ele>
      </trkpt>
      <trkpt lat="35.804129960015416" lon="-121.35000991635025">
        <ele>223.51</ele>
      </trkpt>
      <trkpt lat="35.80413993448019" lon="-121.34999994188547">
        <ele>223.5</ele>
      </trkpt>
      <trkpt lat="35.80415996722877" lon="-121.34994998574257">
        <ele>223.43</ele>
      </trkpt>
      <trkpt lat="35.80415996722877" lon="-121.34990992024541">
        <ele>223.27</ele>
      </trkpt>
      <trkpt lat="35.804169941693544" lon="-121.3498599641025">
        <ele>223.06</ele>
      </trkpt>
      <trkpt lat="35.80415996722877" lon="-121.34982995688915">
        <ele>222.78</ele>
      </trkpt>
      <trkpt lat="35.80415996722877" lon="-121.34978997521102">
        <ele>222.46</ele>
      </trkpt>
      <trkpt lat="35.80415996722877" lon="-121.34977991692722">
        <ele>222.1</ele>
      </trkpt>
      <trkpt lat="35.804149992763996" lon="-121.34972996078432">
        <ele>221.64</ele>
      </trkpt>
      <trkpt lat="35.80413993448019" lon="-121.34970992803574">
        <ele>221.16</ele>
      </trkpt>
      <trkpt lat="35.804129960015416" lon="-121.34966994635761">
        <ele>220.63</ele>
      </trkpt>
      <trkpt lat="35.804109927266836" lon="-121.34963993914425">
        <ele>220.05</ele>
      </trkpt>
      <trkpt lat="35.80408997833729" lon="-121.3496199902147">
        <ele>219.44</ele>
      </trkpt>
      <trkpt lat="35.80407992005348" lon="-121.34959995746613">
        <ele>218.84</ele>
      </trkpt>
      <trkpt lat="35.80406994558871" lon="-121.34957992471755">
        <ele>218.2</ele>
      </trkpt>
      <trkpt lat="35.804039938375354" lon="-121.34954991750419">
        <ele>217.51</ele>
      </trkpt>
      <trkpt lat="35.804009931162" lon="-121.34951999410987">
        <ele>216.79</ele>
      </trkpt>
      <trkpt lat="35.80396994948387" lon="-121.34949996136129">
        <ele>216.03</ele>
      </trkpt>
      <trkpt lat="35.80393994227052" lon="-121.34948998689651">
        <ele>215.26</ele>
      </trkpt>
      <trkpt lat="35.80392996780574" lon="-121.34948998689651">
        <ele>214.5</ele>
      </trkpt>
      <trkpt lat="35.80390993505716" lon="-121.34947992861271">
        <ele>213.73</ele>
      </trkpt>
      <trkpt lat="35.803849920630455" lon="-121.34946995414793">
        <ele>212.93</ele>
      </trkpt>
      <trkpt lat="35.80381999723613" lon="-121.34947992861271">
        <ele>212.12</ele>
      </trkpt>
      <trkpt lat="35.803759982809424" lon="-121.34948998689651">
        <ele>211.26</ele>
      </trkpt>
      <trkpt lat="35.80374992452562" lon="-121.34948998689651">
        <ele>210.44</ele>
      </trkpt>
      <trkpt lat="35.803699968382716" lon="-121.34949996136129">
        <ele>209.55</ele>
      </trkpt>
      <trkpt lat="35.80365998670459" lon="-121.34950993582606">
        <ele>208.68</ele>
      </trkpt>
      <trkpt lat="35.803609946742654" lon="-121.34950993582606">
        <ele>207.81</ele>
      </trkpt>
      <trkpt lat="35.803569965064526" lon="-121.34949996136129">
        <ele>206.97</ele>
      </trkpt>
      <trkpt lat="35.80355999059975" lon="-121.34949996136129">
        <ele>206.16</ele>
      </trkpt>
      <trkpt lat="35.80351992510259" lon="-121.34948998689651">
        <ele>205.35</ele>
      </trkpt>
      <trkpt lat="35.80346996895969" lon="-121.34946995414793">
        <ele>204.52</ele>
      </trkpt>
      <trkpt lat="35.80340995453298" lon="-121.34943994693458">
        <ele>203.71</ele>
      </trkpt>
      <trkpt lat="35.80339998006821" lon="-121.3494299724698">
        <ele>202.95</ele>
      </trkpt>
      <trkpt lat="35.80334994010627" lon="-121.34939996525645">
        <ele>202.17</ele>
      </trkpt>
      <trkpt lat="35.803309958428144" lon="-121.34935998357832">
        <ele>201.46</ele>
      </trkpt>
      <trkpt lat="35.80325991846621" lon="-121.34930994361639">
        <ele>200.74</ele>
      </trkpt>
      <trkpt lat="35.80320996232331" lon="-121.34924992918968">
        <ele>200.04</ele>
      </trkpt>
      <trkpt lat="35.80316998064518" lon="-121.34916996583343">
        <ele>199.42</ele>
      </trkpt>
      <trkpt lat="35.8031499478966" lon="-121.3491299841553">
        <ele>198.75</ele>
      </trkpt>
      <trkpt lat="35.803119940683246" lon="-121.34908991865814">
        <ele>198.05</ele>
      </trkpt>
      <trkpt lat="35.80307995900512" lon="-121.34903996251523">
        <ele>197.38</ele>
      </trkpt>
      <trkpt lat="35.80304995179176" lon="-121.34900995530188">
        <ele>196.7</ele>
      </trkpt>
      <trkpt lat="35.80301994457841" lon="-121.3489899225533">
        <ele>196.04</ele>
      </trkpt>
      <trkpt lat="35.80299999564886" lon="-121.34897994808853">
        <ele>195.39</ele>
      </trkpt>
      <trkpt lat="35.80297996290028" lon="-121.34896997362375">
        <ele>194.78</ele>
      </trkpt>
      <trkpt lat="35.80294995568693" lon="-121.34895999915898">
        <ele>194.16</ele>
      </trkpt>
      <trkpt lat="35.80291994847357" lon="-121.34895999915898">
        <ele>193.53</ele>
      </trkpt>
      <trkpt lat="35.802899999544024" lon="-121.34895999915898">
        <ele>192.93</ele>
      </trkpt>
      <trkpt lat="35.80286999233067" lon="-121.34895999915898">
        <ele>192.33</ele>
      </trkpt>
      <trkpt lat="35.802839985117316" lon="-121.34896997362375">
        <ele>191.74</ele>
      </trkpt>
      <trkpt lat="35.802839985117316" lon="-121.34897994808853">
        <ele>191.16</ele>
      </trkpt>
      <trkpt lat="35.80277997069061" lon="-121.3489999808371">
        <ele>190.56</ele>
      </trkpt>
      <trkpt lat="35.8027199562639" lon="-121.34902998805046">
        <ele>189.95</ele>
      </trkpt>
      <trkpt lat="35.80267997458577" lon="-121.34905999526381">
        <ele>189.38</ele>
      </trkpt>
      <trkpt lat="35.80267997458577" lon="-121.34906996972859">
        <ele>188.87</ele>
      </trkpt>
      <trkpt lat="35.80261996015906" lon="-121.34909997694194">
        <ele>188.35</ele>
      </trkpt>
      <trkpt lat="35.80258995294571" lon="-121.34911992587149">
        <ele>187.86</ele>
      </trkpt>
      <trkpt lat="35.802559945732355" lon="-121.3491299841553">
        <ele>187.42</ele>
      </trkpt>
      <trkpt lat="35.80253999680281" lon="-121.34913995862007">
        <ele>187.0</ele>
      </trkpt>
      <trkpt lat="35.80250998958945" lon="-121.34913995862007">
        <ele>186.61</ele>
      </trkpt>
      <trkpt lat="35.80248995684087" lon="-121.34914993308485">
        <ele>186.21</ele>
      </trkpt>
      <trkpt lat="35.80245994962752" lon="-121.34914993308485">
        <ele>185.86</ele>
      </trkpt>
      <trkpt lat="35.802429942414165" lon="-121.34914993308485">
        <ele>185.52</ele>
      </trkpt>
      <trkpt lat="35.802389960736036" lon="-121.34913995862007">
        <ele>185.24</ele>
      </trkpt>
      <trkpt lat="35.80235995352268" lon="-121.3491299841553">
        <ele>184.93</ele>
      </trkpt>
      <trkpt lat="35.802319971844554" lon="-121.34911992587149">
        <ele>184.62</ele>
      </trkpt>
      <trkpt lat="35.802259957417846" lon="-121.34908991865814">
        <ele>184.35</ele>
      </trkpt>
      <trkpt lat="35.80218996852636" lon="-121.34903996251523">
        <ele>184.1</ele>
      </trkpt>
      <trkpt lat="35.80216993577778" lon="-121.34902998805046">
        <ele>183.86</ele>
      </trkpt>
      <trkpt lat="35.80211997963488" lon="-121.3489999808371">
        <ele>183.65</ele>
      </trkpt>
      <trkpt lat="35.80202995799482" lon="-121.34894994087517">
        <ele>183.41</ele>
      </trkpt>
      <trkpt lat="35.80200992524624" lon="-121.34892999194562">
        <ele>183.23</ele>
      </trkpt>
      <trkpt lat="35.8019099291414" lon="-121.34886997751892">
        <ele>183.13</ele>
      </trkpt>
      <trkpt lat="35.80183994024992" lon="-121.34883997030556">
        <ele>183.0</ele>
      </trkpt>
      <trkpt lat="35.80177992582321" lon="-121.34880996309221">
        <ele>182.91</ele>
      </trkpt>
      <trkpt lat="35.801679929718375" lon="-121.34875992313027">
        <ele>182.81</ele>
      </trkpt>
      <trkpt lat="35.80165998078883" lon="-121.34875992313027">
        <ele>182.68</ele>
      </trkpt>
      <trkpt lat="35.80144993029535" lon="-121.34866998530924">
        <ele>182.6</ele>
      </trkpt>
      <trkpt lat="35.801379941403866" lon="-121.34862991981208">
        <ele>182.5</ele>
      </trkpt>
      <trkpt lat="35.80133995972574" lon="-121.34860997088253">
        <ele>182.41</ele>
      </trkpt>
      <trkpt lat="35.80132998526096" lon="-121.34860997088253">
        <ele>182.32</ele>
      </trkpt>
      <trkpt lat="35.80127994529903" lon="-121.3485699892044">
        <ele>182.26</ele>
      </trkpt>
      <trkpt lat="35.8012399636209" lon="-121.34853998199105">
        <ele>182.19</ele>
      </trkpt>
      <trkpt lat="35.80118992365897" lon="-121.34847996756434">
        <ele>182.13</ele>
      </trkpt>
      <trkpt lat="35.80115991644561" lon="-121.34843998588622">
        <ele>182.09</ele>
      </trkpt>
      <trkpt lat="35.801099985837936" lon="-121.34836999699473">
        <ele>182.05</ele>
      </trkpt>
      <trkpt lat="35.801029996946454" lon="-121.34827997535467">
        <ele>182.02</ele>
      </trkpt>
      <trkpt lat="35.80093997530639" lon="-121.34816992096603">
        <ele>181.99</ele>
      </trkpt>
      <trkpt lat="35.800929917022586" lon="-121.34814997203648">
        <ele>181.98</ele>
      </trkpt>
      <trkpt lat="35.800819946452975" lon="-121.34803991764784">
        <ele>181.97</ele>
      </trkpt>
      <trkpt lat="35.80072992481291" lon="-121.34796992875636">
        <ele>181.98</ele>
      </trkpt>
      <trkpt lat="35.80064996145666" lon="-121.34789993986487">
        <ele>181.96</ele>
      </trkpt>
      <trkpt lat="35.80054996535182" lon="-121.34782995097339">
        <ele>181.93</ele>
      </trkpt>
      <trkpt lat="35.80048995092511" lon="-121.34780991822481">
        <ele>181.94</ele>
      </trkpt>
      <trkpt lat="35.80041996203363" lon="-121.34776993654668">
        <ele>181.97</ele>
      </trkpt>
      <trkpt lat="35.80029993318021" lon="-121.34772995486856">
        <ele>181.97</ele>
      </trkpt>
      <trkpt lat="35.80019993707538" lon="-121.34770992211998">
        <ele>181.97</ele>
      </trkpt>
      <trkpt lat="35.800089966505766" lon="-121.34768997319043">
        <ele>182.02</ele>
      </trkpt>
      <trkpt lat="35.799979995936155" lon="-121.34768997319043">
        <ele>182.08</ele>
      </trkpt>
      <trkpt lat="35.799959963187575" lon="-121.34768997319043">
        <ele>182.16</ele>
      </trkpt>
      <trkpt lat="35.799849992617965" lon="-121.34768997319043">
        <ele>182.25</ele>
      </trkpt>
      <trkpt lat="35.79972996376455" lon="-121.34768997319043">
        <ele>182.33</ele>
      </trkpt>
      <trkpt lat="35.79959996044636" lon="-121.3476999476552">
        <ele>182.4</ele>
      </trkpt>
      <trkpt lat="35.79947993159294" lon="-121.34770992211998">
        <ele>182.52</ele>
      </trkpt>
      <trkpt lat="35.79933995380998" lon="-121.34772995486856">
        <ele>182.63</ele>
      </trkpt>
      <trkpt lat="35.79906997270882" lon="-121.34776993654668">
        <ele>182.81</ele>
      </trkpt>
      <trkpt lat="35.79905999824405" lon="-121.34776993654668">
        <ele>182.98</ele>
      </trkpt>
      <trkpt lat="35.79891993664205" lon="-121.34778996929526">
        <ele>183.16</ele>
      </trkpt>
      <trkpt lat="35.7988899294287" lon="-121.34778996929526">
        <ele>183.34</ele>
      </trkpt>
      <trkpt lat="35.79882999882102" lon="-121.34779994376004">
        <ele>183.53</ele>
      </trkpt>
      <trkpt lat="35.79876998439431" lon="-121.34779994376004">
        <ele>183.72</ele>
      </trkpt>
      <trkpt lat="35.79874995164573" lon="-121.34778996929526">
        <ele>183.94</ele>
      </trkpt>
      <trkpt lat="35.79871994443238" lon="-121.34777999483049">
        <ele>184.17</ele>
      </trkpt>
      <trkpt lat="35.798709969967604" lon="-121.34777999483049">
        <ele>184.4</ele>
      </trkpt>
      <trkpt lat="35.798689937219024" lon="-121.34776993654668">
        <ele>184.64</ele>
      </trkpt>
      <trkpt lat="35.798669988289475" lon="-121.34775996208191">
        <ele>184.89</ele>
      </trkpt>
      <trkpt lat="35.79863998107612" lon="-121.34773992933333">
        <ele>185.14</ele>
      </trkpt>
      <trkpt lat="35.79860997386277" lon="-121.34770992211998">
        <ele>185.4</ele>
      </trkpt>
      <trkpt lat="35.79859999939799" lon="-121.34768997319043">
        <ele>185.67</ele>
      </trkpt>
      <trkpt lat="35.79857996664941" lon="-121.34763993322849">
        <ele>185.94</ele>
      </trkpt>
      <trkpt lat="35.79856999218464" lon="-121.34760992601514">
        <ele>186.21</ele>
      </trkpt>
      <trkpt lat="35.79855993390083" lon="-121.34756994433701">
        <ele>186.47</ele>
      </trkpt>
      <trkpt lat="35.79854995943606" lon="-121.3475099299103">
        <ele>186.73</ele>
      </trkpt>
      <trkpt lat="35.79855993390083" lon="-121.34744999930263">
        <ele>187.01</ele>
      </trkpt>
      <trkpt lat="35.79856999218464" lon="-121.34737992659211">
        <ele>187.25</ele>
      </trkpt>
      <trkpt lat="35.79858994111419" lon="-121.34728998877108">
        <ele>187.47</ele>
      </trkpt>
      <trkpt lat="35.798629922792315" lon="-121.34716995991766">
        <ele>187.65</ele>
      </trkpt>
      <trkpt lat="35.798689937219024" lon="-121.3470199238509">
        <ele>187.85</ele>
      </trkpt>
      <trkpt lat="35.79869999550283" lon="-121.3470199238509">
        <ele>188.01</ele>
      </trkpt>
      <trkpt lat="35.798759926110506" lon="-121.3468899205327">
        <ele>188.18</ele>
      </trkpt>
      <trkpt lat="35.798799991607666" lon="-121.34679998271167">
        <ele>188.3</ele>
      </trkpt>
      <trkpt lat="35.79886998049915" lon="-121.34672999382019">
        <ele>188.42</ele>
      </trkpt>
      <trkpt lat="35.79892999492586" lon="-121.34667995385826">
        <ele>188.52</ele>
      </trkpt>
      <trkpt lat="35.79901993274689" lon="-121.34663997218013">
        <ele>188.63</ele>
      </trkpt>
      <trkpt lat="35.799099979922175" lon="-121.34660996496677">
        <ele>188.71</ele>
      </trkpt>
      <trkpt lat="35.799119928851724" lon="-121.346599990502">
        <ele>188.66</ele>
      </trkpt>
      <trkpt lat="35.799159994348884" lon="-121.34657995775342">
        <ele>188.58</ele>
      </trkpt>
      <trkpt lat="35.79917994327843" lon="-121.34656998328865">
        <ele>188.44</ele>
      </trkpt>
      <trkpt lat="35.799209950491786" lon="-121.34654995054007">
        <ele>188.25</ele>
      </trkpt>
      <trkpt lat="35.799229983240366" lon="-121.34651994332671">
        <ele>187.97</ele>
      </trkpt>
      <trkpt lat="35.799249932169914" lon="-121.34649999439716">
        <ele>187.66</ele>
      </trkpt>
      <trkpt lat="35.799269964918494" lon="-121.34647996164858">
        <ele>187.32</ele>
      </trkpt>
      <trkpt lat="35.79927993938327" lon="-121.3464599289">
        <ele>186.9</ele>
      </trkpt>
      <trkpt lat="35.79927993938327" lon="-121.34643997997046">
        <ele>186.44</ele>
      </trkpt>
      <trkpt lat="35.799289997667074" lon="-121.3464099727571">
        <ele>185.91</ele>
      </trkpt>
      <trkpt lat="35.799289997667074" lon="-121.34638994000852">
        <ele>185.34</ele>
      </trkpt>
      <trkpt lat="35.799289997667074" lon="-121.34635993279517">
        <ele>184.7</ele>
      </trkpt>
      <trkpt lat="35.799289997667074" lon="-121.34632992558181">
        <ele>184.04</ele>
      </trkpt>
      <trkpt lat="35.799289997667074" lon="-121.34629991836846">
        <ele>183.35</ele>
      </trkpt>
      <trkpt lat="35.79927993938327" lon="-121.34626999497414">
        <ele>182.62</ele>
      </trkpt>
      <trkpt lat="35.79925999045372" lon="-121.34623998776078">
        <ele>181.84</ele>
      </trkpt>
      <trkpt lat="35.799249932169914" lon="-121.34620998054743">
        <ele>181.03</ele>
      </trkpt>
      <trkpt lat="35.799229983240366" lon="-121.34619992226362">
        <ele>180.19</ele>
      </trkpt>
      <trkpt lat="35.799209950491786" lon="-121.34617997333407">
        <ele>179.3</ele>
      </trkpt>
      <trkpt lat="35.799189917743206" lon="-121.3461599405855">
        <ele>178.37</ele>
      </trkpt>
      <trkpt lat="35.79916996881366" lon="-121.34613999165595">
        <ele>177.39</ele>
      </trkpt>
      <trkpt lat="35.799159994348884" lon="-121.34613999165595">
        <ele>176.4</ele>
      </trkpt>
      <trkpt lat="35.79914993606508" lon="-121.34612993337214">
        <ele>175.38</ele>
      </trkpt>
      <trkpt lat="35.79908992163837" lon="-121.34610998444259">
        <ele>174.27</ele>
      </trkpt>
      <trkpt lat="35.79900995828211" lon="-121.34608995169401">
        <ele>173.1</ele>
      </trkpt>
      <trkpt lat="35.79893996939063" lon="-121.34607997722924">
        <ele>171.94</ele>
      </trkpt>
      <trkpt lat="35.79882999882102" lon="-121.34604997001588">
        <ele>170.73</ele>
      </trkpt>
      <trkpt lat="35.79867996275425" lon="-121.34603999555111">
        <ele>169.53</ele>
      </trkpt>
      <trkpt lat="35.798629922792315" lon="-121.34603999555111">
        <ele>168.38</ele>
      </trkpt>
      <trkpt lat="35.79854995943606" lon="-121.34603999555111">
        <ele>167.22</ele>
      </trkpt>
      <trkpt lat="35.79843998886645" lon="-121.34605994448066">
        <ele>166.04</ele>
      </trkpt>
      <trkpt lat="35.79833999276161" lon="-121.34609992615879">
        <ele>164.86</ele>
      </trkpt>
      <trkpt lat="35.798279978334904" lon="-121.34612993337214">
        <ele>163.68</ele>
      </trkpt>
      <trkpt lat="35.798199931159616" lon="-121.3461599405855">
        <ele>162.5</ele>
      </trkpt>
      <trkpt lat="35.79807998612523" lon="-121.34623998776078">
        <ele>161.28</ele>
      </trkpt>
      <trkpt lat="35.79798996448517" lon="-121.34631995111704">
        <ele>160.03</ele>
      </trkpt>
      <trkpt lat="35.79796993173659" lon="-121.34632992558181">
        <ele>158.86</ele>
      </trkpt>
      <trkpt lat="35.797809921205044" lon="-121.3464599289">
        <ele>157.66</ele>
      </trkpt>
      <trkpt lat="35.79768997617066" lon="-121.34654995054007">
        <ele>156.49</ele>
      </trkpt>
      <trkpt lat="35.797659968957305" lon="-121.34656998328865">
        <ele>155.34</ele>
      </trkpt>
      <trkpt lat="35.79758998006582" lon="-121.34662999771535">
        <ele>154.18</ele>
      </trkpt>
      <trkpt lat="35.797529965639114" lon="-121.34665992110968">
        <ele>153.06</ele>
      </trkpt>
      <trkpt lat="35.797469951212406" lon="-121.34669998660684">
        <ele>151.94</ele>
      </trkpt>
      <trkpt lat="35.797399962320924" lon="-121.34671993553638">
        <ele>150.88</ele>
      </trkpt>
      <trkpt lat="35.79732997342944" lon="-121.34674994274974">
        <ele>149.77</ele>
      </trkpt>
      <trkpt lat="35.79724992625415" lon="-121.34675991721451">
        <ele>148.68</ele>
      </trkpt>
      <trkpt lat="35.79718999564648" lon="-121.34675991721451">
        <ele>147.63</ele>
      </trkpt>
      <trkpt lat="35.79715998843312" lon="-121.34674994274974">
        <ele>146.63</ele>
      </trkpt>
      <trkpt lat="35.79713995568454" lon="-121.34674994274974">
        <ele>145.64</ele>
      </trkpt>
      <trkpt lat="35.79708999954164" lon="-121.34673996828496">
        <ele>144.66</ele>
      </trkpt>
      <trkpt lat="35.79702998511493" lon="-121.34671993553638">
        <ele>143.7</ele>
      </trkpt>
      <trkpt lat="35.796979945153" lon="-121.34669998660684">
        <ele>142.76</ele>
      </trkpt>
      <trkpt lat="35.796909956261516" lon="-121.3466499466449">
        <ele>141.86</ele>
      </trkpt>
      <trkpt lat="35.79683996737003" lon="-121.34660996496677">
        <ele>140.98</ele>
      </trkpt>
      <trkpt lat="35.79681993462145" lon="-121.3465899322182">
        <ele>140.17</ele>
      </trkpt>
      <trkpt lat="35.796779952943325" lon="-121.34655992500484">
        <ele>139.36</ele>
      </trkpt>
      <trkpt lat="35.79674994572997" lon="-121.34652991779149">
        <ele>138.6</ele>
      </trkpt>
      <trkpt lat="35.79668993130326" lon="-121.34647996164858">
        <ele>137.84</ele>
      </trkpt>
      <trkpt lat="35.79667995683849" lon="-121.3464599289">
        <ele>137.17</ele>
      </trkpt>
      <trkpt lat="35.796629916876554" lon="-121.3464099727571">
        <ele>136.5</ele>
      </trkpt>
      <trkpt lat="35.79656998626888" lon="-121.34630997665226">
        <ele>135.91</ele>
      </trkpt>
      <trkpt lat="35.79650997184217" lon="-121.3462199550122">
        <ele>135.32</ele>
      </trkpt>
      <trkpt lat="35.79644995741546" lon="-121.34613999165595">
        <ele>134.76</ele>
      </trkpt>
      <trkpt lat="35.79639991745353" lon="-121.34606991894543">
        <ele>134.24</ele>
      </trkpt>
      <trkpt lat="35.796329928562045" lon="-121.3459799811244">
        <ele>133.74</ele>
      </trkpt>
      <trkpt lat="35.79627997241914" lon="-121.34592994116247">
        <ele>133.3</ele>
      </trkpt>
      <trkpt lat="35.796219957992435" lon="-121.34586992673576">
        <ele>132.93</ele>
      </trkpt>
      <trkpt lat="35.79613999463618" lon="-121.34580999612808">
        <ele>132.59</ele>
      </trkpt>
      <trkpt lat="35.796029940247536" lon="-121.3457299489528">
        <ele>132.3</ele>
      </trkpt>
      <trkpt lat="35.79594997689128" lon="-121.34566993452609">
        <ele>132.05</ele>
      </trkpt>
      <trkpt lat="35.7959299441427" lon="-121.34565996006131">
        <ele>131.83</ele>
      </trkpt>
      <trkpt lat="35.795709919184446" lon="-121.34549994952977">
        <ele>131.62</ele>
      </trkpt>
      <trkpt lat="35.79560992307961" lon="-121.34543993510306">
        <ele>131.5</ele>
      </trkpt>
      <trkpt lat="35.79551998525858" lon="-121.34538997896016">
        <ele>131.42</ele>
      </trkpt>
      <trkpt lat="35.7954499963671" lon="-121.3453599717468">
        <ele>131.35</ele>
      </trkpt>
      <trkpt lat="35.79543993808329" lon="-121.34534999728203">
        <ele>131.34</ele>
      </trkpt>
      <trkpt lat="35.79536994919181" lon="-121.34531999006867">
        <ele>131.35</ele>
      </trkpt>
      <trkpt lat="35.79517993144691" lon="-121.34523994289339">
        <ele>131.37</ele>
      </trkpt>
      <trkpt lat="35.7950699608773" lon="-121.34517992846668">
        <ele>131.42</ele>
      </trkpt>
      <trkpt lat="35.79498999752104" lon="-121.34512997232378">
        <ele>131.51</ele>
      </trkpt>
      <trkpt lat="35.79495999030769" lon="-121.34509996511042">
        <ele>131.68</ele>
      </trkpt>
      <trkpt lat="35.794929983094335" lon="-121.34507993236184">
        <ele>131.88</ele>
      </trkpt>
      <trkpt lat="35.79489997588098" lon="-121.34504992514849">
        <ele>132.13</ele>
      </trkpt>
      <trkpt lat="35.79485999420285" lon="-121.34499996900558">
        <ele>132.38</ele>
      </trkpt>
      <trkpt lat="35.7948299869895" lon="-121.34493995457888">
        <ele>132.72</ele>
      </trkpt>
      <trkpt lat="35.79480995424092" lon="-121.3448699656874">
        <ele>133.12</ele>
      </trkpt>
      <trkpt lat="35.794799979776144" lon="-121.34481992572546">
        <ele>133.51</ele>
      </trkpt>
      <trkpt lat="35.794799979776144" lon="-121.34474993683398">
        <ele>133.96</ele>
      </trkpt>
      <trkpt lat="35.794799979776144" lon="-121.34472998790443">
        <ele>134.41</ele>
      </trkpt>
      <trkpt lat="35.794799979776144" lon="-121.3446799479425">
        <ele>134.89</ele>
      </trkpt>
      <trkpt lat="35.79480995424092" lon="-121.34456997737288">
        <ele>135.43</ele>
      </trkpt>
      <trkpt lat="35.79481992870569" lon="-121.34450996294618">
        <ele>135.95</ele>
      </trkpt>
      <trkpt lat="35.7948299869895" lon="-121.34445992298424">
        <ele>136.5</ele>
      </trkpt>
      <trkpt lat="35.79483996145427" lon="-121.34434995241463">
        <ele>137.06</ele>
      </trkpt>
      <trkpt lat="35.794849935919046" lon="-121.34428993798792">
        <ele>137.62</ele>
      </trkpt>
      <trkpt lat="35.794849935919046" lon="-121.34426998905838">
        <ele>138.19</ele>
      </trkpt>
      <trkpt lat="35.79485999420285" lon="-121.34416999295354">
        <ele>138.78</ele>
      </trkpt>
      <trkpt lat="35.794849935919046" lon="-121.3440599385649">
        <ele>139.34</ele>
      </trkpt>
      <trkpt lat="35.79483996145427" lon="-121.34396991692483">
        <ele>139.94</ele>
      </trkpt>
      <trkpt lat="35.79481992870569" lon="-121.34389992803335">
        <ele>140.52</ele>
      </trkpt>
      <trkpt lat="35.794799979776144" lon="-121.3438199646771">
        <ele>141.12</ele>
      </trkpt>
      <trkpt lat="35.79476997256279" lon="-121.34372994303703">
        <ele>141.72</ele>
      </trkpt>
      <trkpt lat="35.79469998367131" lon="-121.34358996525407">
        <ele>142.31</ele>
      </trkpt>
      <trkpt lat="35.794589929282665" lon="-121.34333993308246">
        <ele>143.03</ele>
      </trkpt>
      <trkpt lat="35.79451994039118" lon="-121.34317992255092">
        <ele>143.68</ele>
      </trkpt>
      <trkpt lat="35.7944499514997" lon="-121.3430199958384">
        <ele>144.3</ele>
      </trkpt>
      <trkpt lat="35.79437996260822" lon="-121.34284992702305">
        <ele>144.91</ele>
      </trkpt>
      <trkpt lat="35.79433998093009" lon="-121.34275998920202">
        <ele>145.47</ele>
      </trkpt>
      <trkpt lat="35.79429999925196" lon="-121.34264993481338">
        <ele>146.06</ele>
      </trkpt>
      <trkpt lat="35.79429999925196" lon="-121.3426399603486">
        <ele>146.62</ele>
      </trkpt>
      <trkpt lat="35.7942599337548" lon="-121.34253996424377">
        <ele>147.19</ele>
      </trkpt>
      <trkpt lat="35.79423998482525" lon="-121.34245991706848">
        <ele>147.73</ele>
      </trkpt>
      <trkpt lat="35.79423998482525" lon="-121.34243996813893">
        <ele>148.24</ele>
      </trkpt>
      <trkpt lat="35.79422992654145" lon="-121.3423999864608">
        <ele>148.72</ele>
      </trkpt>
      <trkpt lat="35.79422992654145" lon="-121.34232999756932">
        <ele>149.19</ele>
      </trkpt>
      <trkpt lat="35.79423998482525" lon="-121.34226998314261">
        <ele>149.65</ele>
      </trkpt>
      <trkpt lat="35.79424995929003" lon="-121.34222991764545">
        <ele>150.06</ele>
      </trkpt>
      <trkpt lat="35.79424995929003" lon="-121.34221994318068">
        <ele>150.43</ele>
      </trkpt>
      <trkpt lat="35.7942599337548" lon="-121.34218993596733">
        <ele>150.77</ele>
      </trkpt>
      <trkpt lat="35.794289940968156" lon="-121.34212992154062">
        <ele>151.1</ele>
      </trkpt>
      <trkpt lat="35.794309973716736" lon="-121.34208993986249">
        <ele>151.39</ele>
      </trkpt>
      <trkpt lat="35.794329922646284" lon="-121.34205993264914">
        <ele>151.64</ele>
      </trkpt>
      <trkpt lat="35.79433998093009" lon="-121.34202992543578">
        <ele>151.83</ele>
      </trkpt>
      <trkpt lat="35.794349955394864" lon="-121.34199991822243">
        <ele>151.99</ele>
      </trkpt>
      <trkpt lat="35.79435992985964" lon="-121.34194996207952">
        <ele>152.1</ele>
      </trkpt>
      <trkpt lat="35.794369988143444" lon="-121.3419099804014">
        <ele>152.17</ele>
      </trkpt>
      <trkpt lat="35.794369988143444" lon="-121.34188994765282">
        <ele>152.19</ele>
      </trkpt>
      <trkpt lat="35.794369988143444" lon="-121.34184996597469">
        <ele>152.17</ele>
      </trkpt>
      <trkpt lat="35.794369988143444" lon="-121.34181995876133">
        <ele>152.1</ele>
      </trkpt>
      <trkpt lat="35.79435992985964" lon="-121.34180998429656">
        <ele>151.99</ele>
      </trkpt>
      <trkpt lat="35.79435992985964" lon="-121.34178995154798">
        <ele>151.85</ele>
      </trkpt>
      <trkpt lat="35.794349955394864" lon="-121.3417699187994">
        <ele>151.66</ele>
      </trkpt>
      <trkpt lat="35.79433998093009" lon="-121.34174996986985">
        <ele>151.43</ele>
      </trkpt>
      <trkpt lat="35.794329922646284" lon="-121.34172993712127">
        <ele>151.17</ele>
      </trkpt>
      <trkpt lat="35.794309973716736" lon="-121.3417199626565">
        <ele>150.85</ele>
      </trkpt>
      <trkpt lat="35.794289940968156" lon="-121.34169992990792">
        <ele>150.49</ele>
      </trkpt>
      <trkpt lat="35.7942599337548" lon="-121.34167998097837">
        <ele>150.08</ele>
      </trkpt>
      <trkpt lat="35.79423998482525" lon="-121.34167998097837">
        <ele>149.66</ele>
      </trkpt>
      <trkpt lat="35.7942099776119" lon="-121.34167998097837">
        <ele>149.22</ele>
      </trkpt>
      <trkpt lat="35.794159937649965" lon="-121.34167998097837">
        <ele>148.76</ele>
      </trkpt>
      <trkpt lat="35.79410998150706" lon="-121.34170998819172">
        <ele>148.24</ele>
      </trkpt>
      <trkpt lat="35.79405994154513" lon="-121.34172993712127">
        <ele>147.71</ele>
      </trkpt>
      <trkpt lat="35.79403999261558" lon="-121.34173999540508">
        <ele>147.14</ele>
      </trkpt>
      <trkpt lat="35.79398995265365" lon="-121.34175994433463">
        <ele>146.52</ele>
      </trkpt>
      <trkpt lat="35.79392993822694" lon="-121.34178995154798">
        <ele>145.85</ele>
      </trkpt>
      <trkpt lat="35.79388995654881" lon="-121.34179992601275">
        <ele>145.22</ele>
      </trkpt>
      <trkpt lat="35.79386992380023" lon="-121.34180998429656">
        <ele>144.57</ele>
      </trkpt>
      <trkpt lat="35.79379993490875" lon="-121.34181995876133">
        <ele>143.9</ele>
      </trkpt>
      <trkpt lat="35.79373992048204" lon="-121.34181995876133">
        <ele>143.25</ele>
      </trkpt>
      <trkpt lat="35.79371997155249" lon="-121.34180998429656">
        <ele>142.62</ele>
      </trkpt>
      <trkpt lat="35.79367998987436" lon="-121.34180998429656">
        <ele>141.95</ele>
      </trkpt>
      <trkpt lat="35.79354998655617" lon="-121.34178995154798">
        <ele>141.28</ele>
      </trkpt>
      <trkpt lat="35.79353992827237" lon="-121.3417799770832">
        <ele>140.65</ele>
      </trkpt>
      <trkpt lat="35.79336994327605" lon="-121.34175994433463">
        <ele>139.94</ele>
      </trkpt>
      <trkpt lat="35.793359968811274" lon="-121.34175994433463">
        <ele>139.3</ele>
      </trkpt>
      <trkpt lat="35.79323993995786" lon="-121.34172993712127">
        <ele>138.59</ele>
      </trkpt>
      <trkpt lat="35.79317992553115" lon="-121.34170998819172">
        <ele>137.89</ele>
      </trkpt>
      <trkpt lat="35.79312996938825" lon="-121.34167998097837">
        <ele>137.23</ele>
      </trkpt>
      <trkpt lat="35.79307992942631" lon="-121.34164997376502">
        <ele>136.54</ele>
      </trkpt>
      <trkpt lat="35.79304992221296" lon="-121.34162994101644">
        <ele>135.89</ele>
      </trkpt>
      <trkpt lat="35.793019998818636" lon="-121.34160999208689">
        <ele>135.24</ele>
      </trkpt>
      <trkpt lat="35.79300994053483" lon="-121.34159993380308">
        <ele>134.68</ele>
      </trkpt>
      <trkpt lat="35.792979933321476" lon="-121.34154997766018">
        <ele>134.11</ele>
      </trkpt>
      <trkpt lat="35.79295998439193" lon="-121.3415299449116">
        <ele>133.56</ele>
      </trkpt>
      <trkpt lat="35.79293995164335" lon="-121.34149993769825">
        <ele>133.03</ele>
      </trkpt>
      <trkpt lat="35.792929977178574" lon="-121.34145995602012">
        <ele>132.57</ele>
      </trkpt>
      <trkpt lat="35.79291991889477" lon="-121.34142994880676">
        <ele>132.11</ele>
      </trkpt>
      <trkpt lat="35.79291991889477" lon="-121.34140999987721">
        <ele>131.67</ele>
      </trkpt>
      <trkpt lat="35.792909944429994" lon="-121.34136993438005">
        <ele>131.26</ele>
      </trkpt>
      <trkpt lat="35.79289996996522" lon="-121.34130991995335">
        <ele>130.89</ele>
      </trkpt>
      <trkpt lat="35.792889995500445" lon="-121.34124998934567">
        <ele>130.55</ele>
      </trkpt>
      <trkpt lat="35.79287993721664" lon="-121.34118997491896">
        <ele>130.23</ele>
      </trkpt>
      <trkpt lat="35.792849930003285" lon="-121.34112996049225">
        <ele>129.84</ele>
      </trkpt>
      <trkpt lat="35.79282998107374" lon="-121.34106994606555">
        <ele>129.51</ele>
      </trkpt>
      <trkpt lat="35.79279997386038" lon="-121.34101998992264">
        <ele>129.13</ele>
      </trkpt>
      <trkpt lat="35.79278999939561" lon="-121.34099995717406">
        <ele>128.71</ele>
      </trkpt>
      <trkpt lat="35.792739959433675" lon="-121.34092996828258">
        <ele>128.25</ele>
      </trkpt>
      <trkpt lat="35.79267994500697" lon="-121.34084992110729">
        <ele>127.88</ele>
      </trkpt>
      <trkpt lat="35.79266997054219" lon="-121.34083994664252">
        <ele>127.48</ele>
      </trkpt>
      <trkpt lat="35.792549941688776" lon="-121.34069996885955">
        <ele>127.08</ele>
      </trkpt>
      <trkpt lat="35.79250996001065" lon="-121.34064992889762">
        <ele>126.65</ele>
      </trkpt>
      <trkpt lat="35.79242999665439" lon="-121.34056996554136">
        <ele>126.23</ele>
      </trkpt>
      <trkpt lat="35.792419938370585" lon="-121.34054993279278">
        <ele>125.82</ele>
      </trkpt>
      <trkpt lat="35.79231994226575" lon="-121.34044993668795">
        <ele>125.39</ele>
      </trkpt>
      <trkpt lat="35.79227996058762" lon="-121.34040995500982">
        <ele>124.96</ele>
      </trkpt>
      <trkpt lat="35.79222992062569" lon="-121.34036997333169">
        <ele>124.51</ele>
      </trkpt>
      <trkpt lat="35.792099917307496" lon="-121.34025991894305">
        <ele>124.06</ele>
      </trkpt>
      <trkpt lat="35.79199992120266" lon="-121.34018993005157">
        <ele>123.61</ele>
      </trkpt>
      <trkpt lat="35.79197997227311" lon="-121.34016998112202">
        <ele>123.15</ele>
      </trkpt>
      <trkpt lat="35.791859943419695" lon="-121.34008993394673">
        <ele>122.68</ele>
      </trkpt>
      <trkpt lat="35.79181996174157" lon="-121.34006998501718">
        <ele>122.2</ele>
      </trkpt>
      <trkpt lat="35.79163991846144" lon="-121.33994995616376">
        <ele>121.72</ele>
      </trkpt>
      <trkpt lat="35.791449984535575" lon="-121.33981995284557">
        <ele>121.23</ele>
      </trkpt>
      <trkpt lat="35.79133993014693" lon="-121.33974996395409">
        <ele>120.68</ele>
      </trkpt>
      <trkpt lat="35.79119995236397" lon="-121.33963999338448">
        <ele>120.12</ele>
      </trkpt>
      <trkpt lat="35.79102996736765" lon="-121.33952993899584">
        <ele>119.54</ele>
      </trkpt>
      <trkpt lat="35.79094992019236" lon="-121.33947998285294">
        <ele>119.03</ele>
      </trkpt>
      <trkpt lat="35.79089996404946" lon="-121.33945995010436">
        <ele>118.5</ele>
      </trkpt>
      <trkpt lat="35.790849924087524" lon="-121.33944997563958">
        <ele>117.98</ele>
      </trkpt>
      <trkpt lat="35.79079996794462" lon="-121.33944997563958">
        <ele>117.42</ele>
      </trkpt>
      <trkpt lat="35.790719920769334" lon="-121.33944997563958">
        <ele>116.86</ele>
      </trkpt>
      <trkpt lat="35.790569968521595" lon="-121.33944997563958">
        <ele>116.24</ele>
      </trkpt>
      <trkpt lat="35.79049997963011" lon="-121.33943991735578">
        <ele>115.63</ele>
      </trkpt>
      <trkpt lat="35.79048992134631" lon="-121.33943991735578">
        <ele>115.04</ele>
      </trkpt>
      <trkpt lat="35.790419932454824" lon="-121.33941996842623">
        <ele>114.43</ele>
      </trkpt>
      <trkpt lat="35.79036997631192" lon="-121.33939993567765">
        <ele>113.8</ele>
      </trkpt>
      <trkpt lat="35.790329994633794" lon="-121.3393799867481">
        <ele>113.19</ele>
      </trkpt>
      <trkpt lat="35.790309961885214" lon="-121.3393699284643">
        <ele>112.57</ele>
      </trkpt>
      <trkpt lat="35.7901999913156" lon="-121.33930999785662">
        <ele>111.95</ele>
      </trkpt>
      <trkpt lat="35.79016998410225" lon="-121.33928996510804">
        <ele>111.33</ele>
      </trkpt>
      <trkpt lat="35.78999999910593" lon="-121.33919994346797">
        <ele>110.69</ele>
      </trkpt>
      <trkpt lat="35.78995993360877" lon="-121.33916993625462">
        <ele>110.07</ele>
      </trkpt>
      <trkpt lat="35.789839988574386" lon="-121.33909994736314">
        <ele>109.44</ele>
      </trkpt>
      <trkpt lat="35.78980998136103" lon="-121.33907999843359">
        <ele>108.82</ele>
      </trkpt>
      <trkpt lat="35.78967997804284" lon="-121.3389999512583">
        <ele>108.18</ele>
      </trkpt>
      <trkpt lat="35.78958995640278" lon="-121.3389499951154">
        <ele>107.53</ele>
      </trkpt>
      <trkpt lat="35.789519967511296" lon="-121.33889995515347">
        <ele>106.89</ele>
      </trkpt>
      <trkpt lat="35.789499934762716" lon="-121.33887992240489">
        <ele>106.3</ele>
      </trkpt>
      <trkpt lat="35.789389964193106" lon="-121.33878998458385">
        <ele>105.67</ele>
      </trkpt>
      <trkpt lat="35.789369931444526" lon="-121.33877992630005">
        <ele>105.1</ele>
      </trkpt>
      <trkpt lat="35.78922995366156" lon="-121.33863994851708">
        <ele>104.49</ele>
      </trkpt>
      <trkpt lat="35.78917999751866" lon="-121.33858999237418">
        <ele>103.93</ele>
      </trkpt>
      <trkpt lat="35.789089975878596" lon="-121.3385099451989">
        <ele>103.36</ele>
      </trkpt>
      <trkpt lat="35.78892996534705" lon="-121.3383799418807">
        <ele>102.81</ele>
      </trkpt>
      <trkpt lat="35.788829969242215" lon="-121.33825999684632">
        <ele>102.32</ele>
      </trkpt>
      <trkpt lat="35.78879996202886" lon="-121.33823996409774">
        <ele>101.84</ele>
      </trkpt>
      <trkpt lat="35.78872997313738" lon="-121.33815991692245">
        <ele>101.43</ele>
      </trkpt>
      <trkpt lat="35.78862997703254" lon="-121.3380799535662">
        <ele>101.01</ele>
      </trkpt>
      <trkpt lat="35.788549929857254" lon="-121.33801993913949">
        <ele>100.66</ele>
      </trkpt>
      <trkpt lat="35.788509948179126" lon="-121.33798993192613">
        <ele>100.34</ele>
      </trkpt>
      <trkpt lat="35.78845999203622" lon="-121.33795992471278">
        <ele>100.03</ele>
      </trkpt>
      <trkpt lat="35.78838991932571" lon="-121.3378899358213">
        <ele>99.74</ele>
      </trkpt>
      <trkpt lat="35.78835999593139" lon="-121.33785992860794">
        <ele>99.51</ele>
      </trkpt>
      <trkpt lat="35.78833996318281" lon="-121.33783997967839">
        <ele>99.31</ele>
      </trkpt>
      <trkpt lat="35.78829998150468" lon="-121.33777996525168">
        <ele>99.18</ele>
      </trkpt>
      <trkpt lat="35.788269974291325" lon="-121.33773998357356">
        <ele>99.09</ele>
      </trkpt>
      <trkpt lat="35.788249941542745" lon="-121.3376999180764">
        <ele>99.02</ele>
      </trkpt>
      <trkpt lat="35.788249941542745" lon="-121.33768994361162">
        <ele>98.96</ele>
      </trkpt>
      <trkpt lat="35.78821993432939" lon="-121.33761995472014">
        <ele>98.94</ele>
      </trkpt>
      <trkpt lat="35.78819998539984" lon="-121.33756999857724">
        <ele>98.93</ele>
      </trkpt>
      <trkpt lat="35.788189927116036" lon="-121.3375199586153">
        <ele>98.96</ele>
      </trkpt>
      <trkpt lat="35.78817995265126" lon="-121.33746991865337">
        <ele>99.01</ele>
      </trkpt>
      <trkpt lat="35.78817995265126" lon="-121.33742993697524">
        <ele>99.1</ele>
      </trkpt>
      <trkpt lat="35.788189927116036" lon="-121.33737998083234">
        <ele>99.22</ele>
      </trkpt>
      <trkpt lat="35.78819998539984" lon="-121.33730999194086">
        <ele>99.34</ele>
      </trkpt>
      <trkpt lat="35.78821993432939" lon="-121.3372699264437">
        <ele>99.48</ele>
      </trkpt>
      <trkpt lat="35.78821993432939" lon="-121.33725995197892">
        <ele>99.61</ele>
      </trkpt>
      <trkpt lat="35.788249941542745" lon="-121.33719993755221">
        <ele>99.78</ele>
      </trkpt>
      <trkpt lat="35.78828992322087" lon="-121.33711997419596">
        <ele>99.98</ele>
      </trkpt>
      <trkpt lat="35.78830995596945" lon="-121.33707999251783">
        <ele>100.15</ele>
      </trkpt>
      <trkpt lat="35.78832998871803" lon="-121.3370299525559">
        <ele>100.32</ele>
      </trkpt>
      <trkpt lat="35.78835999593139" lon="-121.33694998919964">
        <ele>100.5</ele>
      </trkpt>
      <trkpt lat="35.78838991932571" lon="-121.33687991648912">
        <ele>100.69</ele>
      </trkpt>
      <trkpt lat="35.78840995207429" lon="-121.33679995313287">
        <ele>100.87</ele>
      </trkpt>
      <trkpt lat="35.78843995928764" lon="-121.33669995702803">
        <ele>101.08</ele>
      </trkpt>
      <trkpt lat="35.78845999203622" lon="-121.33660993538797">
        <ele>101.27</ele>
      </trkpt>
      <trkpt lat="35.788469966501" lon="-121.33651999756694">
        <ele>101.45</ele>
      </trkpt>
      <trkpt lat="35.788469966501" lon="-121.33645998314023">
        <ele>101.63</ele>
      </trkpt>
      <trkpt lat="35.78847994096577" lon="-121.33626996539533">
        <ele>101.78</ele>
      </trkpt>
      <trkpt lat="35.78847994096577" lon="-121.3362299837172">
        <ele>101.97</ele>
      </trkpt>
      <trkpt lat="35.78848999924958" lon="-121.33604994043708">
        <ele>102.12</ele>
      </trkpt>
      <trkpt lat="35.78848999924958" lon="-121.33600995875895">
        <ele>102.31</ele>
      </trkpt>
      <trkpt lat="35.78849997371435" lon="-121.33586998097599">
        <ele>102.49</ele>
      </trkpt>
      <trkpt lat="35.78849997371435" lon="-121.3357899338007">
        <ele>102.68</ele>
      </trkpt>
      <trkpt lat="35.78849997371435" lon="-121.3357399776578">
        <ele>102.87</ele>
      </trkpt>
      <trkpt lat="35.78849997371435" lon="-121.33566998876631">
        <ele>103.07</ele>
      </trkpt>
      <trkpt lat="35.78848999924958" lon="-121.33559999987483">
        <ele>103.27</ele>
      </trkpt>
      <trkpt lat="35.78847994096577" lon="-121.33556999266148">
        <ele>103.45</ele>
      </trkpt>
      <trkpt lat="35.788469966501" lon="-121.33552992716432">
        <ele>103.63</ele>
      </trkpt>
      <trkpt lat="35.78845999203622" lon="-121.33547997102141">
        <ele>103.82</ele>
      </trkpt>
      <trkpt lat="35.78843995928764" lon="-121.33545993827283">
        <ele>103.99</ele>
      </trkpt>
      <trkpt lat="35.78841992653906" lon="-121.33542993105948">
        <ele>104.15</ele>
      </trkpt>
      <trkpt lat="35.788399977609515" lon="-121.33539992384613">
        <ele>104.3</ele>
      </trkpt>
      <trkpt lat="35.78834993764758" lon="-121.33534996770322">
        <ele>104.42</ele>
      </trkpt>
      <trkpt lat="35.78829998150468" lon="-121.3353099860251">
        <ele>104.6</ele>
      </trkpt>
      <trkpt lat="35.78819998539984" lon="-121.3352299388498">
        <ele>104.85</ele>
      </trkpt>
      <trkpt lat="35.78815991990268" lon="-121.33520998992026">
        <ele>105.01</ele>
      </trkpt>
      <trkpt lat="35.788099989295006" lon="-121.3351699244231">
        <ele>105.16</ele>
      </trkpt>
      <trkpt lat="35.78799999319017" lon="-121.3351199682802">
        <ele>105.31</ele>
      </trkpt>
      <trkpt lat="35.787969985976815" lon="-121.33509993553162">
        <ele>105.42</ele>
      </trkpt>
      <trkpt lat="35.787839982658625" lon="-121.33502994664013">
        <ele>105.51</ele>
      </trkpt>
      <trkpt lat="35.78775993548334" lon="-121.334989964962">
        <ele>105.58</ele>
      </trkpt>
      <trkpt lat="35.78769992105663" lon="-121.33495995774865">
        <ele>105.63</ele>
      </trkpt>
      <trkpt lat="35.7876599393785" lon="-121.3349299505353">
        <ele>105.68</ele>
      </trkpt>
      <trkpt lat="35.78759992495179" lon="-121.33488996885717">
        <ele>105.69</ele>
      </trkpt>
      <trkpt lat="35.78755994327366" lon="-121.33485996164382">
        <ele>105.68</ele>
      </trkpt>
      <trkpt lat="35.78752993606031" lon="-121.33481997996569">
        <ele>105.67</ele>
      </trkpt>
      <trkpt lat="35.787519961595535" lon="-121.33480992168188">
        <ele>105.65</ele>
      </trkpt>
      <trkpt lat="35.78747997991741" lon="-121.33475996553898">
        <ele>105.59</ele>
      </trkpt>
      <trkpt lat="35.7874199654907" lon="-121.33465996943414">
        <ele>105.5</ele>
      </trkpt>
      <trkpt lat="35.78735995106399" lon="-121.3345599733293">
        <ele>105.4</ele>
      </trkpt>
      <trkpt lat="35.78729993663728" lon="-121.33446995168924">
        <ele>105.27</ele>
      </trkpt>
      <trkpt lat="35.787259954959154" lon="-121.33440993726254">
        <ele>105.16</ele>
      </trkpt>
      <trkpt lat="35.78720999881625" lon="-121.33434992283583">
        <ele>105.04</ele>
      </trkpt>
      <trkpt lat="35.78715995885432" lon="-121.3343099411577">
        <ele>104.9</ele>
      </trkpt>
      <trkpt lat="35.787109918892384" lon="-121.33426995947957">
        <ele>104.77</ele>
      </trkpt>
      <trkpt lat="35.78704998828471" lon="-121.33422997780144">
        <ele>104.63</ele>
      </trkpt>
      <trkpt lat="35.78700992278755" lon="-121.33419997058809">
        <ele>104.46</ele>
      </trkpt>
      <trkpt lat="35.786989973858" lon="-121.33418999612331">
        <ele>104.25</ele>
      </trkpt>
      <trkpt lat="35.78691998496652" lon="-121.33415998890996">
        <ele>104.02</ele>
      </trkpt>
      <trkpt lat="35.78685997053981" lon="-121.33413995616138">
        <ele>103.78</ele>
      </trkpt>
      <trkpt lat="35.7867499999702" lon="-121.3341199234128">
        <ele>103.51</ele>
      </trkpt>
      <trkpt lat="35.78666995279491" lon="-121.33409997448325">
        <ele>103.25</ele>
      </trkpt>
      <trkpt lat="35.786639945581555" lon="-121.33408991619945">
        <ele>102.95</ele>
      </trkpt>
      <trkpt lat="35.7865599822253" lon="-121.33407994173467">
        <ele>102.64</ele>
      </trkpt>
      <trkpt lat="35.78644992783666" lon="-121.3340699672699">
        <ele>102.33</ele>
      </trkpt>
      <trkpt lat="35.78630995005369" lon="-121.33405999280512">
        <ele>102.01</ele>
      </trkpt>
      <trkpt lat="35.7861299905926" lon="-121.33405999280512">
        <ele>101.59</ele>
      </trkpt>
      <trkpt lat="35.785949947312474" lon="-121.33404993452132">
        <ele>101.11</ele>
      </trkpt>
      <trkpt lat="35.785929998382926" lon="-121.33404993452132">
        <ele>100.7</ele>
      </trkpt>
      <trkpt lat="35.785889932885766" lon="-121.33403996005654">
        <ele>100.25</ele>
      </trkpt>
      <trkpt lat="35.78584995120764" lon="-121.33403996005654">
        <ele>99.78</ele>
      </trkpt>
      <trkpt lat="35.785819943994284" lon="-121.33402998559177">
        <ele>99.32</ele>
      </trkpt>
      <trkpt lat="35.78578993678093" lon="-121.33400995284319">
        <ele>98.87</ele>
      </trkpt>
      <trkpt lat="35.785759929567575" lon="-121.33398992009461">
        <ele>98.41</ele>
      </trkpt>
      <trkpt lat="35.78572992235422" lon="-121.33396997116506">
        <ele>97.95</ele>
      </trkpt>
      <trkpt lat="35.78570997342467" lon="-121.3339399639517">
        <ele>97.51</ele>
      </trkpt>
      <trkpt lat="35.78567996621132" lon="-121.33389998227358">
        <ele>97.02</ele>
      </trkpt>
      <trkpt lat="35.78565993346274" lon="-121.33383996784687">
        <ele>96.58</ele>
      </trkpt>
      <trkpt lat="35.78563998453319" lon="-121.33377995342016">
        <ele>96.12</ele>
      </trkpt>
      <trkpt lat="35.78561995178461" lon="-121.33370996452868">
        <ele>95.63</ele>
      </trkpt>
      <trkpt lat="35.78558994457126" lon="-121.33362991735339">
        <ele>95.12</ele>
      </trkpt>
      <trkpt lat="35.7855599373579" lon="-121.33355992846191">
        <ele>94.66</ele>
      </trkpt>
      <trkpt lat="35.78552993014455" lon="-121.333509972319">
        <ele>94.16</ele>
      </trkpt>
      <trkpt lat="35.785499922931194" lon="-121.33345993235707">
        <ele>93.64</ele>
      </trkpt>
      <trkpt lat="35.78548994846642" lon="-121.3334499578923">
        <ele>93.14</ele>
      </trkpt>
      <trkpt lat="35.78544996678829" lon="-121.33341995067894">
        <ele>92.65</ele>
      </trkpt>
      <trkpt lat="35.78539992682636" lon="-121.33336999453604">
        <ele>92.18</ele>
      </trkpt>
      <trkpt lat="35.78533999621868" lon="-121.33331995457411">
        <ele>91.68</ele>
      </trkpt>
      <trkpt lat="35.7853199634701" lon="-121.33330998010933">
        <ele>91.16</ele>
      </trkpt>
      <trkpt lat="35.78522994183004" lon="-121.33323999121785">
        <ele>90.65</ele>
      </trkpt>
      <trkpt lat="35.78517998568714" lon="-121.33319992572069">
        <ele>90.15</ele>
      </trkpt>
      <trkpt lat="35.78513992018998" lon="-121.33317997679114">
        <ele>89.67</ele>
      </trkpt>
      <trkpt lat="35.785069931298494" lon="-121.33313999511302">
        <ele>89.2</ele>
      </trkpt>
      <trkpt lat="35.78501997515559" lon="-121.33311996236444">
        <ele>88.7</ele>
      </trkpt>
      <trkpt lat="35.78494998626411" lon="-121.33309992961586">
        <ele>88.23</ele>
      </trkpt>
      <trkpt lat="35.784919979050756" lon="-121.33308995515108">
        <ele>87.77</ele>
      </trkpt>
      <trkpt lat="35.7848899718374" lon="-121.33308995515108">
        <ele>87.3</ele>
      </trkpt>
      <trkpt lat="35.784789975732565" lon="-121.33308995515108">
        <ele>86.73</ele>
      </trkpt>
      <trkpt lat="35.78470992855728" lon="-121.33308995515108">
        <ele>86.22</ele>
      </trkpt>
      <trkpt lat="35.78466994687915" lon="-121.3330799806863">
        <ele>85.83</ele>
      </trkpt>
      <trkpt lat="35.784659972414374" lon="-121.3330799806863">
        <ele>85.42</ele>
      </trkpt>
      <trkpt lat="35.78462996520102" lon="-121.3330799806863">
        <ele>85.02</ele>
      </trkpt>
      <trkpt lat="35.784579925239086" lon="-121.33305994793773">
        <ele>84.64</ele>
      </trkpt>
      <trkpt lat="35.784529969096184" lon="-121.33303999900818">
        <ele>84.3</ele>
      </trkpt>
      <trkpt lat="35.784489987418056" lon="-121.3330199662596">
        <ele>83.94</ele>
      </trkpt>
      <trkpt lat="35.78447992913425" lon="-121.33300999179482">
        <ele>83.66</ele>
      </trkpt>
      <trkpt lat="35.78442997299135" lon="-121.33296992629766">
        <ele>83.38</ele>
      </trkpt>
      <trkpt lat="35.78438999131322" lon="-121.33292994461954">
        <ele>83.11</ele>
      </trkpt>
      <trkpt lat="35.784359984099865" lon="-121.33288996294141">
        <ele>82.87</ele>
      </trkpt>
      <trkpt lat="35.78434992581606" lon="-121.33287998847663">
        <ele>82.66</ele>
      </trkpt>
      <trkpt lat="35.784319918602705" lon="-121.33283992297947">
        <ele>82.47</ele>
      </trkpt>
      <trkpt lat="35.78424992971122" lon="-121.33274998515844">
        <ele>82.28</ele>
      </trkpt>
      <trkpt lat="35.78421992249787" lon="-121.33269994519651">
        <ele>82.13</ele>
      </trkpt>
      <trkpt lat="35.784169966354966" lon="-121.33261998184025">
        <ele>81.96</ele>
      </trkpt>
      <trkpt lat="35.78413995914161" lon="-121.33254999294877">
        <ele>81.84</ele>
      </trkpt>
      <trkpt lat="35.78413995914161" lon="-121.33252996020019">
        <ele>81.76</ele>
      </trkpt>
      <trkpt lat="35.78411992639303" lon="-121.33246994577348">
        <ele>81.66</ele>
      </trkpt>
      <trkpt lat="35.784099977463484" lon="-121.33240993134677">
        <ele>81.61</ele>
      </trkpt>
      <trkpt lat="35.784079944714904" lon="-121.33231999352574">
        <ele>81.59</ele>
      </trkpt>
      <trkpt lat="35.784079944714904" lon="-121.33229996077716">
        <ele>81.59</ele>
      </trkpt>
      <trkpt lat="35.78404993750155" lon="-121.33222997188568">
        <ele>81.57</ele>
      </trkpt>
      <trkpt lat="35.784029988572" lon="-121.33217993192375">
        <ele>81.57</ele>
      </trkpt>
      <trkpt lat="35.78400995582342" lon="-121.3321499247104">
        <ele>81.58</ele>
      </trkpt>
      <trkpt lat="35.78399998135865" lon="-121.33212997578084">
        <ele>81.65</ele>
      </trkpt>
      <trkpt lat="35.78397994861007" lon="-121.33209996856749">
        <ele>81.73</ele>
      </trkpt>
      <trkpt lat="35.78394994139671" lon="-121.33206996135414">
        <ele>81.8</ele>
      </trkpt>
      <trkpt lat="35.78391993418336" lon="-121.33203995414078">
        <ele>81.89</ele>
      </trkpt>
      <trkpt lat="35.783889926970005" lon="-121.33200994692743">
        <ele>82.01</ele>
      </trkpt>
      <trkpt lat="35.78386997804046" lon="-121.33197993971407">
        <ele>82.25</ele>
      </trkpt>
      <trkpt lat="35.78385991975665" lon="-121.33195999078453">
        <ele>82.48</ele>
      </trkpt>
      <trkpt lat="35.78381993807852" lon="-121.33191992528737">
        <ele>82.79</ele>
      </trkpt>
      <trkpt lat="35.78378993086517" lon="-121.33187994360924">
        <ele>83.1</ele>
      </trkpt>
      <trkpt lat="35.78374994918704" lon="-121.33182998746634">
        <ele>83.38</ele>
      </trkpt>
      <trkpt lat="35.783739974722266" lon="-121.33181992918253">
        <ele>83.65</ele>
      </trkpt>
      <trkpt lat="35.783719941973686" lon="-121.33175999857485">
        <ele>83.96</ele>
      </trkpt>
      <trkpt lat="35.78363997861743" lon="-121.33162999525666">
        <ele>84.22</ele>
      </trkpt>
      <trkpt lat="35.783589938655496" lon="-121.33152999915183">
        <ele>84.53</ele>
      </trkpt>
      <trkpt lat="35.78354995697737" lon="-121.33143997751176">
        <ele>84.89</ele>
      </trkpt>
      <trkpt lat="35.78348994255066" lon="-121.33133998140693">
        <ele>85.3</ele>
      </trkpt>
      <trkpt lat="35.78344996087253" lon="-121.33125993423164">
        <ele>85.65</ele>
      </trkpt>
      <trkpt lat="35.7833999209106" lon="-121.33117997087538">
        <ele>85.96</ele>
      </trkpt>
      <trkpt lat="35.78333999030292" lon="-121.33104996755719">
        <ele>86.48</ele>
      </trkpt>
      <trkpt lat="35.78324996866286" lon="-121.33092993870378">
        <ele>86.91</ele>
      </trkpt>
      <trkpt lat="35.78316992148757" lon="-121.33080999366939">
        <ele>87.4</ele>
      </trkpt>
      <trkpt lat="35.78311996534467" lon="-121.33074997924268">
        <ele>87.92</ele>
      </trkpt>
      <trkpt lat="35.783049976453185" lon="-121.33065995760262">
        <ele>88.34</ele>
      </trkpt>
      <trkpt lat="35.78294998034835" lon="-121.3305399287492">
        <ele>88.73</ele>
      </trkpt>
      <trkpt lat="35.78281997703016" lon="-121.33036994375288">
        <ele>89.13</ele>
      </trkpt>
      <trkpt lat="35.782749988138676" lon="-121.33025997318327">
        <ele>89.61</ele>
      </trkpt>
      <trkpt lat="35.782749988138676" lon="-121.3302499987185">
        <ele>90.04</ele>
      </trkpt>
      <trkpt lat="35.78271998092532" lon="-121.33021999150515">
        <ele>90.49</ele>
      </trkpt>
      <trkpt lat="35.78264999203384" lon="-121.33008998818696">
        <ele>90.95</ele>
      </trkpt>
      <trkpt lat="35.78263993375003" lon="-121.33006995543838">
        <ele>91.37</ele>
      </trkpt>
      <trkpt lat="35.7825399376452" lon="-121.32990994490683">
        <ele>91.75</ele>
      </trkpt>
      <trkpt lat="35.78252996318042" lon="-121.32989997044206">
        <ele>92.15</ele>
      </trkpt>
      <trkpt lat="35.782469948753715" lon="-121.32979997433722">
        <ele>92.53</ele>
      </trkpt>
      <trkpt lat="35.78241999261081" lon="-121.32971992716193">
        <ele>92.91</ele>
      </trkpt>
      <trkpt lat="35.78239995986223" lon="-121.32968991994858">
        <ele>93.29</ele>
      </trkpt>
      <trkpt lat="35.7823499199003" lon="-121.3296199310571">
        <ele>93.65</ele>
      </trkpt>
      <trkpt lat="35.782319996505976" lon="-121.3295699749142">
        <ele>94.0</ele>
      </trkpt>
      <trkpt lat="35.78230993822217" lon="-121.32955991663039">
        <ele>94.38</ele>
      </trkpt>
      <trkpt lat="35.782299963757396" lon="-121.32955991663039">
        <ele>94.75</ele>
      </trkpt>
      <trkpt lat="35.782279931008816" lon="-121.32952999323606">
        <ele>95.09</ele>
      </trkpt>
      <trkpt lat="35.78222997486591" lon="-121.32949998602271">
        <ele>95.41</ele>
      </trkpt>
      <trkpt lat="35.782189993187785" lon="-121.32946997880936">
        <ele>95.8</ele>
      </trkpt>
      <trkpt lat="35.782149927690625" lon="-121.32944994606078">
        <ele>96.17</ele>
      </trkpt>
      <trkpt lat="35.7821099460125" lon="-121.32942999713123">
        <ele>96.53</ele>
      </trkpt>
      <trkpt lat="35.78204993158579" lon="-121.32941993884742">
        <ele>96.93</ele>
      </trkpt>
      <trkpt lat="35.78198991715908" lon="-121.32939998991787">
        <ele>97.29</ele>
      </trkpt>
      <trkpt lat="35.7819199282676" lon="-121.32939998991787">
        <ele>97.62</ele>
      </trkpt>
      <trkpt lat="35.781869972124696" lon="-121.32939998991787">
        <ele>97.94</ele>
      </trkpt>
      <trkpt lat="35.78178992494941" lon="-121.32939998991787">
        <ele>98.25</ele>
      </trkpt>
      <trkpt lat="35.7816799543798" lon="-121.32941993884742">
        <ele>98.55</ele>
      </trkpt>
      <trkpt lat="35.78153997659683" lon="-121.329439971596">
        <ele>98.84</ele>
      </trkpt>
      <trkpt lat="35.78154374845326" lon="-121.329439971596">
        <ele>99.08</ele>
      </trkpt>
      <trkpt lat="35.78153997659683" lon="-121.32966997101903">
        <ele>99.29</ele>
      </trkpt>
      <trkpt lat="35.78153855167329" lon="-121.32967106066644">
        <ele>99.49</ele>
      </trkpt>
      <trkpt lat="35.781309977173805" lon="-121.32970995269716">
        <ele>99.72</ele>
      </trkpt>
      <trkpt lat="35.781159941107035" lon="-121.32973995991051">
        <ele>99.9</ele>
      </trkpt>
      <trkpt lat="35.78112993389368" lon="-121.32974993437529">
        <ele>100.05</ele>
      </trkpt>
      <trkpt lat="35.781133621931076" lon="-121.3297457434237">
        <ele>100.19</ele>
      </trkpt>
      <trkpt lat="35.78114996664226" lon="-121.32981992326677">
        <ele>100.29</ele>
      </trkpt>
      <trkpt lat="35.78114996664226" lon="-121.32987993769348">
        <ele>100.39</ele>
      </trkpt>
      <trkpt lat="35.781159941107035" lon="-121.32993995212018">
        <ele>100.46</ele>
      </trkpt>
      <trkpt lat="35.78116999939084" lon="-121.33006995543838">
        <ele>100.5</ele>
      </trkpt>
      <trkpt lat="35.78116999939084" lon="-121.33009996265173">
        <ele>100.54</ele>
      </trkpt>
      <trkpt lat="35.78116999939084" lon="-121.3301099371165">
        <ele>100.56</ele>
      </trkpt>
      <trkpt lat="35.781170669943094" lon="-121.3301120325923">
        <ele>100.57</ele>
      </trkpt>
      <trkpt lat="35.78116999939084" lon="-121.33009996265173">
        <ele>100.54</ele>
      </trkpt>
      <trkpt lat="35.78116999939084" lon="-121.33006995543838">
        <ele>100.5</ele>
      </trkpt>
      <trkpt lat="35.781159941107035" lon="-121.32993995212018">
        <ele>100.46</ele>
      </trkpt>
      <trkpt lat="35.78114996664226" lon="-121.32987993769348">
        <ele>100.39</ele>
      </trkpt>
      <trkpt lat="35.78114996664226" lon="-121.32981992326677">
        <ele>100.29</ele>
      </trkpt>
      <trkpt lat="35.78112993389368" lon="-121.32974993437529">
        <ele>100.05</ele>
      </trkpt>
      <trkpt lat="35.781133621931076" lon="-121.3297457434237">
        <ele>100.19</ele>
      </trkpt>
      <trkpt lat="35.780969923362136" lon="-121.32976996712387">
        <ele>100.01</ele>
      </trkpt>
      <trkpt lat="35.78091996721923" lon="-121.32977994158864">
        <ele>99.86</ele>
      </trkpt>
      <trkpt lat="35.7808699272573" lon="-121.32978999987245">
        <ele>99.69</ele>
      </trkpt>
      <trkpt lat="35.78082994557917" lon="-121.32977994158864">
        <ele>99.51</ele>
      </trkpt>
      <trkpt lat="35.780729949474335" lon="-121.32981992326677">
        <ele>99.31</ele>
      </trkpt>
      <trkpt lat="35.78068996779621" lon="-121.32982998155057">
        <ele>99.09</ele>
      </trkpt>
      <trkpt lat="35.78065996058285" lon="-121.32982998155057">
        <ele>98.86</ele>
      </trkpt>
      <trkpt lat="35.780619978904724" lon="-121.32982998155057">
        <ele>98.61</ele>
      </trkpt>
      <trkpt lat="35.78058997169137" lon="-121.32982998155057">
        <ele>98.36</ele>
      </trkpt>
      <trkpt lat="35.78052995726466" lon="-121.32984993048012">
        <ele>98.08</ele>
      </trkpt>
      <trkpt lat="35.78047991730273" lon="-121.32987993769348">
        <ele>97.8</ele>
      </trkpt>
      <trkpt lat="35.780449993908405" lon="-121.32989997044206">
        <ele>97.52</ele>
      </trkpt>
      <trkpt lat="35.78036994673312" lon="-121.32995998486876">
        <ele>97.04</ele>
      </trkpt>
      <trkpt lat="35.78036894090474" lon="-121.32996476255357">
        <ele>96.76</ele>
      </trkpt>
      <trkpt lat="35.78034999780357" lon="-121.32983995601535">
        <ele>96.59</ele>
      </trkpt>
      <trkpt lat="35.78034999780357" lon="-121.32982998155057">
        <ele>96.3</ele>
      </trkpt>
      <trkpt lat="35.78035091981292" lon="-121.32983224466443">
        <ele>96.01</ele>
      </trkpt>
      <trkpt lat="35.78030993230641" lon="-121.32982998155057">
        <ele>95.68</ele>
      </trkpt>
      <trkpt lat="35.780299957841635" lon="-121.32982998155057">
        <ele>95.37</ele>
      </trkpt>
      <trkpt lat="35.78028998337686" lon="-121.32982998155057">
        <ele>95.06</ele>
      </trkpt>
      <trkpt lat="35.780279925093055" lon="-121.32982998155057">
        <ele>94.76</ele>
      </trkpt>
      <trkpt lat="35.78026995062828" lon="-121.32982998155057">
        <ele>94.45</ele>
      </trkpt>
      <trkpt lat="35.7802499178797" lon="-121.32981992326677">
        <ele>94.14</ele>
      </trkpt>
      <trkpt lat="35.78023994341493" lon="-121.32981992326677">
        <ele>93.84</ele>
      </trkpt>
      <trkpt lat="35.78022996895015" lon="-121.32981992326677">
        <ele>93.56</ele>
      </trkpt>
      <trkpt lat="35.78020993620157" lon="-121.32981992326677">
        <ele>93.27</ele>
      </trkpt>
      <trkpt lat="35.7801999617368" lon="-121.32981992326677">
        <ele>92.99</ele>
      </trkpt>
      <trkpt lat="35.780189987272024" lon="-121.32981992326677">
        <ele>92.72</ele>
      </trkpt>
      <trkpt lat="35.780169954523444" lon="-121.329809948802">
        <ele>92.45</ele>
      </trkpt>
      <trkpt lat="35.780149921774864" lon="-121.32979997433722">
        <ele>92.19</ele>
      </trkpt>
      <trkpt lat="35.78013994731009" lon="-121.32979997433722">
        <ele>91.91</ele>
      </trkpt>
      <trkpt lat="35.780129972845316" lon="-121.32979997433722">
        <ele>91.63</ele>
      </trkpt>
      <trkpt lat="35.78011999838054" lon="-121.32979997433722">
        <ele>91.38</ele>
      </trkpt>
      <trkpt lat="35.780109940096736" lon="-121.32979997433722">
        <ele>91.12</ele>
      </trkpt>
      <trkpt lat="35.78007993288338" lon="-121.32981992326677">
        <ele>90.81</ele>
      </trkpt>
      <trkpt lat="35.77998999506235" lon="-121.32972998544574">
        <ele>90.56</ele>
      </trkpt>
      <trkpt lat="35.77993995510042" lon="-121.32969997823238">
        <ele>90.39</ele>
      </trkpt>
      <trkpt lat="35.77972998842597" lon="-121.32959998212755">
        <ele>90.09</ele>
      </trkpt>
      <trkpt lat="35.779679948464036" lon="-121.32957994937897">
        <ele>89.83</ele>
      </trkpt>
      <trkpt lat="35.77955991961062" lon="-121.32952999323606">
        <ele>89.69</ele>
      </trkpt>
      <trkpt lat="35.77947995625436" lon="-121.3294899277389">
        <ele>89.55</ele>
      </trkpt>
      <trkpt lat="35.77948012389243" lon="-121.32949428632855">
        <ele>89.38</ele>
      </trkpt>
      <trkpt lat="35.77945992350578" lon="-121.32944994606078">
        <ele>89.32</ele>
      </trkpt>
      <trkpt lat="35.77942991629243" lon="-121.32927996106446">
        <ele>89.49</ele>
      </trkpt>
      <trkpt lat="35.779419941827655" lon="-121.32923997938633">
        <ele>89.34</ele>
      </trkpt>
      <trkpt lat="35.77941977418959" lon="-121.32923654280603">
        <ele>89.18</ele>
      </trkpt>
      <trkpt lat="35.77927996404469" lon="-121.32916999049485">
        <ele>89.0</ele>
      </trkpt>
      <trkpt lat="35.77908994629979" lon="-121.32907996885478">
        <ele>88.87</ele>
      </trkpt>
      <trkpt lat="35.778879979625344" lon="-121.32896999828517">
        <ele>88.72</ele>
      </trkpt>
      <trkpt lat="35.77871519140899" lon="-121.32887008599937">
        <ele>88.57</ele>
      </trkpt>
      <trkpt lat="35.77854998409748" lon="-121.32876992225647">
        <ele>88.42</ele>
      </trkpt>
      <trkpt lat="35.77834529802203" lon="-121.32864017039537">
        <ele>88.21</ele>
      </trkpt>
      <trkpt lat="35.77813994139433" lon="-121.32850999943912">
        <ele>88.0</ele>
      </trkpt>
      <trkpt lat="35.77796995639801" lon="-121.32840991951525">
        <ele>87.76</ele>
      </trkpt>
      <trkpt lat="35.77779997140169" lon="-121.32830992341042">
        <ele>87.55</ele>
      </trkpt>
      <trkpt lat="35.77757994644344" lon="-121.32818997837603">
        <ele>87.34</ele>
      </trkpt>
      <trkpt lat="35.77746997587383" lon="-121.32812996394932">
        <ele>87.07</ele>
      </trkpt>
      <trkpt lat="35.77731993980706" lon="-121.32804991677403">
        <ele>86.83</ele>
      </trkpt>
      <trkpt lat="35.777119947597384" lon="-121.327959978953">
        <ele>86.59</ele>
      </trkpt>
      <trkpt lat="35.776839992031455" lon="-121.32782997563481">
        <ele>86.26</ele>
      </trkpt>
      <trkpt lat="35.77658995985985" lon="-121.32773995399475">
        <ele>85.97</ele>
      </trkpt>
      <trkpt lat="35.77647998929024" lon="-121.32769997231662">
        <ele>85.77</ele>
      </trkpt>
      <trkpt lat="35.77641997486353" lon="-121.32767993956804">
        <ele>85.53</ele>
      </trkpt>
      <trkpt lat="35.77624998986721" lon="-121.32760995067656">
        <ele>85.26</ele>
      </trkpt>
      <trkpt lat="35.776239931583405" lon="-121.32760995067656">
        <ele>85.02</ele>
      </trkpt>
      <trkpt lat="35.77611998654902" lon="-121.32755999453366">
        <ele>84.63</ele>
      </trkpt>
      <trkpt lat="35.77607992105186" lon="-121.3275299873203">
        <ele>84.43</ele>
      </trkpt>
      <trkpt lat="35.77600993216038" lon="-121.32748992182314">
        <ele>84.24</ele>
      </trkpt>
      <trkpt lat="35.77587992884219" lon="-121.32739998400211">
        <ele>84.02</ele>
      </trkpt>
      <trkpt lat="35.77579996548593" lon="-121.32734994404018">
        <ele>83.71</ele>
      </trkpt>
      <trkpt lat="35.775769958272576" lon="-121.32730996236205">
        <ele>83.52</ele>
      </trkpt>
      <trkpt lat="35.77557994052768" lon="-121.3271499518305">
        <ele>83.36</ele>
      </trkpt>
      <trkpt lat="35.775339966639876" lon="-121.3269099779427">
        <ele>83.2</ele>
      </trkpt>
      <trkpt lat="35.77521499246359" lon="-121.32678005844355">
        <ele>82.95</ele>
      </trkpt>
      <trkpt lat="35.77508993446827" lon="-121.32664997130632">
        <ele>82.85</ele>
      </trkpt>
      <trkpt lat="35.775059927254915" lon="-121.32661996409297">
        <ele>82.67</ele>
      </trkpt>
      <trkpt lat="35.77498993836343" lon="-121.32654997520149">
        <ele>82.47</ele>
      </trkpt>
      <trkpt lat="35.77491994947195" lon="-121.32648996077478">
        <ele>82.26</ele>
      </trkpt>
      <trkpt lat="35.77484996058047" lon="-121.3264199718833">
        <ele>82.1</ele>
      </trkpt>
      <trkpt lat="35.7747099827975" lon="-121.32629994302988">
        <ele>81.87</ele>
      </trkpt>
      <trkpt lat="35.77461996115744" lon="-121.32623992860317">
        <ele>81.63</ele>
      </trkpt>
      <trkpt lat="35.77454997226596" lon="-121.32618997246027">
        <ele>81.47</ele>
      </trkpt>
      <trkpt lat="35.7744599506259" lon="-121.32613993249834">
        <ele>81.24</ele>
      </trkpt>
      <trkpt lat="35.77443991787732" lon="-121.32611998356879">
        <ele>81.11</ele>
      </trkpt>
      <trkpt lat="35.77435995452106" lon="-121.32607991807163">
        <ele>80.98</ele>
      </trkpt>
      <trkpt lat="35.77429994009435" lon="-121.32605996914208">
        <ele>80.83</ele>
      </trkpt>
      <trkpt lat="35.77420991845429" lon="-121.32601998746395">
        <ele>80.72</ele>
      </trkpt>
      <trkpt lat="35.77412995509803" lon="-121.32599995471537">
        <ele>80.54</ele>
      </trkpt>
      <trkpt lat="35.77411998063326" lon="-121.32599995471537">
        <ele>80.37</ele>
      </trkpt>
      <trkpt lat="35.77398997731507" lon="-121.32596994750202">
        <ele>80.15</ele>
      </trkpt>
      <trkpt lat="35.773939937353134" lon="-121.32595997303724">
        <ele>79.95</ele>
      </trkpt>
      <trkpt lat="35.77388998121023" lon="-121.32594999857247">
        <ele>79.75</ele>
      </trkpt>
      <trkpt lat="35.773829966783524" lon="-121.32594999857247">
        <ele>79.51</ele>
      </trkpt>
      <trkpt lat="35.773769952356815" lon="-121.32592996582389">
        <ele>79.38</ele>
      </trkpt>
      <trkpt lat="35.77372997067869" lon="-121.32591999135911">
        <ele>79.16</ele>
      </trkpt>
      <trkpt lat="35.77367993071675" lon="-121.32589995861053">
        <ele>78.95</ele>
      </trkpt>
      <trkpt lat="35.773639949038625" lon="-121.32587992586195">
        <ele>78.73</ele>
      </trkpt>
      <trkpt lat="35.77360994182527" lon="-121.3258599769324">
        <ele>78.58</ele>
      </trkpt>
      <trkpt lat="35.7735999673605" lon="-121.3258499186486">
        <ele>78.42</ele>
      </trkpt>
      <trkpt lat="35.77358999289572" lon="-121.32583994418383">
        <ele>78.25</ele>
      </trkpt>
      <trkpt lat="35.77355998568237" lon="-121.32580993697047">
        <ele>78.14</ele>
      </trkpt>
      <trkpt lat="35.773529978469014" lon="-121.32577992975712">
        <ele>78.02</ele>
      </trkpt>
      <trkpt lat="35.773509945720434" lon="-121.32573994807899">
        <ele>77.95</ele>
      </trkpt>
      <trkpt lat="35.77347993850708" lon="-121.32568999193609">
        <ele>77.75</ele>
      </trkpt>
      <trkpt lat="35.773469964042306" lon="-121.32566995918751">
        <ele>77.53</ele>
      </trkpt>
      <trkpt lat="35.773399975150824" lon="-121.32548999972641">
        <ele>77.33</ele>
      </trkpt>
      <trkpt lat="35.77332998625934" lon="-121.32533996365964">
        <ele>77.04</ele>
      </trkpt>
      <trkpt lat="35.77330995351076" lon="-121.32529998198152">
        <ele>76.78</ele>
      </trkpt>
      <trkpt lat="35.77327994629741" lon="-121.32523996755481">
        <ele>76.51</ele>
      </trkpt>
      <trkpt lat="35.77323996461928" lon="-121.32519998587668">
        <ele>76.21</ele>
      </trkpt>
      <trkpt lat="35.773209957405925" lon="-121.32515992037952">
        <ele>75.92</ele>
      </trkpt>
      <trkpt lat="35.7731699757278" lon="-121.32513997144997">
        <ele>75.59</ele>
      </trkpt>
      <trkpt lat="35.77312999404967" lon="-121.32511993870139">
        <ele>75.25</ele>
      </trkpt>
      <trkpt lat="35.77308992855251" lon="-121.32510996423662">
        <ele>74.91</ele>
      </trkpt>
      <trkpt lat="35.773059921339154" lon="-121.32509998977184">
        <ele>74.57</ele>
      </trkpt>
      <trkpt lat="35.773019939661026" lon="-121.32509998977184">
        <ele>74.21</ele>
      </trkpt>
      <trkpt lat="35.77300996519625" lon="-121.32510996423662">
        <ele>73.89</ele>
      </trkpt>
      <trkpt lat="35.77282992191613" lon="-121.32510996423662">
        <ele>73.47</ele>
      </trkpt>
      <trkpt lat="35.77276999130845" lon="-121.32511993870139">
        <ele>73.09</ele>
      </trkpt>
      <trkpt lat="35.77272992581129" lon="-121.32510996423662">
        <ele>72.77</ele>
      </trkpt>
      <trkpt lat="35.77268994413316" lon="-121.32510996423662">
        <ele>72.43</ele>
      </trkpt>
      <trkpt lat="35.772649962455034" lon="-121.32509998977184">
        <ele>72.12</ele>
      </trkpt>
      <trkpt lat="35.772649962455034" lon="-121.32508993148804">
        <ele>71.85</ele>
      </trkpt>
      <trkpt lat="35.7725999224931" lon="-121.32506998255849">
        <ele>71.49</ele>
      </trkpt>
      <trkpt lat="35.7725499663502" lon="-121.32504994980991">
        <ele>71.15</ele>
      </trkpt>
      <trkpt lat="35.772519959136844" lon="-121.32502991706133">
        <ele>70.85</ele>
      </trkpt>
      <trkpt lat="35.772459944710135" lon="-121.32497996091843">
        <ele>70.6</ele>
      </trkpt>
      <trkpt lat="35.77237998135388" lon="-121.32489999756217">
        <ele>70.41</ele>
      </trkpt>
      <trkpt lat="35.772349974140525" lon="-121.32486999034882">
        <ele>70.11</ele>
      </trkpt>
      <trkpt lat="35.77220999635756" lon="-121.32471995428205">
        <ele>69.86</ele>
      </trkpt>
      <trkpt lat="35.77218996360898" lon="-121.32468994706869">
        <ele>69.57</ele>
      </trkpt>
      <trkpt lat="35.77201997861266" lon="-121.3245099876076">
        <ele>69.33</ele>
      </trkpt>
      <trkpt lat="35.77197999693453" lon="-121.32445994764566">
        <ele>69.02</ele>
      </trkpt>
      <trkpt lat="35.77190992422402" lon="-121.32440999150276">
        <ele>68.68</ele>
      </trkpt>
      <trkpt lat="35.77185996808112" lon="-121.32435995154083">
        <ele>68.33</ele>
      </trkpt>
      <trkpt lat="35.77180992811918" lon="-121.32432994432747">
        <ele>67.97</ele>
      </trkpt>
      <trkpt lat="35.771789979189634" lon="-121.3243199698627">
        <ele>67.6</ele>
      </trkpt>
      <trkpt lat="35.77177992090583" lon="-121.32430999539793">
        <ele>67.22</ele>
      </trkpt>
      <trkpt lat="35.771749997511506" lon="-121.32428996264935">
        <ele>66.83</ele>
      </trkpt>
      <trkpt lat="35.7716899830848" lon="-121.32426992990077">
        <ele>66.41</ele>
      </trkpt>
      <trkpt lat="35.77164991758764" lon="-121.32424998097122">
        <ele>66.0</ele>
      </trkpt>
      <trkpt lat="35.7715499214828" lon="-121.32422994822264">
        <ele>65.58</ele>
      </trkpt>
      <trkpt lat="35.77143995091319" lon="-121.32421997375786">
        <ele>65.12</ele>
      </trkpt>
      <trkpt lat="35.771149937063456" lon="-121.32419994100928">
        <ele>64.61</ele>
      </trkpt>
      <trkpt lat="35.77107994817197" lon="-121.32417999207973">
        <ele>64.18</ele>
      </trkpt>
      <trkpt lat="35.77102999202907" lon="-121.32416993379593">
        <ele>63.73</ele>
      </trkpt>
      <trkpt lat="35.77096997760236" lon="-121.32413992658257">
        <ele>63.28</ele>
      </trkpt>
      <trkpt lat="35.770929995924234" lon="-121.32411997765303">
        <ele>62.81</ele>
      </trkpt>
      <trkpt lat="35.77089998871088" lon="-121.32408997043967">
        <ele>62.38</ele>
      </trkpt>
      <trkpt lat="35.7708799559623" lon="-121.32406993769109">
        <ele>61.93</ele>
      </trkpt>
      <trkpt lat="35.7708299998194" lon="-121.32401998154819">
        <ele>61.44</ele>
      </trkpt>
      <trkpt lat="35.770759927108884" lon="-121.32395996712148">
        <ele>60.96</ele>
      </trkpt>
      <trkpt lat="35.77066998928785" lon="-121.32385997101665">
        <ele>60.52</ele>
      </trkpt>
      <trkpt lat="35.77062992379069" lon="-121.32382996380329">
        <ele>60.07</ele>
      </trkpt>
      <trkpt lat="35.77057996764779" lon="-121.32378998212516">
        <ele>59.65</ele>
      </trkpt>
      <trkpt lat="35.77052992768586" lon="-121.323749916628">
        <ele>59.18</ele>
      </trkpt>
      <trkpt lat="35.770479971542954" lon="-121.32371999323368">
        <ele>58.72</ele>
      </trkpt>
      <trkpt lat="35.77033999375999" lon="-121.32365997880697">
        <ele>58.23</ele>
      </trkpt>
      <trkpt lat="35.77027997933328" lon="-121.32362997159362">
        <ele>57.77</ele>
      </trkpt>
      <trkpt lat="35.770139917731285" lon="-121.32357993163168">
        <ele>57.3</ele>
      </trkpt>
      <trkpt lat="35.76999993994832" lon="-121.32351991720498">
        <ele>56.78</ele>
      </trkpt>
      <trkpt lat="35.76981998048723" lon="-121.32342997938395">
        <ele>56.26</ele>
      </trkpt>
      <trkpt lat="35.769729958847165" lon="-121.32337993942201">
        <ele>55.76</ele>
      </trkpt>
      <trkpt lat="35.76967991888523" lon="-121.32333995774388">
        <ele>55.37</ele>
      </trkpt>
      <trkpt lat="35.76962996274233" lon="-121.32329997606575">
        <ele>54.99</ele>
      </trkpt>
      <trkpt lat="35.769579922780395" lon="-121.32323996163905">
        <ele>54.65</ele>
      </trkpt>
      <trkpt lat="35.76949995942414" lon="-121.32316997274756">
        <ele>54.18</ele>
      </trkpt>
      <trkpt lat="35.769469952210784" lon="-121.32313996553421">
        <ele>53.81</ele>
      </trkpt>
      <trkpt lat="35.7693999633193" lon="-121.32305991835892">
        <ele>53.46</ele>
      </trkpt>
      <trkpt lat="35.76934992335737" lon="-121.32299998775125">
        <ele>53.17</ele>
      </trkpt>
      <trkpt lat="35.76930994167924" lon="-121.32295992225409">
        <ele>52.9</ele>
      </trkpt>
      <trkpt lat="35.769279934465885" lon="-121.32289999164641">
        <ele>52.66</ele>
      </trkpt>
      <trkpt lat="35.76925998553634" lon="-121.32286998443305">
        <ele>52.43</ele>
      </trkpt>
      <trkpt lat="35.76925998553634" lon="-121.32284995168447">
        <ele>52.24</ele>
      </trkpt>
      <trkpt lat="35.76924992725253" lon="-121.3228399772197">
        <ele>52.05</ele>
      </trkpt>
      <trkpt lat="35.76924992725253" lon="-121.32280997000635">
        <ele>51.91</ele>
      </trkpt>
      <trkpt lat="35.76923995278776" lon="-121.32276998832822">
        <ele>51.79</ele>
      </trkpt>
      <trkpt lat="35.76924992725253" lon="-121.32272992283106">
        <ele>51.71</ele>
      </trkpt>
      <trkpt lat="35.76924992725253" lon="-121.32270997390151">
        <ele>51.61</ele>
      </trkpt>
      <trkpt lat="35.76925998553634" lon="-121.32267996668816">
        <ele>51.56</ele>
      </trkpt>
      <trkpt lat="35.76926996000111" lon="-121.3226499594748">
        <ele>51.5</ele>
      </trkpt>
      <trkpt lat="35.76926996000111" lon="-121.32263998501003">
        <ele>51.44</ele>
      </trkpt>
      <trkpt lat="35.76928999274969" lon="-121.32261995226145">
        <ele>51.42</ele>
      </trkpt>
      <trkpt lat="35.76933994889259" lon="-121.32251995615661">
        <ele>51.45</ele>
      </trkpt>
      <trkpt lat="35.7693999633193" lon="-121.322409985587">
        <ele>51.48</ele>
      </trkpt>
      <trkpt lat="35.769429970532656" lon="-121.32234997116029">
        <ele>51.46</ele>
      </trkpt>
      <trkpt lat="35.769469952210784" lon="-121.32224997505546">
        <ele>51.43</ele>
      </trkpt>
      <trkpt lat="35.769489984959364" lon="-121.32216992788017">
        <ele>51.4</ele>
      </trkpt>
      <trkpt lat="35.76951999217272" lon="-121.32210999727249">
        <ele>51.39</ele>
      </trkpt>
      <trkpt lat="35.769539941102266" lon="-121.32205995731056">
        <ele>51.36</ele>
      </trkpt>
      <trkpt lat="35.76956994831562" lon="-121.32199994288385">
        <ele>51.34</ele>
      </trkpt>
      <trkpt lat="35.76960992999375" lon="-121.32192995399237">
        <ele>51.33</ele>
      </trkpt>
      <trkpt lat="35.7696399372071" lon="-121.32190992124379">
        <ele>51.35</ele>
      </trkpt>
      <trkpt lat="35.76964999549091" lon="-121.32188997231424">
        <ele>51.35</ele>
      </trkpt>
      <trkpt lat="35.76965996995568" lon="-121.32186993956566">
        <ele>51.34</ele>
      </trkpt>
      <trkpt lat="35.76968997716904" lon="-121.32181998342276">
        <ele>51.34</ele>
      </trkpt>
      <trkpt lat="35.769709926098585" lon="-121.3217899762094">
        <ele>51.33</ele>
      </trkpt>
      <trkpt lat="35.76971998438239" lon="-121.32174999453127">
        <ele>51.29</ele>
      </trkpt>
      <trkpt lat="35.76971998438239" lon="-121.32170992903411">
        <ele>51.24</ele>
      </trkpt>
      <trkpt lat="35.76971998438239" lon="-121.32168998010457">
        <ele>51.2</ele>
      </trkpt>
      <trkpt lat="35.76971998438239" lon="-121.32166994735599">
        <ele>51.15</ele>
      </trkpt>
      <trkpt lat="35.76971998438239" lon="-121.32163994014263">
        <ele>51.09</ele>
      </trkpt>
      <trkpt lat="35.76971998438239" lon="-121.3215999584645">
        <ele>51.01</ele>
      </trkpt>
      <trkpt lat="35.769709926098585" lon="-121.32156995125115">
        <ele>50.93</ele>
      </trkpt>
      <trkpt lat="35.769709926098585" lon="-121.32154991850257">
        <ele>50.83</ele>
      </trkpt>
      <trkpt lat="35.76968997716904" lon="-121.32151999510825">
        <ele>50.7</ele>
      </trkpt>
      <trkpt lat="35.76967991888523" lon="-121.32148998789489">
        <ele>50.57</ele>
      </trkpt>
      <trkpt lat="35.76966994442046" lon="-121.32148998789489">
        <ele>50.46</ele>
      </trkpt>
      <trkpt lat="35.76965996995568" lon="-121.32146995514631">
        <ele>50.33</ele>
      </trkpt>
      <trkpt lat="35.76964999549091" lon="-121.32144992239773">
        <ele>50.2</ele>
      </trkpt>
      <trkpt lat="35.769619988277555" lon="-121.32142997346818">
        <ele>50.04</ele>
      </trkpt>
      <trkpt lat="35.76960992999375" lon="-121.32141999900341">
        <ele>49.89</ele>
      </trkpt>
      <trkpt lat="35.769579922780395" lon="-121.3214099407196">
        <ele>49.71</ele>
      </trkpt>
      <trkpt lat="35.76954999938607" lon="-121.32139996625483">
        <ele>49.53</ele>
      </trkpt>
      <trkpt lat="35.76951999217272" lon="-121.32139996625483">
        <ele>49.34</ele>
      </trkpt>
      <trkpt lat="35.76951999217272" lon="-121.3214099407196">
        <ele>49.15</ele>
      </trkpt>
      <trkpt lat="35.76949995942414" lon="-121.3214099407196">
        <ele>48.94</ele>
      </trkpt>
      <trkpt lat="35.769469952210784" lon="-121.32141999900341">
        <ele>48.71</ele>
      </trkpt>
      <trkpt lat="35.76941999606788" lon="-121.32144992239773">
        <ele>48.49</ele>
      </trkpt>
      <trkpt lat="35.76934992335737" lon="-121.32149996235967">
        <ele>48.25</ele>
      </trkpt>
      <trkpt lat="35.76934992335737" lon="-121.32150993682444">
        <ele>47.99</ele>
      </trkpt>
      <trkpt lat="35.76925998553634" lon="-121.3215999584645">
        <ele>47.69</ele>
      </trkpt>
      <trkpt lat="35.76921992003918" lon="-121.32163994014263">
        <ele>47.41</ele>
      </trkpt>
      <trkpt lat="35.769129982218146" lon="-121.32173993624747">
        <ele>47.08</ele>
      </trkpt>
      <trkpt lat="35.769019927829504" lon="-121.32181998342276">
        <ele>46.76</ele>
      </trkpt>
      <trkpt lat="35.76883996836841" lon="-121.32193992845714">
        <ele>46.38</ele>
      </trkpt>
      <trkpt lat="35.76875992119312" lon="-121.3219799939543">
        <ele>46.02</ele>
      </trkpt>
      <trkpt lat="35.76861994341016" lon="-121.32203992456198">
        <ele>45.68</ele>
      </trkpt>
      <trkpt lat="35.768589936196804" lon="-121.32204998284578">
        <ele>45.33</ele>
      </trkpt>
      <trkpt lat="35.76848994009197" lon="-121.32208996452391">
        <ele>44.95</ele>
      </trkpt>
      <trkpt lat="35.76840997673571" lon="-121.32209993898869">
        <ele>44.59</ele>
      </trkpt>
      <trkpt lat="35.76835993677378" lon="-121.32210999727249">
        <ele>44.19</ele>
      </trkpt>
      <trkpt lat="35.76827997341752" lon="-121.32211997173727">
        <ele>43.8</ele>
      </trkpt>
      <trkpt lat="35.768229933455586" lon="-121.32213992066681">
        <ele>43.37</ele>
      </trkpt>
      <trkpt lat="35.76818995177746" lon="-121.32214997895062">
        <ele>42.95</ele>
      </trkpt>
      <trkpt lat="35.76812993735075" lon="-121.32217998616397">
        <ele>42.51</ele>
      </trkpt>
      <trkpt lat="35.76808995567262" lon="-121.32219993509352">
        <ele>42.04</ele>
      </trkpt>
      <trkpt lat="35.76806992292404" lon="-121.3222199678421">
        <ele>41.55</ele>
      </trkpt>
      <trkpt lat="35.76804997399449" lon="-121.32222994230688">
        <ele>41.06</ele>
      </trkpt>
      <trkpt lat="35.76802994124591" lon="-121.32224997505546">
        <ele>40.54</ele>
      </trkpt>
      <trkpt lat="35.76799993403256" lon="-121.32227998226881">
        <ele>40.0</ele>
      </trkpt>
      <trkpt lat="35.76794997788966" lon="-121.32233999669552">
        <ele>39.44</ele>
      </trkpt>
      <trkpt lat="35.76793991960585" lon="-121.32234997116029">
        <ele>38.88</ele>
      </trkpt>
      <trkpt lat="35.76788996346295" lon="-121.322409985587">
        <ele>38.28</ele>
      </trkpt>
      <trkpt lat="35.767839923501015" lon="-121.32246991619468">
        <ele>37.67</ele>
      </trkpt>
      <trkpt lat="35.767819974571466" lon="-121.32248994894326">
        <ele>37.06</ele>
      </trkpt>
      <trkpt lat="35.76778996735811" lon="-121.32251995615661">
        <ele>36.43</ele>
      </trkpt>
      <trkpt lat="35.76769994571805" lon="-121.32257997058332">
        <ele>35.78</ele>
      </trkpt>
      <trkpt lat="35.76763993129134" lon="-121.32261995226145">
        <ele>35.11</ele>
      </trkpt>
      <trkpt lat="35.76756994239986" lon="-121.32263998501003">
        <ele>34.42</ele>
      </trkpt>
      <trkpt lat="35.7674899790436" lon="-121.32265993393958">
        <ele>33.71</ele>
      </trkpt>
      <trkpt lat="35.767449997365475" lon="-121.32266999222338">
        <ele>33.0</ele>
      </trkpt>
      <trkpt lat="35.76736995019019" lon="-121.32267996668816">
        <ele>32.27</ele>
      </trkpt>
      <trkpt lat="35.76724992133677" lon="-121.32270997390151">
        <ele>31.49</ele>
      </trkpt>
      <trkpt lat="35.76717993244529" lon="-121.32270997390151">
        <ele>30.73</ele>
      </trkpt>
      <trkpt lat="35.76708999462426" lon="-121.32270997390151">
        <ele>29.94</ele>
      </trkpt>
      <trkpt lat="35.76701992191374" lon="-121.32269999943674">
        <ele>29.14</ele>
      </trkpt>
      <trkpt lat="35.76695999130607" lon="-121.32268994115293">
        <ele>28.34</ele>
      </trkpt>
      <trkpt lat="35.76691992580891" lon="-121.32266999222338">
        <ele>27.57</ele>
      </trkpt>
      <trkpt lat="35.76690995134413" lon="-121.32266999222338">
        <ele>26.79</ele>
      </trkpt>
      <trkpt lat="35.76687994413078" lon="-121.3226499594748">
        <ele>26.0</ele>
      </trkpt>
      <trkpt lat="35.76681992970407" lon="-121.32260997779667">
        <ele>25.21</ele>
      </trkpt>
      <trkpt lat="35.76677994802594" lon="-121.32257997058332">
        <ele>24.41</ele>
      </trkpt>
      <trkpt lat="35.766759999096394" lon="-121.32255993783474">
        <ele>23.61</ele>
      </trkpt>
      <trkpt lat="35.76672999188304" lon="-121.32252993062139">
        <ele>22.81</ele>
      </trkpt>
      <trkpt lat="35.76668992638588" lon="-121.32246991619468">
        <ele>22.02</ele>
      </trkpt>
      <trkpt lat="35.76664994470775" lon="-121.322409985587">
        <ele>21.23</ele>
      </trkpt>
      <trkpt lat="35.76657995581627" lon="-121.32224997505546">
        <ele>20.46</ele>
      </trkpt>
      <trkpt lat="35.76649990864098" lon="-121.32204973138869">
        <ele>19.67</ele>
      </trkpt>
      <trkpt lat="35.766419945284724" lon="-121.32184999063611">
        <ele>18.82</ele>
      </trkpt>
      <trkpt lat="35.76636998914182" lon="-121.32173993624747">
        <ele>17.99</ele>
      </trkpt>
      <trkpt lat="35.766309974715114" lon="-121.32164999842644">
        <ele>17.22</ele>
      </trkpt>
      <trkpt lat="35.766139989718795" lon="-121.32142997346818">
        <ele>16.34</ele>
      </trkpt>
      <trkpt lat="35.76607997529209" lon="-121.32133995182812">
        <ele>15.55</ele>
      </trkpt>
      <trkpt lat="35.7659999281168" lon="-121.32120994850993">
        <ele>14.78</ele>
      </trkpt>
      <trkpt lat="35.765929939225316" lon="-121.3211099524051">
        <ele>14.08</ele>
      </trkpt>
      <trkpt lat="35.76584997586906" lon="-121.32099998183548">
        <ele>13.34</ele>
      </trkpt>
      <trkpt lat="35.76571997255087" lon="-121.32083997130394">
        <ele>12.66</ele>
      </trkpt>
      <trkpt lat="35.76561494730413" lon="-121.32068490609527">
        <ele>12.0</ele>
      </trkpt>
      <trkpt lat="35.76550992205739" lon="-121.32052992470562">
        <ele>11.34</ele>
      </trkpt>
      <trkpt lat="35.765429958701134" lon="-121.32041995413601">
        <ele>10.7</ele>
      </trkpt>
      <trkpt lat="35.765369944274426" lon="-121.32032993249595">
        <ele>10.11</ele>
      </trkpt>
      <trkpt lat="35.76527992263436" lon="-121.32020998746157">
        <ele>9.5</ele>
      </trkpt>
      <trkpt lat="35.76522996649146" lon="-121.32014997303486">
        <ele>8.91</ele>
      </trkpt>
      <trkpt lat="35.76516995206475" lon="-121.32007998414338">
        <ele>8.36</ele>
      </trkpt>
      <trkpt lat="35.765019999817014" lon="-121.31991997361183">
        <ele>7.83</ele>
      </trkpt>
      <trkpt lat="35.7648999709636" lon="-121.31978997029364">
        <ele>7.31</ele>
      </trkpt>
      <trkpt lat="35.764829982072115" lon="-121.31972995586693">
        <ele>6.86</ele>
      </trkpt>
      <trkpt lat="35.76477994211018" lon="-121.3196899741888">
        <ele>6.43</ele>
      </trkpt>
      <trkpt lat="35.76472998596728" lon="-121.31964999251068">
        <ele>6.0</ele>
      </trkpt>
      <trkpt lat="35.76471992768347" lon="-121.31963993422687">
        <ele>5.63</ele>
      </trkpt>
      <trkpt lat="35.76449998654425" lon="-121.31945997476578">
        <ele>5.21</ele>
      </trkpt>
      <trkpt lat="35.76441993936896" lon="-121.31939996033907">
        <ele>4.92</ele>
      </trkpt>
      <trkpt lat="35.76419999822974" lon="-121.3192599825561">
        <ele>4.67</ele>
      </trkpt>
      <trkpt lat="35.76404996216297" lon="-121.31917993538082">
        <ele>4.42</ele>
      </trkpt>
      <trkpt lat="35.76391995884478" lon="-121.31910994648933">
        <ele>4.21</ele>
      </trkpt>
      <trkpt lat="35.76390998438001" lon="-121.31910994648933">
        <ele>4.03</ele>
      </trkpt>
      <trkpt lat="35.76376992277801" lon="-121.31905999034643">
        <ele>3.88</ele>
      </trkpt>
      <trkpt lat="35.763669926673174" lon="-121.31901992484927">
        <ele>3.77</ele>
      </trkpt>
      <trkpt lat="35.763499941676855" lon="-121.3189599942416">
        <ele>3.68</ele>
      </trkpt>
      <trkpt lat="35.76340992003679" lon="-121.31893996149302">
        <ele>3.62</ele>
      </trkpt>
      <trkpt lat="35.76339994557202" lon="-121.31892998702824">
        <ele>3.6</ele>
      </trkpt>
      <trkpt lat="35.76333993114531" lon="-121.31891992874444">
        <ele>3.61</ele>
      </trkpt>
      <trkpt lat="35.763219986110926" lon="-121.31888992153108">
        <ele>3.66</ele>
      </trkpt>
      <trkpt lat="35.76312996447086" lon="-121.31886997260153">
        <ele>3.73</ele>
      </trkpt>
      <trkpt lat="35.763069950044155" lon="-121.31885999813676">
        <ele>3.84</ele>
      </trkpt>
      <trkpt lat="35.76305997557938" lon="-121.31885999813676">
        <ele>3.97</ele>
      </trkpt>
      <trkpt lat="35.7630399428308" lon="-121.31885999813676">
        <ele>4.13</ele>
      </trkpt>
      <trkpt lat="35.76297992840409" lon="-121.31885999813676">
        <ele>4.33</ele>
      </trkpt>
      <trkpt lat="35.762899965047836" lon="-121.31884993985295">
        <ele>4.56</ele>
      </trkpt>
      <trkpt lat="35.76285998336971" lon="-121.31885999813676">
        <ele>4.81</ele>
      </trkpt>
      <trkpt lat="35.76281991787255" lon="-121.31885999813676">
        <ele>5.08</ele>
      </trkpt>
      <trkpt lat="35.762749928981066" lon="-121.31886997260153">
        <ele>5.4</ele>
      </trkpt>
      <trkpt lat="35.76269997283816" lon="-121.31888992153108">
        <ele>5.72</ele>
      </trkpt>
      <trkpt lat="35.76268999837339" lon="-121.31889997981489">
        <ele>6.06</ele>
      </trkpt>
      <trkpt lat="35.76267994008958" lon="-121.31889997981489">
        <ele>6.43</ele>
      </trkpt>
      <trkpt lat="35.762619925662875" lon="-121.31891992874444">
        <ele>6.84</ele>
      </trkpt>
      <trkpt lat="35.76253996230662" lon="-121.31896996870637">
        <ele>7.26</ele>
      </trkpt>
      <trkpt lat="35.76251992955804" lon="-121.31897994317114">
        <ele>7.7</ele>
      </trkpt>
      <trkpt lat="35.76245999895036" lon="-121.3190099503845">
        <ele>8.17</ele>
      </trkpt>
      <trkpt lat="35.76240995898843" lon="-121.31904993206263">
        <ele>8.65</ele>
      </trkpt>
      <trkpt lat="35.7623699773103" lon="-121.31908999755979">
        <ele>9.15</ele>
      </trkpt>
      <trkpt lat="35.762359919026494" lon="-121.31909997202456">
        <ele>9.66</ele>
      </trkpt>
      <trkpt lat="35.76226998120546" lon="-121.31917993538082">
        <ele>10.21</ele>
      </trkpt>
      <trkpt lat="35.762229999527335" lon="-121.31920994259417">
        <ele>10.77</ele>
      </trkpt>
      <trkpt lat="35.76221994124353" lon="-121.31922997534275">
        <ele>11.33</ele>
      </trkpt>
      <trkpt lat="35.762189934030175" lon="-121.3192599825561">
        <ele>11.9</ele>
      </trkpt>
      <trkpt lat="35.76212991960347" lon="-121.31933994591236">
        <ele>12.49</ele>
      </trkpt>
      <trkpt lat="35.762099996209145" lon="-121.3193899858743">
        <ele>13.11</ele>
      </trkpt>
      <trkpt lat="35.76206998899579" lon="-121.31942996755242">
        <ele>13.74</ele>
      </trkpt>
      <trkpt lat="35.76202992349863" lon="-121.3194999564439">
        <ele>14.39</ele>
      </trkpt>
      <trkpt lat="35.76200997456908" lon="-121.31955997087061">
        <ele>15.03</ele>
      </trkpt>
      <trkpt lat="35.761999916285276" lon="-121.31956994533539">
        <ele>15.68</ele>
      </trkpt>
      <trkpt lat="35.76197996735573" lon="-121.31961998529732">
        <ele>16.34</ele>
      </trkpt>
      <trkpt lat="35.761969992890954" lon="-121.31966994144022">
        <ele>17.0</ele>
      </trkpt>
      <trkpt lat="35.76191995292902" lon="-121.31983992643654">
        <ele>17.68</ele>
      </trkpt>
      <trkpt lat="35.761889945715666" lon="-121.31998996250331">
        <ele>18.37</ele>
      </trkpt>
      <trkpt lat="35.76187997125089" lon="-121.32003991864622">
        <ele>19.04</ele>
      </trkpt>
      <trkpt lat="35.76184996403754" lon="-121.32020998746157">
        <ele>19.73</ele>
      </trkpt>
      <trkpt lat="35.76181995682418" lon="-121.32033999077976">
        <ele>20.41</ele>
      </trkpt>
      <trkpt lat="35.761779975146055" lon="-121.32045993581414">
        <ele>21.11</ele>
      </trkpt>
      <trkpt lat="35.7617499679327" lon="-121.32055993191898">
        <ele>21.78</ele>
      </trkpt>
      <trkpt lat="35.76172993518412" lon="-121.32060997188091">
        <ele>22.45</ele>
      </trkpt>
      <trkpt lat="35.76172993518412" lon="-121.32061994634569">
        <ele>23.11</ele>
      </trkpt>
      <trkpt lat="35.76172993518412" lon="-121.32062992081046">
        <ele>23.77</ele>
      </trkpt>
      <trkpt lat="35.76166992075741" lon="-121.32074994966388">
        <ele>24.45</ele>
      </trkpt>
      <trkpt lat="35.76163999736309" lon="-121.32079998962581">
        <ele>25.11</ele>
      </trkpt>
      <trkpt lat="35.76157998293638" lon="-121.32090996019542">
        <ele>25.79</ele>
      </trkpt>
      <trkpt lat="35.761519968509674" lon="-121.3209799490869">
        <ele>26.46</ele>
      </trkpt>
      <trkpt lat="35.761439921334386" lon="-121.32107994519174">
        <ele>27.12</ele>
      </trkpt>
      <trkpt lat="35.76138996519148" lon="-121.32112998515368">
        <ele>27.75</ele>
      </trkpt>
      <trkpt lat="35.76135995797813" lon="-121.32115999236703">
        <ele>28.37</ele>
      </trkpt>
      <trkpt lat="35.761329950764775" lon="-121.32119997404516">
        <ele>28.97</ele>
      </trkpt>
      <trkpt lat="35.76126993633807" lon="-121.32124993018806">
        <ele>29.58</ele>
      </trkpt>
      <trkpt lat="35.761219980195165" lon="-121.32128999568522">
        <ele>30.14</ele>
      </trkpt>
      <trkpt lat="35.76116994023323" lon="-121.32132997736335">
        <ele>30.7</ele>
      </trkpt>
      <trkpt lat="35.76111998409033" lon="-121.3213599845767">
        <ele>31.24</ele>
      </trkpt>
      <trkpt lat="35.761089976876974" lon="-121.32137993350625">
        <ele>31.76</ele>
      </trkpt>
      <trkpt lat="35.761049995198846" lon="-121.32139996625483">
        <ele>32.27</ele>
      </trkpt>
      <trkpt lat="35.76096994802356" lon="-121.32143994793296">
        <ele>32.76</ele>
      </trkpt>
      <trkpt lat="35.760919991880655" lon="-121.32145998068154">
        <ele>33.22</ele>
      </trkpt>
      <trkpt lat="35.76083994470537" lon="-121.32147992961109">
        <ele>33.67</ele>
      </trkpt>
      <trkpt lat="35.76075998134911" lon="-121.32149996235967">
        <ele>34.1</ele>
      </trkpt>
      <trkpt lat="35.76067993417382" lon="-121.32151999510825">
        <ele>34.53</ele>
      </trkpt>
      <trkpt lat="35.76060994528234" lon="-121.32151999510825">
        <ele>34.93</ele>
      </trkpt>
      <trkpt lat="35.76049997471273" lon="-121.32152996957302">
        <ele>35.33</ele>
      </trkpt>
      <trkpt lat="35.76040995307267" lon="-121.3215399440378">
        <ele>35.7</ele>
      </trkpt>
      <trkpt lat="35.76039997860789" lon="-121.3215399440378">
        <ele>36.03</ele>
      </trkpt>
      <trkpt lat="35.76038992032409" lon="-121.32152996957302">
        <ele>36.35</ele>
      </trkpt>
      <trkpt lat="35.76029998250306" lon="-121.32151999510825">
        <ele>36.65</ele>
      </trkpt>
      <trkpt lat="35.760229993611574" lon="-121.32150993682444">
        <ele>36.93</ele>
      </trkpt>
      <trkpt lat="35.760209960862994" lon="-121.32150993682444">
        <ele>37.19</ele>
      </trkpt>
      <trkpt lat="35.76012999750674" lon="-121.32147992961109">
        <ele>37.44</ele>
      </trkpt>
      <trkpt lat="35.760059924796224" lon="-121.32145998068154">
        <ele>37.66</ele>
      </trkpt>
      <trkpt lat="35.75996998697519" lon="-121.32141999900341">
        <ele>37.87</ele>
      </trkpt>
      <trkpt lat="35.75987996533513" lon="-121.32136995904148">
        <ele>38.05</ele>
      </trkpt>
      <trkpt lat="35.75976999476552" lon="-121.32129997015">
        <ele>38.21</ele>
      </trkpt>
      <trkpt lat="35.759699922055006" lon="-121.32124993018806">
        <ele>38.35</ele>
      </trkpt>
      <trkpt lat="35.759629933163524" lon="-121.3211699668318">
        <ele>38.48</ele>
      </trkpt>
      <trkpt lat="35.75954996980727" lon="-121.32108991965652">
        <ele>38.59</ele>
      </trkpt>
      <trkpt lat="35.75946992263198" lon="-121.32098992355168">
        <ele>38.7</ele>
      </trkpt>
      <trkpt lat="35.759349977597594" lon="-121.32080996409059">
        <ele>38.8</ele>
      </trkpt>
      <trkpt lat="35.75925995595753" lon="-121.32066998630762">
        <ele>38.89</ele>
      </trkpt>
      <trkpt lat="35.75918996706605" lon="-121.32055993191898">
        <ele>38.97</ele>
      </trkpt>
      <trkpt lat="35.75903993099928" lon="-121.32031995803118">
        <ele>39.03</ele>
      </trkpt>
      <trkpt lat="35.75893993489444" lon="-121.32013999857008">
        <ele>39.07</ele>
      </trkpt>
      <trkpt lat="35.75882996432483" lon="-121.31995995528996">
        <ele>39.1</ele>
      </trkpt>
      <trkpt lat="35.75880993157625" lon="-121.31994998082519">
        <ele>39.11</ele>
      </trkpt>
      <trkpt lat="35.758709935471416" lon="-121.31977991200984">
        <ele>39.12</ele>
      </trkpt>
      <trkpt lat="35.75860993936658" lon="-121.31960992701352">
        <ele>39.1</ele>
      </trkpt>
      <trkpt lat="35.75849996879697" lon="-121.3194399420172">
        <ele>39.07</ele>
      </trkpt>
      <trkpt lat="35.75847993604839" lon="-121.31940993480384">
        <ele>39.05</ele>
      </trkpt>
      <trkpt lat="35.75838999822736" lon="-121.3192599825561">
        <ele>39.03</ele>
      </trkpt>
      <trkpt lat="35.758279943838716" lon="-121.31907993927598">
        <ele>39.0</ele>
      </trkpt>
      <trkpt lat="35.75811490416527" lon="-121.31881984882057">
        <ele>38.95</ele>
      </trkpt>
      <trkpt lat="35.75794994831085" lon="-121.31855992600322">
        <ele>38.89</ele>
      </trkpt>
      <trkpt lat="35.75787995941937" lon="-121.31843998096883">
        <ele>38.84</ele>
      </trkpt>
      <trkpt lat="35.75775490142405" lon="-121.31823487579823">
        <ele>38.77</ele>
      </trkpt>
      <trkpt lat="35.75762992724776" lon="-121.31802993826568">
        <ele>38.7</ele>
      </trkpt>
      <trkpt lat="35.75752490200102" lon="-121.31784989498556">
        <ele>38.65</ele>
      </trkpt>
      <trkpt lat="35.757419960573316" lon="-121.31766993552446">
        <ele>38.6</ele>
      </trkpt>
      <trkpt lat="35.757419960573316" lon="-121.31765996105969">
        <ele>38.55</ele>
      </trkpt>
      <trkpt lat="35.75731988064945" lon="-121.31747480481863">
        <ele>38.49</ele>
      </trkpt>
      <trkpt lat="35.75721996836364" lon="-121.3172899838537">
        <ele>38.45</ele>
      </trkpt>
      <trkpt lat="35.75720999389887" lon="-121.31725997664034">
        <ele>38.4</ele>
      </trkpt>
      <trkpt lat="35.757119888439775" lon="-121.31708982400596">
        <ele>38.35</ele>
      </trkpt>
      <trkpt lat="35.757029950618744" lon="-121.31691992282867">
        <ele>38.31</ele>
      </trkpt>
      <trkpt lat="35.75699994340539" lon="-121.316859992221">
        <ele>38.27</ele>
      </trkpt>
      <trkpt lat="35.756879998371005" lon="-121.31662999279797">
        <ele>38.25</ele>
      </trkpt>
      <trkpt lat="35.75682995840907" lon="-121.31654994562268">
        <ele>38.2</ele>
      </trkpt>
      <trkpt lat="35.75679995119572" lon="-121.31650996394455">
        <ele>38.17</ele>
      </trkpt>
      <trkpt lat="35.756749995052814" lon="-121.31639999337494">
        <ele>38.14</ele>
      </trkpt>
      <trkpt lat="35.756669947877526" lon="-121.31626999005675">
        <ele>38.11</ele>
      </trkpt>
      <trkpt lat="35.75658998452127" lon="-121.31615993566811">
        <ele>38.1</ele>
      </trkpt>
      <trkpt lat="35.75649996288121" lon="-121.31602993234992">
        <ele>38.1</ele>
      </trkpt>
      <trkpt lat="35.75641999952495" lon="-121.31592993624508">
        <ele>38.09</ele>
      </trkpt>
      <trkpt lat="35.75630994513631" lon="-121.31578995846212">
        <ele>38.12</ele>
      </trkpt>
      <trkpt lat="35.756149934604764" lon="-121.31559994071722">
        <ele>38.14</ele>
      </trkpt>
      <trkpt lat="35.755999982357025" lon="-121.31541998125613">
        <ele>38.19</ele>
      </trkpt>
      <trkpt lat="35.75598992407322" lon="-121.31539994850755">
        <ele>38.22</ele>
      </trkpt>
      <trkpt lat="35.755776688456535" lon="-121.3151400256902">
        <ele>38.28</ele>
      </trkpt>
      <trkpt lat="35.75556336902082" lon="-121.31488010287285">
        <ele>38.31</ele>
      </trkpt>
      <trkpt lat="35.75534996576607" lon="-121.3146199285984">
        <ele>38.3</ele>
      </trkpt>
      <trkpt lat="35.75523999519646" lon="-121.31448992528021">
        <ele>38.35</ele>
      </trkpt>
      <trkpt lat="35.75508995912969" lon="-121.31430996581912">
        <ele>38.42</ele>
      </trkpt>
      <trkpt lat="35.75501997023821" lon="-121.31421994417906">
        <ele>38.49</ele>
      </trkpt>
      <trkpt lat="35.75486498884857" lon="-121.31403001025319">
        <ele>38.57</ele>
      </trkpt>
      <trkpt lat="35.75470992363989" lon="-121.31383999250829">
        <ele>38.68</ele>
      </trkpt>
      <trkpt lat="35.7545799203217" lon="-121.31367998197675">
        <ele>38.77</ele>
      </trkpt>
      <trkpt lat="35.75445997528732" lon="-121.3135199714452">
        <ele>38.89</ele>
      </trkpt>
      <trkpt lat="35.75432997196913" lon="-121.31336993537843">
        <ele>39.01</ele>
      </trkpt>
      <trkpt lat="35.754279932007194" lon="-121.31330992095172">
        <ele>39.1</ele>
      </trkpt>
      <trkpt lat="35.75408002361655" lon="-121.31305502727628">
        <ele>39.2</ele>
      </trkpt>
      <trkpt lat="35.75387994758785" lon="-121.31279996596277">
        <ele>39.32</ele>
      </trkpt>
      <trkpt lat="35.753699988126755" lon="-121.31258999928832">
        <ele>39.44</ele>
      </trkpt>
      <trkpt lat="35.75357995927334" lon="-121.31245999597013">
        <ele>39.55</ele>
      </trkpt>
      <trkpt lat="35.75342992320657" lon="-121.31231993436813">
        <ele>39.65</ele>
      </trkpt>
      <trkpt lat="35.753269996494055" lon="-121.31219998933375">
        <ele>39.76</ele>
      </trkpt>
      <trkpt lat="35.753119960427284" lon="-121.3120899349451">
        <ele>39.88</ele>
      </trkpt>
      <trkpt lat="35.753079978749156" lon="-121.31205992773175">
        <ele>39.98</ele>
      </trkpt>
      <trkpt lat="35.75299993157387" lon="-121.31200997158885">
        <ele>40.08</ele>
      </trkpt>
      <trkpt lat="35.752819972112775" lon="-121.31191994994879">
        <ele>40.19</ele>
      </trkpt>
      <trkpt lat="35.75263992883265" lon="-121.31183998659253">
        <ele>40.27</ele>
      </trkpt>
      <trkpt lat="35.7524299621582" lon="-121.31176999770105">
        <ele>40.37</ele>
      </trkpt>
      <trkpt lat="35.75239995494485" lon="-121.31176999770105">
        <ele>40.45</ele>
      </trkpt>
      <trkpt lat="35.75224991887808" lon="-121.3117399904877">
        <ele>40.53</ele>
      </trkpt>
      <trkpt lat="35.75203995220363" lon="-121.31169992499053">
        <ele>40.63</ele>
      </trkpt>
      <trkpt lat="35.75201991945505" lon="-121.31169992499053">
        <ele>40.69</ele>
      </trkpt>
      <trkpt lat="35.75185999274254" lon="-121.31168995052576">
        <ele>40.75</ele>
      </trkpt>
      <trkpt lat="35.751789920032024" lon="-121.31168995052576">
        <ele>40.79</ele>
      </trkpt>
      <trkpt lat="35.75160996057093" lon="-121.31168995052576">
        <ele>40.84</ele>
      </trkpt>
      <trkpt lat="35.75137551873922" lon="-121.31169992499053">
        <ele>40.89</ele>
      </trkpt>
      <trkpt lat="35.7511399872601" lon="-121.31170998327434">
        <ele>40.91</ele>
      </trkpt>
      <trkpt lat="35.75091049075127" lon="-121.31171995773911">
        <ele>40.93</ele>
      </trkpt>
      <trkpt lat="35.75067998841405" lon="-121.31172993220389">
        <ele>40.92</ele>
      </trkpt>
      <trkpt lat="35.75059994123876" lon="-121.31172993220389">
        <ele>40.9</ele>
      </trkpt>
      <trkpt lat="35.75042040087283" lon="-121.31173496134579">
        <ele>40.86</ele>
      </trkpt>
      <trkpt lat="35.75023993849754" lon="-121.3117399904877">
        <ele>40.81</ele>
      </trkpt>
      <trkpt lat="35.75005997903645" lon="-121.31174996495247">
        <ele>40.73</ele>
      </trkpt>
      <trkpt lat="35.74988538399339" lon="-121.31175993941724">
        <ele>40.63</ele>
      </trkpt>
      <trkpt lat="35.74970995076001" lon="-121.31176999770105">
        <ele>40.49</ele>
      </trkpt>
      <trkpt lat="35.7494099624455" lon="-121.3117899466306">
        <ele>40.31</ele>
      </trkpt>
      <trkpt lat="35.74934994801879" lon="-121.31179992109537">
        <ele>40.22</ele>
      </trkpt>
      <trkpt lat="35.74917996302247" lon="-121.31179992109537">
        <ele>40.14</ele>
      </trkpt>
      <trkpt lat="35.74904995970428" lon="-121.31180997937918">
        <ele>40.06</ele>
      </trkpt>
      <trkpt lat="35.74894996359944" lon="-121.31180997937918">
        <ele>39.99</ele>
      </trkpt>
      <trkpt lat="35.7487899530679" lon="-121.31181995384395">
        <ele>39.93</ele>
      </trkpt>
      <trkpt lat="35.748569928109646" lon="-121.31182992830873">
        <ele>39.8</ele>
      </trkpt>
      <trkpt lat="35.74850999750197" lon="-121.31183998659253">
        <ele>39.66</ele>
      </trkpt>
      <trkpt lat="35.74833992868662" lon="-121.31185993552208">
        <ele>39.51</ele>
      </trkpt>
      <trkpt lat="35.748219983652234" lon="-121.31186999380589">
        <ele>39.36</ele>
      </trkpt>
      <trkpt lat="35.748159969225526" lon="-121.31187996827066">
        <ele>39.2</ele>
      </trkpt>
      <trkpt lat="35.7479799259454" lon="-121.31189991720021">
        <ele>39.03</ele>
      </trkpt>
      <trkpt lat="35.74781999923289" lon="-121.31192992441356">
        <ele>38.85</ele>
      </trkpt>
      <trkpt lat="35.74779996648431" lon="-121.31192992441356">
        <ele>38.65</ele>
      </trkpt>
      <trkpt lat="35.747619923204184" lon="-121.31194995716214">
        <ele>38.46</ele>
      </trkpt>
      <trkpt lat="35.74743996374309" lon="-121.3119799643755">
        <ele>38.24</ele>
      </trkpt>
      <trkpt lat="35.74737994931638" lon="-121.31198993884027">
        <ele>38.0</ele>
      </trkpt>
      <trkpt lat="35.747145507484674" lon="-121.3120248913765">
        <ele>37.74</ele>
      </trkpt>
      <trkpt lat="35.746909976005554" lon="-121.31205992773175">
        <ele>37.44</ele>
      </trkpt>
      <trkpt lat="35.74673035182059" lon="-121.3120849058032">
        <ele>37.14</ele>
      </trkpt>
      <trkpt lat="35.74654997326434" lon="-121.31210996769369">
        <ele>36.84</ele>
      </trkpt>
      <trkpt lat="35.746399937197566" lon="-121.31212991662323">
        <ele>36.51</ele>
      </trkpt>
      <trkpt lat="35.74636992998421" lon="-121.31212991662323">
        <ele>36.19</ele>
      </trkpt>
      <trkpt lat="35.74610313400626" lon="-121.31216738373041">
        <ele>35.82</ele>
      </trkpt>
      <trkpt lat="35.74583625420928" lon="-121.31220476701856">
        <ele>35.46</ele>
      </trkpt>
      <trkpt lat="35.7455693744123" lon="-121.3122421503067">
        <ele>35.09</ele>
      </trkpt>
      <trkpt lat="35.745299980044365" lon="-121.31227995269">
        <ele>34.7</ele>
      </trkpt>
      <trkpt lat="35.74524994008243" lon="-121.31228992715478">
        <ele>34.31</ele>
      </trkpt>
      <trkpt lat="35.74511993676424" lon="-121.31230995990336">
        <ele>33.91</ele>
      </trkpt>
      <trkpt lat="35.74482397176325" lon="-121.31234985776246">
        <ele>33.49</ele>
      </trkpt>
      <trkpt lat="35.744528006762266" lon="-121.31238975562155">
        <ele>33.06</ele>
      </trkpt>
      <trkpt lat="35.744229946285486" lon="-121.31242998875678">
        <ele>32.64</ele>
      </trkpt>
      <trkpt lat="35.743969939649105" lon="-121.3124699704349">
        <ele>32.19</ele>
      </trkpt>
      <trkpt lat="35.74375712312758" lon="-121.31249989382923">
        <ele>31.76</ele>
      </trkpt>
      <trkpt lat="35.743544306606054" lon="-121.31252981722355">
        <ele>31.33</ele>
      </trkpt>
      <trkpt lat="35.74332998134196" lon="-121.31255999207497">
        <ele>30.87</ele>
      </trkpt>
      <trkpt lat="35.743035692721605" lon="-121.31260483525693">
        <ele>30.41</ele>
      </trkpt>
      <trkpt lat="35.74273997917771" lon="-121.312649929896">
        <ele>29.98</ele>
      </trkpt>
      <trkpt lat="35.74244066141546" lon="-121.3126898277551">
        <ele>29.57</ele>
      </trkpt>
      <trkpt lat="35.742141427472234" lon="-121.31272972561419">
        <ele>29.14</ele>
      </trkpt>
      <trkpt lat="35.74183993041515" lon="-121.31276995874941">
        <ele>28.7</ele>
      </trkpt>
      <trkpt lat="35.74166541919112" lon="-121.31278990767896">
        <ele>28.26</ele>
      </trkpt>
      <trkpt lat="35.74148998595774" lon="-121.31280994042754">
        <ele>27.83</ele>
      </trkpt>
      <trkpt lat="35.74119997210801" lon="-121.31284992210567">
        <ele>27.39</ele>
      </trkpt>
      <trkpt lat="35.74093728326261" lon="-121.31288655102253">
        <ele>26.95</ele>
      </trkpt>
      <trkpt lat="35.74067451059818" lon="-121.31292309612036">
        <ele>26.51</ele>
      </trkpt>
      <trkpt lat="35.74040997773409" lon="-121.31295997649431">
        <ele>26.07</ele>
      </trkpt>
      <trkpt lat="35.740235382691026" lon="-121.31298487074673">
        <ele>25.64</ele>
      </trkpt>
      <trkpt lat="35.740059949457645" lon="-121.31300993263721">
        <ele>25.22</ele>
      </trkpt>
      <trkpt lat="35.73988996446133" lon="-121.31303993985057">
        <ele>24.83</ele>
      </trkpt>
      <trkpt lat="35.73963305912912" lon="-121.3130748923868">
        <ele>24.45</ele>
      </trkpt>
      <trkpt lat="35.73937615379691" lon="-121.31310976110399">
        <ele>24.08</ele>
      </trkpt>
      <trkpt lat="35.739119332283735" lon="-121.31314471364021">
        <ele>23.71</ele>
      </trkpt>
      <trkpt lat="35.73885999619961" lon="-121.31317991763353">
        <ele>23.35</ele>
      </trkpt>
      <trkpt lat="35.738640474155545" lon="-121.31321319378912">
        <ele>22.99</ele>
      </trkpt>
      <trkpt lat="35.738421035930514" lon="-121.31324646994472">
        <ele>22.61</ele>
      </trkpt>
      <trkpt lat="35.73819992132485" lon="-121.3132799975574">
        <ele>22.27</ele>
      </trkpt>
      <trkpt lat="35.737889958545566" lon="-121.31331997923553">
        <ele>21.98</ele>
      </trkpt>
      <trkpt lat="35.737584019079804" lon="-121.3133632298559">
        <ele>21.68</ele>
      </trkpt>
      <trkpt lat="35.73727807961404" lon="-121.31340639665723">
        <ele>21.38</ele>
      </trkpt>
      <trkpt lat="35.73697214014828" lon="-121.3134496472776">
        <ele>21.11</ele>
      </trkpt>
      <trkpt lat="35.73666620068252" lon="-121.31349289789796">
        <ele>20.87</ele>
      </trkpt>
      <trkpt lat="35.73636026121676" lon="-121.31353614851832">
        <ele>20.63</ele>
      </trkpt>
      <trkpt lat="35.73604996316135" lon="-121.31357998587191">
        <ele>20.42</ele>
      </trkpt>
      <trkpt lat="35.73596999980509" lon="-121.31358996033669">
        <ele>20.23</ele>
      </trkpt>
      <trkpt lat="35.735889952629805" lon="-121.31359993480146">
        <ele>20.05</ele>
      </trkpt>
      <trkpt lat="35.735869919881225" lon="-121.31359993480146">
        <ele>19.9</ele>
      </trkpt>
      <trkpt lat="35.735849970951676" lon="-121.31360999308527">
        <ele>19.76</ele>
      </trkpt>
      <trkpt lat="35.73579993098974" lon="-121.31360999308527">
        <ele>19.65</ele>
      </trkpt>
      <trkpt lat="35.735537242144346" lon="-121.3136465381831">
        <ele>19.55</ele>
      </trkpt>
      <trkpt lat="35.73527455329895" lon="-121.31368308328092">
        <ele>19.45</ele>
      </trkpt>
      <trkpt lat="35.735009936615825" lon="-121.31371996365488">
        <ele>19.38</ele>
      </trkpt>
      <trkpt lat="35.73490994051099" lon="-121.31372993811965">
        <ele>19.34</ele>
      </trkpt>
      <trkpt lat="35.734859984368086" lon="-121.31373999640346">
        <ele>19.32</ele>
      </trkpt>
      <trkpt lat="35.73458564467728" lon="-121.3137773796916">
        <ele>19.32</ele>
      </trkpt>
      <trkpt lat="35.73431130498648" lon="-121.31381476297975">
        <ele>19.34</ele>
      </trkpt>
      <trkpt lat="35.73403696529567" lon="-121.31385223008692">
        <ele>19.37</ele>
      </trkpt>
      <trkpt lat="35.73375994339585" lon="-121.3138899486512">
        <ele>19.42</ele>
      </trkpt>
      <trkpt lat="35.7337299361825" lon="-121.31389992311597">
        <ele>19.5</ele>
      </trkpt>
      <trkpt lat="35.73368995450437" lon="-121.31389992311597">
        <ele>19.6</ele>
      </trkpt>
      <trkpt lat="35.73350999504328" lon="-121.31392993032932">
        <ele>19.72</ele>
      </trkpt>
      <trkpt lat="35.73323993012309" lon="-121.31396999582648">
        <ele>19.86</ele>
      </trkpt>
      <trkpt lat="35.73297556489706" lon="-121.31400989368558">
        <ele>20.02</ele>
      </trkpt>
      <trkpt lat="35.732709942385554" lon="-121.31404995918274">
        <ele>20.19</ele>
      </trkpt>
      <trkpt lat="35.73260994628072" lon="-121.31405993364751">
        <ele>20.38</ele>
      </trkpt>
      <trkpt lat="35.732435351237655" lon="-121.31408491171896">
        <ele>20.58</ele>
      </trkpt>
      <trkpt lat="35.732259918004274" lon="-121.31410997360945">
        <ele>20.81</ele>
      </trkpt>
      <trkpt lat="35.73203553445637" lon="-121.31413486786187">
        <ele>21.05</ele>
      </trkpt>
      <trkpt lat="35.731809977442026" lon="-121.31415992975235">
        <ele>21.32</ele>
      </trkpt>
      <trkpt lat="35.73175993748009" lon="-121.31416998803616">
        <ele>21.59</ele>
      </trkpt>
      <trkpt lat="35.73153999634087" lon="-121.31419999524951">
        <ele>21.89</ele>
      </trkpt>
      <trkpt lat="35.731399934738874" lon="-121.31421994417906">
        <ele>22.19</ele>
      </trkpt>
      <trkpt lat="35.731229949742556" lon="-121.31424995139241">
        <ele>22.51</ele>
      </trkpt>
      <trkpt lat="35.73117999359965" lon="-121.31424995139241">
        <ele>22.83</ele>
      </trkpt>
      <trkpt lat="35.730884028598666" lon="-121.31429320201278">
        <ele>23.2</ele>
      </trkpt>
      <trkpt lat="35.73058806359768" lon="-121.31433645263314">
        <ele>23.6</ele>
      </trkpt>
      <trkpt lat="35.73028991930187" lon="-121.3143799547106">
        <ele>23.97</ele>
      </trkpt>
      <trkpt lat="35.73011037893593" lon="-121.31440493278205">
        <ele>24.32</ele>
      </trkpt>
      <trkpt lat="35.72992991656065" lon="-121.31442999467254">
        <ele>24.65</ele>
      </trkpt>
      <trkpt lat="35.72979999706149" lon="-121.31444994360209">
        <ele>24.98</ele>
      </trkpt>
      <trkpt lat="35.729569997638464" lon="-121.31447995081544">
        <ele>25.31</ele>
      </trkpt>
      <trkpt lat="35.72939992882311" lon="-121.31449998356402">
        <ele>25.61</ele>
      </trkpt>
      <trkpt lat="35.72921544313431" lon="-121.31451993249357">
        <ele>25.93</ele>
      </trkpt>
      <trkpt lat="35.72902995161712" lon="-121.31453996524215">
        <ele>26.24</ele>
      </trkpt>
      <trkpt lat="35.7288599666208" lon="-121.3145699724555">
        <ele>26.54</ele>
      </trkpt>
      <trkpt lat="35.728630470111966" lon="-121.31460324861109">
        <ele>26.83</ele>
      </trkpt>
      <trkpt lat="35.72840105742216" lon="-121.31463644094765">
        <ele>27.11</ele>
      </trkpt>
      <trkpt lat="35.72816996835172" lon="-121.31466996856034">
        <ele>27.39</ele>
      </trkpt>
      <trkpt lat="35.72800995782018" lon="-121.31469997577369">
        <ele>27.64</ele>
      </trkpt>
      <trkpt lat="35.72796997614205" lon="-121.31469997577369">
        <ele>27.87</ele>
      </trkpt>
      <trkpt lat="35.72788992896676" lon="-121.31471992470324">
        <ele>28.09</ele>
      </trkpt>
      <trkpt lat="35.72779999114573" lon="-121.31472998298705">
        <ele>28.31</ele>
      </trkpt>
      <trkpt lat="35.727789932861924" lon="-121.31472998298705">
        <ele>28.5</ele>
      </trkpt>
      <trkpt lat="35.72771994397044" lon="-121.31472998298705">
        <ele>28.69</ele>
      </trkpt>
      <trkpt lat="35.72764995507896" lon="-121.31472998298705">
        <ele>28.86</ele>
      </trkpt>
      <trkpt lat="35.72762992233038" lon="-121.31472998298705">
        <ele>29.02</ele>
      </trkpt>
      <trkpt lat="35.72760997340083" lon="-121.31472998298705">
        <ele>29.16</ele>
      </trkpt>
      <trkpt lat="35.72754995897412" lon="-121.31472998298705">
        <ele>29.28</ele>
      </trkpt>
      <trkpt lat="35.72745993733406" lon="-121.31471992470324">
        <ele>29.39</ele>
      </trkpt>
      <trkpt lat="35.72742993012071" lon="-121.31470995023847">
        <ele>29.49</ele>
      </trkpt>
      <trkpt lat="35.72732993401587" lon="-121.31468991748989">
        <ele>29.58</ele>
      </trkpt>
      <trkpt lat="35.72726991958916" lon="-121.31466996856034">
        <ele>29.65</ele>
      </trkpt>
      <trkpt lat="35.727249970659614" lon="-121.31466996856034">
        <ele>29.7</ele>
      </trkpt>
      <trkpt lat="35.727169923484325" lon="-121.31463996134698">
        <ele>29.75</ele>
      </trkpt>
      <trkpt lat="35.72711996734142" lon="-121.3146199285984">
        <ele>29.78</ele>
      </trkpt>
      <trkpt lat="35.72704997844994" lon="-121.31458992138505">
        <ele>29.79</ele>
      </trkpt>
      <trkpt lat="35.72695995680988" lon="-121.31452999077737">
        <ele>29.79</ele>
      </trkpt>
      <trkpt lat="35.726929949596524" lon="-121.31451993249357">
        <ele>29.78</ele>
      </trkpt>
      <trkpt lat="35.72676993906498" lon="-121.31439998745918">
        <ele>29.75</ele>
      </trkpt>
      <trkpt lat="35.726759964600205" lon="-121.31439998745918">
        <ele>29.72</ele>
      </trkpt>
      <trkpt lat="35.726609928533435" lon="-121.31426998414099">
        <ele>29.68</ele>
      </trkpt>
      <trkpt lat="35.72657992132008" lon="-121.31423997692764">
        <ele>29.64</ele>
      </trkpt>
      <trkpt lat="35.72646995075047" lon="-121.31414995528758">
        <ele>29.56</ele>
      </trkpt>
      <trkpt lat="35.72642996907234" lon="-121.31411994807422">
        <ele>29.49</ele>
      </trkpt>
      <trkpt lat="35.72631999850273" lon="-121.31402992643416">
        <ele>29.4</ele>
      </trkpt>
      <trkpt lat="35.7262699585408" lon="-121.31398994475603">
        <ele>29.31</ele>
      </trkpt>
      <trkpt lat="35.72615998797119" lon="-121.31390998139977">
        <ele>29.2</ele>
      </trkpt>
      <trkpt lat="35.726089999079704" lon="-121.31385994143784">
        <ele>29.11</ele>
      </trkpt>
      <trkpt lat="35.72603995911777" lon="-121.31382993422449">
        <ele>29.02</ele>
      </trkpt>
      <trkpt lat="35.72599997743964" lon="-121.31380998529494">
        <ele>28.94</ele>
      </trkpt>
      <trkpt lat="35.72592998854816" lon="-121.313759945333">
        <ele>28.84</ele>
      </trkpt>
      <trkpt lat="35.7258399669081" lon="-121.3137099891901">
        <ele>28.74</ele>
      </trkpt>
      <trkpt lat="35.725749945268035" lon="-121.31365994922817">
        <ele>28.66</ele>
      </trkpt>
      <trkpt lat="35.72556998580694" lon="-121.31355995312333">
        <ele>28.6</ele>
      </trkpt>
      <trkpt lat="35.725429924204946" lon="-121.31349993869662">
        <ele>28.55</ele>
      </trkpt>
      <trkpt lat="35.72527997195721" lon="-121.31341997534037">
        <ele>28.48</ele>
      </trkpt>
      <trkpt lat="35.725189950317144" lon="-121.31336993537843">
        <ele>28.41</ele>
      </trkpt>
      <trkpt lat="35.72510998696089" lon="-121.31330992095172">
        <ele>28.34</ele>
      </trkpt>
      <trkpt lat="35.725059946998954" lon="-121.3132699392736">
        <ele>28.28</ele>
      </trkpt>
      <trkpt lat="35.7250299397856" lon="-121.31323993206024">
        <ele>28.21</ele>
      </trkpt>
      <trkpt lat="35.72498995810747" lon="-121.31320992484689">
        <ele>28.16</ele>
      </trkpt>
      <trkpt lat="35.72492994368076" lon="-121.31314999423921">
        <ele>28.11</ele>
      </trkpt>
      <trkpt lat="35.72491996921599" lon="-121.3131399359554">
        <ele>28.06</ele>
      </trkpt>
      <trkpt lat="35.724889962002635" lon="-121.31309995427728">
        <ele>28.01</ele>
      </trkpt>
      <trkpt lat="35.72482994757593" lon="-121.3130299653858">
        <ele>27.96</ele>
      </trkpt>
      <trkpt lat="35.7247899658978" lon="-121.31297992542386">
        <ele>27.92</ele>
      </trkpt>
      <trkpt lat="35.724759958684444" lon="-121.31293994374573">
        <ele>27.88</ele>
      </trkpt>
      <trkpt lat="35.72472995147109" lon="-121.3128999620676">
        <ele>27.85</ele>
      </trkpt>
      <trkpt lat="35.72463992983103" lon="-121.31277993321419">
        <ele>27.82</ele>
      </trkpt>
      <trkpt lat="35.72449995204806" lon="-121.31257994100451">
        <ele>27.79</ele>
      </trkpt>
      <trkpt lat="35.72431999258697" lon="-121.31232999265194">
        <ele>27.76</ele>
      </trkpt>
      <trkpt lat="35.7241699565202" lon="-121.31210996769369">
        <ele>27.69</ele>
      </trkpt>
      <trkpt lat="35.72410994209349" lon="-121.31201994605362">
        <ele>27.68</ele>
      </trkpt>
      <trkpt lat="35.72408999316394" lon="-121.3119799643755">
        <ele>27.69</ele>
      </trkpt>
      <trkpt lat="35.72405998595059" lon="-121.31193998269737">
        <ele>27.7</ele>
      </trkpt>
      <trkpt lat="35.72391992434859" lon="-121.3117399904877">
        <ele>27.72</ele>
      </trkpt>
      <trkpt lat="35.72382998652756" lon="-121.3115999288857">
        <ele>27.73</ele>
      </trkpt>
      <trkpt lat="35.7237899210304" lon="-121.3115499727428">
        <ele>27.75</ele>
      </trkpt>
      <trkpt lat="35.723729990422726" lon="-121.31147998385131">
        <ele>27.78</ele>
      </trkpt>
      <trkpt lat="35.72369998320937" lon="-121.31143991835415">
        <ele>27.82</ele>
      </trkpt>
      <trkpt lat="35.72364994324744" lon="-121.31136992946267">
        <ele>27.87</ele>
      </trkpt>
      <trkpt lat="35.723579954355955" lon="-121.31127999164164">
        <ele>27.91</ele>
      </trkpt>
      <trkpt lat="35.723469983786345" lon="-121.31113993003964">
        <ele>27.96</ele>
      </trkpt>
      <trkpt lat="35.723449951037765" lon="-121.3111199811101">
        <ele>28.0</ele>
      </trkpt>
      <trkpt lat="35.72332992218435" lon="-121.3109899777919">
        <ele>28.05</ele>
      </trkpt>
      <trkpt lat="35.723169995471835" lon="-121.31080993451178">
        <ele>28.11</ele>
      </trkpt>
      <trkpt lat="35.72302993386984" lon="-121.31067993119359">
        <ele>28.19</ele>
      </trkpt>
      <trkpt lat="35.72289993055165" lon="-121.3105499278754">
        <ele>28.24</ele>
      </trkpt>
      <trkpt lat="35.72285994887352" lon="-121.31051992066205">
        <ele>28.29</ele>
      </trkpt>
      <trkpt lat="35.722719971090555" lon="-121.31038991734385">
        <ele>28.35</ele>
      </trkpt>
      <trkpt lat="35.72260991670191" lon="-121.31029997952282">
        <ele>28.41</ele>
      </trkpt>
      <trkpt lat="35.72253992781043" lon="-121.31024993956089">
        <ele>28.45</ele>
      </trkpt>
      <trkpt lat="35.72248997166753" lon="-121.31020995788276">
        <ele>28.47</ele>
      </trkpt>
      <trkpt lat="35.7224499899894" lon="-121.31017995066941">
        <ele>28.48</ele>
      </trkpt>
      <trkpt lat="35.722379917278886" lon="-121.3101199362427">
        <ele>28.49</ele>
      </trkpt>
      <trkpt lat="35.72224999777973" lon="-121.31003997288644">
        <ele>28.5</ele>
      </trkpt>
      <trkpt lat="35.721989991143346" lon="-121.30986998789012">
        <ele>28.5</ele>
      </trkpt>
      <trkpt lat="35.721819922327995" lon="-121.30976999178529">
        <ele>28.49</ele>
      </trkpt>
      <trkpt lat="35.72167994454503" lon="-121.30968994461">
        <ele>28.46</ele>
      </trkpt>
      <trkpt lat="35.721505265682936" lon="-121.30958508700132">
        <ele>28.42</ele>
      </trkpt>
      <trkpt lat="35.72132991626859" lon="-121.30947997793555">
        <ele>28.38</ele>
      </trkpt>
      <trkpt lat="35.721169989556074" lon="-121.30937998183072">
        <ele>28.3</ele>
      </trkpt>
      <trkpt lat="35.72098994627595" lon="-121.30927998572588">
        <ele>28.21</ele>
      </trkpt>
      <trkpt lat="35.720829935744405" lon="-121.30917998962104">
        <ele>28.11</ele>
      </trkpt>
      <trkpt lat="35.72067520581186" lon="-121.30909013561904">
        <ele>27.98</ele>
      </trkpt>
      <trkpt lat="35.72051997296512" lon="-121.30899994634092">
        <ele>27.83</ele>
      </trkpt>
      <trkpt lat="35.720249991863966" lon="-121.30883993580937">
        <ele>27.65</ele>
      </trkpt>
      <trkpt lat="35.72019995190203" lon="-121.30880992859602">
        <ele>27.45</ele>
      </trkpt>
      <trkpt lat="35.72006994858384" lon="-121.30872996523976">
        <ele>27.24</ele>
      </trkpt>
      <trkpt lat="35.72002996690571" lon="-121.30870993249118">
        <ele>27.01</ele>
      </trkpt>
      <trkpt lat="35.71981530636549" lon="-121.30858018063009">
        <ele>26.75</ele>
      </trkpt>
      <trkpt lat="35.71959997527301" lon="-121.3084499258548">
        <ele>26.48</ele>
      </trkpt>
      <trkpt lat="35.71958991698921" lon="-121.30843995139003">
        <ele>26.19</ele>
      </trkpt>
      <trkpt lat="35.71954993531108" lon="-121.30841991864145">
        <ele>25.87</ele>
      </trkpt>
      <trkpt lat="35.719380201771855" lon="-121.30832009017467">
        <ele>25.51</ele>
      </trkpt>
      <trkpt lat="35.71920996531844" lon="-121.30821992643178">
        <ele>25.15</ele>
      </trkpt>
      <trkpt lat="35.71909999474883" lon="-121.3081599958241">
        <ele>24.77</ele>
      </trkpt>
      <trkpt lat="35.71905992925167" lon="-121.30812998861074">
        <ele>24.37</ele>
      </trkpt>
      <trkpt lat="35.718899918720126" lon="-121.30803996697068">
        <ele>23.94</ele>
      </trkpt>
      <trkpt lat="35.71873999200761" lon="-121.30793997086585">
        <ele>23.5</ele>
      </trkpt>
      <trkpt lat="35.71850035339594" lon="-121.30780016072094">
        <ele>23.03</ele>
      </trkpt>
      <trkpt lat="35.71825996041298" lon="-121.30765993148088">
        <ele>22.54</ele>
      </trkpt>
      <trkpt lat="35.71808997541666" lon="-121.30754996091127">
        <ele>22.03</ele>
      </trkpt>
      <trkpt lat="35.717929964885116" lon="-121.30745993927121">
        <ele>21.52</ele>
      </trkpt>
      <trkpt lat="35.71776995435357" lon="-121.30735994316638">
        <ele>21.01</ele>
      </trkpt>
      <trkpt lat="35.7176251988858" lon="-121.30727511830628">
        <ele>20.48</ele>
      </trkpt>
      <trkpt lat="35.717479940503836" lon="-121.30718995817006">
        <ele>19.93</ele>
      </trkpt>
      <trkpt lat="35.71743995882571" lon="-121.30716992542148">
        <ele>19.39</ele>
      </trkpt>
      <trkpt lat="35.717379944399" lon="-121.30712994374335">
        <ele>18.84</ele>
      </trkpt>
      <trkpt lat="35.71727994829416" lon="-121.30706992931664">
        <ele>18.28</ele>
      </trkpt>
      <trkpt lat="35.71712018921971" lon="-121.30697512999177">
        <ele>17.7</ele>
      </trkpt>
      <trkpt lat="35.71695992723107" lon="-121.30687999539077">
        <ele>17.11</ele>
      </trkpt>
      <trkpt lat="35.71682992391288" lon="-121.30679994821548">
        <ele>16.52</ele>
      </trkpt>
      <trkpt lat="35.71679991669953" lon="-121.30677999928594">
        <ele>15.94</ele>
      </trkpt>
      <trkpt lat="35.71660025976598" lon="-121.30666013807058">
        <ele>15.34</ele>
      </trkpt>
      <trkpt lat="35.71639993228018" lon="-121.3065399415791">
        <ele>14.74</ele>
      </trkpt>
      <trkpt lat="35.71630999445915" lon="-121.3064899854362">
        <ele>14.15</ele>
      </trkpt>
      <trkpt lat="35.71614998392761" lon="-121.30638998933136">
        <ele>13.57</ele>
      </trkpt>
      <trkpt lat="35.71602995507419" lon="-121.30631991662085">
        <ele>13.02</ele>
      </trkpt>
      <trkpt lat="35.71598997339606" lon="-121.3062999676913">
        <ele>12.48</ele>
      </trkpt>
      <trkpt lat="35.71584521792829" lon="-121.30621505901217">
        <ele>11.94</ele>
      </trkpt>
      <trkpt lat="35.71569995954633" lon="-121.30612998269498">
        <ele>11.42</ele>
      </trkpt>
      <trkpt lat="35.7156599778682" lon="-121.30609997548163">
        <ele>10.91</ele>
      </trkpt>
      <trkpt lat="35.715420339256525" lon="-121.30595522001386">
        <ele>10.38</ele>
      </trkpt>
      <trkpt lat="35.715179946273565" lon="-121.3058099616319">
        <ele>9.89</ele>
      </trkpt>
      <trkpt lat="35.71514993906021" lon="-121.30579998716712">
        <ele>9.43</ele>
      </trkpt>
      <trkpt lat="35.715049942955375" lon="-121.30573997274041">
        <ele>8.98</ele>
      </trkpt>
      <trkpt lat="35.71501993574202" lon="-121.30571993999183">
        <ele>8.56</ele>
      </trkpt>
      <trkpt lat="35.71480359882116" lon="-121.30559018813074">
        <ele>8.14</ele>
      </trkpt>
      <trkpt lat="35.71458734571934" lon="-121.30546035245061">
        <ele>7.76</ele>
      </trkpt>
      <trkpt lat="35.71436991915107" lon="-121.30532993003726">
        <ele>7.41</ele>
      </trkpt>
      <trkpt lat="35.71415031328797" lon="-121.30520520731807">
        <ele>7.07</ele>
      </trkpt>
      <trkpt lat="35.713929953053594" lon="-121.30507998168468">
        <ele>6.74</ele>
      </trkpt>
      <trkpt lat="35.71374521590769" lon="-121.3049700949341">
        <ele>6.46</ele>
      </trkpt>
      <trkpt lat="35.7135599758476" lon="-121.30485995672643">
        <ele>6.2</ele>
      </trkpt>
      <trkpt lat="35.71334531530738" lon="-121.30473515018821">
        <ele>5.97</ele>
      </trkpt>
      <trkpt lat="35.7131299842149" lon="-121.30460992455482">
        <ele>5.77</ele>
      </trkpt>
      <trkpt lat="35.71290995925665" lon="-121.30447992123663">
        <ele>5.59</ele>
      </trkpt>
      <trkpt lat="35.712749948725104" lon="-121.3043799251318">
        <ele>5.45</ele>
      </trkpt>
      <trkpt lat="35.71273997426033" lon="-121.3043799251318">
        <ele>5.34</ele>
      </trkpt>
      <trkpt lat="35.712579963728786" lon="-121.30427992902696">
        <ele>5.25</ele>
      </trkpt>
      <trkpt lat="35.71240997873247" lon="-121.30418999120593">
        <ele>5.2</ele>
      </trkpt>
      <trkpt lat="35.71224996820092" lon="-121.3040899951011">
        <ele>5.17</ele>
      </trkpt>
      <trkpt lat="35.71209993213415" lon="-121.3040099479258">
        <ele>5.17</ele>
      </trkpt>
      <trkpt lat="35.711909998208284" lon="-121.30390995182097">
        <ele>5.21</ele>
      </trkpt>
      <trkpt lat="35.71174998767674" lon="-121.30384993739426">
        <ele>5.28</ele>
      </trkpt>
      <trkpt lat="35.71170992217958" lon="-121.30383996292949">
        <ele>5.38</ele>
      </trkpt>
      <trkpt lat="35.71157991886139" lon="-121.30378992296755">
        <ele>5.5</ele>
      </trkpt>
      <trkpt lat="35.71133994497359" lon="-121.3037099596113">
        <ele>5.66</ele>
      </trkpt>
      <trkpt lat="35.71105998940766" lon="-121.30364994518459">
        <ele>5.83</ele>
      </trkpt>
      <trkpt lat="35.71091992780566" lon="-121.30362999625504">
        <ele>6.04</ele>
      </trkpt>
      <trkpt lat="35.7107799500227" lon="-121.30360996350646">
        <ele>6.29</ele>
      </trkpt>
      <trkpt lat="35.71056998334825" lon="-121.30358993075788">
        <ele>6.57</ele>
      </trkpt>
      <trkpt lat="35.71043998003006" lon="-121.30358993075788">
        <ele>6.87</ele>
      </trkpt>
      <trkpt lat="35.71033998392522" lon="-121.30358993075788">
        <ele>7.2</ele>
      </trkpt>
      <trkpt lat="35.71029991842806" lon="-121.30358993075788">
        <ele>7.55</ele>
      </trkpt>
      <trkpt lat="35.7101599406451" lon="-121.30358993075788">
        <ele>7.94</ele>
      </trkpt>
      <trkpt lat="35.709979981184006" lon="-121.30360996350646">
        <ele>8.35</ele>
      </trkpt>
      <trkpt lat="35.70978996343911" lon="-121.30363997071981">
        <ele>8.77</ele>
      </trkpt>
      <trkpt lat="35.70961997844279" lon="-121.30366997793317">
        <ele>9.2</ele>
      </trkpt>
      <trkpt lat="35.70938050746918" lon="-121.30372647196054">
        <ele>9.66</ele>
      </trkpt>
      <trkpt lat="35.709141036495566" lon="-121.30378304980695">
        <ele>10.16</ele>
      </trkpt>
      <trkpt lat="35.70889997296035" lon="-121.30383996292949">
        <ele>10.66</ele>
      </trkpt>
      <trkpt lat="35.70861062966287" lon="-121.3039097841829">
        <ele>11.17</ele>
      </trkpt>
      <trkpt lat="35.70832128636539" lon="-121.30397960543633">
        <ele>11.7</ele>
      </trkpt>
      <trkpt lat="35.70802993141115" lon="-121.30404992960393">
        <ele>12.23</ele>
      </trkpt>
      <trkpt lat="35.70787033997476" lon="-121.30409485660493">
        <ele>12.74</ele>
      </trkpt>
      <trkpt lat="35.70770999416709" lon="-121.304139951244">
        <ele>13.26</ele>
      </trkpt>
      <trkpt lat="35.707440599799156" lon="-121.30420977249742">
        <ele>13.83</ele>
      </trkpt>
      <trkpt lat="35.70716994814575" lon="-121.30427992902696">
        <ele>14.41</ele>
      </trkpt>
      <trkpt lat="35.70701035670936" lon="-121.30431488156319">
        <ele>14.93</ele>
      </trkpt>
      <trkpt lat="35.70684992708266" lon="-121.30434991791844">
        <ele>15.44</ele>
      </trkpt>
      <trkpt lat="35.70661992765963" lon="-121.3043899834156">
        <ele>15.93</ele>
      </trkpt>
      <trkpt lat="35.70659997873008" lon="-121.3043899834156">
        <ele>16.37</ele>
      </trkpt>
      <trkpt lat="35.70643996819854" lon="-121.30442996509373">
        <ele>16.8</ele>
      </trkpt>
      <trkpt lat="35.706429993733764" lon="-121.30442996509373">
        <ele>17.21</ele>
      </trkpt>
      <trkpt lat="35.706389928236604" lon="-121.30442996509373">
        <ele>17.6</ele>
      </trkpt>
      <trkpt lat="35.70617996156216" lon="-121.30444999784231">
        <ele>17.98</ele>
      </trkpt>
      <trkpt lat="35.70613997988403" lon="-121.30445997230709">
        <ele>18.33</ele>
      </trkpt>
      <trkpt lat="35.706029925495386" lon="-121.30445997230709">
        <ele>18.65</ele>
      </trkpt>
      <trkpt lat="35.705899922177196" lon="-121.30444999784231">
        <ele>18.96</ele>
      </trkpt>
      <trkpt lat="35.70588994771242" lon="-121.3044399395585">
        <ele>19.25</ele>
      </trkpt>
      <trkpt lat="35.70572993718088" lon="-121.3044399395585">
        <ele>19.51</ele>
      </trkpt>
      <trkpt lat="35.705489963293076" lon="-121.30441999062896">
        <ele>19.74</ele>
      </trkpt>
      <trkpt lat="35.70531997829676" lon="-121.30441999062896">
        <ele>19.94</ele>
      </trkpt>
      <trkpt lat="35.70517991669476" lon="-121.30440993234515">
        <ele>20.12</ele>
      </trkpt>
      <trkpt lat="35.70502996444702" lon="-121.3043899834156">
        <ele>20.28</ele>
      </trkpt>
      <trkpt lat="35.704819997772574" lon="-121.30434991791844">
        <ele>20.42</ele>
      </trkpt>
      <trkpt lat="35.70453995838761" lon="-121.30427992902696">
        <ele>20.52</ele>
      </trkpt>
      <trkpt lat="35.704479943960905" lon="-121.30425998009741">
        <ele>20.63</ele>
      </trkpt>
      <trkpt lat="35.704349940642715" lon="-121.30420994013548">
        <ele>20.72</ele>
      </trkpt>
      <trkpt lat="35.70409999229014" lon="-121.30409996956587">
        <ele>20.76</ele>
      </trkpt>
      <trkpt lat="35.703905364498496" lon="-121.30402009002864">
        <ele>20.8</ele>
      </trkpt>
      <trkpt lat="35.70370998233557" lon="-121.30393995903432">
        <ele>20.81</ele>
      </trkpt>
      <trkpt lat="35.7035599462688" lon="-121.30384993739426">
        <ele>20.82</ele>
      </trkpt>
      <trkpt lat="35.70345995016396" lon="-121.30378992296755">
        <ele>20.83</ele>
      </trkpt>
      <trkpt lat="35.70323992520571" lon="-121.30364994518459">
        <ele>20.8</ele>
      </trkpt>
      <trkpt lat="35.70311998017132" lon="-121.3035799562931">
        <ele>20.77</ele>
      </trkpt>
      <trkpt lat="35.703079998493195" lon="-121.30353997461498">
        <ele>20.75</ele>
      </trkpt>
      <trkpt lat="35.702929962426424" lon="-121.30342992022634">
        <ele>20.71</ele>
      </trkpt>
      <trkpt lat="35.70289995521307" lon="-121.30340997129679">
        <ele>20.66</ele>
      </trkpt>
      <trkpt lat="35.70277992635965" lon="-121.30329991690814">
        <ele>20.58</ele>
      </trkpt>
      <trkpt lat="35.702629974111915" lon="-121.30316999740899">
        <ele>20.46</ele>
      </trkpt>
      <trkpt lat="35.702459989115596" lon="-121.30301996134222">
        <ele>20.35</ele>
      </trkpt>
      <trkpt lat="35.70221993140876" lon="-121.30276992917061">
        <ele>20.24</ele>
      </trkpt>
      <trkpt lat="35.70206503383815" lon="-121.30258502438664">
        <ele>20.16</ele>
      </trkpt>
      <trkpt lat="35.70190996862948" lon="-121.30239995196462">
        <ele>20.1</ele>
      </trkpt>
      <trkpt lat="35.70173495449126" lon="-121.30215494893491">
        <ele>20.03</ele>
      </trkpt>
      <trkpt lat="35.701559940353036" lon="-121.30190994590521">
        <ele>19.96</ele>
      </trkpt>
      <trkpt lat="35.70141996257007" lon="-121.30165999755263">
        <ele>19.9</ele>
      </trkpt>
      <trkpt lat="35.70137998089194" lon="-121.30159998312593">
        <ele>19.82</ele>
      </trkpt>
      <trkpt lat="35.70127998478711" lon="-121.30140996538103">
        <ele>19.73</ele>
      </trkpt>
      <trkpt lat="35.70125995203853" lon="-121.3013699837029">
        <ele>19.66</ele>
      </trkpt>
      <trkpt lat="35.701189963147044" lon="-121.30121994763613">
        <ele>19.59</ele>
      </trkpt>
      <trkpt lat="35.70108996704221" lon="-121.30101995542645">
        <ele>19.52</ele>
      </trkpt>
      <trkpt lat="35.70099483244121" lon="-121.30079473368824">
        <ele>19.46</ele>
      </trkpt>
      <trkpt lat="35.70089994929731" lon="-121.30056993104517">
        <ele>19.4</ele>
      </trkpt>
      <trkpt lat="35.70079986937344" lon="-121.3003046438098">
        <ele>19.34</ele>
      </trkpt>
      <trkpt lat="35.700699957087636" lon="-121.30003994330764">
        <ele>19.3</ele>
      </trkpt>
      <trkpt lat="35.70061999373138" lon="-121.29983995109797">
        <ele>19.22</ele>
      </trkpt>
      <trkpt lat="35.70053994655609" lon="-121.29963995888829">
        <ele>19.18</ele>
      </trkpt>
      <trkpt lat="35.700424863025546" lon="-121.29933963529766">
        <ele>19.12</ele>
      </trkpt>
      <trkpt lat="35.700309947133064" lon="-121.29903998225927">
        <ele>19.06</ele>
      </trkpt>
      <trkpt lat="35.70022998377681" lon="-121.2988399900496">
        <ele>18.99</ele>
      </trkpt>
      <trkpt lat="35.700144823640585" lon="-121.29862474277616">
        <ele>18.93</ele>
      </trkpt>
      <trkpt lat="35.70005999878049" lon="-121.2984099984169">
        <ele>18.86</ele>
      </trkpt>
      <trkpt lat="35.699933180585504" lon="-121.29808955825865">
        <ele>18.79</ele>
      </trkpt>
      <trkpt lat="35.69980636239052" lon="-121.29776920191944">
        <ele>18.71</ele>
      </trkpt>
      <trkpt lat="35.69967996329069" lon="-121.29744993522763">
        <ele>18.62</ele>
      </trkpt>
      <trkpt lat="35.69960997439921" lon="-121.29724994301796">
        <ele>18.53</ele>
      </trkpt>
      <trkpt lat="35.69952992722392" lon="-121.29704995080829">
        <ele>18.45</ele>
      </trkpt>
      <trkpt lat="35.699449963867664" lon="-121.29684995859861">
        <ele>18.35</ele>
      </trkpt>
      <trkpt lat="35.699369916692376" lon="-121.29664996638894">
        <ele>18.27</ele>
      </trkpt>
      <trkpt lat="35.69929489865899" lon="-121.29644972272217">
        <ele>18.18</ele>
      </trkpt>
      <trkpt lat="35.69921996444464" lon="-121.2962499819696">
        <ele>18.07</ele>
      </trkpt>
      <trkpt lat="35.69919993169606" lon="-121.29619994200766">
        <ele>17.98</ele>
      </trkpt>
      <trkpt lat="35.69913991726935" lon="-121.29604998975992">
        <ele>17.88</ele>
      </trkpt>
      <trkpt lat="35.69900999777019" lon="-121.29571999423206">
        <ele>17.78</ele>
      </trkpt>
      <trkpt lat="35.69890991784632" lon="-121.29544992931187">
        <ele>17.66</ele>
      </trkpt>
      <trkpt lat="35.698829954490066" lon="-121.2952499371022">
        <ele>17.57</ele>
      </trkpt>
      <trkpt lat="35.6986899767071" lon="-121.29491994157434">
        <ele>17.45</ele>
      </trkpt>
      <trkpt lat="35.69865996949375" lon="-121.29485992714763">
        <ele>17.34</ele>
      </trkpt>
      <trkpt lat="35.69855997338891" lon="-121.29466999322176">
        <ele>17.21</ele>
      </trkpt>
      <trkpt lat="35.69853994064033" lon="-121.2946299277246">
        <ele>17.09</ele>
      </trkpt>
      <trkpt lat="35.69838998839259" lon="-121.29435994662344">
        <ele>16.95</ele>
      </trkpt>
      <trkpt lat="35.698249926790595" lon="-121.29412994720042">
        <ele>16.82</ele>
      </trkpt>
      <trkpt lat="35.69822997786105" lon="-121.29410999827087">
        <ele>16.71</ele>
      </trkpt>
      <trkpt lat="35.69812998175621" lon="-121.2939599622041">
        <ele>16.59</ele>
      </trkpt>
      <trkpt lat="35.698079941794276" lon="-121.29387999884784">
        <ele>16.47</ele>
      </trkpt>
      <trkpt lat="35.69790995679796" lon="-121.29365997388959">
        <ele>16.39</ele>
      </trkpt>
      <trkpt lat="35.69788992404938" lon="-121.29363994114101">
        <ele>16.28</ele>
      </trkpt>
      <trkpt lat="35.69775992073119" lon="-121.29347993060946">
        <ele>16.18</ele>
      </trkpt>
      <trkpt lat="35.69773997180164" lon="-121.29344992339611">
        <ele>16.08</ele>
      </trkpt>
      <trkpt lat="35.697600077837706" lon="-121.2933050841093">
        <ele>15.96</ele>
      </trkpt>
      <trkpt lat="35.69745993241668" lon="-121.2931599933654">
        <ele>15.86</ele>
      </trkpt>
      <trkpt lat="35.69730503484607" lon="-121.29301004111767">
        <ele>15.74</ele>
      </trkpt>
      <trkpt lat="35.697149969637394" lon="-121.29285992123187">
        <ele>15.63</ele>
      </trkpt>
      <trkpt lat="35.69705994799733" lon="-121.29277995787561">
        <ele>15.5</ele>
      </trkpt>
      <trkpt lat="35.69691997021437" lon="-121.29264995455742">
        <ele>15.38</ele>
      </trkpt>
      <trkpt lat="35.69677010178566" lon="-121.29252506420016">
        <ele>15.26</ele>
      </trkpt>
      <trkpt lat="35.69661998189986" lon="-121.29239992238581">
        <ele>15.12</ele>
      </trkpt>
      <trkpt lat="35.69648997858167" lon="-121.29227997735143">
        <ele>15.0</ele>
      </trkpt>
      <trkpt lat="35.69647992029786" lon="-121.29226991906762">
        <ele>14.9</ele>
      </trkpt>
      <trkpt lat="35.69632996805012" lon="-121.29213999956846">
        <ele>14.81</ele>
      </trkpt>
      <trkpt lat="35.69618512876332" lon="-121.2920100800693">
        <ele>14.72</ele>
      </trkpt>
      <trkpt lat="35.69603995420039" lon="-121.29187999293208">
        <ele>14.62</ele>
      </trkpt>
      <trkpt lat="35.69588991813362" lon="-121.29174998961389">
        <ele>14.53</ele>
      </trkpt>
      <trkpt lat="35.69574994035065" lon="-121.2916199862957">
        <ele>14.45</ele>
      </trkpt>
      <trkpt lat="35.69559998810291" lon="-121.29148998297751">
        <ele>14.37</ele>
      </trkpt>
      <trkpt lat="35.69537996314466" lon="-121.29128999076784">
        <ele>14.28</ele>
      </trkpt>
      <trkpt lat="35.69516999647021" lon="-121.29109997302294">
        <ele>14.2</ele>
      </trkpt>
      <trkpt lat="35.69501996040344" lon="-121.29096996970475">
        <ele>14.1</ele>
      </trkpt>
      <trkpt lat="35.69487998262048" lon="-121.29083996638656">
        <ele>14.0</ele>
      </trkpt>
      <trkpt lat="35.69473505951464" lon="-121.2907100468874">
        <ele>13.9</ele>
      </trkpt>
      <trkpt lat="35.69458996877074" lon="-121.29057995975018">
        <ele>13.79</ele>
      </trkpt>
      <trkpt lat="35.694370195269585" lon="-121.29038013517857">
        <ele>13.67</ele>
      </trkpt>
      <trkpt lat="35.69414991885424" lon="-121.29017997533083">
        <ele>13.57</ele>
      </trkpt>
      <trkpt lat="35.69395763799548" lon="-121.29000764340162">
        <ele>13.49</ele>
      </trkpt>
      <trkpt lat="35.693765273317695" lon="-121.28983531147242">
        <ele>13.42</ele>
      </trkpt>
      <trkpt lat="35.69357299245894" lon="-121.28966289572418">
        <ele>13.37</ele>
      </trkpt>
      <trkpt lat="35.6933799572289" lon="-121.28948997706175">
        <ele>13.35</ele>
      </trkpt>
      <trkpt lat="35.69319513626397" lon="-121.28932510502636">
        <ele>13.31</ele>
      </trkpt>
      <trkpt lat="35.69300998002291" lon="-121.28915998153389">
        <ele>13.27</ele>
      </trkpt>
      <trkpt lat="35.6929499655962" lon="-121.28909996710718">
        <ele>13.21</ele>
      </trkpt>
      <trkpt lat="35.69279992952943" lon="-121.28896996378899">
        <ele>13.16</ele>
      </trkpt>
      <trkpt lat="35.69264997728169" lon="-121.2888399604708">
        <ele>13.11</ele>
      </trkpt>
      <trkpt lat="35.692509999498725" lon="-121.2887099571526">
        <ele>13.05</ele>
      </trkpt>
      <trkpt lat="35.69225996732712" lon="-121.28847995772958">
        <ele>12.99</ele>
      </trkpt>
      <trkpt lat="35.69209014996886" lon="-121.28834014758468">
        <ele>12.93</ele>
      </trkpt>
      <trkpt lat="35.69191999733448" lon="-121.28819991834462">
        <ele>12.86</ele>
      </trkpt>
      <trkpt lat="35.69172344170511" lon="-121.28802674822509">
        <ele>12.81</ele>
      </trkpt>
      <trkpt lat="35.69152696989477" lon="-121.28785357810557">
        <ele>12.75</ele>
      </trkpt>
      <trkpt lat="35.691329995170236" lon="-121.28767998889089">
        <ele>12.68</ele>
      </trkpt>
      <trkpt lat="35.691159926354885" lon="-121.28751997835934">
        <ele>12.63</ele>
      </trkpt>
      <trkpt lat="35.690955240279436" lon="-121.28738016821444">
        <ele>12.56</ele>
      </trkpt>
      <trkpt lat="35.690749967470765" lon="-121.28723993897438">
        <ele>12.5</ele>
      </trkpt>
      <trkpt lat="35.69054536521435" lon="-121.28714011050761">
        <ele>12.41</ele>
      </trkpt>
      <trkpt lat="35.69033992476761" lon="-121.28703994676471">
        <ele>12.34</ele>
      </trkpt>
      <trkpt lat="35.690169939771295" lon="-121.286979932338">
        <ele>12.26</ele>
      </trkpt>
      <trkpt lat="35.6899899803102" lon="-121.28689996898174">
        <ele>12.17</ele>
      </trkpt>
      <trkpt lat="35.68993994034827" lon="-121.28688999451697">
        <ele>12.09</ele>
      </trkpt>
      <trkpt lat="35.689699966460466" lon="-121.28683995455503">
        <ele>11.99</ele>
      </trkpt>
      <trkpt lat="35.68940995261073" lon="-121.28680994734168">
        <ele>11.88</ele>
      </trkpt>
      <trkpt lat="35.68909998983145" lon="-121.28678999841213">
        <ele>11.78</ele>
      </trkpt>
      <trkpt lat="35.68904994986951" lon="-121.28677994012833">
        <ele>11.71</ele>
      </trkpt>
      <trkpt lat="35.68891994655132" lon="-121.28678999841213">
        <ele>11.63</ele>
      </trkpt>
      <trkpt lat="35.68878994323313" lon="-121.2867999728769">
        <ele>11.56</ele>
      </trkpt>
      <trkpt lat="35.68861534819007" lon="-121.28682989627123">
        <ele>11.51</ele>
      </trkpt>
      <trkpt lat="35.68843999877572" lon="-121.28685998730361">
        <ele>11.45</ele>
      </trkpt>
      <trkpt lat="35.68837998434901" lon="-121.28686996176839">
        <ele>11.39</ele>
      </trkpt>
      <trkpt lat="35.688100615516305" lon="-121.28690491430461">
        <ele>11.35</ele>
      </trkpt>
      <trkpt lat="35.68781998939812" lon="-121.28693995065987">
        <ele>11.31</ele>
      </trkpt>
      <trkpt lat="35.68762544542551" lon="-121.28695989958942">
        <ele>11.25</ele>
      </trkpt>
      <trkpt lat="35.68742997944355" lon="-121.286979932338">
        <ele>11.19</ele>
      </trkpt>
      <trkpt lat="35.68734993226826" lon="-121.28696995787323">
        <ele>11.14</ele>
      </trkpt>
      <trkpt lat="35.687119932845235" lon="-121.28694992512465">
        <ele>11.08</ele>
      </trkpt>
      <trkpt lat="35.68689052015543" lon="-121.28690508194268">
        <ele>11.03</ele>
      </trkpt>
      <trkpt lat="35.68665993399918" lon="-121.28685998730361">
        <ele>10.97</ele>
      </trkpt>
      <trkpt lat="35.68663998506963" lon="-121.28684992901981">
        <ele>10.92</ele>
      </trkpt>
      <trkpt lat="35.686415350064635" lon="-121.28673518076539">
        <ele>10.86</ele>
      </trkpt>
      <trkpt lat="35.68618996068835" lon="-121.28661992959678">
        <ele>10.79</ele>
      </trkpt>
      <trkpt lat="35.68598996847868" lon="-121.28647995181382">
        <ele>10.74</ele>
      </trkpt>
      <trkpt lat="35.68575996905565" lon="-121.28632999956608">
        <ele>10.7</ele>
      </trkpt>
      <trkpt lat="35.685529969632626" lon="-121.28612992353737">
        <ele>10.62</ele>
      </trkpt>
      <trkpt lat="35.68527993746102" lon="-121.28591995686293">
        <ele>10.54</ele>
      </trkpt>
      <trkpt lat="35.68510517477989" lon="-121.2857850920409">
        <ele>10.49</ele>
      </trkpt>
      <trkpt lat="35.68492999300361" lon="-121.28564997576177">
        <ele>10.44</ele>
      </trkpt>
      <trkpt lat="35.68488992750645" lon="-121.28561996854842">
        <ele>10.41</ele>
      </trkpt>
      <trkpt lat="35.68473511375487" lon="-121.28550010733306">
        <ele>10.38</ele>
      </trkpt>
      <trkpt lat="35.68457996472716" lon="-121.28537999466062">
        <ele>10.37</ele>
      </trkpt>
      <trkpt lat="35.68445993587375" lon="-121.2853099219501">
        <ele>10.37</ele>
      </trkpt>
      <trkpt lat="35.684199929237366" lon="-121.28516994416714">
        <ele>10.38</ele>
      </trkpt>
      <trkpt lat="35.683959955349565" lon="-121.28507992252707">
        <ele>10.39</ele>
      </trkpt>
      <trkpt lat="35.68375996313989" lon="-121.28500993363559">
        <ele>10.43</ele>
      </trkpt>
      <trkpt lat="35.68360992707312" lon="-121.28497992642224">
        <ele>10.46</ele>
      </trkpt>
      <trkpt lat="35.683359978720546" lon="-121.28491999581456">
        <ele>10.51</ele>
      </trkpt>
      <trkpt lat="35.683099972084165" lon="-121.28489996306598">
        <ele>10.56</ele>
      </trkpt>
      <trkpt lat="35.682889921590686" lon="-121.28488998860121">
        <ele>10.57</ele>
      </trkpt>
      <trkpt lat="35.68270543590188" lon="-121.28489996306598">
        <ele>10.6</ele>
      </trkpt>
      <trkpt lat="35.682519944384694" lon="-121.28490993753076">
        <ele>10.64</ele>
      </trkpt>
      <trkpt lat="35.682349959388375" lon="-121.28490993753076">
        <ele>10.67</ele>
      </trkpt>
      <trkpt lat="35.68216999992728" lon="-121.28491999581456">
        <ele>10.71</ele>
      </trkpt>
      <trkpt lat="35.68198995664716" lon="-121.28492997027934">
        <ele>10.76</ele>
      </trkpt>
      <trkpt lat="35.681809997186065" lon="-121.28492997027934">
        <ele>10.83</ele>
      </trkpt>
      <trkpt lat="35.681600449606776" lon="-121.28493491560221">
        <ele>10.91</ele>
      </trkpt>
      <trkpt lat="35.68138998001814" lon="-121.28493994474411">
        <ele>11.01</ele>
      </trkpt>
      <trkpt lat="35.68126995116472" lon="-121.28494991920888">
        <ele>11.11</ele>
      </trkpt>
      <trkpt lat="35.680965688079596" lon="-121.28495746292174">
        <ele>11.24</ele>
      </trkpt>
      <trkpt lat="35.68066142499447" lon="-121.28496492281556">
        <ele>11.35</ele>
      </trkpt>
      <trkpt lat="35.68035724572837" lon="-121.28497238270938">
        <ele>11.5</ele>
      </trkpt>
      <trkpt lat="35.680049965158105" lon="-121.28497992642224">
        <ele>11.63</ele>
      </trkpt>
      <trkpt lat="35.679765651002526" lon="-121.28500490449369">
        <ele>11.78</ele>
      </trkpt>
      <trkpt lat="35.67947999574244" lon="-121.28502996638417">
        <ele>11.95</ele>
      </trkpt>
      <trkpt lat="35.679429955780506" lon="-121.28503994084895">
        <ele>12.1</ele>
      </trkpt>
      <trkpt lat="35.679299952462316" lon="-121.28504999913275">
        <ele>12.26</ele>
      </trkpt>
      <trkpt lat="35.67926994524896" lon="-121.28504999913275">
        <ele>12.41</ele>
      </trkpt>
      <trkpt lat="35.679040532559156" lon="-121.28504329361022">
        <ele>12.58</ele>
      </trkpt>
      <trkpt lat="35.67881111986935" lon="-121.28503667190671">
        <ele>12.74</ele>
      </trkpt>
      <trkpt lat="35.67857994697988" lon="-121.28502996638417">
        <ele>12.92</ele>
      </trkpt>
      <trkpt lat="35.678569972515106" lon="-121.28502996638417">
        <ele>13.11</ele>
      </trkpt>
      <trkpt lat="35.67839998751879" lon="-121.28499995917082">
        <ele>13.31</ele>
      </trkpt>
      <trkpt lat="35.67821994423866" lon="-121.28496995195746">
        <ele>13.5</ele>
      </trkpt>
      <trkpt lat="35.67816998809576" lon="-121.28495997749269">
        <ele>13.71</ele>
      </trkpt>
      <trkpt lat="35.67786999978125" lon="-121.28489996306598">
        <ele>13.94</ele>
      </trkpt>
      <trkpt lat="35.67776991985738" lon="-121.28486995585263">
        <ele>14.16</ele>
      </trkpt>
      <trkpt lat="35.67747998982668" lon="-121.28479996696115">
        <ele>14.4</ele>
      </trkpt>
      <trkpt lat="35.677239932119846" lon="-121.28471991978586">
        <ele>14.68</ele>
      </trkpt>
      <trkpt lat="35.67703541368246" lon="-121.28464012406766">
        <ele>14.95</ele>
      </trkpt>
      <trkpt lat="35.676829973235726" lon="-121.28455999307334">
        <ele>15.22</ele>
      </trkpt>
      <trkpt lat="35.67674992606044" lon="-121.28452998585999">
        <ele>15.5</ele>
      </trkpt>
      <trkpt lat="35.67648991942406" lon="-121.28440995700657">
        <ele>15.77</ele>
      </trkpt>
      <trkpt lat="35.67629998549819" lon="-121.28431993536651">
        <ele>16.07</ele>
      </trkpt>
      <trkpt lat="35.67614994943142" lon="-121.28423997201025">
        <ele>16.37</ele>
      </trkpt>
      <trkpt lat="35.675989938899875" lon="-121.28414995037019">
        <ele>16.68</ele>
      </trkpt>
      <trkpt lat="35.67577997222543" lon="-121.284019947052">
        <ele>16.99</ele>
      </trkpt>
      <trkpt lat="35.675590205937624" lon="-121.28389514051378">
        <ele>17.31</ele>
      </trkpt>
      <trkpt lat="35.67539993673563" lon="-121.28376999869943">
        <ele>17.64</ele>
      </trkpt>
      <trkpt lat="35.67519994452596" lon="-121.28362993709743">
        <ele>17.98</ele>
      </trkpt>
      <trkpt lat="35.67501009441912" lon="-121.28345257602632">
        <ele>18.33</ele>
      </trkpt>
      <trkpt lat="35.674820244312286" lon="-121.28327521495521">
        <ele>18.69</ele>
      </trkpt>
      <trkpt lat="35.67463039420545" lon="-121.28309793770313">
        <ele>19.04</ele>
      </trkpt>
      <trkpt lat="35.674439957365394" lon="-121.2829199898988">
        <ele>19.43</ele>
      </trkpt>
      <trkpt lat="35.67424340173602" lon="-121.28271337598562">
        <ele>19.83</ele>
      </trkpt>
      <trkpt lat="35.67404684610665" lon="-121.28250684589148">
        <ele>20.24</ele>
      </trkpt>
      <trkpt lat="35.67384995520115" lon="-121.2822999805212">
        <ele>20.65</ele>
      </trkpt>
      <trkpt lat="35.673709977418184" lon="-121.28213996998966">
        <ele>21.06</ele>
      </trkpt>
      <trkpt lat="35.67359992302954" lon="-121.28202999942005">
        <ele>21.49</ele>
      </trkpt>
      <trkpt lat="35.67339004017413" lon="-121.28180008381605">
        <ele>21.92</ele>
      </trkpt>
      <trkpt lat="35.67317998968065" lon="-121.28156991675496">
        <ele>22.34</ele>
      </trkpt>
      <trkpt lat="35.67297010682523" lon="-121.2813451141119">
        <ele>22.76</ele>
      </trkpt>
      <trkpt lat="35.67275997251272" lon="-121.28111997619271">
        <ele>23.17</ele>
      </trkpt>
      <trkpt lat="35.67261999472976" lon="-121.28096994012594">
        <ele>23.57</ele>
      </trkpt>
      <trkpt lat="35.67260993644595" lon="-121.2809499911964">
        <ele>23.97</ele>
      </trkpt>
      <trkpt lat="35.672440035268664" lon="-121.28076667897403">
        <ele>24.37</ele>
      </trkpt>
      <trkpt lat="35.67227013409138" lon="-121.2805834505707">
        <ele>24.77</ele>
      </trkpt>
      <trkpt lat="35.672099981456995" lon="-121.28039997071028">
        <ele>25.17</ele>
      </trkpt>
      <trkpt lat="35.67206997424364" lon="-121.28035998903215">
        <ele>25.54</ele>
      </trkpt>
      <trkpt lat="35.67194005474448" lon="-121.28022504039109">
        <ele>25.93</ele>
      </trkpt>
      <trkpt lat="35.67180996760726" lon="-121.28008992411196">
        <ele>26.31</ele>
      </trkpt>
      <trkpt lat="35.67168993875384" lon="-121.27995992079377">
        <ele>26.69</ele>
      </trkpt>
      <trkpt lat="35.67167996428907" lon="-121.279949946329">
        <ele>27.02</ele>
      </trkpt>
      <trkpt lat="35.67161994986236" lon="-121.27987995743752">
        <ele>27.35</ele>
      </trkpt>
      <trkpt lat="35.67155993543565" lon="-121.2798199430108">
        <ele>27.67</ele>
      </trkpt>
      <trkpt lat="35.67135508172214" lon="-121.27959505654871">
        <ele>27.99</ele>
      </trkpt>
      <trkpt lat="35.67114997655153" lon="-121.27936991862953">
        <ele>28.27</ele>
      </trkpt>
      <trkpt lat="35.67113991826773" lon="-121.27935994416475">
        <ele>28.53</ele>
      </trkpt>
      <trkpt lat="35.671049980446696" lon="-121.27925994805992">
        <ele>28.76</ele>
      </trkpt>
      <trkpt lat="35.67101997323334" lon="-121.27922994084656">
        <ele>28.98</ele>
      </trkpt>
      <trkpt lat="35.67100999876857" lon="-121.27920999191701">
        <ele>29.19</ele>
      </trkpt>
      <trkpt lat="35.67083506844938" lon="-121.27902508713305">
        <ele>29.37</ele>
      </trkpt>
      <trkpt lat="35.670659970492125" lon="-121.27883993089199">
        <ele>29.51</ele>
      </trkpt>
      <trkpt lat="35.670489985495806" lon="-121.27864999696612">
        <ele>29.63</ele>
      </trkpt>
      <trkpt lat="35.670339949429035" lon="-121.27848998643458">
        <ele>29.77</ele>
      </trkpt>
      <trkpt lat="35.67028999328613" lon="-121.2784199975431">
        <ele>29.9</ele>
      </trkpt>
      <trkpt lat="35.670209946110845" lon="-121.27831991761923">
        <ele>30.0</ele>
      </trkpt>
      <trkpt lat="35.67015998996794" lon="-121.27823995426297">
        <ele>30.07</ele>
      </trkpt>
      <trkpt lat="35.67011992447078" lon="-121.27817993983626">
        <ele>30.13</ele>
      </trkpt>
      <trkpt lat="35.670079942792654" lon="-121.2780899181962">
        <ele>30.18</ele>
      </trkpt>
      <trkpt lat="35.670019928365946" lon="-121.27793996594846">
        <ele>30.21</ele>
      </trkpt>
      <trkpt lat="35.66993988119066" lon="-121.2777447514236">
        <ele>30.23</ele>
      </trkpt>
      <trkpt lat="35.6698599178344" lon="-121.27754995599389">
        <ele>30.23</ele>
      </trkpt>
      <trkpt lat="35.66981993615627" lon="-121.27744995988905">
        <ele>30.22</ele>
      </trkpt>
      <trkpt lat="35.66969999112189" lon="-121.27713999710977">
        <ele>30.17</ele>
      </trkpt>
      <trkpt lat="35.66960485652089" lon="-121.27689465880394">
        <ele>30.1</ele>
      </trkpt>
      <trkpt lat="35.66950997337699" lon="-121.27664999105036">
        <ele>30.0</ele>
      </trkpt>
      <trkpt lat="35.66950997337699" lon="-121.27663993276656">
        <ele>29.88</ele>
      </trkpt>
      <trkpt lat="35.66943487152457" lon="-121.27644471824169">
        <ele>29.75</ele>
      </trkpt>
      <trkpt lat="35.66935993731022" lon="-121.27624992281199">
        <ele>29.6</ele>
      </trkpt>
      <trkpt lat="35.66927997395396" lon="-121.27604993060231">
        <ele>29.41</ele>
      </trkpt>
      <trkpt lat="35.669199926778674" lon="-121.27584993839264">
        <ele>29.2</ele>
      </trkpt>
      <trkpt lat="35.66916991956532" lon="-121.27576997503638">
        <ele>28.97</ele>
      </trkpt>
      <trkpt lat="35.66911996342242" lon="-121.27564994618297">
        <ele>28.73</ele>
      </trkpt>
      <trkpt lat="35.66904486157" lon="-121.2754497025162">
        <ele>28.45</ele>
      </trkpt>
      <trkpt lat="35.66896992735565" lon="-121.27524996176362">
        <ele>28.17</ele>
      </trkpt>
      <trkpt lat="35.66892994567752" lon="-121.27514996565878">
        <ele>27.87</ele>
      </trkpt>
      <trkpt lat="35.668899938464165" lon="-121.27504996955395">
        <ele>27.55</ele>
      </trkpt>
      <trkpt lat="35.66883992403746" lon="-121.27486992627382">
        <ele>27.2</ele>
      </trkpt>
      <trkpt lat="35.66882994957268" lon="-121.27483991906047">
        <ele>26.84</ele>
      </trkpt>
      <trkpt lat="35.668749986216426" lon="-121.2746399268508">
        <ele>26.45</ele>
      </trkpt>
      <trkpt lat="35.66867999732494" lon="-121.27443993464112">
        <ele>26.05</ele>
      </trkpt>
      <trkpt lat="35.668639931827784" lon="-121.27431998960674">
        <ele>25.63</ele>
      </trkpt>
      <trkpt lat="35.66853993572295" lon="-121.274029975757">
        <ele>25.19</ele>
      </trkpt>
      <trkpt lat="35.66845997236669" lon="-121.2738399580121">
        <ele>24.72</ele>
      </trkpt>
      <trkpt lat="35.66838998347521" lon="-121.27362999133766">
        <ele>24.24</ele>
      </trkpt>
      <trkpt lat="35.668299878016114" lon="-121.27337962388992">
        <ele>23.75</ele>
      </trkpt>
      <trkpt lat="35.668209940195084" lon="-121.27312992699444">
        <ele>23.26</ele>
      </trkpt>
      <trkpt lat="35.668169958516955" lon="-121.27301995642483">
        <ele>22.76</ele>
      </trkpt>
      <trkpt lat="35.668059987947345" lon="-121.27274997532368">
        <ele>22.24</ele>
      </trkpt>
      <trkpt lat="35.668019922450185" lon="-121.27261997200549">
        <ele>21.73</ele>
      </trkpt>
      <trkpt lat="35.66793995909393" lon="-121.27239994704723">
        <ele>21.18</ele>
      </trkpt>
      <trkpt lat="35.667849853634834" lon="-121.2721596378833">
        <ele>20.65</ele>
      </trkpt>
      <trkpt lat="35.667759999632835" lon="-121.27191999927163">
        <ele>20.09</ele>
      </trkpt>
      <trkpt lat="35.667719934135675" lon="-121.27180994488299">
        <ele>19.55</ele>
      </trkpt>
      <trkpt lat="35.66764994524419" lon="-121.27160995267332">
        <ele>18.98</ele>
      </trkpt>
      <trkpt lat="35.66756998188794" lon="-121.27136997878551">
        <ele>18.44</ele>
      </trkpt>
      <trkpt lat="35.66748993471265" lon="-121.27113997936249">
        <ele>17.86</ele>
      </trkpt>
      <trkpt lat="35.66740997135639" lon="-121.27085993997753">
        <ele>17.29</ele>
      </trkpt>
      <trkpt lat="35.66733998246491" lon="-121.27056992612779">
        <ele>16.76</ele>
      </trkpt>
      <trkpt lat="35.66734098829329" lon="-121.2705715186894">
        <ele>16.23</ele>
      </trkpt>
      <trkpt lat="35.66722992807627" lon="-121.27061996608973">
        <ele>15.65</ele>
      </trkpt>
      <trkpt lat="35.66720997914672" lon="-121.27055995166302">
        <ele>15.13</ele>
      </trkpt>
      <trkpt lat="35.66719992086291" lon="-121.27048996277153">
        <ele>14.63</ele>
      </trkpt>
      <trkpt lat="35.66718994639814" lon="-121.2704399228096">
        <ele>14.14</ele>
      </trkpt>
      <trkpt lat="35.66716999746859" lon="-121.27037999220192">
        <ele>13.65</ele>
      </trkpt>
      <trkpt lat="35.66714996472001" lon="-121.27033992670476">
        <ele>13.16</ele>
      </trkpt>
      <trkpt lat="35.66712993197143" lon="-121.27030991949141">
        <ele>12.69</ele>
      </trkpt>
      <trkpt lat="35.66709992475808" lon="-121.27027999609709">
        <ele>12.23</ele>
      </trkpt>
      <trkpt lat="35.66706991754472" lon="-121.27022995613515">
        <ele>11.79</ele>
      </trkpt>
      <trkpt lat="35.667049968615174" lon="-121.2701999489218">
        <ele>11.35</ele>
      </trkpt>
      <trkpt lat="35.667049968615174" lon="-121.27016994170845">
        <ele>10.94</ele>
      </trkpt>
      <trkpt lat="35.667049968615174" lon="-121.27015996724367">
        <ele>10.53</ele>
      </trkpt>
      <trkpt lat="35.667029935866594" lon="-121.27009995281696">
        <ele>10.14</ele>
      </trkpt>
      <trkpt lat="35.666989954188466" lon="-121.27005997113883">
        <ele>9.75</ele>
      </trkpt>
      <trkpt lat="35.66695994697511" lon="-121.27003993839025">
        <ele>9.37</ele>
      </trkpt>
      <trkpt lat="35.66692993976176" lon="-121.2700099311769">
        <ele>9.01</ele>
      </trkpt>
      <trkpt lat="35.666919965296984" lon="-121.2700099311769">
        <ele>8.66</ele>
      </trkpt>
      <trkpt lat="35.66686992533505" lon="-121.26997992396355">
        <ele>8.33</ele>
      </trkpt>
      <trkpt lat="35.66677998751402" lon="-121.26994991675019">
        <ele>7.99</ele>
      </trkpt>
      <trkpt lat="35.66676992923021" lon="-121.26989996060729">
        <ele>7.71</ele>
      </trkpt>
      <trkpt lat="35.666729947552085" lon="-121.26981999725103">
        <ele>7.42</ele>
      </trkpt>
      <trkpt lat="35.66671997308731" lon="-121.26971991732717">
        <ele>7.18</ele>
      </trkpt>
      <trkpt lat="35.66671594977379" lon="-121.26971539109945">
        <ele>6.93</ele>
      </trkpt>
      <trkpt lat="35.66671997308731" lon="-121.26970994286239">
        <ele>6.69</ele>
      </trkpt>
      <trkpt lat="35.66670999862254" lon="-121.26970994286239">
        <ele>6.47</ele>
      </trkpt>
      <trkpt lat="35.66670999862254" lon="-121.26969996839762">
        <ele>6.26</ele>
      </trkpt>
      <trkpt lat="35.66669994033873" lon="-121.26969996839762">
        <ele>6.07</ele>
      </trkpt>
      <trkpt lat="35.6666599586606" lon="-121.26967993564904">
        <ele>5.88</ele>
      </trkpt>
      <trkpt lat="35.666619976982474" lon="-121.26965998671949">
        <ele>5.7</ele>
      </trkpt>
      <trkpt lat="35.666579995304346" lon="-121.26963995397091">
        <ele>5.55</ele>
      </trkpt>
      <trkpt lat="35.66650992259383" lon="-121.26960994675756">
        <ele>5.4</ele>
      </trkpt>
      <trkpt lat="35.666429959237576" lon="-121.26961992122233">
        <ele>5.25</ele>
      </trkpt>
      <trkpt lat="35.66637991927564" lon="-121.26961992122233">
        <ele>5.13</ele>
      </trkpt>
      <trkpt lat="35.66632996313274" lon="-121.26959997229278">
        <ele>5.02</ele>
      </trkpt>
      <trkpt lat="35.66630993038416" lon="-121.2695299834013">
        <ele>4.96</ele>
      </trkpt>
      <trkpt lat="35.666279923170805" lon="-121.26947994343936">
        <ele>4.9</ele>
      </trkpt>
      <trkpt lat="35.66625997424126" lon="-121.26943996176124">
        <ele>4.85</ele>
      </trkpt>
      <trkpt lat="35.66619995981455" lon="-121.26941992901266">
        <ele>4.8</ele>
      </trkpt>
      <trkpt lat="35.66615997813642" lon="-121.2693899217993">
        <ele>4.78</ele>
      </trkpt>
      <trkpt lat="35.66613994538784" lon="-121.26935999840498">
        <ele>4.77</ele>
      </trkpt>
      <trkpt lat="35.66611999645829" lon="-121.2693399656564">
        <ele>4.78</ele>
      </trkpt>
      <trkpt lat="35.66608998924494" lon="-121.26930995844305">
        <ele>4.79</ele>
      </trkpt>
      <trkpt lat="35.66604992374778" lon="-121.26924994401634">
        <ele>4.82</ele>
      </trkpt>
      <trkpt lat="35.66602997481823" lon="-121.26917995512486">
        <ele>4.87</ele>
      </trkpt>
      <trkpt lat="35.665999967604876" lon="-121.26910996623337">
        <ele>4.92</ele>
      </trkpt>
      <trkpt lat="35.66595998592675" lon="-121.26901994459331">
        <ele>4.98</ele>
      </trkpt>
      <trkpt lat="35.66594992764294" lon="-121.26896998845041">
        <ele>5.06</ele>
      </trkpt>
      <trkpt lat="35.66591992042959" lon="-121.26887996681035">
        <ele>5.15</ele>
      </trkpt>
      <trkpt lat="35.665889997035265" lon="-121.26880997791886">
        <ele>5.24</ele>
      </trkpt>
      <trkpt lat="35.66582998260856" lon="-121.26872993074358">
        <ele>5.33</ele>
      </trkpt>
      <trkpt lat="35.6657899171114" lon="-121.26863999292254">
        <ele>5.43</ele>
      </trkpt>
      <trkpt lat="35.66572998650372" lon="-121.26856992021203">
        <ele>5.53</ele>
      </trkpt>
      <trkpt lat="35.665719928219914" lon="-121.26854997128248">
        <ele>5.63</ele>
      </trkpt>
      <trkpt lat="35.665679946541786" lon="-121.26849993132055">
        <ele>5.73</ele>
      </trkpt>
      <trkpt lat="35.66563996486366" lon="-121.26842994242907">
        <ele>5.85</ele>
      </trkpt>
      <trkpt lat="35.665589924901724" lon="-121.26837998628616">
        <ele>5.97</ele>
      </trkpt>
      <trkpt lat="35.66553996875882" lon="-121.26832994632423">
        <ele>6.08</ele>
      </trkpt>
      <trkpt lat="35.66550996154547" lon="-121.26825995743275">
        <ele>6.2</ele>
      </trkpt>
      <trkpt lat="35.665439972653985" lon="-121.26814998686314">
        <ele>6.31</ele>
      </trkpt>
      <trkpt lat="35.665419939905405" lon="-121.26807999797165">
        <ele>6.43</ele>
      </trkpt>
      <trkpt lat="35.66538993269205" lon="-121.26802995800972">
        <ele>6.54</ele>
      </trkpt>
      <trkpt lat="35.6653699837625" lon="-121.26798997633159">
        <ele>6.64</ele>
      </trkpt>
      <trkpt lat="35.66534995101392" lon="-121.26791998744011">
        <ele>6.74</ele>
      </trkpt>
      <trkpt lat="35.66531994380057" lon="-121.26788998022676">
        <ele>6.83</ele>
      </trkpt>
      <trkpt lat="35.66529999487102" lon="-121.26784999854863">
        <ele>6.91</ele>
      </trkpt>
      <trkpt lat="35.665269987657666" lon="-121.26777992583811">
        <ele>6.99</ele>
      </trkpt>
      <trkpt lat="35.66523998044431" lon="-121.26769996248186">
        <ele>7.04</ele>
      </trkpt>
      <trkpt lat="35.66521994769573" lon="-121.26764992251992">
        <ele>7.09</ele>
      </trkpt>
      <trkpt lat="35.66521994769573" lon="-121.26763994805515">
        <ele>7.13</ele>
      </trkpt>
      <trkpt lat="35.665179966017604" lon="-121.26755998469889">
        <ele>7.15</ele>
      </trkpt>
      <trkpt lat="35.665139984339476" lon="-121.26750994473696">
        <ele>7.17</ele>
      </trkpt>
      <trkpt lat="35.665099918842316" lon="-121.26746996305883">
        <ele>7.18</ele>
      </trkpt>
      <trkpt lat="35.66506999544799" lon="-121.26743995584548">
        <ele>7.19</ele>
      </trkpt>
      <trkpt lat="35.66503998823464" lon="-121.26737994141877">
        <ele>7.18</ele>
      </trkpt>
      <trkpt lat="35.66499992273748" lon="-121.26731992699206">
        <ele>7.16</ele>
      </trkpt>
      <trkpt lat="35.66499992273748" lon="-121.26730995252728">
        <ele>7.14</ele>
      </trkpt>
      <trkpt lat="35.66495994105935" lon="-121.26724993810058">
        <ele>7.1</ele>
      </trkpt>
      <trkpt lat="35.664929933846" lon="-121.2671799492091">
        <ele>7.06</ele>
      </trkpt>
      <trkpt lat="35.664879977703094" lon="-121.26711993478239">
        <ele>7.0</ele>
      </trkpt>
      <trkpt lat="35.66484997048974" lon="-121.26706997863948">
        <ele>6.95</ele>
      </trkpt>
      <trkpt lat="35.66478995606303" lon="-121.26701993867755">
        <ele>6.89</ele>
      </trkpt>
      <trkpt lat="35.664749974384904" lon="-121.26697995699942">
        <ele>6.83</ele>
      </trkpt>
      <trkpt lat="35.664729941636324" lon="-121.26692991703749">
        <ele>6.78</ele>
      </trkpt>
      <trkpt lat="35.664729941636324" lon="-121.26682992093265">
        <ele>6.73</ele>
      </trkpt>
      <trkpt lat="35.66469993442297" lon="-121.26679999753833">
        <ele>6.67</ele>
      </trkpt>
      <trkpt lat="35.66469993442297" lon="-121.26678993925452">
        <ele>6.62</ele>
      </trkpt>
      <trkpt lat="35.66463991999626" lon="-121.26676999032497">
        <ele>6.55</ele>
      </trkpt>
      <trkpt lat="35.66456993110478" lon="-121.26675993204117">
        <ele>6.48</ele>
      </trkpt>
      <trkpt lat="35.66451997496188" lon="-121.26675993204117">
        <ele>6.43</ele>
      </trkpt>
      <trkpt lat="35.664520394057035" lon="-121.26675724983215">
        <ele>6.4</ele>
      </trkpt>
      <trkpt lat="35.66452994942665" lon="-121.26673998311162">
        <ele>6.37</ele>
      </trkpt>
      <trkpt lat="35.664539923891425" lon="-121.26669991761446">
        <ele>6.34</ele>
      </trkpt>
      <trkpt lat="35.66451997496188" lon="-121.26664996147156">
        <ele>6.32</ele>
      </trkpt>
      <trkpt lat="35.66452994942665" lon="-121.26659992150962">
        <ele>6.3</ele>
      </trkpt>
      <trkpt lat="35.66454998217523" lon="-121.2665699981153">
        <ele>6.3</ele>
      </trkpt>
      <trkpt lat="35.664559956640005" lon="-121.2665599398315">
        <ele>6.3</ele>
      </trkpt>
      <trkpt lat="35.664579989388585" lon="-121.2664299365133">
        <ele>6.31</ele>
      </trkpt>
      <trkpt lat="35.66458996385336" lon="-121.2663699220866">
        <ele>6.32</ele>
      </trkpt>
      <trkpt lat="35.664579989388585" lon="-121.26635994762182">
        <ele>6.34</ele>
      </trkpt>
      <trkpt lat="35.66456993110478" lon="-121.26632994040847">
        <ele>6.36</ele>
      </trkpt>
      <trkpt lat="35.66456993110478" lon="-121.26626992598176">
        <ele>6.39</ele>
      </trkpt>
      <trkpt lat="35.664559956640005" lon="-121.26621996983886">
        <ele>6.43</ele>
      </trkpt>
      <trkpt lat="35.664559956640005" lon="-121.26614998094738">
        <ele>6.5</ele>
      </trkpt>
      <trkpt lat="35.66454998217523" lon="-121.26610999926925">
        <ele>6.56</ele>
      </trkpt>
      <trkpt lat="35.66452994942665" lon="-121.26606993377209">
        <ele>6.64</ele>
      </trkpt>
      <trkpt lat="35.66450991667807" lon="-121.26602995209396">
        <ele>6.72</ele>
      </trkpt>
      <trkpt lat="35.664449986070395" lon="-121.2659999448806">
        <ele>6.79</ele>
      </trkpt>
      <trkpt lat="35.66443992778659" lon="-121.2659999448806">
        <ele>6.88</ele>
      </trkpt>
      <trkpt lat="35.6644394248724" lon="-121.2660001963377">
        <ele>6.98</ele>
      </trkpt>
      <trkpt lat="35.66437999717891" lon="-121.2659399304539">
        <ele>7.1</ele>
      </trkpt>
      <trkpt lat="35.664319982752204" lon="-121.26589994877577">
        <ele>7.22</ele>
      </trkpt>
      <trkpt lat="35.66422996111214" lon="-121.26582995988429">
        <ele>7.35</ele>
      </trkpt>
      <trkpt lat="35.66415997222066" lon="-121.26576994545758">
        <ele>7.5</ele>
      </trkpt>
      <trkpt lat="35.66408998332918" lon="-121.2656999565661">
        <ele>7.63</ele>
      </trkpt>
      <trkpt lat="35.66400993615389" lon="-121.26562996767461">
        <ele>7.78</ele>
      </trkpt>
      <trkpt lat="35.66398998722434" lon="-121.26560993492603">
        <ele>7.93</ele>
      </trkpt>
      <trkpt lat="35.663889991119504" lon="-121.2655099388212">
        <ele>8.09</ele>
      </trkpt>
      <trkpt lat="35.663849925622344" lon="-121.26544992439449">
        <ele>8.24</ele>
      </trkpt>
      <trkpt lat="35.66379996947944" lon="-121.26536996103823">
        <ele>8.4</ele>
      </trkpt>
      <trkpt lat="35.66376996226609" lon="-121.26527993939817">
        <ele>8.57</ele>
      </trkpt>
      <trkpt lat="35.66373995505273" lon="-121.26520995050669">
        <ele>8.74</ele>
      </trkpt>
      <trkpt lat="35.66371992230415" lon="-121.26512998715043">
        <ele>8.91</ele>
      </trkpt>
      <trkpt lat="35.66368999890983" lon="-121.26504993997514">
        <ele>9.06</ele>
      </trkpt>
      <trkpt lat="35.66365999169648" lon="-121.26496997661889">
        <ele>9.21</ele>
      </trkpt>
      <trkpt lat="35.6636399589479" lon="-121.2648999877274">
        <ele>9.36</ele>
      </trkpt>
      <trkpt lat="35.6636399589479" lon="-121.26485992223024">
        <ele>9.5</ele>
      </trkpt>
      <trkpt lat="35.6636399589479" lon="-121.26484994776547">
        <ele>9.64</ele>
      </trkpt>
      <trkpt lat="35.6636399589479" lon="-121.26478993333876">
        <ele>9.77</ele>
      </trkpt>
      <trkpt lat="35.6636399589479" lon="-121.26472991891205">
        <ele>9.91</ele>
      </trkpt>
      <trkpt lat="35.66361992619932" lon="-121.26469999551773">
        <ele>10.02</ele>
      </trkpt>
      <trkpt lat="35.66361992619932" lon="-121.26463998109102">
        <ele>10.13</ele>
      </trkpt>
      <trkpt lat="35.66361992619932" lon="-121.26458994112909">
        <ele>10.24</ele>
      </trkpt>
      <trkpt lat="35.66362998448312" lon="-121.2645199522376">
        <ele>10.33</ele>
      </trkpt>
      <trkpt lat="35.6636399589479" lon="-121.2644599378109">
        <ele>10.41</ele>
      </trkpt>
      <trkpt lat="35.6636399589479" lon="-121.26442993059754">
        <ele>10.48</ele>
      </trkpt>
      <trkpt lat="35.66364993341267" lon="-121.26438994891942">
        <ele>10.54</ele>
      </trkpt>
      <trkpt lat="35.66366996616125" lon="-121.26432993449271">
        <ele>10.59</ele>
      </trkpt>
      <trkpt lat="35.66368999890983" lon="-121.2642799783498">
        <ele>10.63</ele>
      </trkpt>
      <trkpt lat="35.66370994783938" lon="-121.26422993838787">
        <ele>10.65</ele>
      </trkpt>
      <trkpt lat="35.66372998058796" lon="-121.26413991674781">
        <ele>10.66</ele>
      </trkpt>
      <trkpt lat="35.66376996226609" lon="-121.26401997171342">
        <ele>10.66</ele>
      </trkpt>
      <trkpt lat="35.66376996226609" lon="-121.26400999724865">
        <ele>10.64</ele>
      </trkpt>
      <trkpt lat="35.66378999501467" lon="-121.26395995728672">
        <ele>10.62</ele>
      </trkpt>
      <trkpt lat="35.663809943944216" lon="-121.26388996839523">
        <ele>10.57</ele>
      </trkpt>
      <trkpt lat="35.663829976692796" lon="-121.26380992121994">
        <ele>10.51</ele>
      </trkpt>
      <trkpt lat="35.663849925622344" lon="-121.26371998339891">
        <ele>10.44</ele>
      </trkpt>
      <trkpt lat="35.663869958370924" lon="-121.26367991790175">
        <ele>10.37</ele>
      </trkpt>
      <trkpt lat="35.6638799328357" lon="-121.26361998729408">
        <ele>10.28</ele>
      </trkpt>
      <trkpt lat="35.663889991119504" lon="-121.26356994733214">
        <ele>10.19</ele>
      </trkpt>
      <trkpt lat="35.663889991119504" lon="-121.26353994011879">
        <ele>10.08</ele>
      </trkpt>
      <trkpt lat="35.66389996558428" lon="-121.26349995844066">
        <ele>9.95</ele>
      </trkpt>
      <trkpt lat="35.663889991119504" lon="-121.26344991847873">
        <ele>9.81</ele>
      </trkpt>
      <trkpt lat="35.66389996558428" lon="-121.26343994401395">
        <ele>9.69</ele>
      </trkpt>
      <trkpt lat="35.66391999833286" lon="-121.26339996233582">
        <ele>9.55</ele>
      </trkpt>
      <trkpt lat="35.66392997279763" lon="-121.26336995512247">
        <ele>9.4</ele>
      </trkpt>
      <trkpt lat="35.66392997279763" lon="-121.26333994790912">
        <ele>9.24</ele>
      </trkpt>
      <trkpt lat="35.66392997279763" lon="-121.26329996623099">
        <ele>9.06</ele>
      </trkpt>
      <trkpt lat="35.663939947262406" lon="-121.26324992626905">
        <ele>8.89</ele>
      </trkpt>
      <trkpt lat="35.66394992172718" lon="-121.2632199190557">
        <ele>8.71</ele>
      </trkpt>
      <trkpt lat="35.66394992172718" lon="-121.26317993737757">
        <ele>8.53</ele>
      </trkpt>
      <trkpt lat="35.663959980010986" lon="-121.26312998123467">
        <ele>8.33</ele>
      </trkpt>
      <trkpt lat="35.663979928940535" lon="-121.26309997402132">
        <ele>8.15</ele>
      </trkpt>
      <trkpt lat="35.663975067436695" lon="-121.2630956992507">
        <ele>7.95</ele>
      </trkpt>
      <trkpt lat="35.66398998722434" lon="-121.26307994127274">
        <ele>7.77</ele>
      </trkpt>
      <trkpt lat="35.66400993615389" lon="-121.26302998512983">
        <ele>7.57</ele>
      </trkpt>
      <trkpt lat="35.66402996890247" lon="-121.26299997791648">
        <ele>7.37</ele>
      </trkpt>
      <trkpt lat="35.66404991783202" lon="-121.26296997070312">
        <ele>7.18</ele>
      </trkpt>
      <trkpt lat="35.66407992504537" lon="-121.262929989025">
        <ele>6.98</ele>
      </trkpt>
      <trkpt lat="35.66411999054253" lon="-121.26290995627642">
        <ele>6.8</ele>
      </trkpt>
      <trkpt lat="35.66416994668543" lon="-121.26285991631448">
        <ele>6.61</ele>
      </trkpt>
      <trkpt lat="35.664239935576916" lon="-121.2627999857068">
        <ele>6.43</ele>
      </trkpt>
      <trkpt lat="35.664299950003624" lon="-121.26275992020965">
        <ele>6.24</ele>
      </trkpt>
      <trkpt lat="35.66433993168175" lon="-121.2627399712801">
        <ele>6.05</ele>
      </trkpt>
      <trkpt lat="35.664389971643686" lon="-121.26271993853152">
        <ele>5.86</ele>
      </trkpt>
      <trkpt lat="35.664429953321815" lon="-121.26267995685339">
        <ele>5.66</ele>
      </trkpt>
      <trkpt lat="35.66442777402699" lon="-121.26268154941499">
        <ele>5.45</ele>
      </trkpt>
      <trkpt lat="35.6644288636744" lon="-121.26244031824172">
        <ele>5.18</ele>
      </trkpt>
      <trkpt lat="35.664429953321815" lon="-121.26219992525876">
        <ele>4.94</ele>
      </trkpt>
      <trkpt lat="35.664429953321815" lon="-121.26197998411953">
        <ele>4.7</ele>
      </trkpt>
      <trkpt lat="35.66443054005504" lon="-121.26197872683406">
        <ele>4.5</ele>
      </trkpt>
      <trkpt lat="35.66434998996556" lon="-121.26196992583573">
        <ele>4.28</ele>
      </trkpt>
      <trkpt lat="35.66433993168175" lon="-121.26193991862237">
        <ele>4.08</ele>
      </trkpt>
      <trkpt lat="35.66433993168175" lon="-121.26189993694425">
        <ele>3.89</ele>
      </trkpt>
      <trkpt lat="35.66433993168175" lon="-121.26186992973089">
        <ele>3.71</ele>
      </trkpt>
      <trkpt lat="35.66432995721698" lon="-121.26181997358799">
        <ele>3.52</ele>
      </trkpt>
      <trkpt lat="35.66432995721698" lon="-121.26177999190986">
        <ele>3.35</ele>
      </trkpt>
      <trkpt lat="35.66432995721698" lon="-121.26172995194793">
        <ele>3.18</ele>
      </trkpt>
      <trkpt lat="35.66432995721698" lon="-121.2616899702698">
        <ele>3.02</ele>
      </trkpt>
      <trkpt lat="35.66433993168175" lon="-121.26165996305645">
        <ele>2.86</ele>
      </trkpt>
      <trkpt lat="35.66435996443033" lon="-121.26159994862974">
        <ele>2.72</ele>
      </trkpt>
      <trkpt lat="35.66437999717891" lon="-121.26153993420303">
        <ele>2.58</ele>
      </trkpt>
      <trkpt lat="35.66437999717891" lon="-121.26150992698967">
        <ele>2.44</ele>
      </trkpt>
      <trkpt lat="35.66437999717891" lon="-121.26146994531155">
        <ele>2.3</ele>
      </trkpt>
      <trkpt lat="35.66435996443033" lon="-121.26143993809819">
        <ele>2.17</ele>
      </trkpt>
      <trkpt lat="35.66434998996556" lon="-121.26141998916864">
        <ele>2.04</ele>
      </trkpt>
      <trkpt lat="35.66434998996556" lon="-121.26138998195529">
        <ele>1.93</ele>
      </trkpt>
      <trkpt lat="35.66433993168175" lon="-121.26138998195529">
        <ele>1.82</ele>
      </trkpt>
      <trkpt lat="35.66433993168175" lon="-121.26135997474194">
        <ele>1.72</ele>
      </trkpt>
      <trkpt lat="35.66434998996556" lon="-121.26133994199336">
        <ele>1.62</ele>
      </trkpt>
      <trkpt lat="35.66437999717891" lon="-121.26130993478">
        <ele>1.54</ele>
      </trkpt>
      <trkpt lat="35.66441997885704" lon="-121.26127992756665">
        <ele>1.46</ele>
      </trkpt>
      <trkpt lat="35.664449986070395" lon="-121.2612499203533">
        <ele>1.39</ele>
      </trkpt>
      <trkpt lat="35.66445996053517" lon="-121.26123994588852">
        <ele>1.32</ele>
      </trkpt>
      <trkpt lat="35.66446993499994" lon="-121.26121999695897">
        <ele>1.25</ele>
      </trkpt>
      <trkpt lat="35.66447999328375" lon="-121.26115998253226">
        <ele>1.19</ele>
      </trkpt>
      <trkpt lat="35.66448996774852" lon="-121.26110994257033">
        <ele>1.13</ele>
      </trkpt>
      <trkpt lat="35.66448996774852" lon="-121.26104992814362">
        <ele>1.08</ele>
      </trkpt>
      <trkpt lat="35.66448996774852" lon="-121.26102997921407">
        <ele>1.03</ele>
      </trkpt>
      <trkpt lat="35.66447999328375" lon="-121.26100994646549">
        <ele>0.99</ele>
      </trkpt>
      <trkpt lat="35.66446993499994" lon="-121.26097993925214">
        <ele>0.94</ele>
      </trkpt>
      <trkpt lat="35.66446993499994" lon="-121.26095999032259">
        <ele>0.91</ele>
      </trkpt>
      <trkpt lat="35.66445996053517" lon="-121.26090995036066">
        <ele>0.88</ele>
      </trkpt>
      <trkpt lat="35.66445996053517" lon="-121.26085999421775">
        <ele>0.85</ele>
      </trkpt>
      <trkpt lat="35.66445996053517" lon="-121.26080995425582">
        <ele>0.83</ele>
      </trkpt>
      <trkpt lat="35.66445996053517" lon="-121.26078992150724">
        <ele>0.81</ele>
      </trkpt>
      <trkpt lat="35.66445996053517" lon="-121.26073996536434">
        <ele>0.79</ele>
      </trkpt>
      <trkpt lat="35.66445996053517" lon="-121.26070995815098">
        <ele>0.78</ele>
      </trkpt>
      <trkpt lat="35.66445996053517" lon="-121.2606899254024">
        <ele>0.77</ele>
      </trkpt>
      <trkpt lat="35.66446993499994" lon="-121.26066997647285">
        <ele>0.77</ele>
      </trkpt>
      <trkpt lat="35.66447999328375" lon="-121.2606399692595">
        <ele>0.77</ele>
      </trkpt>
      <trkpt lat="35.66447999328375" lon="-121.26057995483279">
        <ele>0.77</ele>
      </trkpt>
      <trkpt lat="35.66446993499994" lon="-121.26053997315466">
        <ele>0.78</ele>
      </trkpt>
      <trkpt lat="35.66445996053517" lon="-121.26045992597938">
        <ele>0.79</ele>
      </trkpt>
      <trkpt lat="35.66443992778659" lon="-121.26037996262312">
        <ele>0.8</ele>
      </trkpt>
      <trkpt lat="35.66439994610846" lon="-121.26027996651828">
        <ele>0.8</ele>
      </trkpt>
      <trkpt lat="35.66437999717891" lon="-121.2602099776268">
        <ele>0.82</ele>
      </trkpt>
      <trkpt lat="35.6643099244684" lon="-121.26003999263048">
        <ele>0.83</ele>
      </trkpt>
      <trkpt lat="35.66428997553885" lon="-121.25997997820377">
        <ele>0.85</ele>
      </trkpt>
      <trkpt lat="35.664279917255044" lon="-121.25996991991997">
        <ele>0.88</ele>
      </trkpt>
      <trkpt lat="35.66424999386072" lon="-121.25992993824184">
        <ele>0.91</ele>
      </trkpt>
      <trkpt lat="35.66420992836356" lon="-121.25990998931229">
        <ele>0.94</ele>
      </trkpt>
      <trkpt lat="35.66418997943401" lon="-121.25984997488558">
        <ele>0.99</ele>
      </trkpt>
      <trkpt lat="35.66415997222066" lon="-121.2597699277103">
        <ele>1.04</ele>
      </trkpt>
      <trkpt lat="35.66411999054253" lon="-121.25968996435404">
        <ele>1.09</ele>
      </trkpt>
      <trkpt lat="35.66411999054253" lon="-121.25964998267591">
        <ele>1.14</ele>
      </trkpt>
      <trkpt lat="35.664109932258725" lon="-121.25956993550062">
        <ele>1.2</ele>
      </trkpt>
      <trkpt lat="35.66409995779395" lon="-121.25950992107391">
        <ele>1.26</ele>
      </trkpt>
      <trkpt lat="35.66408998332918" lon="-121.25945996493101">
        <ele>1.32</ele>
      </trkpt>
      <trkpt lat="35.66407992504537" lon="-121.2593999505043">
        <ele>1.39</ele>
      </trkpt>
      <trkpt lat="35.66405997611582" lon="-121.25931998714805">
        <ele>1.45</ele>
      </trkpt>
      <trkpt lat="35.66402996890247" lon="-121.25927992165089">
        <ele>1.51</ele>
      </trkpt>
      <trkpt lat="35.66400993615389" lon="-121.25922996550798">
        <ele>1.59</ele>
      </trkpt>
      <trkpt lat="35.663979928940535" lon="-121.25918998382986">
        <ele>1.66</ele>
      </trkpt>
      <trkpt lat="35.66392997279763" lon="-121.25910993665457">
        <ele>1.74</ele>
      </trkpt>
      <trkpt lat="35.66389996558428" lon="-121.25903994776309">
        <ele>1.82</ele>
      </trkpt>
      <trkpt lat="35.663889991119504" lon="-121.25902997329831">
        <ele>1.91</ele>
      </trkpt>
      <trkpt lat="35.663869958370924" lon="-121.2589699588716">
        <ele>2.0</ele>
      </trkpt>
      <trkpt lat="35.663849925622344" lon="-121.25891991890967">
        <ele>2.1</ele>
      </trkpt>
      <trkpt lat="35.663809943944216" lon="-121.25886996276677">
        <ele>2.18</ele>
      </trkpt>
      <trkpt lat="35.66379996947944" lon="-121.25883995555341">
        <ele>2.27</ele>
      </trkpt>
      <trkpt lat="35.66377993673086" lon="-121.25881992280483">
        <ele>2.36</ele>
      </trkpt>
      <trkpt lat="35.66375998780131" lon="-121.25876996666193">
        <ele>2.46</ele>
      </trkpt>
      <trkpt lat="35.66373995505273" lon="-121.25870995223522">
        <ele>2.55</ele>
      </trkpt>
      <trkpt lat="35.66370994783938" lon="-121.2586699705571">
        <ele>2.65</ele>
      </trkpt>
      <trkpt lat="35.663699973374605" lon="-121.25864993780851">
        <ele>2.75</ele>
      </trkpt>
      <trkpt lat="35.66368999890983" lon="-121.25860995613039">
        <ele>2.85</ele>
      </trkpt>
      <trkpt lat="35.66365999169648" lon="-121.25857994891703">
        <ele>2.95</ele>
      </trkpt>
      <trkpt lat="35.66359997726977" lon="-121.25852999277413">
        <ele>3.04</ele>
      </trkpt>
      <trkpt lat="35.66353996284306" lon="-121.2584799528122">
        <ele>3.13</ele>
      </trkpt>
      <trkpt lat="35.66349998116493" lon="-121.25842999666929">
        <ele>3.23</ele>
      </trkpt>
      <trkpt lat="35.66346997395158" lon="-121.25841993838549">
        <ele>3.32</ele>
      </trkpt>
      <trkpt lat="35.66338992677629" lon="-121.25836998224258">
        <ele>3.41</ele>
      </trkpt>
      <trkpt lat="35.663439966738224" lon="-121.25820997171104">
        <ele>3.55</ele>
      </trkpt>
      <trkpt lat="35.663439380005" lon="-121.25820578075945">
        <ele>3.64</ele>
      </trkpt>
      <trkpt lat="35.66330971196294" lon="-121.2580528948456">
        <ele>3.73</ele>
      </trkpt>
      <trkpt lat="35.66317996010184" lon="-121.25789992511272">
        <ele>3.81</ele>
      </trkpt>
      <trkpt lat="35.663056494668126" lon="-121.2575628887862">
        <ele>3.91</ele>
      </trkpt>
      <trkpt lat="35.66293302923441" lon="-121.25722576864064">
        <ele>3.98</ele>
      </trkpt>
      <trkpt lat="35.66280998289585" lon="-121.25688998959959">
        <ele>4.06</ele>
      </trkpt>
      <trkpt lat="35.66281417384744" lon="-121.25688931904733">
        <ele>4.14</ele>
      </trkpt>
      <trkpt lat="35.66293998621404" lon="-121.2568099424243">
        <ele>4.27</ele>
      </trkpt>
      <trkpt lat="35.663099996745586" lon="-121.25668999738991">
        <ele>4.43</ele>
      </trkpt>
      <trkpt lat="35.66309823654592" lon="-121.25668823719025">
        <ele>4.5</ele>
      </trkpt>
      <trkpt lat="35.66303998231888" lon="-121.25659997574985">
        <ele>4.56</ele>
      </trkpt>
      <trkpt lat="35.663009975105524" lon="-121.25653996132314">
        <ele>4.63</ele>
      </trkpt>
      <trkpt lat="35.66293998621404" lon="-121.25642999075353">
        <ele>4.69</ele>
      </trkpt>
      <trkpt lat="35.66291995346546" lon="-121.25640995800495">
        <ele>4.75</ele>
      </trkpt>
      <trkpt lat="35.6628299318254" lon="-121.25628992915154">
        <ele>4.78</ele>
      </trkpt>
      <trkpt lat="35.662819957360625" lon="-121.25626998022199">
        <ele>4.84</ele>
      </trkpt>
      <trkpt lat="35.66272993572056" lon="-121.25614995136857">
        <ele>4.87</ele>
      </trkpt>
      <trkpt lat="35.6625899579376" lon="-121.2559499591589">
        <ele>4.91</ele>
      </trkpt>
      <trkpt lat="35.662499936297536" lon="-121.25582993030548">
        <ele>4.95</ele>
      </trkpt>
      <trkpt lat="35.66233992576599" lon="-121.25560998916626">
        <ele>4.99</ele>
      </trkpt>
      <trkpt lat="35.6621599663049" lon="-121.25535995699465">
        <ele>5.03</ele>
      </trkpt>
      <trkpt lat="35.661979923024774" lon="-121.25510992482305">
        <ele>5.07</ele>
      </trkpt>
      <trkpt lat="35.66196994856" lon="-121.25510992482305">
        <ele>5.11</ele>
      </trkpt>
      <trkpt lat="35.66185997799039" lon="-121.25494999811053">
        <ele>5.16</ele>
      </trkpt>
      <trkpt lat="35.661829970777035" lon="-121.25491999089718">
        <ele>5.2</ele>
      </trkpt>
      <trkpt lat="35.6617299746722" lon="-121.25475998036563">
        <ele>5.24</ele>
      </trkpt>
      <trkpt lat="35.661619920283556" lon="-121.25460994429886">
        <ele>5.28</ele>
      </trkpt>
      <trkpt lat="35.66146996803582" lon="-121.25439997762442">
        <ele>5.32</ele>
      </trkpt>
      <trkpt lat="35.66130995750427" lon="-121.25416494905949">
        <ele>5.36</ele>
      </trkpt>
      <trkpt lat="35.66114994697273" lon="-121.25392992049456">
        <ele>5.4</ele>
      </trkpt>
      <trkpt lat="35.661139972507954" lon="-121.25391994602978">
        <ele>5.44</ele>
      </trkpt>
      <trkpt lat="35.661119939759374" lon="-121.25388993881643">
        <ele>5.47</ele>
      </trkpt>
      <trkpt lat="35.661099990829825" lon="-121.25386998988688">
        <ele>5.51</ele>
      </trkpt>
      <trkpt lat="35.66104995086789" lon="-121.25375993549824">
        <ele>5.56</ele>
      </trkpt>
      <trkpt lat="35.6608699914068" lon="-121.25349992886186">
        <ele>5.63</ele>
      </trkpt>
      <trkpt lat="35.660799918696284" lon="-121.25340999104083">
        <ele>5.67</ele>
      </trkpt>
      <trkpt lat="35.660709980875254" lon="-121.25328996218741">
        <ele>5.71</ele>
      </trkpt>
      <trkpt lat="35.660629933699965" lon="-121.25318996608257">
        <ele>5.75</ele>
      </trkpt>
      <trkpt lat="35.66057997755706" lon="-121.25313992612064">
        <ele>5.78</ele>
      </trkpt>
      <trkpt lat="35.66055994480848" lon="-121.25310991890728">
        <ele>5.82</ele>
      </trkpt>
      <trkpt lat="35.66052993759513" lon="-121.25307999551296">
        <ele>5.85</ele>
      </trkpt>
      <trkpt lat="35.660489955917" lon="-121.25302995555103">
        <ele>5.89</ele>
      </trkpt>
      <trkpt lat="35.66042994149029" lon="-121.25296994112432">
        <ele>5.93</ele>
      </trkpt>
      <trkpt lat="35.66039993427694" lon="-121.25293993391097">
        <ele>5.97</ele>
      </trkpt>
      <trkpt lat="35.660369927063584" lon="-121.25290992669761">
        <ele>6.01</ele>
      </trkpt>
      <trkpt lat="35.660329945385456" lon="-121.25287991948426">
        <ele>6.05</ele>
      </trkpt>
      <trkpt lat="35.6602999381721" lon="-121.25284999608994">
        <ele>6.08</ele>
      </trkpt>
      <trkpt lat="35.66022994928062" lon="-121.25278998166323">
        <ele>6.12</ele>
      </trkpt>
      <trkpt lat="35.66017999313772" lon="-121.2527499999851">
        <ele>6.16</ele>
      </trkpt>
      <trkpt lat="35.6601099204272" lon="-121.25269996002316">
        <ele>6.19</ele>
      </trkpt>
      <trkpt lat="35.659919986501336" lon="-121.2525499239564">
        <ele>6.22</ele>
      </trkpt>
      <trkpt lat="35.65974019467831" lon="-121.2524151429534">
        <ele>6.24</ele>
      </trkpt>
      <trkpt lat="35.65955998376012" lon="-121.25227994285524">
        <ele>6.26</ele>
      </trkpt>
      <trkpt lat="35.65941992215812" lon="-121.25216997228563">
        <ele>6.3</ele>
      </trkpt>
      <trkpt lat="35.65928991883993" lon="-121.25207995064557">
        <ele>6.33</ele>
      </trkpt>
      <trkpt lat="35.65916997380555" lon="-121.2519899290055">
        <ele>6.38</ele>
      </trkpt>
      <trkpt lat="35.659059919416904" lon="-121.25188993290067">
        <ele>6.43</ele>
      </trkpt>
      <trkpt lat="35.659009963274" lon="-121.25183997675776">
        <ele>6.47</ele>
      </trkpt>
      <trkpt lat="35.65895992331207" lon="-121.25178993679583">
        <ele>6.51</ele>
      </trkpt>
      <trkpt lat="35.65891994163394" lon="-121.25173998065293">
        <ele>6.55</ele>
      </trkpt>
      <trkpt lat="35.65886998549104" lon="-121.251689940691">
        <ele>6.59</ele>
      </trkpt>
      <trkpt lat="35.658779963850975" lon="-121.25158994458616">
        <ele>6.63</ele>
      </trkpt>
      <trkpt lat="35.65869991667569" lon="-121.25146999955177">
        <ele>6.67</ele>
      </trkpt>
      <trkpt lat="35.65863998606801" lon="-121.25139992684126">
        <ele>6.7</ele>
      </trkpt>
      <trkpt lat="35.658609978854656" lon="-121.25134997069836">
        <ele>6.74</ele>
      </trkpt>
      <trkpt lat="35.6585799716413" lon="-121.25130998902023">
        <ele>6.76</ele>
      </trkpt>
      <trkpt lat="35.65852993167937" lon="-121.25122994184494">
        <ele>6.78</ele>
      </trkpt>
      <trkpt lat="35.658459942787886" lon="-121.25108996406198">
        <ele>6.81</ele>
      </trkpt>
      <trkpt lat="35.65836992114782" lon="-121.25091997906566">
        <ele>6.84</ele>
      </trkpt>
      <trkpt lat="35.65827998332679" lon="-121.25074999406934">
        <ele>6.86</ele>
      </trkpt>
      <trkpt lat="35.65818996168673" lon="-121.25055997632444">
        <ele>6.88</ele>
      </trkpt>
      <trkpt lat="35.6581499800086" lon="-121.25047992914915">
        <ele>6.91</ele>
      </trkpt>
      <trkpt lat="35.65801997669041" lon="-121.25021992251277">
        <ele>6.94</ele>
      </trkpt>
      <trkpt lat="35.65791486762464" lon="-121.25000978820026">
        <ele>6.97</ele>
      </trkpt>
      <trkpt lat="35.65780992619693" lon="-121.24979998916388">
        <ele>6.99</ele>
      </trkpt>
      <trkpt lat="35.657789977267385" lon="-121.2497799564153">
        <ele>6.98</ele>
      </trkpt>
      <trkpt lat="35.657709930092096" lon="-121.24961994588375">
        <ele>6.97</ele>
      </trkpt>
      <trkpt lat="35.657659973949194" lon="-121.24949991703033">
        <ele>6.95</ele>
      </trkpt>
      <trkpt lat="35.657529970631" lon="-121.24923999421299">
        <ele>6.94</ele>
      </trkpt>
      <trkpt lat="35.65743994899094" lon="-121.24904997646809">
        <ele>6.92</ele>
      </trkpt>
      <trkpt lat="35.65740994177759" lon="-121.24900999478996">
        <ele>6.88</ele>
      </trkpt>
      <trkpt lat="35.657339952886105" lon="-121.24885995872319">
        <ele>6.86</ele>
      </trkpt>
      <trkpt lat="35.6571898330003" lon="-121.24855971895158">
        <ele>6.84</ele>
      </trkpt>
      <trkpt lat="35.657039964571595" lon="-121.24825998209417">
        <ele>6.78</ele>
      </trkpt>
      <trkpt lat="35.656886491924524" lon="-121.24794633127749">
        <ele>6.73</ele>
      </trkpt>
      <trkpt lat="35.65673301927745" lon="-121.24763276427984">
        <ele>6.67</ele>
      </trkpt>
      <trkpt lat="35.65657996572554" lon="-121.24731995165348">
        <ele>6.61</ele>
      </trkpt>
      <trkpt lat="35.656444849446416" lon="-121.24705474823713">
        <ele>6.51</ele>
      </trkpt>
      <trkpt lat="35.656309984624386" lon="-121.24678996391594">
        <ele>6.4</ele>
      </trkpt>
      <trkpt lat="35.65616992302239" lon="-121.24649995006621">
        <ele>6.29</ele>
      </trkpt>
      <trkpt lat="35.656029945239425" lon="-121.24620993621647">
        <ele>6.15</ele>
      </trkpt>
      <trkpt lat="35.65594998188317" lon="-121.24606995843351">
        <ele>6.03</ele>
      </trkpt>
      <trkpt lat="35.655879992991686" lon="-121.24593995511532">
        <ele>5.91</ele>
      </trkpt>
      <trkpt lat="35.6557999458164" lon="-121.24580995179713">
        <ele>5.77</ele>
      </trkpt>
      <trkpt lat="35.65571998246014" lon="-121.24567994847894">
        <ele>5.62</ele>
      </trkpt>
      <trkpt lat="35.65566994249821" lon="-121.24561993405223">
        <ele>5.49</ele>
      </trkpt>
      <trkpt lat="35.65562996082008" lon="-121.24555991962552">
        <ele>5.38</ele>
      </trkpt>
      <trkpt lat="35.65553993918002" lon="-121.24544994905591">
        <ele>5.25</ele>
      </trkpt>
      <trkpt lat="35.655449917539954" lon="-121.2453399784863">
        <ele>5.11</ele>
      </trkpt>
      <trkpt lat="35.65526995807886" lon="-121.24511995352805">
        <ele>4.99</ele>
      </trkpt>
      <trkpt lat="35.65507994033396" lon="-121.24488995410502">
        <ele>4.88</ele>
      </trkpt>
      <trkpt lat="35.65496996976435" lon="-121.2447699252516">
        <ele>4.78</ele>
      </trkpt>
      <trkpt lat="35.65494993701577" lon="-121.24473991803825">
        <ele>4.67</ele>
      </trkpt>
      <trkpt lat="35.654889922589064" lon="-121.24465995468199">
        <ele>4.55</ele>
      </trkpt>
      <trkpt lat="35.65480995923281" lon="-121.24455995857716">
        <ele>4.42</ele>
      </trkpt>
      <trkpt lat="35.65472999587655" lon="-121.24443992972374">
        <ele>4.3</ele>
      </trkpt>
      <trkpt lat="35.65463997423649" lon="-121.24429995194077">
        <ele>4.19</ele>
      </trkpt>
      <trkpt lat="35.6545599270612" lon="-121.24416994862258">
        <ele>4.07</ele>
      </trkpt>
      <trkpt lat="35.654479963704944" lon="-121.24404991976917">
        <ele>3.96</ele>
      </trkpt>
      <trkpt lat="35.65440997481346" lon="-121.24391991645098">
        <ele>3.89</ele>
      </trkpt>
      <trkpt lat="35.654289945960045" lon="-121.24368991702795">
        <ele>3.8</ele>
      </trkpt>
      <trkpt lat="35.65424996428192" lon="-121.24363996088505">
        <ele>3.73</ele>
      </trkpt>
      <trkpt lat="35.65423998981714" lon="-121.24361992813647">
        <ele>3.67</ele>
      </trkpt>
      <trkpt lat="35.65422993153334" lon="-121.2436099536717">
        <ele>3.62</ele>
      </trkpt>
      <trkpt lat="35.65421995706856" lon="-121.24357994645834">
        <ele>3.57</ele>
      </trkpt>
      <trkpt lat="35.65416991710663" lon="-121.24348992481828">
        <ele>3.54</ele>
      </trkpt>
      <trkpt lat="35.654139993712306" lon="-121.2434199359268">
        <ele>3.51</ele>
      </trkpt>
      <trkpt lat="35.6540799792856" lon="-121.24327995814383">
        <ele>3.49</ele>
      </trkpt>
      <trkpt lat="35.654009990394115" lon="-121.24312992207706">
        <ele>3.47</ele>
      </trkpt>
      <trkpt lat="35.65394997596741" lon="-121.24296999536455">
        <ele>3.47</ele>
      </trkpt>
      <trkpt lat="35.65389993600547" lon="-121.24283999204636">
        <ele>3.49</ele>
      </trkpt>
      <trkpt lat="35.653879987075925" lon="-121.24277997761965">
        <ele>3.5</ele>
      </trkpt>
      <trkpt lat="35.65386992879212" lon="-121.24271996319294">
        <ele>3.53</ele>
      </trkpt>
      <trkpt lat="35.65382994711399" lon="-121.2426199670881">
        <ele>3.56</ele>
      </trkpt>
      <trkpt lat="35.65377990715206" lon="-121.24243464320898">
        <ele>3.61</ele>
      </trkpt>
      <trkpt lat="35.653729951009154" lon="-121.24224998988211">
        <ele>3.66</ele>
      </trkpt>
      <trkpt lat="35.653689969331026" lon="-121.2419999577105">
        <ele>3.71</ele>
      </trkpt>
      <trkpt lat="35.65365996211767" lon="-121.24182997271419">
        <ele>3.78</ele>
      </trkpt>
      <trkpt lat="35.65363992936909" lon="-121.241699969396">
        <ele>3.85</ele>
      </trkpt>
      <trkpt lat="35.65362995490432" lon="-121.24160994775593">
        <ele>3.93</ele>
      </trkpt>
      <trkpt lat="35.653619980439544" lon="-121.24155999161303">
        <ele>4.0</ele>
      </trkpt>
      <trkpt lat="35.65360992215574" lon="-121.24148991890252">
        <ele>4.08</ele>
      </trkpt>
      <trkpt lat="35.65360992215574" lon="-121.24142998829484">
        <ele>4.16</ele>
      </trkpt>
      <trkpt lat="35.65360992215574" lon="-121.24134994111955">
        <ele>4.24</ele>
      </trkpt>
      <trkpt lat="35.65360992215574" lon="-121.24129998497665">
        <ele>4.33</ele>
      </trkpt>
      <trkpt lat="35.653599947690964" lon="-121.24123997054994">
        <ele>4.43</ele>
      </trkpt>
      <trkpt lat="35.653599947690964" lon="-121.24104995280504">
        <ele>4.54</ele>
      </trkpt>
      <trkpt lat="35.653599947690964" lon="-121.2408899422735">
        <ele>4.64</ele>
      </trkpt>
      <trkpt lat="35.653599947690964" lon="-121.24067997559905">
        <ele>4.73</ele>
      </trkpt>
      <trkpt lat="35.653599947690964" lon="-121.2406499683857">
        <ele>4.83</ele>
      </trkpt>
      <trkpt lat="35.653599947690964" lon="-121.24063999392092">
        <ele>4.93</ele>
      </trkpt>
      <trkpt lat="35.653599947690964" lon="-121.24062993563712">
        <ele>5.03</ele>
      </trkpt>
      <trkpt lat="35.653599947690964" lon="-121.24061996117234">
        <ele>5.12</ele>
      </trkpt>
      <trkpt lat="35.65360992215574" lon="-121.24060998670757">
        <ele>5.22</ele>
      </trkpt>
      <trkpt lat="35.65362995490432" lon="-121.24046992510557">
        <ele>5.32</ele>
      </trkpt>
      <trkpt lat="35.65363992936909" lon="-121.24029994010925">
        <ele>5.42</ele>
      </trkpt>
      <trkpt lat="35.65365996211767" lon="-121.24009994789958">
        <ele>5.51</ele>
      </trkpt>
      <trkpt lat="35.653689969331026" lon="-121.2398399412632">
        <ele>5.61</ele>
      </trkpt>
      <trkpt lat="35.65371997654438" lon="-121.23961991630495">
        <ele>5.7</ele>
      </trkpt>
      <trkpt lat="35.65373992547393" lon="-121.23943995684385">
        <ele>5.79</ele>
      </trkpt>
      <trkpt lat="35.65376993268728" lon="-121.23919998295605">
        <ele>5.88</ele>
      </trkpt>
      <trkpt lat="35.653794994577765" lon="-121.23899454250932">
        <ele>5.96</ele>
      </trkpt>
      <trkpt lat="35.65381997264922" lon="-121.2387899402529">
        <ele>6.03</ele>
      </trkpt>
      <trkpt lat="35.653859954327345" lon="-121.23843999579549">
        <ele>6.1</ele>
      </trkpt>
      <trkpt lat="35.65386992879212" lon="-121.23827998526394">
        <ele>6.17</ele>
      </trkpt>
      <trkpt lat="35.6538899615407" lon="-121.2381199747324">
        <ele>6.24</ele>
      </trkpt>
      <trkpt lat="35.65389993600547" lon="-121.23799994587898">
        <ele>6.3</ele>
      </trkpt>
      <trkpt lat="35.65390999428928" lon="-121.23794998973608">
        <ele>6.36</ele>
      </trkpt>
      <trkpt lat="35.65390999428928" lon="-121.23788997530937">
        <ele>6.41</ele>
      </trkpt>
      <trkpt lat="35.65391996875405" lon="-121.23783993534744">
        <ele>6.45</ele>
      </trkpt>
      <trkpt lat="35.65391996875405" lon="-121.23777992092073">
        <ele>6.49</ele>
      </trkpt>
      <trkpt lat="35.65391996875405" lon="-121.23772996477783">
        <ele>6.52</ele>
      </trkpt>
      <trkpt lat="35.65392994321883" lon="-121.23764991760254">
        <ele>6.55</ele>
      </trkpt>
      <trkpt lat="35.65392994321883" lon="-121.23746995814145">
        <ele>6.57</ele>
      </trkpt>
      <trkpt lat="35.65392994321883" lon="-121.23742997646332">
        <ele>6.59</ele>
      </trkpt>
      <trkpt lat="35.65392994321883" lon="-121.23739996924996">
        <ele>6.6</ele>
      </trkpt>
      <trkpt lat="35.65392994321883" lon="-121.23737993650138">
        <ele>6.6</ele>
      </trkpt>
      <trkpt lat="35.65392994321883" lon="-121.23731992207468">
        <ele>6.6</ele>
      </trkpt>
      <trkpt lat="35.65392994321883" lon="-121.2372499331832">
        <ele>6.59</ele>
      </trkpt>
      <trkpt lat="35.65392994321883" lon="-121.23716996982694">
        <ele>6.57</ele>
      </trkpt>
      <trkpt lat="35.65392994321883" lon="-121.23703996650875">
        <ele>6.55</ele>
      </trkpt>
      <trkpt lat="35.65392994321883" lon="-121.23694994486868">
        <ele>6.52</ele>
      </trkpt>
      <trkpt lat="35.65391996875405" lon="-121.23684994876385">
        <ele>6.48</ele>
      </trkpt>
      <trkpt lat="35.65390999428928" lon="-121.23676998540759">
        <ele>6.44</ele>
      </trkpt>
      <trkpt lat="35.65390999428928" lon="-121.23667996376753">
        <ele>6.4</ele>
      </trkpt>
      <trkpt lat="35.65389993600547" lon="-121.23658994212747">
        <ele>6.34</ele>
      </trkpt>
      <trkpt lat="35.653879987075925" lon="-121.23647997155786">
        <ele>6.28</ele>
      </trkpt>
      <trkpt lat="35.65386992879212" lon="-121.23637997545302">
        <ele>6.22</ele>
      </trkpt>
      <trkpt lat="35.653859954327345" lon="-121.23629992827773">
        <ele>6.15</ele>
      </trkpt>
      <trkpt lat="35.653839921578765" lon="-121.2362099904567">
        <ele>6.08</ele>
      </trkpt>
      <trkpt lat="35.65382994711399" lon="-121.23612994328141">
        <ele>6.0</ele>
      </trkpt>
      <trkpt lat="35.65381997264922" lon="-121.23604997992516">
        <ele>5.92</ele>
      </trkpt>
      <trkpt lat="35.65380999818444" lon="-121.23599993996322">
        <ele>5.83</ele>
      </trkpt>
      <trkpt lat="35.65379993990064" lon="-121.23594998382032">
        <ele>5.74</ele>
      </trkpt>
      <trkpt lat="35.65377999097109" lon="-121.23587999492884">
        <ele>5.64</ele>
      </trkpt>
      <trkpt lat="35.65375995822251" lon="-121.23578997328877">
        <ele>5.55</ele>
      </trkpt>
      <trkpt lat="35.65373992547393" lon="-121.23571998439729">
        <ele>5.44</ele>
      </trkpt>
      <trkpt lat="35.653729951009154" lon="-121.23564999550581">
        <ele>5.34</ele>
      </trkpt>
      <trkpt lat="35.653709918260574" lon="-121.23556994833052">
        <ele>5.24</ele>
      </trkpt>
      <trkpt lat="35.653689969331026" lon="-121.23550993390381">
        <ele>5.13</ele>
      </trkpt>
      <trkpt lat="35.653669936582446" lon="-121.23542997054756">
        <ele>5.02</ele>
      </trkpt>
      <trkpt lat="35.65362995490432" lon="-121.23530994169414">
        <ele>4.92</ele>
      </trkpt>
      <trkpt lat="35.653579998761415" lon="-121.2351599894464">
        <ele>4.81</ele>
      </trkpt>
      <trkpt lat="35.65349483862519" lon="-121.23490459285676">
        <ele>4.69</ele>
      </trkpt>
      <trkpt lat="35.653409929946065" lon="-121.23464995063841">
        <ele>4.59</ele>
      </trkpt>
      <trkpt lat="35.65331982448697" lon="-121.2343896087259">
        <ele>4.47</ele>
      </trkpt>
      <trkpt lat="35.65322997048497" lon="-121.23412993736565">
        <ele>4.35</ele>
      </trkpt>
      <trkpt lat="35.653134835883975" lon="-121.23386959545314">
        <ele>4.24</ele>
      </trkpt>
      <trkpt lat="35.65303995274007" lon="-121.23360992409289">
        <ele>4.12</ele>
      </trkpt>
      <trkpt lat="35.65296996384859" lon="-121.23339995741844">
        <ele>4.02</ele>
      </trkpt>
      <trkpt lat="35.65295998938382" lon="-121.23336995020509">
        <ele>3.92</ele>
      </trkpt>
      <trkpt lat="35.65289989113808" lon="-121.23317465186119">
        <ele>3.84</ele>
      </trkpt>
      <trkpt lat="35.6528399605304" lon="-121.23297994025052">
        <ele>3.73</ele>
      </trkpt>
      <trkpt lat="35.65277994610369" lon="-121.2328099552542">
        <ele>3.63</ele>
      </trkpt>
      <trkpt lat="35.652699982747436" lon="-121.23250996693969">
        <ele>3.53</ele>
      </trkpt>
      <trkpt lat="35.652659917250276" lon="-121.23234995640814">
        <ele>3.44</ele>
      </trkpt>
      <trkpt lat="35.65260996110737" lon="-121.2321399897337">
        <ele>3.35</ele>
      </trkpt>
      <trkpt lat="35.652569979429245" lon="-121.23191996477544">
        <ele>3.27</ele>
      </trkpt>
      <trkpt lat="35.65252999775112" lon="-121.23174997977912">
        <ele>3.19</ele>
      </trkpt>
      <trkpt lat="35.65249999053776" lon="-121.2315799947828">
        <ele>3.13</ele>
      </trkpt>
      <trkpt lat="35.65248993225396" lon="-121.23150992207229">
        <ele>3.06</ele>
      </trkpt>
      <trkpt lat="35.65247995778918" lon="-121.23147999867797">
        <ele>3.0</ele>
      </trkpt>
      <trkpt lat="35.65246998332441" lon="-121.2313899770379">
        <ele>2.93</ele>
      </trkpt>
      <trkpt lat="35.65244995057583" lon="-121.23124999925494">
        <ele>2.89</ele>
      </trkpt>
      <trkpt lat="35.65242991782725" lon="-121.23106995597482">
        <ele>2.84</ele>
      </trkpt>
      <trkpt lat="35.6524099688977" lon="-121.23084993101656">
        <ele>2.8</ele>
      </trkpt>
      <trkpt lat="35.65238993614912" lon="-121.23061993159354">
        <ele>2.76</ele>
      </trkpt>
      <trkpt lat="35.65238993614912" lon="-121.23040996491909">
        <ele>2.72</ele>
      </trkpt>
      <trkpt lat="35.65238993614912" lon="-121.23035992495716">
        <ele>2.7</ele>
      </trkpt>
      <trkpt lat="35.65238993614912" lon="-121.23021994717419">
        <ele>2.68</ele>
      </trkpt>
      <trkpt lat="35.65238993614912" lon="-121.23018993996084">
        <ele>2.66</ele>
      </trkpt>
      <trkpt lat="35.65238993614912" lon="-121.23005993664265">
        <ele>2.65</ele>
      </trkpt>
      <trkpt lat="35.652399994432926" lon="-121.22976992279291">
        <ele>2.65</ele>
      </trkpt>
      <trkpt lat="35.6524099688977" lon="-121.22956993058324">
        <ele>2.65</ele>
      </trkpt>
      <trkpt lat="35.652419943362474" lon="-121.22952994890511">
        <ele>2.67</ele>
      </trkpt>
      <trkpt lat="35.65242991782725" lon="-121.22944998554885">
        <ele>2.69</ele>
      </trkpt>
      <trkpt lat="35.652439976111054" lon="-121.22928997501731">
        <ele>2.71</ele>
      </trkpt>
      <trkpt lat="35.65244995057583" lon="-121.22919995337725">
        <ele>2.74</ele>
      </trkpt>
      <trkpt lat="35.65246998332441" lon="-121.22901999391615">
        <ele>2.78</ele>
      </trkpt>
      <trkpt lat="35.65250996500254" lon="-121.22866996563971">
        <ele>2.8</ele>
      </trkpt>
      <trkpt lat="35.652549946680665" lon="-121.22829998843372">
        <ele>2.87</ele>
      </trkpt>
      <trkpt lat="35.65257995389402" lon="-121.2279899418354">
        <ele>2.93</ele>
      </trkpt>
      <trkpt lat="35.652610044926405" lon="-121.22775449417531">
        <ele>2.99</ele>
      </trkpt>
      <trkpt lat="35.65263996832073" lon="-121.22751996852458">
        <ele>3.06</ele>
      </trkpt>
      <trkpt lat="35.65267332829535" lon="-121.22722609899938">
        <ele>3.14</ele>
      </trkpt>
      <trkpt lat="35.652706772089005" lon="-121.22693214565516">
        <ele>3.22</ele>
      </trkpt>
      <trkpt lat="35.652739964425564" lon="-121.2266399525106">
        <ele>3.3</ele>
      </trkpt>
      <trkpt lat="35.65276502631605" lon="-121.22638447210193">
        <ele>3.4</ele>
      </trkpt>
      <trkpt lat="35.652789920568466" lon="-121.22612999752164">
        <ele>3.49</ele>
      </trkpt>
      <trkpt lat="35.65281498245895" lon="-121.22590955346823">
        <ele>3.6</ele>
      </trkpt>
      <trkpt lat="35.6528399605304" lon="-121.22568994760513">
        <ele>3.7</ele>
      </trkpt>
      <trkpt lat="35.652869967743754" lon="-121.22537998482585">
        <ele>3.82</ele>
      </trkpt>
      <trkpt lat="35.65290994942188" lon="-121.22505996376276">
        <ele>3.96</ele>
      </trkpt>
      <trkpt lat="35.65294993110001" lon="-121.22469996102154">
        <ele>4.13</ele>
      </trkpt>
      <trkpt lat="35.65296996384859" lon="-121.22447993606329">
        <ele>4.29</ele>
      </trkpt>
      <trkpt lat="35.652999971061945" lon="-121.22425999492407">
        <ele>4.45</ele>
      </trkpt>
      <trkpt lat="35.65301991999149" lon="-121.22403996996582">
        <ele>4.6</ele>
      </trkpt>
      <trkpt lat="35.65303995274007" lon="-121.2239299993962">
        <ele>4.76</ele>
      </trkpt>
      <trkpt lat="35.6530799344182" lon="-121.22356999665499">
        <ele>4.93</ele>
      </trkpt>
      <trkpt lat="35.653109941631556" lon="-121.22328995727003">
        <ele>5.1</ele>
      </trkpt>
      <trkpt lat="35.653129974380136" lon="-121.22306993231177">
        <ele>5.26</ele>
      </trkpt>
      <trkpt lat="35.653149923309684" lon="-121.22280992567539">
        <ele>5.36</ele>
      </trkpt>
      <trkpt lat="35.65317993052304" lon="-121.22250993736088">
        <ele>5.43</ele>
      </trkpt>
      <trkpt lat="35.65319996327162" lon="-121.22232997789979">
        <ele>5.6</ele>
      </trkpt>
      <trkpt lat="35.65320993773639" lon="-121.2222499307245">
        <ele>5.83</ele>
      </trkpt>
      <trkpt lat="35.65322997048497" lon="-121.22208992019296">
        <ele>6.08</ele>
      </trkpt>
      <trkpt lat="35.65322997048497" lon="-121.22203996405005">
        <ele>6.33</ele>
      </trkpt>
      <trkpt lat="35.653239944949746" lon="-121.22193996794522">
        <ele>6.61</ele>
      </trkpt>
      <trkpt lat="35.65324991941452" lon="-121.2218199390918">
        <ele>6.91</ele>
      </trkpt>
      <trkpt lat="35.653259977698326" lon="-121.22168993577361">
        <ele>7.22</ele>
      </trkpt>
      <trkpt lat="35.6532699521631" lon="-121.22146999463439">
        <ele>7.54</ele>
      </trkpt>
      <trkpt lat="35.6532699521631" lon="-121.22134996578097">
        <ele>7.86</ele>
      </trkpt>
      <trkpt lat="35.653259977698326" lon="-121.22112994082272">
        <ele>8.18</ele>
      </trkpt>
      <trkpt lat="35.653259977698326" lon="-121.22098996303976">
        <ele>8.53</ele>
      </trkpt>
      <trkpt lat="35.65324991941452" lon="-121.22072995640337">
        <ele>8.87</ele>
      </trkpt>
      <trkpt lat="35.653239944949746" lon="-121.22049995698035">
        <ele>9.23</ele>
      </trkpt>
      <trkpt lat="35.653239944949746" lon="-121.22047992423177">
        <ele>9.62</ele>
      </trkpt>
      <trkpt lat="35.65322997048497" lon="-121.2202799320221">
        <ele>10.02</ele>
      </trkpt>
      <trkpt lat="35.6532199960202" lon="-121.21998991817236">
        <ele>10.43</ele>
      </trkpt>
      <trkpt lat="35.65319996327162" lon="-121.21961994096637">
        <ele>10.87</ele>
      </trkpt>
      <trkpt lat="35.653189988806844" lon="-121.21924996376038">
        <ele>11.39</ele>
      </trkpt>
      <trkpt lat="35.65317993052304" lon="-121.21887998655438">
        <ele>11.93</ele>
      </trkpt>
      <trkpt lat="35.653169956058264" lon="-121.218619979918">
        <ele>12.46</ele>
      </trkpt>
      <trkpt lat="35.65315998159349" lon="-121.21848997659981">
        <ele>12.97</ele>
      </trkpt>
      <trkpt lat="35.653149923309684" lon="-121.2182695325464">
        <ele>13.5</ele>
      </trkpt>
      <trkpt lat="35.65313994884491" lon="-121.2180499266833">
        <ele>14.02</ele>
      </trkpt>
      <trkpt lat="35.653129974380136" lon="-121.21782998554409">
        <ele>14.54</ele>
      </trkpt>
      <trkpt lat="35.65311999991536" lon="-121.21767994947731">
        <ele>15.04</ele>
      </trkpt>
      <trkpt lat="35.653109941631556" lon="-121.21747995726764">
        <ele>15.57</ele>
      </trkpt>
      <trkpt lat="35.65309996716678" lon="-121.2172699905932">
        <ele>16.1</ele>
      </trkpt>
      <trkpt lat="35.65309996716678" lon="-121.21724995784461">
        <ele>16.61</ele>
      </trkpt>
      <trkpt lat="35.6530799344182" lon="-121.21698944829404">
        <ele>17.15</ele>
      </trkpt>
      <trkpt lat="35.65305998548865" lon="-121.21672994457185">
        <ele>17.69</ele>
      </trkpt>
      <trkpt lat="35.6530299782753" lon="-121.21642995625734">
        <ele>18.23</ele>
      </trkpt>
      <trkpt lat="35.6530299782753" lon="-121.21638997457922">
        <ele>18.74</ele>
      </trkpt>
      <trkpt lat="35.652999971061945" lon="-121.21600993908942">
        <ele>19.27</ele>
      </trkpt>
      <trkpt lat="35.65297490917146" lon="-121.21576451696455">
        <ele>19.78</ele>
      </trkpt>
      <trkpt lat="35.65294993110001" lon="-121.21551993303001">
        <ele>20.28</ele>
      </trkpt>
      <trkpt lat="35.65292989835143" lon="-121.21529957279563">
        <ele>20.79</ele>
      </trkpt>
      <trkpt lat="35.65290994942188" lon="-121.21507996693254">
        <ele>21.28</ele>
      </trkpt>
      <trkpt lat="35.65289997495711" lon="-121.21491995640099">
        <ele>21.76</ele>
      </trkpt>
      <trkpt lat="35.65287994220853" lon="-121.21477997861803">
        <ele>22.22</ele>
      </trkpt>
      <trkpt lat="35.65287994220853" lon="-121.21472993865609">
        <ele>22.67</ele>
      </trkpt>
      <trkpt lat="35.652869967743754" lon="-121.21466992422938">
        <ele>23.1</ele>
      </trkpt>
      <trkpt lat="35.652869967743754" lon="-121.21463991701603">
        <ele>23.51</ele>
      </trkpt>
      <trkpt lat="35.652849934995174" lon="-121.21456992812455">
        <ele>23.92</ele>
      </trkpt>
      <trkpt lat="35.65281992778182" lon="-121.21437999419868">
        <ele>24.32</ele>
      </trkpt>
      <trkpt lat="35.652809953317046" lon="-121.21429994702339">
        <ele>24.7</ele>
      </trkpt>
      <trkpt lat="35.65279997885227" lon="-121.21423993259668">
        <ele>25.06</ele>
      </trkpt>
      <trkpt lat="35.65276997163892" lon="-121.2141199875623">
        <ele>25.42</ele>
      </trkpt>
      <trkpt lat="35.65274993889034" lon="-121.21402996592224">
        <ele>25.74</ele>
      </trkpt>
      <trkpt lat="35.65274993889034" lon="-121.21400993317366">
        <ele>26.05</ele>
      </trkpt>
      <trkpt lat="35.652739964425564" lon="-121.21393994428217">
        <ele>26.34</ele>
      </trkpt>
      <trkpt lat="35.652719931676984" lon="-121.21388998813927">
        <ele>26.61</ele>
      </trkpt>
      <trkpt lat="35.652699982747436" lon="-121.21380994096398">
        <ele>26.87</ele>
      </trkpt>
      <trkpt lat="35.652699982747436" lon="-121.21378999203444">
        <ele>27.11</ele>
      </trkpt>
      <trkpt lat="35.652679949998856" lon="-121.21370994485915">
        <ele>27.34</ele>
      </trkpt>
      <trkpt lat="35.652659917250276" lon="-121.21364993043244">
        <ele>27.55</ele>
      </trkpt>
      <trkpt lat="35.6526499427855" lon="-121.21359997428954">
        <ele>27.75</ele>
      </trkpt>
      <trkpt lat="35.65261993557215" lon="-121.2134999781847">
        <ele>27.94</ele>
      </trkpt>
      <trkpt lat="35.6525999866426" lon="-121.21343996375799">
        <ele>28.1</ele>
      </trkpt>
      <trkpt lat="35.65258992835879" lon="-121.21338992379606">
        <ele>28.25</ele>
      </trkpt>
      <trkpt lat="35.65257995389402" lon="-121.21336997486651">
        <ele>28.38</ele>
      </trkpt>
      <trkpt lat="35.652549946680665" lon="-121.21328992769122">
        <ele>28.5</ele>
      </trkpt>
      <trkpt lat="35.65253997221589" lon="-121.21323997154832">
        <ele>28.6</ele>
      </trkpt>
      <trkpt lat="35.65251993946731" lon="-121.21316998265684">
        <ele>28.68</ele>
      </trkpt>
      <trkpt lat="35.65248993225396" lon="-121.21308993548155">
        <ele>28.75</ele>
      </trkpt>
      <trkpt lat="35.6524599250406" lon="-121.21299999766052">
        <ele>28.81</ele>
      </trkpt>
      <trkpt lat="35.65244995057583" lon="-121.21298993937671">
        <ele>28.86</ele>
      </trkpt>
      <trkpt lat="35.65242991782725" lon="-121.21292992495">
        <ele>28.89</ele>
      </trkpt>
      <trkpt lat="35.6524099688977" lon="-121.21286999434233">
        <ele>28.91</ele>
      </trkpt>
      <trkpt lat="35.65236998721957" lon="-121.21278994716704">
        <ele>28.92</ele>
      </trkpt>
      <trkpt lat="35.65236998721957" lon="-121.21277997270226">
        <ele>28.92</ele>
      </trkpt>
      <trkpt lat="35.65232992172241" lon="-121.2126899510622">
        <ele>28.91</ele>
      </trkpt>
      <trkpt lat="35.652289940044284" lon="-121.21258995495737">
        <ele>28.88</ele>
      </trkpt>
      <trkpt lat="35.652249958366156" lon="-121.2124999333173">
        <ele>28.85</ele>
      </trkpt>
      <trkpt lat="35.65212992951274" lon="-121.21222995221615">
        <ele>28.8</ele>
      </trkpt>
      <trkpt lat="35.652119955047965" lon="-121.2121999450028">
        <ele>28.75</ele>
      </trkpt>
      <trkpt lat="35.651989951729774" lon="-121.21190993115306">
        <ele>28.66</ele>
      </trkpt>
      <trkpt lat="35.65195994451642" lon="-121.21184991672635">
        <ele>28.59</ele>
      </trkpt>
      <trkpt lat="35.65193999558687" lon="-121.21180993504822">
        <ele>28.52</ele>
      </trkpt>
      <trkpt lat="35.651859948411584" lon="-121.21161991730332">
        <ele>28.43</ele>
      </trkpt>
      <trkpt lat="35.65176992677152" lon="-121.21142998337746">
        <ele>28.35</ele>
      </trkpt>
      <trkpt lat="35.65169993788004" lon="-121.21126997284591">
        <ele>28.27</ele>
      </trkpt>
      <trkpt lat="35.65158996731043" lon="-121.21104994788766">
        <ele>28.17</ele>
      </trkpt>
      <trkpt lat="35.6515499856323" lon="-121.21093997731805">
        <ele>28.08</ele>
      </trkpt>
      <trkpt lat="35.651519978418946" lon="-121.21087996289134">
        <ele>27.97</ele>
      </trkpt>
      <trkpt lat="35.65147999674082" lon="-121.2107799667865">
        <ele>27.87</ele>
      </trkpt>
      <trkpt lat="35.651449989527464" lon="-121.21070997789502">
        <ele>27.76</ele>
      </trkpt>
      <trkpt lat="35.651429956778884" lon="-121.21064996346831">
        <ele>27.64</ele>
      </trkpt>
      <trkpt lat="35.65139994956553" lon="-121.21055994182825">
        <ele>27.5</ele>
      </trkpt>
      <trkpt lat="35.651389975100756" lon="-121.2105399928987">
        <ele>27.36</ele>
      </trkpt>
      <trkpt lat="35.651369942352176" lon="-121.210479978472">
        <ele>27.22</ele>
      </trkpt>
      <trkpt lat="35.6513599678874" lon="-121.21043999679387">
        <ele>27.07</ele>
      </trkpt>
      <trkpt lat="35.65134999342263" lon="-121.2103999312967">
        <ele>26.91</ele>
      </trkpt>
      <trkpt lat="35.65133993513882" lon="-121.21033991687">
        <ele>26.75</ele>
      </trkpt>
      <trkpt lat="35.65131998620927" lon="-121.21027998626232">
        <ele>26.58</ele>
      </trkpt>
      <trkpt lat="35.65130992792547" lon="-121.21022994630039">
        <ele>26.4</ele>
      </trkpt>
      <trkpt lat="35.65129995346069" lon="-121.21018996462226">
        <ele>26.22</ele>
      </trkpt>
      <trkpt lat="35.65128997899592" lon="-121.21013992466033">
        <ele>26.04</ele>
      </trkpt>
      <trkpt lat="35.65127992071211" lon="-121.21008996851742">
        <ele>25.84</ele>
      </trkpt>
      <trkpt lat="35.65126994624734" lon="-121.21001997962594">
        <ele>25.64</ele>
      </trkpt>
      <trkpt lat="35.651259971782565" lon="-121.20995996519923">
        <ele>25.43</ele>
      </trkpt>
      <trkpt lat="35.65124999731779" lon="-121.2099099252373">
        <ele>25.21</ele>
      </trkpt>
      <trkpt lat="35.65124999731779" lon="-121.20984999462962">
        <ele>24.99</ele>
      </trkpt>
      <trkpt lat="35.651239939033985" lon="-121.20978998020291">
        <ele>24.77</ele>
      </trkpt>
      <trkpt lat="35.651239939033985" lon="-121.20973994024098">
        <ele>24.54</ele>
      </trkpt>
      <trkpt lat="35.65122996456921" lon="-121.2096699513495">
        <ele>24.31</ele>
      </trkpt>
      <trkpt lat="35.65122996456921" lon="-121.20959996245801">
        <ele>24.07</ele>
      </trkpt>
      <trkpt lat="35.65122996456921" lon="-121.20949996635318">
        <ele>23.83</ele>
      </trkpt>
      <trkpt lat="35.65122996456921" lon="-121.20944992639124">
        <ele>23.58</ele>
      </trkpt>
      <trkpt lat="35.65122996456921" lon="-121.20936996303499">
        <ele>23.32</ele>
      </trkpt>
      <trkpt lat="35.65122996456921" lon="-121.20934993028641">
        <ele>23.06</ele>
      </trkpt>
      <trkpt lat="35.65122996456921" lon="-121.20930994860828">
        <ele>22.8</ele>
      </trkpt>
      <trkpt lat="35.651239939033985" lon="-121.20925999246538">
        <ele>22.53</ele>
      </trkpt>
      <trkpt lat="35.651239939033985" lon="-121.20918991975486">
        <ele>22.25</ele>
      </trkpt>
      <trkpt lat="35.65124999731779" lon="-121.20912998914719">
        <ele>21.98</ele>
      </trkpt>
      <trkpt lat="35.65124999731779" lon="-121.20909998193383">
        <ele>21.69</ele>
      </trkpt>
      <trkpt lat="35.651259971782565" lon="-121.20900996029377">
        <ele>21.4</ele>
      </trkpt>
      <trkpt lat="35.65126994624734" lon="-121.20895992033184">
        <ele>21.11</ele>
      </trkpt>
      <trkpt lat="35.65127992071211" lon="-121.20890996418893">
        <ele>20.81</ele>
      </trkpt>
      <trkpt lat="35.65127992071211" lon="-121.20888993144035">
        <ele>20.51</ele>
      </trkpt>
      <trkpt lat="35.65128997899592" lon="-121.20882991701365">
        <ele>20.2</ele>
      </trkpt>
      <trkpt lat="35.65129995346069" lon="-121.20876998640597">
        <ele>19.89</ele>
      </trkpt>
      <trkpt lat="35.65130992792547" lon="-121.20871994644403">
        <ele>19.58</ele>
      </trkpt>
      <trkpt lat="35.65132996067405" lon="-121.2086799647659">
        <ele>19.28</ele>
      </trkpt>
      <trkpt lat="35.65133993513882" lon="-121.20859991759062">
        <ele>18.97</ele>
      </trkpt>
      <trkpt lat="35.651369942352176" lon="-121.20849992148578">
        <ele>18.66</ele>
      </trkpt>
      <trkpt lat="35.65145996399224" lon="-121.20819993317127">
        <ele>18.34</ele>
      </trkpt>
      <trkpt lat="35.65150992013514" lon="-121.20801997371018">
        <ele>18.04</ele>
      </trkpt>
      <trkpt lat="35.65160991623998" lon="-121.20767991989851">
        <ele>17.74</ele>
      </trkpt>
      <trkpt lat="35.65161997452378" lon="-121.20765997096896">
        <ele>17.46</ele>
      </trkpt>
      <trkpt lat="35.65167998895049" lon="-121.20745997875929">
        <ele>17.16</ele>
      </trkpt>
      <trkpt lat="35.65173991955817" lon="-121.20727993547916">
        <ele>16.88</ele>
      </trkpt>
      <trkpt lat="35.65174997784197" lon="-121.20723995380104">
        <ele>16.62</ele>
      </trkpt>
      <trkpt lat="35.65175995230675" lon="-121.20720994658768">
        <ele>16.37</ele>
      </trkpt>
      <trkpt lat="35.65177998505533" lon="-121.20714993216097">
        <ele>16.13</ele>
      </trkpt>
      <trkpt lat="35.6517899595201" lon="-121.20709997601807">
        <ele>15.89</ele>
      </trkpt>
      <trkpt lat="35.651799933984876" lon="-121.20706996880472">
        <ele>15.67</ele>
      </trkpt>
      <trkpt lat="35.65180999226868" lon="-121.20702998712659">
        <ele>15.46</ele>
      </trkpt>
      <trkpt lat="35.651819966733456" lon="-121.20697994716465">
        <ele>15.26</ele>
      </trkpt>
      <trkpt lat="35.65182994119823" lon="-121.20692999102175">
        <ele>15.07</ele>
      </trkpt>
      <trkpt lat="35.651839999482036" lon="-121.20688992552459">
        <ele>14.9</ele>
      </trkpt>
      <trkpt lat="35.65184997394681" lon="-121.20680996216834">
        <ele>14.74</ele>
      </trkpt>
      <trkpt lat="35.651859948411584" lon="-121.20677995495498">
        <ele>14.6</ele>
      </trkpt>
      <trkpt lat="35.651859948411584" lon="-121.20674994774163">
        <ele>14.47</ele>
      </trkpt>
      <trkpt lat="35.65186992287636" lon="-121.20671994052827">
        <ele>14.35</ele>
      </trkpt>
      <trkpt lat="35.65186992287636" lon="-121.20668993331492">
        <ele>14.26</ele>
      </trkpt>
      <trkpt lat="35.651879981160164" lon="-121.20664995163679">
        <ele>14.17</ele>
      </trkpt>
      <trkpt lat="35.651879981160164" lon="-121.20661994442344">
        <ele>14.12</ele>
      </trkpt>
      <trkpt lat="35.65188995562494" lon="-121.20659999549389">
        <ele>14.08</ele>
      </trkpt>
      <trkpt lat="35.65188995562494" lon="-121.20654995553195">
        <ele>14.05</ele>
      </trkpt>
      <trkpt lat="35.65189993008971" lon="-121.20649999938905">
        <ele>14.04</ele>
      </trkpt>
      <trkpt lat="35.65190998837352" lon="-121.20643998496234">
        <ele>14.05</ele>
      </trkpt>
      <trkpt lat="35.65190998837352" lon="-121.20637997053564">
        <ele>14.08</ele>
      </trkpt>
      <trkpt lat="35.65190998837352" lon="-121.20633998885751">
        <ele>14.13</ele>
      </trkpt>
      <trkpt lat="35.65191996283829" lon="-121.20629992336035">
        <ele>14.2</ele>
      </trkpt>
      <trkpt lat="35.65191996283829" lon="-121.20624996721745">
        <ele>14.29</ele>
      </trkpt>
      <trkpt lat="35.651929937303066" lon="-121.20617997832596">
        <ele>14.39</ele>
      </trkpt>
      <trkpt lat="35.651929937303066" lon="-121.20613999664783">
        <ele>14.51</ele>
      </trkpt>
      <trkpt lat="35.651929937303066" lon="-121.20609993115067">
        <ele>14.64</ele>
      </trkpt>
      <trkpt lat="35.651929937303066" lon="-121.20603991672397">
        <ele>14.78</ele>
      </trkpt>
      <trkpt lat="35.651929937303066" lon="-121.20593992061913">
        <ele>14.96</ele>
      </trkpt>
      <trkpt lat="35.651929937303066" lon="-121.20582995004952">
        <ele>15.15</ele>
      </trkpt>
      <trkpt lat="35.651929937303066" lon="-121.20572995394468">
        <ele>15.35</ele>
      </trkpt>
      <trkpt lat="35.651929937303066" lon="-121.20567999780178">
        <ele>15.55</ele>
      </trkpt>
      <trkpt lat="35.651929937303066" lon="-121.20564999058843">
        <ele>15.75</ele>
      </trkpt>
      <trkpt lat="35.651929937303066" lon="-121.20560992509127">
        <ele>15.96</ele>
      </trkpt>
      <trkpt lat="35.65191996283829" lon="-121.20556994341314">
        <ele>16.18</ele>
      </trkpt>
      <trkpt lat="35.65191996283829" lon="-121.20553993619978">
        <ele>16.41</ele>
      </trkpt>
      <trkpt lat="35.65191996283829" lon="-121.20549995452166">
        <ele>16.64</ele>
      </trkpt>
      <trkpt lat="35.65191996283829" lon="-121.20548998005688">
        <ele>16.88</ele>
      </trkpt>
      <trkpt lat="35.65190998837352" lon="-121.2054199911654">
        <ele>17.13</ele>
      </trkpt>
      <trkpt lat="35.65189993008971" lon="-121.20532996952534">
        <ele>17.39</ele>
      </trkpt>
      <trkpt lat="35.65188995562494" lon="-121.2052799295634">
        <ele>17.66</ele>
      </trkpt>
      <trkpt lat="35.65188995562494" lon="-121.20521999895573">
        <ele>17.92</ele>
      </trkpt>
      <trkpt lat="35.651879981160164" lon="-121.20515998452902">
        <ele>18.19</ele>
      </trkpt>
      <trkpt lat="35.65186992287636" lon="-121.20509997010231">
        <ele>18.46</ele>
      </trkpt>
      <trkpt lat="35.651859948411584" lon="-121.20505998842418">
        <ele>18.73</ele>
      </trkpt>
      <trkpt lat="35.65184997394681" lon="-121.20499997399747">
        <ele>19.0</ele>
      </trkpt>
      <trkpt lat="35.65182994119823" lon="-121.20490995235741">
        <ele>19.28</ele>
      </trkpt>
      <trkpt lat="35.651819966733456" lon="-121.20485999621451">
        <ele>19.54</ele>
      </trkpt>
      <trkpt lat="35.65180999226868" lon="-121.2047999817878">
        <ele>19.81</ele>
      </trkpt>
      <trkpt lat="35.6517899595201" lon="-121.20471993461251">
        <ele>20.08</ele>
      </trkpt>
      <trkpt lat="35.65176992677152" lon="-121.2046599201858">
        <ele>20.35</ele>
      </trkpt>
      <trkpt lat="35.65175995230675" lon="-121.20461993850768">
        <ele>20.61</ele>
      </trkpt>
      <trkpt lat="35.65173991955817" lon="-121.2045499496162">
        <ele>20.87</ele>
      </trkpt>
      <trkpt lat="35.651709996163845" lon="-121.20442992076278">
        <ele>21.12</ele>
      </trkpt>
      <trkpt lat="35.651689963415265" lon="-121.2043699901551">
        <ele>21.36</ele>
      </trkpt>
      <trkpt lat="35.651669930666685" lon="-121.20431995019317">
        <ele>21.62</ele>
      </trkpt>
      <trkpt lat="35.65163992345333" lon="-121.20423998683691">
        <ele>21.86</ele>
      </trkpt>
      <trkpt lat="35.65163992345333" lon="-121.20421995408833">
        <ele>22.1</ele>
      </trkpt>
      <trkpt lat="35.65161997452378" lon="-121.2041799724102">
        <ele>22.34</ele>
      </trkpt>
      <trkpt lat="35.651559960097075" lon="-121.20401996187866">
        <ele>22.56</ele>
      </trkpt>
      <trkpt lat="35.65146993845701" lon="-121.20380999520421">
        <ele>22.78</ele>
      </trkpt>
      <trkpt lat="35.651389975100756" lon="-121.20362995192409">
        <ele>23.0</ele>
      </trkpt>
      <trkpt lat="35.651309844106436" lon="-121.20343473739922">
        <ele>23.22</ele>
      </trkpt>
      <trkpt lat="35.65122996456921" lon="-121.20323994196951">
        <ele>23.44</ele>
      </trkpt>
      <trkpt lat="35.651154862716794" lon="-121.20306978933513">
        <ele>23.64</ele>
      </trkpt>
      <trkpt lat="35.65107992850244" lon="-121.20289997197688">
        <ele>23.83</ele>
      </trkpt>
      <trkpt lat="35.65094984136522" lon="-121.20259210467339">
        <ele>24.02</ele>
      </trkpt>
      <trkpt lat="35.650819670408964" lon="-121.20228432118893">
        <ele>24.21</ele>
      </trkpt>
      <trkpt lat="35.65068958327174" lon="-121.20197653770447">
        <ele>24.4</ele>
      </trkpt>
      <trkpt lat="35.65055999904871" lon="-121.20166992768645">
        <ele>24.59</ele>
      </trkpt>
      <trkpt lat="35.65042479895055" lon="-121.20134965516627">
        <ele>24.77</ele>
      </trkpt>
      <trkpt lat="35.65028968267143" lon="-121.20102929882705">
        <ele>24.94</ele>
      </trkpt>
      <trkpt lat="35.6501545663923" lon="-121.20070894248784">
        <ele>25.13</ele>
      </trkpt>
      <trkpt lat="35.65001995302737" lon="-121.20038992725313">
        <ele>25.3</ele>
      </trkpt>
      <trkpt lat="35.64988994970918" lon="-121.20007996447384">
        <ele>25.49</ele>
      </trkpt>
      <trkpt lat="35.649779979139566" lon="-121.19981995783746">
        <ele>25.65</ele>
      </trkpt>
      <trkpt lat="35.64974997192621" lon="-121.1997399944812">
        <ele>25.78</ele>
      </trkpt>
      <trkpt lat="35.64972993917763" lon="-121.19968995451927">
        <ele>25.91</ele>
      </trkpt>
      <trkpt lat="35.649669924750924" lon="-121.19954997673631">
        <ele>26.02</ele>
      </trkpt>
      <trkpt lat="35.64956992864609" lon="-121.19930991902947">
        <ele>26.13</ele>
      </trkpt>
      <trkpt lat="35.64950999803841" lon="-121.19917999953032">
        <ele>26.24</ele>
      </trkpt>
      <trkpt lat="35.649389969184995" lon="-121.19888998568058">
        <ele>26.32</ele>
      </trkpt>
      <trkpt lat="35.649253176525235" lon="-121.1985662765801">
        <ele>26.41</ele>
      </trkpt>
      <trkpt lat="35.649116383865476" lon="-121.19824265129864">
        <ele>26.48</ele>
      </trkpt>
      <trkpt lat="35.64897992648184" lon="-121.19791994802654">
        <ele>26.53</ele>
      </trkpt>
      <trkpt lat="35.64897992648184" lon="-121.19790997356176">
        <ele>26.53</ele>
      </trkpt>
      <trkpt lat="35.64889996312559" lon="-121.19771995581686">
        <ele>26.54</ele>
      </trkpt>
      <trkpt lat="35.648809941485524" lon="-121.19752993807197">
        <ele>26.52</ele>
      </trkpt>
      <trkpt lat="35.648699970915914" lon="-121.19725995697081">
        <ele>26.46</ele>
      </trkpt>
      <trkpt lat="35.64855999313295" lon="-121.19693993590772">
        <ele>26.37</ele>
      </trkpt>
      <trkpt lat="35.64855999313295" lon="-121.19692996144295">
        <ele>26.29</ele>
      </trkpt>
      <trkpt lat="35.64847986213863" lon="-121.19673977605999">
        <ele>26.19</ele>
      </trkpt>
      <trkpt lat="35.648399982601404" lon="-121.19654992595315">
        <ele>26.04</ele>
      </trkpt>
      <trkpt lat="35.64830996096134" lon="-121.19634993374348">
        <ele>25.9</ele>
      </trkpt>
      <trkpt lat="35.648229913786054" lon="-121.19615974836051">
        <ele>25.75</ele>
      </trkpt>
      <trkpt lat="35.6481499504298" lon="-121.19596998207271">
        <ele>25.56</ele>
      </trkpt>
      <trkpt lat="35.6481499504298" lon="-121.1959599237889">
        <ele>25.37</ele>
      </trkpt>
      <trkpt lat="35.64812991768122" lon="-121.195909967646">
        <ele>25.17</ele>
      </trkpt>
      <trkpt lat="35.648059928789735" lon="-121.19574995711446">
        <ele>24.95</ele>
      </trkpt>
      <trkpt lat="35.64797988161445" lon="-121.1955597717315">
        <ele>24.71</ele>
      </trkpt>
      <trkpt lat="35.64789991825819" lon="-121.19536992162466">
        <ele>24.43</ele>
      </trkpt>
      <trkpt lat="35.64776983112097" lon="-121.19506465271115">
        <ele>24.17</ele>
      </trkpt>
      <trkpt lat="35.64763999544084" lon="-121.19475997053087">
        <ele>23.89</ele>
      </trkpt>
      <trkpt lat="35.64755986444652" lon="-121.19457481428981">
        <ele>23.59</ele>
      </trkpt>
      <trkpt lat="35.647479984909296" lon="-121.19438999332488">
        <ele>23.27</ele>
      </trkpt>
      <trkpt lat="35.647479984909296" lon="-121.19437993504107">
        <ele>22.95</ele>
      </trkpt>
      <trkpt lat="35.647399853914976" lon="-121.1941847205162">
        <ele>22.61</ele>
      </trkpt>
      <trkpt lat="35.64731997437775" lon="-121.1939899250865">
        <ele>22.26</ele>
      </trkpt>
      <trkpt lat="35.64722995273769" lon="-121.19378993287683">
        <ele>21.89</ele>
      </trkpt>
      <trkpt lat="35.64710481092334" lon="-121.19349966757">
        <ele>21.49</ele>
      </trkpt>
      <trkpt lat="35.64697992056608" lon="-121.19320998899639">
        <ele>21.09</ele>
      </trkpt>
      <trkpt lat="35.646899873390794" lon="-121.19300974532962">
        <ele>20.7</ele>
      </trkpt>
      <trkpt lat="35.64681999385357" lon="-121.19280992075801">
        <ele>20.31</ele>
      </trkpt>
      <trkpt lat="35.64670482650399" lon="-121.19253968819976">
        <ele>19.92</ele>
      </trkpt>
      <trkpt lat="35.64658999443054" lon="-121.1922699585557">
        <ele>19.53</ele>
      </trkpt>
      <trkpt lat="35.64653995446861" lon="-121.19215998798609">
        <ele>19.15</ele>
      </trkpt>
      <trkpt lat="35.646429983899" lon="-121.1918999813497">
        <ele>18.75</ele>
      </trkpt>
      <trkpt lat="35.64631984569132" lon="-121.19162966497242">
        <ele>18.33</ele>
      </trkpt>
      <trkpt lat="35.646209958940744" lon="-121.19135993532836">
        <ele>17.94</ele>
      </trkpt>
      <trkpt lat="35.646169977262616" lon="-121.19125993922353">
        <ele>17.56</ele>
      </trkpt>
      <trkpt lat="35.646073166280985" lon="-121.1910130083561">
        <ele>17.17</ele>
      </trkpt>
      <trkpt lat="35.645976439118385" lon="-121.19076607748866">
        <ele>16.77</ele>
      </trkpt>
      <trkpt lat="35.64587996341288" lon="-121.19051998481154">
        <ele>16.4</ele>
      </trkpt>
      <trkpt lat="35.645753145217896" lon="-121.19020289741457">
        <ele>16.05</ele>
      </trkpt>
      <trkpt lat="35.64562632702291" lon="-121.18988589383662">
        <ele>15.69</ele>
      </trkpt>
      <trkpt lat="35.64549992792308" lon="-121.18956997990608">
        <ele>15.3</ele>
      </trkpt>
      <trkpt lat="35.645479978993535" lon="-121.1894999910146">
        <ele>14.95</ele>
      </trkpt>
      <trkpt lat="35.64541996456683" lon="-121.18936998769641">
        <ele>14.59</ele>
      </trkpt>
      <trkpt lat="35.64534486271441" lon="-121.18916974402964">
        <ele>14.22</ele>
      </trkpt>
      <trkpt lat="35.645269928500056" lon="-121.18896991945803">
        <ele>13.87</ele>
      </trkpt>
      <trkpt lat="35.6451899651438" lon="-121.18876992724836">
        <ele>13.49</ele>
      </trkpt>
      <trkpt lat="35.64509315416217" lon="-121.1885263491422">
        <ele>13.1</ele>
      </trkpt>
      <trkpt lat="35.64499642699957" lon="-121.18828277103603">
        <ele>12.77</ele>
      </trkpt>
      <trkpt lat="35.644899951294065" lon="-121.18803994730115">
        <ele>12.51</ele>
      </trkpt>
      <trkpt lat="35.64479995518923" lon="-121.18783995509148">
        <ele>12.32</ele>
      </trkpt>
      <trkpt lat="35.644769947975874" lon="-121.18775999173522">
        <ele>12.1</ele>
      </trkpt>
      <trkpt lat="35.64469484612346" lon="-121.18756469339132">
        <ele>11.91</ele>
      </trkpt>
      <trkpt lat="35.644619995728135" lon="-121.18736998178065">
        <ele>11.7</ele>
      </trkpt>
      <trkpt lat="35.64454992301762" lon="-121.18718993850052">
        <ele>11.5</ele>
      </trkpt>
      <trkpt lat="35.644469959661365" lon="-121.18700997903943">
        <ele>11.31</ele>
      </trkpt>
      <trkpt lat="35.644359989091754" lon="-121.1867199651897">
        <ele>11.13</ele>
      </trkpt>
      <trkpt lat="35.6443299818784" lon="-121.18665995076299">
        <ele>10.93</ele>
      </trkpt>
      <trkpt lat="35.64420995302498" lon="-121.1863999441266">
        <ele>10.74</ele>
      </trkpt>
      <trkpt lat="35.64407994970679" lon="-121.18605997413397">
        <ele>10.55</ele>
      </trkpt>
      <trkpt lat="35.6439898442477" lon="-121.18583466857672">
        <ele>10.35</ele>
      </trkpt>
      <trkpt lat="35.6438999902457" lon="-121.18560994975269">
        <ele>10.16</ele>
      </trkpt>
      <trkpt lat="35.643849950283766" lon="-121.18548992089927">
        <ele>9.99</ele>
      </trkpt>
      <trkpt lat="35.64380996860564" lon="-121.18538992479444">
        <ele>9.83</ele>
      </trkpt>
      <trkpt lat="35.64371483400464" lon="-121.18515472859144">
        <ele>9.66</ele>
      </trkpt>
      <trkpt lat="35.64361995086074" lon="-121.18491995148361">
        <ele>9.5</ele>
      </trkpt>
      <trkpt lat="35.643609976395965" lon="-121.18487996980548">
        <ele>9.36</ele>
      </trkpt>
      <trkpt lat="35.64350998029113" lon="-121.18462993763387">
        <ele>9.24</ele>
      </trkpt>
      <trkpt lat="35.64342993311584" lon="-121.1844299454242">
        <ele>9.11</ele>
      </trkpt>
      <trkpt lat="35.6433265004307" lon="-121.18416633456945">
        <ele>8.98</ele>
      </trkpt>
      <trkpt lat="35.643223067745566" lon="-121.18390272371471">
        <ele>8.85</ele>
      </trkpt>
      <trkpt lat="35.643119970336556" lon="-121.18363995105028">
        <ele>8.72</ele>
      </trkpt>
      <trkpt lat="35.64310999587178" lon="-121.1836199183017">
        <ele>8.64</ele>
      </trkpt>
      <trkpt lat="35.64301997423172" lon="-121.18339997716248">
        <ele>8.56</ele>
      </trkpt>
      <trkpt lat="35.642929868772626" lon="-121.18315463885665">
        <ele>8.47</ele>
      </trkpt>
      <trkpt lat="35.642839930951595" lon="-121.18290997110307">
        <ele>8.41</ele>
      </trkpt>
      <trkpt lat="35.64276994206011" lon="-121.18263999000192">
        <ele>8.34</ele>
      </trkpt>
      <trkpt lat="35.64275996759534" lon="-121.18259992450476">
        <ele>8.36</ele>
      </trkpt>
      <trkpt lat="35.64264999702573" lon="-121.18233991786838">
        <ele>8.33</ele>
      </trkpt>
      <trkpt lat="35.642599957063794" lon="-121.18219994008541">
        <ele>8.38</ele>
      </trkpt>
      <trkpt lat="35.6425148807466" lon="-121.18198469281197">
        <ele>8.45</ele>
      </trkpt>
      <trkpt lat="35.642429972067475" lon="-121.18176994845271">
        <ele>8.54</ele>
      </trkpt>
      <trkpt lat="35.64230994321406" lon="-121.18147993460298">
        <ele>8.65</ele>
      </trkpt>
      <trkpt lat="35.64217993989587" lon="-121.18115999735892">
        <ele>8.86</ele>
      </trkpt>
      <trkpt lat="35.64209486357868" lon="-121.18091968819499">
        <ele>9.03</ele>
      </trkpt>
      <trkpt lat="35.64200995489955" lon="-121.18067996576428">
        <ele>9.2</ele>
      </trkpt>
      <trkpt lat="35.64193485304713" lon="-121.18043965660036">
        <ele>9.33</ele>
      </trkpt>
      <trkpt lat="35.64185991883278" lon="-121.18019993416965">
        <ele>9.48</ele>
      </trkpt>
      <trkpt lat="35.64183996990323" lon="-121.18012994527817">
        <ele>9.62</ele>
      </trkpt>
      <trkpt lat="35.64174994826317" lon="-121.17984998971224">
        <ele>9.8</ele>
      </trkpt>
      <trkpt lat="35.64172999933362" lon="-121.17977991700172">
        <ele>9.94</ele>
      </trkpt>
      <trkpt lat="35.641659926623106" lon="-121.17951999418437">
        <ele>10.09</ele>
      </trkpt>
      <trkpt lat="35.641574850305915" lon="-121.17917943745852">
        <ele>10.21</ele>
      </trkpt>
      <trkpt lat="35.64148994162679" lon="-121.17883997038007">
        <ele>10.36</ele>
      </trkpt>
      <trkpt lat="35.641419952735305" lon="-121.17854995653033">
        <ele>10.53</ele>
      </trkpt>
      <trkpt lat="35.64135482534766" lon="-121.17826949805021">
        <ele>10.7</ele>
      </trkpt>
      <trkpt lat="35.641289949417114" lon="-121.17798996157944">
        <ele>10.85</ele>
      </trkpt>
      <trkpt lat="35.64127997495234" lon="-121.17797998711467">
        <ele>11.02</ele>
      </trkpt>
      <trkpt lat="35.6412148475647" lon="-121.17770447395742">
        <ele>11.18</ele>
      </trkpt>
      <trkpt lat="35.64114997163415" lon="-121.17742996662855">
        <ele>11.36</ele>
      </trkpt>
      <trkpt lat="35.64108484424651" lon="-121.17715453729033">
        <ele>11.54</ele>
      </trkpt>
      <trkpt lat="35.64101996831596" lon="-121.17687994614244">
        <ele>11.73</ele>
      </trkpt>
      <trkpt lat="35.6409299466759" lon="-121.1765399761498">
        <ele>11.93</ele>
      </trkpt>
      <trkpt lat="35.64091997221112" lon="-121.17648993618786">
        <ele>12.12</ele>
      </trkpt>
      <trkpt lat="35.64089993946254" lon="-121.17642992176116">
        <ele>12.29</ele>
      </trkpt>
      <trkpt lat="35.640824837610126" lon="-121.17611945606768">
        <ele>12.49</ele>
      </trkpt>
      <trkpt lat="35.640749987214804" lon="-121.17580999620259">
        <ele>12.67</ele>
      </trkpt>
      <trkpt lat="35.64067999832332" lon="-121.17552995681763">
        <ele>12.84</ele>
      </trkpt>
      <trkpt lat="35.64062995836139" lon="-121.17531999014318">
        <ele>13.02</ele>
      </trkpt>
      <trkpt lat="35.640559969469905" lon="-121.17509996518493">
        <ele>13.18</ele>
      </trkpt>
      <trkpt lat="35.64047992229462" lon="-121.17480995133519">
        <ele>13.41</ele>
      </trkpt>
      <trkpt lat="35.64037992618978" lon="-121.17450996302068">
        <ele>13.61</ele>
      </trkpt>
      <trkpt lat="35.64024992287159" lon="-121.17415993474424">
        <ele>13.79</ele>
      </trkpt>
      <trkpt lat="35.64018999226391" lon="-121.1740099824965">
        <ele>13.96</ele>
      </trkpt>
      <trkpt lat="35.64013995230198" lon="-121.17387997917831">
        <ele>14.12</ele>
      </trkpt>
      <trkpt lat="35.6400699634105" lon="-121.17371996864676">
        <ele>14.27</ele>
      </trkpt>
      <trkpt lat="35.639999974519014" lon="-121.17356993258">
        <ele>14.42</ele>
      </trkpt>
      <trkpt lat="35.6399248726666" lon="-121.17339475080371">
        <ele>14.57</ele>
      </trkpt>
      <trkpt lat="35.639849938452244" lon="-121.17321998812258">
        <ele>14.72</ele>
      </trkpt>
      <trkpt lat="35.63974994234741" lon="-121.17301999591291">
        <ele>14.86</ele>
      </trkpt>
      <trkpt lat="35.63964994624257" lon="-121.17280994541943">
        <ele>15.03</ele>
      </trkpt>
      <trkpt lat="35.63956989906728" lon="-121.17263476364315">
        <ele>15.16</ele>
      </trkpt>
      <trkpt lat="35.639489935711026" lon="-121.17245991714299">
        <ele>15.27</ele>
      </trkpt>
      <trkpt lat="35.63938993960619" lon="-121.17222991771996">
        <ele>15.38</ele>
      </trkpt>
      <trkpt lat="35.63927317969501" lon="-121.17197971791029">
        <ele>15.55</ele>
      </trkpt>
      <trkpt lat="35.63915641978383" lon="-121.17172951810062">
        <ele>15.79</ele>
      </trkpt>
      <trkpt lat="35.63903999514878" lon="-121.1714799888432">
        <ele>16.06</ele>
      </trkpt>
      <trkpt lat="35.639009987935424" lon="-121.17140999995172">
        <ele>16.26</ele>
      </trkpt>
      <trkpt lat="35.63890320248902" lon="-121.17118310183287">
        <ele>16.49</ele>
      </trkpt>
      <trkpt lat="35.63879641704261" lon="-121.17095620371401">
        <ele>16.69</ele>
      </trkpt>
      <trkpt lat="35.638689966872334" lon="-121.17072997614741">
        <ele>16.86</ele>
      </trkpt>
      <trkpt lat="35.63859483227134" lon="-121.17051975801587">
        <ele>17.02</ele>
      </trkpt>
      <trkpt lat="35.638499949127436" lon="-121.17030995897949">
        <ele>17.2</ele>
      </trkpt>
      <trkpt lat="35.638389978557825" lon="-121.17008993402123">
        <ele>17.36</ele>
      </trkpt>
      <trkpt lat="35.63828998245299" lon="-121.16987996734679">
        <ele>17.51</ele>
      </trkpt>
      <trkpt lat="35.63816995359957" lon="-121.16960998624563">
        <ele>17.63</ele>
      </trkpt>
      <trkpt lat="35.63803995028138" lon="-121.16930999793112">
        <ele>17.76</ele>
      </trkpt>
      <trkpt lat="35.637939954176545" lon="-121.16910992190242">
        <ele>17.86</ele>
      </trkpt>
      <trkpt lat="35.63784993253648" lon="-121.16890992969275">
        <ele>17.97</ele>
      </trkpt>
      <trkpt lat="35.63771481625736" lon="-121.16862469352782">
        <ele>18.06</ele>
      </trkpt>
      <trkpt lat="35.63757995143533" lon="-121.16833996027708">
        <ele>18.13</ele>
      </trkpt>
      <trkpt lat="35.63756997697055" lon="-121.16830995306373">
        <ele>18.21</ele>
      </trkpt>
      <trkpt lat="35.637489929795265" lon="-121.16814994253218">
        <ele>18.28</ele>
      </trkpt>
      <trkpt lat="35.6373898498714" lon="-121.16793477907777">
        <ele>18.34</ele>
      </trkpt>
      <trkpt lat="35.63728993758559" lon="-121.16771995089948">
        <ele>18.38</ele>
      </trkpt>
      <trkpt lat="35.63721994869411" lon="-121.16756999865174">
        <ele>18.41</ele>
      </trkpt>
      <trkpt lat="35.637129843235016" lon="-121.16737981326878">
        <ele>18.44</ele>
      </trkpt>
      <trkpt lat="35.63703998923302" lon="-121.16718996316195">
        <ele>18.44</ele>
      </trkpt>
      <trkpt lat="35.6369199603796" lon="-121.16694998927414">
        <ele>18.44</ele>
      </trkpt>
      <trkpt lat="35.63685994595289" lon="-121.16680992767215">
        <ele>18.4</ele>
      </trkpt>
      <trkpt lat="35.63680998980999" lon="-121.16671998985112">
        <ele>18.32</ele>
      </trkpt>
      <trkpt lat="35.636759949848056" lon="-121.16661999374628">
        <ele>18.23</ele>
      </trkpt>
      <trkpt lat="35.63668996095657" lon="-121.16648999042809">
        <ele>18.11</ele>
      </trkpt>
      <trkpt lat="35.63665995374322" lon="-121.16643995046616">
        <ele>17.96</ele>
      </trkpt>
      <trkpt lat="35.63656993210316" lon="-121.16626996546984">
        <ele>17.79</ele>
      </trkpt>
      <trkpt lat="35.63644998706877" lon="-121.16607994772494">
        <ele>17.62</ele>
      </trkpt>
      <trkpt lat="35.63642995432019" lon="-121.16604994051158">
        <ele>17.41</ele>
      </trkpt>
      <trkpt lat="35.63631998375058" lon="-121.16587995551527">
        <ele>17.19</ele>
      </trkpt>
      <trkpt lat="35.636179922148585" lon="-121.16568993777037">
        <ele>16.92</ele>
      </trkpt>
      <trkpt lat="35.63601999543607" lon="-121.16547997109592">
        <ele>16.67</ele>
      </trkpt>
      <trkpt lat="35.63583995215595" lon="-121.16525994613767">
        <ele>16.35</ele>
      </trkpt>
      <trkpt lat="35.63571003265679" lon="-121.16512508131564">
        <ele>16.03</ele>
      </trkpt>
      <trkpt lat="35.63557994551957" lon="-121.16498996503651">
        <ele>15.68</ele>
      </trkpt>
      <trkpt lat="35.63536997884512" lon="-121.16478997282684">
        <ele>15.33</ele>
      </trkpt>
      <trkpt lat="35.63516998663545" lon="-121.16461998783052">
        <ele>14.96</ele>
      </trkpt>
      <trkpt lat="35.635010143741965" lon="-121.16449006833136">
        <ele>14.6</ele>
      </trkpt>
      <trkpt lat="35.63484996557236" lon="-121.16435998119414">
        <ele>14.21</ele>
      </trkpt>
      <trkpt lat="35.634685177356005" lon="-121.16423014551401">
        <ele>13.83</ele>
      </trkpt>
      <trkpt lat="35.634519970044494" lon="-121.16409997455776">
        <ele>13.45</ele>
      </trkpt>
      <trkpt lat="35.63441997393966" lon="-121.16401992738247">
        <ele>13.05</ele>
      </trkpt>
      <trkpt lat="35.63419818878174" lon="-121.16384818218648">
        <ele>12.57</ele>
      </trkpt>
      <trkpt lat="35.63397648744285" lon="-121.16367635317147">
        <ele>12.1</ele>
      </trkpt>
      <trkpt lat="35.633754786103964" lon="-121.16350460797548">
        <ele>11.72</ele>
      </trkpt>
      <trkpt lat="35.633533000946045" lon="-121.16333277896047">
        <ele>11.45</ele>
      </trkpt>
      <trkpt lat="35.63330995850265" lon="-121.16315994411707">
        <ele>11.19</ele>
      </trkpt>
      <trkpt lat="35.633140141144395" lon="-121.16303513757885">
        <ele>10.95</ele>
      </trkpt>
      <trkpt lat="35.63296998851001" lon="-121.1629099957645">
        <ele>10.69</ele>
      </trkpt>
      <trkpt lat="35.632719956338406" lon="-121.16269994527102">
        <ele>10.42</ele>
      </trkpt>
      <trkpt lat="35.632510241121054" lon="-121.16254018619657">
        <ele>10.1</ele>
      </trkpt>
      <trkpt lat="35.63229993917048" lon="-121.16237992420793">
        <ele>9.77</ele>
      </trkpt>
      <trkpt lat="35.63207999803126" lon="-121.16221999749541">
        <ele>9.47</ele>
      </trkpt>
      <trkpt lat="35.63190020620823" lon="-121.16209016181529">
        <ele>9.19</ele>
      </trkpt>
      <trkpt lat="35.63171999529004" lon="-121.16195999085903">
        <ele>8.89</ele>
      </trkpt>
      <trkpt lat="35.631550177931786" lon="-121.16184515878558">
        <ele>8.57</ele>
      </trkpt>
      <trkpt lat="35.63137994147837" lon="-121.161729991436">
        <ele>8.27</ele>
      </trkpt>
      <trkpt lat="35.631230156868696" lon="-121.1616300791502">
        <ele>7.96</ele>
      </trkpt>
      <trkpt lat="35.63107995316386" lon="-121.16152999922633">
        <ele>7.68</ele>
      </trkpt>
      <trkpt lat="35.63087694346905" lon="-121.16139018908143">
        <ele>7.39</ele>
      </trkpt>
      <trkpt lat="35.6306738499552" lon="-121.16125037893653">
        <ele>7.14</ele>
      </trkpt>
      <trkpt lat="35.63046991825104" lon="-121.1611099820584">
        <ele>6.87</ele>
      </trkpt>
      <trkpt lat="35.63026690855622" lon="-121.16096346639097">
        <ele>6.62</ele>
      </trkpt>
      <trkpt lat="35.63006381504238" lon="-121.16081703454256">
        <ele>6.36</ele>
      </trkpt>
      <trkpt lat="35.629859967157245" lon="-121.1606699321419">
        <ele>6.13</ele>
      </trkpt>
      <trkpt lat="35.62966517172754" lon="-121.16052014753222">
        <ele>5.9</ele>
      </trkpt>
      <trkpt lat="35.62946995720267" lon="-121.16036994382739">
        <ele>5.68</ele>
      </trkpt>
      <trkpt lat="35.62933995388448" lon="-121.16026994772255">
        <ele>5.45</ele>
      </trkpt>
      <trkpt lat="35.62932997941971" lon="-121.16026994772255">
        <ele>5.25</ele>
      </trkpt>
      <trkpt lat="35.62908028252423" lon="-121.16007020696998">
        <ele>5.07</ele>
      </trkpt>
      <trkpt lat="35.628829998895526" lon="-121.15986996330321">
        <ele>4.9</ele>
      </trkpt>
      <trkpt lat="35.62858994118869" lon="-121.15968992002308">
        <ele>4.74</ele>
      </trkpt>
      <trkpt lat="35.62833026982844" lon="-121.1594901792705">
        <ele>4.63</ele>
      </trkpt>
      <trkpt lat="35.62806992791593" lon="-121.15928993560374">
        <ele>4.61</ele>
      </trkpt>
      <trkpt lat="35.62789994291961" lon="-121.15915993228555">
        <ele>4.43</ele>
      </trkpt>
      <trkpt lat="35.62775510363281" lon="-121.1590451002121">
        <ele>4.19</ele>
      </trkpt>
      <trkpt lat="35.62760992906988" lon="-121.15892993286252">
        <ele>4.0</ele>
      </trkpt>
      <trkpt lat="35.62742016278207" lon="-121.15877511911094">
        <ele>3.83</ele>
      </trkpt>
      <trkpt lat="35.62722997739911" lon="-121.15861997008324">
        <ele>3.79</ele>
      </trkpt>
      <trkpt lat="35.62702998518944" lon="-121.15844998508692">
        <ele>3.79</ele>
      </trkpt>
      <trkpt lat="35.62700995244086" lon="-121.15842995233834">
        <ele>3.78</ele>
      </trkpt>
      <trkpt lat="35.626999977976084" lon="-121.15842995233834">
        <ele>3.79</ele>
      </trkpt>
      <trkpt lat="35.626939963549376" lon="-121.15836993791163">
        <ele>3.84</ele>
      </trkpt>
      <trkpt lat="35.62685991637409" lon="-121.15829994902015">
        <ele>3.9</ele>
      </trkpt>
      <trkpt lat="35.62671993859112" lon="-121.15816994570196">
        <ele>3.96</ele>
      </trkpt>
      <trkpt lat="35.62668993137777" lon="-121.15814999677241">
        <ele>4.05</ele>
      </trkpt>
      <trkpt lat="35.62656001187861" lon="-121.15802007727325">
        <ele>4.16</ele>
      </trkpt>
      <trkpt lat="35.62642992474139" lon="-121.15788999013603">
        <ele>4.3</ele>
      </trkpt>
      <trkpt lat="35.62628994695842" lon="-121.15775998681784">
        <ele>4.47</ele>
      </trkpt>
      <trkpt lat="35.62610998749733" lon="-121.15758991800249">
        <ele>4.66</ele>
      </trkpt>
      <trkpt lat="35.6258699297905" lon="-121.15733996964991">
        <ele>4.89</ele>
      </trkpt>
      <trkpt lat="35.62572995200753" lon="-121.15719999186695">
        <ele>5.09</ele>
      </trkpt>
      <trkpt lat="35.62571997754276" lon="-121.15718993358314">
        <ele>5.32</ele>
      </trkpt>
      <trkpt lat="35.62548997811973" lon="-121.15694995969534">
        <ele>5.59</ele>
      </trkpt>
      <trkpt lat="35.62526995316148" lon="-121.15671996027231">
        <ele>5.86</ele>
      </trkpt>
      <trkpt lat="35.625049928203225" lon="-121.15649993531406">
        <ele>6.15</ele>
      </trkpt>
      <trkpt lat="35.6249200925231" lon="-121.1563800740987">
        <ele>6.45</ele>
      </trkpt>
      <trkpt lat="35.624789921566844" lon="-121.15625996142626">
        <ele>6.77</ele>
      </trkpt>
      <trkpt lat="35.62466008588672" lon="-121.15615007467568">
        <ele>7.1</ele>
      </trkpt>
      <trkpt lat="35.624529998749495" lon="-121.156039936468">
        <ele>7.48</ele>
      </trkpt>
      <trkpt lat="35.62432992272079" lon="-121.15587992593646">
        <ele>7.88</ele>
      </trkpt>
      <trkpt lat="35.62412993051112" lon="-121.1557399481535">
        <ele>8.28</ele>
      </trkpt>
      <trkpt lat="35.62398014590144" lon="-121.15564011968672">
        <ele>8.72</ele>
      </trkpt>
      <trkpt lat="35.62382994219661" lon="-121.15553995594382">
        <ele>9.18</ele>
      </trkpt>
      <trkpt lat="35.62356532551348" lon="-121.15536024793983">
        <ele>9.71</ele>
      </trkpt>
      <trkpt lat="35.62329995445907" lon="-121.1551799532026">
        <ele>10.22</ele>
      </trkpt>
      <trkpt lat="35.62309023924172" lon="-121.1550451721996">
        <ele>10.77</ele>
      </trkpt>
      <trkpt lat="35.622879937291145" lon="-121.15490997210145">
        <ele>11.3</ele>
      </trkpt>
      <trkpt lat="35.6228599883616" lon="-121.15488993935287">
        <ele>11.79</ele>
      </trkpt>
      <trkpt lat="35.62283995561302" lon="-121.1548799648881">
        <ele>12.28</ele>
      </trkpt>
      <trkpt lat="35.622650273144245" lon="-121.15475515834987">
        <ele>12.79</ele>
      </trkpt>
      <trkpt lat="35.62245992012322" lon="-121.15462993271649">
        <ele>13.28</ele>
      </trkpt>
      <trkpt lat="35.62243997119367" lon="-121.15460998378694">
        <ele>13.79</ele>
      </trkpt>
      <trkpt lat="35.62221692875028" lon="-121.15445349365473">
        <ele>14.32</ele>
      </trkpt>
      <trkpt lat="35.62199388630688" lon="-121.15429708734155">
        <ele>14.83</ele>
      </trkpt>
      <trkpt lat="35.62176992185414" lon="-121.15413992665708">
        <ele>15.31</ele>
      </trkpt>
      <trkpt lat="35.62162013724446" lon="-121.15402509458363">
        <ele>15.76</ele>
      </trkpt>
      <trkpt lat="35.62146993353963" lon="-121.15390992723405">
        <ele>16.21</ele>
      </trkpt>
      <trkpt lat="35.62131511978805" lon="-121.15377506241202">
        <ele>16.6</ele>
      </trkpt>
      <trkpt lat="35.621159970760345" lon="-121.1536399461329">
        <ele>17.01</ele>
      </trkpt>
      <trkpt lat="35.620919996872544" lon="-121.15342997945845">
        <ele>17.38</ele>
      </trkpt>
      <trkpt lat="35.62086995691061" lon="-121.15337993949652">
        <ele>17.72</ele>
      </trkpt>
      <trkpt lat="35.62077993527055" lon="-121.15329997614026">
        <ele>18.03</ele>
      </trkpt>
      <trkpt lat="35.620579943060875" lon="-121.15310995839536">
        <ele>18.42</ele>
      </trkpt>
      <trkpt lat="35.62035991810262" lon="-121.15287995897233">
        <ele>18.69</ele>
      </trkpt>
      <trkpt lat="35.62020996585488" lon="-121.15273998118937">
        <ele>18.92</ele>
      </trkpt>
      <trkpt lat="35.62003000639379" lon="-121.15254007279873">
        <ele>19.14</ele>
      </trkpt>
      <trkpt lat="35.619849963113666" lon="-121.15233999677002">
        <ele>19.31</ele>
      </trkpt>
      <trkpt lat="35.61963999643922" lon="-121.15209993906319">
        <ele>19.44</ele>
      </trkpt>
      <trkpt lat="35.619479985907674" lon="-121.15189994685352">
        <ele>19.54</ele>
      </trkpt>
      <trkpt lat="35.61942994594574" lon="-121.15183993242681">
        <ele>19.61</ele>
      </trkpt>
      <trkpt lat="35.61929994262755" lon="-121.15167992189527">
        <ele>19.65</ele>
      </trkpt>
      <trkpt lat="35.61922995373607" lon="-121.15159995853901">
        <ele>19.65</ele>
      </trkpt>
      <trkpt lat="35.61910992488265" lon="-121.15143994800746">
        <ele>19.62</ele>
      </trkpt>
      <trkpt lat="35.618989979848266" lon="-121.15127993747592">
        <ele>19.54</ele>
      </trkpt>
      <trkpt lat="35.61880993656814" lon="-121.15103996358812">
        <ele>19.43</ele>
      </trkpt>
      <trkpt lat="35.618669958785176" lon="-121.15083997137845">
        <ele>19.29</ele>
      </trkpt>
      <trkpt lat="35.618494944646955" lon="-121.15059999749064">
        <ele>19.16</ele>
      </trkpt>
      <trkpt lat="35.61831993050873" lon="-121.15035993978381">
        <ele>18.97</ele>
      </trkpt>
      <trkpt lat="35.61815497465432" lon="-121.15014997310936">
        <ele>18.78</ele>
      </trkpt>
      <trkpt lat="35.61798993498087" lon="-121.14993992261589">
        <ele>18.56</ele>
      </trkpt>
      <trkpt lat="35.617780052125454" lon="-121.14969005808234">
        <ele>18.31</ele>
      </trkpt>
      <trkpt lat="35.61756991781294" lon="-121.1494399420917">
        <ele>18.06</ele>
      </trkpt>
      <trkpt lat="35.61755994334817" lon="-121.14942996762693">
        <ele>17.8</ele>
      </trkpt>
      <trkpt lat="35.617439998313785" lon="-121.14928998984396">
        <ele>17.51</ele>
      </trkpt>
      <trkpt lat="35.617419965565205" lon="-121.14925998263061">
        <ele>17.24</ele>
      </trkpt>
      <trkpt lat="35.61723003163934" lon="-121.1490500997752">
        <ele>16.93</ele>
      </trkpt>
      <trkpt lat="35.61703993007541" lon="-121.14883996546268">
        <ele>16.61</ele>
      </trkpt>
      <trkpt lat="35.61681336723268" lon="-121.14857342094183">
        <ele>16.3</ele>
      </trkpt>
      <trkpt lat="35.616586804389954" lon="-121.14830679260194">
        <ele>15.95</ele>
      </trkpt>
      <trkpt lat="35.61635999009013" lon="-121.148039996624">
        <ele>15.73</ele>
      </trkpt>
      <trkpt lat="35.616219928488135" lon="-121.14787998609245">
        <ele>15.65</ele>
      </trkpt>
      <trkpt lat="35.61602747999132" lon="-121.14764998666942">
        <ele>15.59</ele>
      </trkpt>
      <trkpt lat="35.61583511531353" lon="-121.14742007106543">
        <ele>15.6</ele>
      </trkpt>
      <trkpt lat="35.61564266681671" lon="-121.14719015546143">
        <ele>15.62</ele>
      </trkpt>
      <trkpt lat="35.6154499668628" lon="-121.14695998840034">
        <ele>15.62</ele>
      </trkpt>
      <trkpt lat="35.61529666185379" lon="-121.14676997065544">
        <ele>15.53</ele>
      </trkpt>
      <trkpt lat="35.61514335684478" lon="-121.14658003672957">
        <ele>15.36</ele>
      </trkpt>
      <trkpt lat="35.614989968016744" lon="-121.14638993516564">
        <ele>15.19</ele>
      </trkpt>
      <trkpt lat="35.614990470930934" lon="-121.14638633094728">
        <ele>14.98</ele>
      </trkpt>
      <trkpt lat="35.61485996469855" lon="-121.14653997123241">
        <ele>14.75</ele>
      </trkpt>
      <trkpt lat="35.61474999412894" lon="-121.1466599162668">
        <ele>14.53</ele>
      </trkpt>
      <trkpt lat="35.614669946953654" lon="-121.14673996344209">
        <ele>14.32</ele>
      </trkpt>
      <trkpt lat="35.61466885730624" lon="-121.14674172364175">
        <ele>14.13</ele>
      </trkpt>
      <trkpt lat="35.614479929208755" lon="-121.14645992405713">
        <ele>13.98</ele>
      </trkpt>
      <trkpt lat="35.6143999658525" lon="-121.14629999734461">
        <ele>13.76</ele>
      </trkpt>
      <trkpt lat="35.61432997696102" lon="-121.14616999402642">
        <ele>13.57</ele>
      </trkpt>
      <trkpt lat="35.61426996253431" lon="-121.14606999792159">
        <ele>13.38</ele>
      </trkpt>
      <trkpt lat="35.61412503942847" lon="-121.14589498378336">
        <ele>13.21</ele>
      </trkpt>
      <trkpt lat="35.61397994868457" lon="-121.14571996964514">
        <ele>13.03</ele>
      </trkpt>
      <trkpt lat="35.61397894285619" lon="-121.14571963436902">
        <ele>12.88</ele>
      </trkpt>
      <trkpt lat="35.61383997090161" lon="-121.14588995464146">
        <ele>12.71</ele>
      </trkpt>
      <trkpt lat="35.61373997479677" lon="-121.14601995795965">
        <ele>12.55</ele>
      </trkpt>
      <trkpt lat="35.61373854987323" lon="-121.14602146670222">
        <ele>12.42</ele>
      </trkpt>
    </trkseg>
  </trk>
</gpx>
