<?xml version="1.0" encoding="UTF-8"?>
<gpx creator="Garmin Connect" version="1.1"
  xsi:schemaLocation="http://www.topografix.com/GPX/1/1 http://www.topografix.com/GPX/11.xsd"
  xmlns:ns3="http://www.garmin.com/xmlschemas/TrackPointExtension/v1"
  xmlns="http://www.topografix.com/GPX/1/1"
  xmlns:xsi="http://www.w3.org/2001/XMLSchema-instance" xmlns:ns2="http://www.garmin.com/xmlschemas/GpxExtensions/v3">
  <metadata>
    <name>Day 3: Monterey to Big Sur</name>
    <link href="connect.garmin.com">
      <text>Garmin Connect</text>
    </link>
    <time>2026-07-03T18:20:56.000Z</time>
  </metadata>
  <wpt lat="36.5842025" lon="-121.9018452">
    <ele>0.0</ele>
    <name>Mariposa Inn an</name>
    <type>GENERIC</type>
  </wpt>
  <wpt lat="36.25073" lon="-121.7863">
    <ele>0.0</ele>
    <name>Big Sur Lodge</name>
    <type>GENERIC</type>
  </wpt>
  <trk>
    <name>Day 3: Monterey to Big Sur</name>
    <trkseg>
      <trkpt lat="36.58420242369175" lon="-121.90184516832232">
        <ele>72.08</ele>
      </trkpt>
      <trkpt lat="36.58406613394618" lon="-121.90162749029696">
        <ele>72.14</ele>
      </trkpt>
      <trkpt lat="36.58392992801964" lon="-121.90140997990966">
        <ele>72.12</ele>
      </trkpt>
      <trkpt lat="36.58393453806639" lon="-121.90141282975674">
        <ele>72.14</ele>
      </trkpt>
      <trkpt lat="36.583782406523824" lon="-121.90153629519045">
        <ele>72.31</ele>
      </trkpt>
      <trkpt lat="36.58362993970513" lon="-121.90165992826223">
        <ele>72.55</ele>
      </trkpt>
      <trkpt lat="36.583459954708815" lon="-121.90175992436707">
        <ele>72.81</ele>
      </trkpt>
      <trkpt lat="36.58337999135256" lon="-121.90181993879378">
        <ele>73.08</ele>
      </trkpt>
      <trkpt lat="36.58337823115289" lon="-121.90181641839445">
        <ele>73.33</ele>
      </trkpt>
      <trkpt lat="36.583289969712496" lon="-121.9016999937594">
        <ele>73.5</ele>
      </trkpt>
      <trkpt lat="36.58317991532385" lon="-121.90152992494404">
        <ele>73.52</ele>
      </trkpt>
      <trkpt lat="36.58306994475424" lon="-121.90135993994772">
        <ele>73.53</ele>
      </trkpt>
      <trkpt lat="36.58295997418463" lon="-121.90117998048663">
        <ele>73.66</ele>
      </trkpt>
      <trkpt lat="36.5829099342227" lon="-121.90109993331134">
        <ele>73.84</ele>
      </trkpt>
      <trkpt lat="36.58276995643973" lon="-121.90085995942354">
        <ele>74.18</ele>
      </trkpt>
      <trkpt lat="36.58269996754825" lon="-121.90073993057013">
        <ele>74.52</ele>
      </trkpt>
      <trkpt lat="36.58264992758632" lon="-121.9006499927491">
        <ele>74.85</ele>
      </trkpt>
      <trkpt lat="36.582599971443415" lon="-121.90055997110903">
        <ele>75.17</ele>
      </trkpt>
      <trkpt lat="36.582559989765286" lon="-121.90049995668232">
        <ele>75.5</ele>
      </trkpt>
      <trkpt lat="36.58248991705477" lon="-121.90037992782891">
        <ele>75.84</ele>
      </trkpt>
      <trkpt lat="36.58241992816329" lon="-121.90025998279452">
        <ele>76.17</ele>
      </trkpt>
      <trkpt lat="36.582389920949936" lon="-121.90019996836782">
        <ele>76.49</ele>
      </trkpt>
      <trkpt lat="36.58234993927181" lon="-121.90012997947633">
        <ele>76.83</ele>
      </trkpt>
      <trkpt lat="36.5822899248451" lon="-121.9000299833715">
        <ele>77.17</ele>
      </trkpt>
      <trkpt lat="36.582279950380325" lon="-121.90001992508769">
        <ele>77.52</ele>
      </trkpt>
      <trkpt lat="36.58218992874026" lon="-121.8998899217695">
        <ele>77.85</ele>
      </trkpt>
      <trkpt lat="36.58215992152691" lon="-121.89984994009137">
        <ele>78.2</ele>
      </trkpt>
      <trkpt lat="36.582149947062135" lon="-121.89981993287802">
        <ele>78.56</ele>
      </trkpt>
      <trkpt lat="36.58209999091923" lon="-121.89976997673512">
        <ele>78.95</ele>
      </trkpt>
      <trkpt lat="36.58198993653059" lon="-121.8996499478817">
        <ele>79.38</ele>
      </trkpt>
      <trkpt lat="36.58194995485246" lon="-121.89960996620357">
        <ele>79.83</ele>
      </trkpt>
      <trkpt lat="36.58192992210388" lon="-121.89958993345499">
        <ele>80.31</ele>
      </trkpt>
      <trkpt lat="36.581849958747625" lon="-121.89951994456351">
        <ele>80.84</ele>
      </trkpt>
      <trkpt lat="36.58176999539137" lon="-121.89944995567203">
        <ele>81.44</ele>
      </trkpt>
      <trkpt lat="36.58163999207318" lon="-121.89934995956719">
        <ele>82.16</ele>
      </trkpt>
      <trkpt lat="36.581589952111244" lon="-121.89931995235384">
        <ele>82.86</ele>
      </trkpt>
      <trkpt lat="36.58149993047118" lon="-121.89925993792713">
        <ele>83.62</ele>
      </trkpt>
      <trkpt lat="36.5814299415797" lon="-121.89920998178422">
        <ele>84.38</ele>
      </trkpt>
      <trkpt lat="36.581309996545315" lon="-121.89913999289274">
        <ele>85.21</ele>
      </trkpt>
      <trkpt lat="36.58130865544081" lon="-121.89913596957922">
        <ele>85.97</ele>
      </trkpt>
      <trkpt lat="36.581309996545315" lon="-121.89918994903564">
        <ele>86.76</ele>
      </trkpt>
      <trkpt lat="36.58133991993964" lon="-121.89944995567203">
        <ele>87.54</ele>
      </trkpt>
      <trkpt lat="36.58132994547486" lon="-121.89973996952176">
        <ele>88.32</ele>
      </trkpt>
      <trkpt lat="36.58132994547486" lon="-121.89984994009137">
        <ele>89.06</ele>
      </trkpt>
      <trkpt lat="36.58131997101009" lon="-121.89995999448001">
        <ele>89.8</ele>
      </trkpt>
      <trkpt lat="36.58131997101009" lon="-121.90006996504962">
        <ele>90.52</ele>
      </trkpt>
      <trkpt lat="36.58131997101009" lon="-121.90014992840588">
        <ele>91.25</ele>
      </trkpt>
      <trkpt lat="36.581309996545315" lon="-121.90017993561924">
        <ele>91.97</ele>
      </trkpt>
      <trkpt lat="36.581289963796735" lon="-121.90036995336413">
        <ele>92.72</ele>
      </trkpt>
      <trkpt lat="36.58119994215667" lon="-121.90066994167864">
        <ele>93.58</ele>
      </trkpt>
      <trkpt lat="36.581119978800416" lon="-121.90079994499683">
        <ele>94.4</ele>
      </trkpt>
      <trkpt lat="36.58108997158706" lon="-121.90084998495877">
        <ele>95.15</ele>
      </trkpt>
      <trkpt lat="36.581009924411774" lon="-121.90097998827696">
        <ele>95.93</ele>
      </trkpt>
      <trkpt lat="36.58095996826887" lon="-121.90106992609799">
        <ele>96.69</ele>
      </trkpt>
      <trkpt lat="36.58090992830694" lon="-121.90115994773805">
        <ele>97.41</ele>
      </trkpt>
      <trkpt lat="36.58084999769926" lon="-121.90124996937811">
        <ele>98.12</ele>
      </trkpt>
      <trkpt lat="36.58079995773733" lon="-121.90133999101818">
        <ele>98.83</ele>
      </trkpt>
      <trkpt lat="36.58078998327255" lon="-121.90135993994772">
        <ele>99.47</ele>
      </trkpt>
      <trkpt lat="36.5807599760592" lon="-121.90143998712301">
        <ele>100.09</ele>
      </trkpt>
      <trkpt lat="36.580709936097264" lon="-121.90153998322785">
        <ele>100.7</ele>
      </trkpt>
      <trkpt lat="36.580689987167716" lon="-121.90159999765456">
        <ele>101.29</ele>
      </trkpt>
      <trkpt lat="36.580669954419136" lon="-121.90163997933269">
        <ele>101.84</ele>
      </trkpt>
      <trkpt lat="36.58062997274101" lon="-121.90172991715372">
        <ele>102.39</ele>
      </trkpt>
      <trkpt lat="36.580599965527654" lon="-121.901809964329">
        <ele>102.92</ele>
      </trkpt>
      <trkpt lat="36.58058999106288" lon="-121.90183997154236">
        <ele>103.43</ele>
      </trkpt>
      <trkpt lat="36.5805699583143" lon="-121.9019399676472">
        <ele>103.92</ele>
      </trkpt>
      <trkpt lat="36.580519918352365" lon="-121.90215999260545">
        <ele>104.4</ele>
      </trkpt>
      <trkpt lat="36.58050994388759" lon="-121.902179941535">
        <ele>104.86</ele>
      </trkpt>
      <trkpt lat="36.58045998774469" lon="-121.90243994817138">
        <ele>105.31</ele>
      </trkpt>
      <trkpt lat="36.580429980531335" lon="-121.90257992595434">
        <ele>105.75</ele>
      </trkpt>
      <trkpt lat="36.580429980531335" lon="-121.90258998423815">
        <ele>106.18</ele>
      </trkpt>
      <trkpt lat="36.5803799405694" lon="-121.90280992537737">
        <ele>106.6</ele>
      </trkpt>
      <trkpt lat="36.5803299844265" lon="-121.90289994701743">
        <ele>107.05</ele>
      </trkpt>
      <trkpt lat="36.580219930037856" lon="-121.90310999751091">
        <ele>107.54</ele>
      </trkpt>
      <trkpt lat="36.58005991950631" lon="-121.90333999693394">
        <ele>108.09</ele>
      </trkpt>
      <trkpt lat="36.58003997057676" lon="-121.90336992032826">
        <ele>108.56</ele>
      </trkpt>
      <trkpt lat="36.5798999927938" lon="-121.90356999635696">
        <ele>109.15</ele>
      </trkpt>
      <trkpt lat="36.57981994561851" lon="-121.90367996692657">
        <ele>109.7</ele>
      </trkpt>
      <trkpt lat="36.5797599311918" lon="-121.90375993028283">
        <ele>110.23</ele>
      </trkpt>
      <trkpt lat="36.57974995672703" lon="-121.90375993028283">
        <ele>110.75</ele>
      </trkpt>
      <trkpt lat="36.579699916765094" lon="-121.9038499519229">
        <ele>111.26</ele>
      </trkpt>
      <trkpt lat="36.57966999337077" lon="-121.9039099663496">
        <ele>111.75</ele>
      </trkpt>
      <trkpt lat="36.57964996062219" lon="-121.90394994802773">
        <ele>112.24</ele>
      </trkpt>
      <trkpt lat="36.57959992066026" lon="-121.90403996966779">
        <ele>112.74</ele>
      </trkpt>
      <trkpt lat="36.57959992066026" lon="-121.90404994413257">
        <ele>113.23</ele>
      </trkpt>
      <trkpt lat="36.579569997265935" lon="-121.9040899258107">
        <ele>113.74</ele>
      </trkpt>
      <trkpt lat="36.579549964517355" lon="-121.90412999130785">
        <ele>114.23</ele>
      </trkpt>
      <trkpt lat="36.57949992455542" lon="-121.90421992912889">
        <ele>114.74</ele>
      </trkpt>
      <trkpt lat="36.579399928450584" lon="-121.90440994687378">
        <ele>115.23</ele>
      </trkpt>
      <trkpt lat="36.57934997230768" lon="-121.90449996851385">
        <ele>115.73</ele>
      </trkpt>
      <trkpt lat="36.57931996509433" lon="-121.90456995740533">
        <ele>116.23</ele>
      </trkpt>
      <trkpt lat="36.57921996898949" lon="-121.90475997515023">
        <ele>116.76</ele>
      </trkpt>
      <trkpt lat="36.579119972884655" lon="-121.9049599673599">
        <ele>117.32</ele>
      </trkpt>
      <trkpt lat="36.57900991849601" lon="-121.90517999231815">
        <ele>117.92</ele>
      </trkpt>
      <trkpt lat="36.57891998067498" lon="-121.90533991903067">
        <ele>118.55</ele>
      </trkpt>
      <trkpt lat="36.57880992628634" lon="-121.90555994398892">
        <ele>119.22</ele>
      </trkpt>
      <trkpt lat="36.57871998846531" lon="-121.90572992898524">
        <ele>119.86</ele>
      </trkpt>
      <trkpt lat="36.57861999236047" lon="-121.90592992119491">
        <ele>120.54</ele>
      </trkpt>
      <trkpt lat="36.57852997072041" lon="-121.90610996447504">
        <ele>121.21</ele>
      </trkpt>
      <trkpt lat="36.57838982529938" lon="-121.90638019703329">
        <ele>121.86</ele>
      </trkpt>
      <trkpt lat="36.57824993133545" lon="-121.90664992667735">
        <ele>122.52</ele>
      </trkpt>
      <trkpt lat="36.578219924122095" lon="-121.90666995942593">
        <ele>123.12</ele>
      </trkpt>
      <trkpt lat="36.5782162360847" lon="-121.90666534937918">
        <ele>123.69</ele>
      </trkpt>
      <trkpt lat="36.578219924122095" lon="-121.90674992278218">
        <ele>124.24</ele>
      </trkpt>
      <trkpt lat="36.57820994965732" lon="-121.90678998827934">
        <ele>124.78</ele>
      </trkpt>
      <trkpt lat="36.57819997519255" lon="-121.9068199954927">
        <ele>125.3</ele>
      </trkpt>
      <trkpt lat="36.57819997519255" lon="-121.90683994442225">
        <ele>125.8</ele>
      </trkpt>
      <trkpt lat="36.57817994244397" lon="-121.90691999159753">
        <ele>126.3</ele>
      </trkpt>
      <trkpt lat="36.57814993523061" lon="-121.90697992220521">
        <ele>126.77</ele>
      </trkpt>
      <trkpt lat="36.57813996076584" lon="-121.90699995495379">
        <ele>127.21</ele>
      </trkpt>
      <trkpt lat="36.578129986301064" lon="-121.90701998770237">
        <ele>127.65</ele>
      </trkpt>
      <trkpt lat="36.57811992801726" lon="-121.90702996216714">
        <ele>128.06</ele>
      </trkpt>
      <trkpt lat="36.57805999740958" lon="-121.90714999102056">
        <ele>128.5</ele>
      </trkpt>
      <trkpt lat="36.578049939125776" lon="-121.90715996548533">
        <ele>128.9</ele>
      </trkpt>
      <trkpt lat="36.578039964661" lon="-121.90717999823391">
        <ele>129.29</ele>
      </trkpt>
      <trkpt lat="36.577939968556166" lon="-121.90733992494643">
        <ele>129.71</ele>
      </trkpt>
      <trkpt lat="36.57792999409139" lon="-121.90735995769501">
        <ele>130.09</ele>
      </trkpt>
      <trkpt lat="36.57785992138088" lon="-121.90747998654842">
        <ele>130.5</ele>
      </trkpt>
      <trkpt lat="36.577829997986555" lon="-121.90751996822655">
        <ele>130.87</ele>
      </trkpt>
      <trkpt lat="36.57781993970275" lon="-121.9075399171561">
        <ele>131.24</ele>
      </trkpt>
      <trkpt lat="36.57771994359791" lon="-121.90768995322287">
        <ele>131.65</ele>
      </trkpt>
      <trkpt lat="36.57770996913314" lon="-121.90770998597145">
        <ele>132.03</ele>
      </trkpt>
      <trkpt lat="36.577699994668365" lon="-121.907729934901">
        <ele>132.41</ele>
      </trkpt>
      <trkpt lat="36.57768993638456" lon="-121.9077399931848">
        <ele>132.79</ele>
      </trkpt>
      <trkpt lat="36.5776099730283" lon="-121.90787997096777">
        <ele>133.19</ele>
      </trkpt>
      <trkpt lat="36.57757996581495" lon="-121.9079199526459">
        <ele>133.6</ele>
      </trkpt>
      <trkpt lat="36.57747996971011" lon="-121.90805993042886">
        <ele>134.03</ele>
      </trkpt>
      <trkpt lat="36.57738994807005" lon="-121.90819999203086">
        <ele>134.48</ele>
      </trkpt>
      <trkpt lat="36.577379973605275" lon="-121.90821994096041">
        <ele>134.92</ele>
      </trkpt>
      <trkpt lat="36.5773699991405" lon="-121.90822999924421">
        <ele>135.38</ele>
      </trkpt>
      <trkpt lat="36.57726991921663" lon="-121.90838992595673">
        <ele>135.88</ele>
      </trkpt>
      <trkpt lat="36.577249970287085" lon="-121.90842999145389">
        <ele>136.37</ele>
      </trkpt>
      <trkpt lat="36.57723999582231" lon="-121.90842999145389">
        <ele>136.89</ele>
      </trkpt>
      <trkpt lat="36.577189955860376" lon="-121.90851992927492">
        <ele>137.44</ele>
      </trkpt>
      <trkpt lat="36.57714997418225" lon="-121.90855999477208">
        <ele>138.01</ele>
      </trkpt>
      <trkpt lat="36.577139999717474" lon="-121.90857994370162">
        <ele>138.59</ele>
      </trkpt>
      <trkpt lat="36.577119966968894" lon="-121.9085999764502">
        <ele>139.2</ele>
      </trkpt>
      <trkpt lat="36.577059952542186" lon="-121.90869997255504">
        <ele>139.86</ele>
      </trkpt>
      <trkpt lat="36.577039919793606" lon="-121.9087299797684">
        <ele>140.52</ele>
      </trkpt>
      <trkpt lat="36.57700999639928" lon="-121.90875998698175">
        <ele>141.21</ele>
      </trkpt>
      <trkpt lat="36.57700999639928" lon="-121.90876996144652">
        <ele>141.9</ele>
      </trkpt>
      <trkpt lat="36.57691997475922" lon="-121.90889996476471">
        <ele>142.71</ele>
      </trkpt>
      <trkpt lat="36.57689994201064" lon="-121.9089199975133">
        <ele>143.46</ele>
      </trkpt>
      <trkpt lat="36.57688996754587" lon="-121.90892997197807">
        <ele>144.23</ele>
      </trkpt>
      <trkpt lat="36.57688996754587" lon="-121.90893994644284">
        <ele>145.01</ele>
      </trkpt>
      <trkpt lat="36.57682995311916" lon="-121.90901999361813">
        <ele>145.86</ele>
      </trkpt>
      <trkpt lat="36.576669942587614" lon="-121.90927991643548">
        <ele>146.81</ele>
      </trkpt>
      <trkpt lat="36.576669942587614" lon="-121.90928997471929">
        <ele>147.64</ele>
      </trkpt>
      <trkpt lat="36.57657992094755" lon="-121.90942995250225">
        <ele>148.57</ele>
      </trkpt>
      <trkpt lat="36.57656994648278" lon="-121.90943992696702">
        <ele>149.43</ele>
      </trkpt>
      <trkpt lat="36.576559972018" lon="-121.9094599597156">
        <ele>150.29</ele>
      </trkpt>
      <trkpt lat="36.57646995037794" lon="-121.90959993749857">
        <ele>151.23</ele>
      </trkpt>
      <trkpt lat="36.57645997591317" lon="-121.90961997024715">
        <ele>152.09</ele>
      </trkpt>
      <trkpt lat="36.57644991762936" lon="-121.90962994471192">
        <ele>152.95</ele>
      </trkpt>
      <trkpt lat="36.57644991762936" lon="-121.9096399191767">
        <ele>153.79</ele>
      </trkpt>
      <trkpt lat="36.57635997980833" lon="-121.9097799807787">
        <ele>154.71</ele>
      </trkpt>
      <trkpt lat="36.576349921524525" lon="-121.90979992970824">
        <ele>155.55</ele>
      </trkpt>
      <trkpt lat="36.57633994705975" lon="-121.90981996245682">
        <ele>156.38</ele>
      </trkpt>
      <trkpt lat="36.57627993263304" lon="-121.90990998409688">
        <ele>157.24</ele>
      </trkpt>
      <trkpt lat="36.57624992541969" lon="-121.90995994023979">
        <ele>158.06</ele>
      </trkpt>
      <trkpt lat="36.576239950954914" lon="-121.90997997298837">
        <ele>158.84</ele>
      </trkpt>
      <trkpt lat="36.57622997649014" lon="-121.90998994745314">
        <ele>159.6</ele>
      </trkpt>
      <trkpt lat="36.57613995485008" lon="-121.9101299252361">
        <ele>160.42</ele>
      </trkpt>
      <trkpt lat="36.5761299803853" lon="-121.91014995798469">
        <ele>161.15</ele>
      </trkpt>
      <trkpt lat="36.5761199221015" lon="-121.91016999073327">
        <ele>161.85</ele>
      </trkpt>
      <trkpt lat="36.57601992599666" lon="-121.91032991744578">
        <ele>162.57</ele>
      </trkpt>
      <trkpt lat="36.575919929891825" lon="-121.91048992797732">
        <ele>163.26</ele>
      </trkpt>
      <trkpt lat="36.57590995542705" lon="-121.9105099607259">
        <ele>163.88</ele>
      </trkpt>
      <trkpt lat="36.57590995542705" lon="-121.91051993519068">
        <ele>164.47</ele>
      </trkpt>
      <trkpt lat="36.57589998096228" lon="-121.91051993519068">
        <ele>165.02</ele>
      </trkpt>
      <trkpt lat="36.575809959322214" lon="-121.91066997125745">
        <ele>165.62</ele>
      </trkpt>
      <trkpt lat="36.57579998485744" lon="-121.910689920187">
        <ele>166.12</ele>
      </trkpt>
      <trkpt lat="36.57579998485744" lon="-121.9106999784708">
        <ele>166.58</ele>
      </trkpt>
      <trkpt lat="36.5756899304688" lon="-121.91082998178899">
        <ele>167.08</ele>
      </trkpt>
      <trkpt lat="36.57567995600402" lon="-121.91084993071854">
        <ele>167.47</ele>
      </trkpt>
      <trkpt lat="36.57566998153925" lon="-121.91085998900235">
        <ele>167.84</ele>
      </trkpt>
      <trkpt lat="36.575619941577315" lon="-121.91092997789383">
        <ele>168.17</ele>
      </trkpt>
      <trkpt lat="36.57556998543441" lon="-121.91099996678531">
        <ele>168.47</ele>
      </trkpt>
      <trkpt lat="36.57554995268583" lon="-121.91101999953389">
        <ele>168.74</ele>
      </trkpt>
      <trkpt lat="36.57549999654293" lon="-121.91108998842537">
        <ele>168.98</ele>
      </trkpt>
      <trkpt lat="36.57543998211622" lon="-121.91114991903305">
        <ele>169.19</ele>
      </trkpt>
      <trkpt lat="36.575299920514226" lon="-121.91128998063505">
        <ele>169.39</ele>
      </trkpt>
      <trkpt lat="36.57527997158468" lon="-121.9113099295646">
        <ele>169.52</ele>
      </trkpt>
      <trkpt lat="36.575249964371324" lon="-121.91133993677795">
        <ele>169.63</ele>
      </trkpt>
      <trkpt lat="36.57515994273126" lon="-121.91143993288279">
        <ele>169.7</ele>
      </trkpt>
      <trkpt lat="36.57514996826649" lon="-121.91144999116659">
        <ele>169.74</ele>
      </trkpt>
      <trkpt lat="36.57514996826649" lon="-121.91145996563137">
        <ele>169.75</ele>
      </trkpt>
      <trkpt lat="36.57502993941307" lon="-121.91158996894956">
        <ele>169.74</ele>
      </trkpt>
      <trkpt lat="36.5750199649483" lon="-121.91159994341433">
        <ele>169.71</ele>
      </trkpt>
      <trkpt lat="36.57489993609488" lon="-121.9117399211973">
        <ele>169.61</ele>
      </trkpt>
      <trkpt lat="36.57487998716533" lon="-121.9117499794811">
        <ele>169.53</ele>
      </trkpt>
      <trkpt lat="36.57474998384714" lon="-121.91189993172884">
        <ele>169.4</ele>
      </trkpt>
      <trkpt lat="36.57467999495566" lon="-121.91197997890413">
        <ele>169.27</ele>
      </trkpt>
      <trkpt lat="36.574609922245145" lon="-121.91199992783368">
        <ele>169.16</ele>
      </trkpt>
      <trkpt lat="36.57459994778037" lon="-121.91200998611748">
        <ele>169.02</ele>
      </trkpt>
      <trkpt lat="36.574439937248826" lon="-121.91205994226038">
        <ele>168.89</ele>
      </trkpt>
      <trkpt lat="36.574441781267524" lon="-121.91206488758326">
        <ele>168.73</ele>
      </trkpt>
      <trkpt lat="36.57444999553263" lon="-121.91206991672516">
        <ele>168.56</ele>
      </trkpt>
      <trkpt lat="36.57452995888889" lon="-121.91214996390045">
        <ele>168.34</ele>
      </trkpt>
      <trkpt lat="36.574629954993725" lon="-121.91223998554051">
        <ele>168.1</ele>
      </trkpt>
      <trkpt lat="36.574759958311915" lon="-121.9123699888587">
        <ele>167.84</ele>
      </trkpt>
      <trkpt lat="36.57489993609488" lon="-121.91247995942831">
        <ele>167.64</ele>
      </trkpt>
      <trkpt lat="36.57499993219972" lon="-121.91255992278457">
        <ele>167.47</ele>
      </trkpt>
      <trkpt lat="36.575059946626425" lon="-121.91259998828173">
        <ele>167.33</ele>
      </trkpt>
      <trkpt lat="36.57511996105313" lon="-121.91261993721128">
        <ele>167.19</ele>
      </trkpt>
      <trkpt lat="36.575249964371324" lon="-121.91264994442463">
        <ele>167.1</ele>
      </trkpt>
      <trkpt lat="36.57524577341974" lon="-121.91264558583498">
        <ele>166.98</ele>
      </trkpt>
      <trkpt lat="36.5752599388361" lon="-121.91263996995986">
        <ele>166.89</ele>
      </trkpt>
      <trkpt lat="36.575269997119904" lon="-121.91262999549508">
        <ele>166.8</ele>
      </trkpt>
      <trkpt lat="36.57527997158468" lon="-121.91262999549508">
        <ele>166.72</ele>
      </trkpt>
      <trkpt lat="36.575299920514226" lon="-121.91262999549508">
        <ele>166.67</ele>
      </trkpt>
      <trkpt lat="36.57530997879803" lon="-121.91262999549508">
        <ele>166.62</ele>
      </trkpt>
      <trkpt lat="36.575319953262806" lon="-121.91262999549508">
        <ele>166.59</ele>
      </trkpt>
      <trkpt lat="36.57532992772758" lon="-121.91262999549508">
        <ele>166.58</ele>
      </trkpt>
      <trkpt lat="36.575339986011386" lon="-121.91263996995986">
        <ele>166.58</ele>
      </trkpt>
      <trkpt lat="36.57534996047616" lon="-121.91263996995986">
        <ele>166.59</ele>
      </trkpt>
      <trkpt lat="36.575359934940934" lon="-121.91264994442463">
        <ele>166.61</ele>
      </trkpt>
      <trkpt lat="36.57536999322474" lon="-121.91264994442463">
        <ele>166.65</ele>
      </trkpt>
      <trkpt lat="36.575379967689514" lon="-121.9126599188894">
        <ele>166.69</ele>
      </trkpt>
      <trkpt lat="36.57538994215429" lon="-121.91266997717321">
        <ele>166.74</ele>
      </trkpt>
      <trkpt lat="36.57539991661906" lon="-121.91267995163798">
        <ele>166.79</ele>
      </trkpt>
      <trkpt lat="36.57540997490287" lon="-121.91268992610276">
        <ele>166.85</ele>
      </trkpt>
      <trkpt lat="36.57541994936764" lon="-121.91269998438656">
        <ele>166.92</ele>
      </trkpt>
      <trkpt lat="36.57541994936764" lon="-121.91270995885134">
        <ele>166.98</ele>
      </trkpt>
      <trkpt lat="36.57542992383242" lon="-121.91271993331611">
        <ele>167.06</ele>
      </trkpt>
      <trkpt lat="36.57542992383242" lon="-121.91273996606469">
        <ele>167.13</ele>
      </trkpt>
      <trkpt lat="36.57543998211622" lon="-121.91274994052947">
        <ele>167.2</ele>
      </trkpt>
      <trkpt lat="36.57543998211622" lon="-121.91275999881327">
        <ele>167.28</ele>
      </trkpt>
      <trkpt lat="36.57543998211622" lon="-121.91276997327805">
        <ele>167.35</ele>
      </trkpt>
      <trkpt lat="36.57543998211622" lon="-121.91277994774282">
        <ele>167.42</ele>
      </trkpt>
      <trkpt lat="36.575449956581" lon="-121.91277994774282">
        <ele>167.49</ele>
      </trkpt>
      <trkpt lat="36.575449956581" lon="-121.9127899222076">
        <ele>167.56</ele>
      </trkpt>
      <trkpt lat="36.575449956581" lon="-121.9127999804914">
        <ele>167.61</ele>
      </trkpt>
      <trkpt lat="36.575449956581" lon="-121.91280995495617">
        <ele>167.67</ele>
      </trkpt>
      <trkpt lat="36.575449956581" lon="-121.91282998770475">
        <ele>167.71</ele>
      </trkpt>
      <trkpt lat="36.575449956581" lon="-121.9128499366343">
        <ele>167.75</ele>
      </trkpt>
      <trkpt lat="36.57543998211622" lon="-121.91285999491811">
        <ele>167.77</ele>
      </trkpt>
      <trkpt lat="36.57543998211622" lon="-121.91287994384766">
        <ele>167.79</ele>
      </trkpt>
      <trkpt lat="36.57543998211622" lon="-121.91288991831243">
        <ele>167.8</ele>
      </trkpt>
      <trkpt lat="36.57542992383242" lon="-121.91289997659624">
        <ele>167.8</ele>
      </trkpt>
      <trkpt lat="36.57542992383242" lon="-121.91291992552578">
        <ele>167.78</ele>
      </trkpt>
      <trkpt lat="36.57541994936764" lon="-121.91292998380959">
        <ele>167.75</ele>
      </trkpt>
      <trkpt lat="36.57540997490287" lon="-121.91293995827436">
        <ele>167.71</ele>
      </trkpt>
      <trkpt lat="36.57539991661906" lon="-121.91294993273914">
        <ele>167.66</ele>
      </trkpt>
      <trkpt lat="36.57539991661906" lon="-121.91295999102294">
        <ele>167.59</ele>
      </trkpt>
      <trkpt lat="36.57538994215429" lon="-121.91296996548772">
        <ele>167.51</ele>
      </trkpt>
      <trkpt lat="36.575379967689514" lon="-121.91297993995249">
        <ele>167.41</ele>
      </trkpt>
      <trkpt lat="36.57536999322474" lon="-121.9129899982363">
        <ele>167.3</ele>
      </trkpt>
      <trkpt lat="36.575359934940934" lon="-121.9129899982363">
        <ele>167.17</ele>
      </trkpt>
      <trkpt lat="36.57534996047616" lon="-121.91299997270107">
        <ele>167.03</ele>
      </trkpt>
      <trkpt lat="36.575339986011386" lon="-121.91299997270107">
        <ele>166.87</ele>
      </trkpt>
      <trkpt lat="36.57532992772758" lon="-121.91300994716585">
        <ele>166.69</ele>
      </trkpt>
      <trkpt lat="36.575319953262806" lon="-121.91300994716585">
        <ele>166.51</ele>
      </trkpt>
      <trkpt lat="36.57530997879803" lon="-121.91300994716585">
        <ele>166.3</ele>
      </trkpt>
      <trkpt lat="36.575299920514226" lon="-121.91300994716585">
        <ele>166.08</ele>
      </trkpt>
      <trkpt lat="36.57528994604945" lon="-121.91300994716585">
        <ele>165.85</ele>
      </trkpt>
      <trkpt lat="36.575269997119904" lon="-121.91300994716585">
        <ele>165.6</ele>
      </trkpt>
      <trkpt lat="36.5752599388361" lon="-121.91300994716585">
        <ele>165.33</ele>
      </trkpt>
      <trkpt lat="36.575249964371324" lon="-121.91300994716585">
        <ele>165.05</ele>
      </trkpt>
      <trkpt lat="36.57523998990655" lon="-121.91300994716585">
        <ele>164.76</ele>
      </trkpt>
      <trkpt lat="36.57523998990655" lon="-121.91301992163062">
        <ele>164.46</ele>
      </trkpt>
      <trkpt lat="36.57523998990655" lon="-121.91302997991443">
        <ele>164.15</ele>
      </trkpt>
      <trkpt lat="36.575229931622744" lon="-121.9130399543792">
        <ele>163.82</ele>
      </trkpt>
      <trkpt lat="36.575229931622744" lon="-121.91304992884398">
        <ele>163.48</ele>
      </trkpt>
      <trkpt lat="36.57521995715797" lon="-121.91305998712778">
        <ele>163.13</ele>
      </trkpt>
      <trkpt lat="36.575189949944615" lon="-121.91306996159256">
        <ele>162.76</ele>
      </trkpt>
      <trkpt lat="36.57514996826649" lon="-121.91308999434114">
        <ele>162.38</ele>
      </trkpt>
      <trkpt lat="36.57511996105313" lon="-121.91310994327068">
        <ele>161.99</ele>
      </trkpt>
      <trkpt lat="36.575079979375005" lon="-121.91311991773546">
        <ele>161.61</ele>
      </trkpt>
      <trkpt lat="36.575059946626425" lon="-121.91312997601926">
        <ele>161.22</ele>
      </trkpt>
      <trkpt lat="36.575055588036776" lon="-121.91313249059021">
        <ele>160.84</ele>
      </trkpt>
      <trkpt lat="36.57503999769688" lon="-121.91313995048404">
        <ele>160.46</ele>
      </trkpt>
      <trkpt lat="36.57502993941307" lon="-121.91314992494881">
        <ele>160.08</ele>
      </trkpt>
      <trkpt lat="36.57499993219972" lon="-121.91314992494881">
        <ele>159.69</ele>
      </trkpt>
      <trkpt lat="36.57497998327017" lon="-121.91315998323262">
        <ele>159.31</ele>
      </trkpt>
      <trkpt lat="36.57493991777301" lon="-121.91314992494881">
        <ele>158.93</ele>
      </trkpt>
      <trkpt lat="36.57491996884346" lon="-121.91314992494881">
        <ele>158.57</ele>
      </trkpt>
      <trkpt lat="36.574869928881526" lon="-121.91312997601926">
        <ele>158.21</ele>
      </trkpt>
      <trkpt lat="36.5748299472034" lon="-121.91311991773546">
        <ele>157.87</ele>
      </trkpt>
      <trkpt lat="36.574799939990044" lon="-121.91311991773546">
        <ele>157.55</ele>
      </trkpt>
      <trkpt lat="36.574779991060495" lon="-121.91311991773546">
        <ele>157.25</ele>
      </trkpt>
      <trkpt lat="36.574759958311915" lon="-121.91310994327068">
        <ele>156.97</ele>
      </trkpt>
      <trkpt lat="36.57472995109856" lon="-121.91310994327068">
        <ele>156.7</ele>
      </trkpt>
      <trkpt lat="36.57468996942043" lon="-121.91310994327068">
        <ele>156.44</ele>
      </trkpt>
      <trkpt lat="36.57465996220708" lon="-121.91310994327068">
        <ele>156.22</ele>
      </trkpt>
      <trkpt lat="36.574649987742305" lon="-121.91311991773546">
        <ele>156.03</ele>
      </trkpt>
      <trkpt lat="36.5746399294585" lon="-121.91311991773546">
        <ele>155.87</ele>
      </trkpt>
      <trkpt lat="36.574629954993725" lon="-121.91312997601926">
        <ele>155.73</ele>
      </trkpt>
      <trkpt lat="36.57461998052895" lon="-121.91313995048404">
        <ele>155.62</ele>
      </trkpt>
      <trkpt lat="36.574609922245145" lon="-121.91314992494881">
        <ele>155.54</ele>
      </trkpt>
      <trkpt lat="36.57459994778037" lon="-121.91315998323262">
        <ele>155.49</ele>
      </trkpt>
      <trkpt lat="36.57457999885082" lon="-121.91318999044597">
        <ele>155.44</ele>
      </trkpt>
      <trkpt lat="36.57456994056702" lon="-121.91319996491075">
        <ele>155.45</ele>
      </trkpt>
      <trkpt lat="36.57456994056702" lon="-121.9132299721241">
        <ele>155.48</ele>
      </trkpt>
      <trkpt lat="36.57456994056702" lon="-121.91326995380223">
        <ele>155.54</ele>
      </trkpt>
      <trkpt lat="36.57456994056702" lon="-121.91329996101558">
        <ele>155.63</ele>
      </trkpt>
      <trkpt lat="36.57457999885082" lon="-121.91335997544229">
        <ele>155.72</ele>
      </trkpt>
      <trkpt lat="36.5745899733156" lon="-121.91337992437184">
        <ele>155.87</ele>
      </trkpt>
      <trkpt lat="36.57459994778037" lon="-121.91339995712042">
        <ele>156.04</ele>
      </trkpt>
      <trkpt lat="36.574629954993725" lon="-121.91343993879855">
        <ele>156.24</ele>
      </trkpt>
      <trkpt lat="36.574649987742305" lon="-121.91345997154713">
        <ele>156.45</ele>
      </trkpt>
      <trkpt lat="36.57468996942043" lon="-121.91348997876048">
        <ele>156.7</ele>
      </trkpt>
      <trkpt lat="36.57470991834998" lon="-121.91349995322526">
        <ele>156.95</ele>
      </trkpt>
      <trkpt lat="36.57472995109856" lon="-121.91351998597383">
        <ele>157.21</ele>
      </trkpt>
      <trkpt lat="36.574759958311915" lon="-121.91352996043861">
        <ele>157.49</ele>
      </trkpt>
      <trkpt lat="36.574799939990044" lon="-121.91353993490338">
        <ele>157.78</ele>
      </trkpt>
      <trkpt lat="36.574909994378686" lon="-121.91356994211674">
        <ele>158.13</ele>
      </trkpt>
      <trkpt lat="36.575059946626425" lon="-121.91358997486532">
        <ele>158.51</ele>
      </trkpt>
      <trkpt lat="36.5750699210912" lon="-121.91358997486532">
        <ele>158.75</ele>
      </trkpt>
      <trkpt lat="36.57511996105313" lon="-121.91360992379487">
        <ele>158.98</ele>
      </trkpt>
      <trkpt lat="36.57523998990655" lon="-121.91364998929203">
        <ele>159.19</ele>
      </trkpt>
      <trkpt lat="36.57530997879803" lon="-121.91369994543493">
        <ele>159.38</ele>
      </trkpt>
      <trkpt lat="36.575379967689514" lon="-121.91374998539686">
        <ele>159.53</ele>
      </trkpt>
      <trkpt lat="36.575449956581" lon="-121.91381997428834">
        <ele>159.62</ele>
      </trkpt>
      <trkpt lat="36.57545993104577" lon="-121.91382994875312">
        <ele>159.67</ele>
      </trkpt>
      <trkpt lat="36.575509971007705" lon="-121.91387998871505">
        <ele>159.68</ele>
      </trkpt>
      <trkpt lat="36.57557995989919" lon="-121.91396992653608">
        <ele>159.62</ele>
      </trkpt>
      <trkpt lat="36.57562999986112" lon="-121.91404997371137">
        <ele>159.52</ele>
      </trkpt>
      <trkpt lat="36.57567995600402" lon="-121.91414996981621">
        <ele>159.38</ele>
      </trkpt>
      <trkpt lat="36.57570996321738" lon="-121.91424996592104">
        <ele>159.19</ele>
      </trkpt>
      <trkpt lat="36.57573997043073" lon="-121.91435993649065">
        <ele>158.93</ele>
      </trkpt>
      <trkpt lat="36.57573997043073" lon="-121.91437996923923">
        <ele>158.58</ele>
      </trkpt>
      <trkpt lat="36.575749944895506" lon="-121.9144699908793">
        <ele>158.16</ele>
      </trkpt>
      <trkpt lat="36.575749944895506" lon="-121.91460996866226">
        <ele>157.65</ele>
      </trkpt>
      <trkpt lat="36.57573997043073" lon="-121.91474994644523">
        <ele>157.06</ele>
      </trkpt>
      <trkpt lat="36.57571993768215" lon="-121.91483996808529">
        <ele>156.41</ele>
      </trkpt>
      <trkpt lat="36.5756899304688" lon="-121.91493996419013">
        <ele>155.67</ele>
      </trkpt>
      <trkpt lat="36.575639974325895" lon="-121.91503996029496">
        <ele>154.89</ele>
      </trkpt>
      <trkpt lat="36.57558993436396" lon="-121.91512998193502">
        <ele>154.05</ele>
      </trkpt>
      <trkpt lat="36.57556998543441" lon="-121.91515998914838">
        <ele>153.17</ele>
      </trkpt>
      <trkpt lat="36.57547996379435" lon="-121.91525998525321">
        <ele>152.21</ele>
      </trkpt>
      <trkpt lat="36.57539991661906" lon="-121.9153299741447">
        <ele>151.19</ele>
      </trkpt>
      <trkpt lat="36.57530997879803" lon="-121.9153899885714">
        <ele>150.12</ele>
      </trkpt>
      <trkpt lat="36.57515516504645" lon="-121.9154748134315">
        <ele>148.97</ele>
      </trkpt>
      <trkpt lat="36.57499993219972" lon="-121.91555997356772">
        <ele>147.76</ele>
      </trkpt>
      <trkpt lat="36.57489993609488" lon="-121.91560992971063">
        <ele>146.51</ele>
      </trkpt>
      <trkpt lat="36.57469994388521" lon="-121.91569995135069">
        <ele>145.15</ele>
      </trkpt>
      <trkpt lat="36.57459994778037" lon="-121.91574999131262">
        <ele>143.82</ele>
      </trkpt>
      <trkpt lat="36.57446994446218" lon="-121.91582995466888">
        <ele>142.43</ele>
      </trkpt>
      <trkpt lat="36.574369948357344" lon="-121.91589994356036">
        <ele>141.0</ele>
      </trkpt>
      <trkpt lat="36.57433994114399" lon="-121.91591997630894">
        <ele>139.61</ele>
      </trkpt>
      <trkpt lat="36.57425997778773" lon="-121.9159999396652">
        <ele>138.16</ele>
      </trkpt>
      <trkpt lat="36.57416995614767" lon="-121.91608996130526">
        <ele>136.69</ele>
      </trkpt>
      <trkpt lat="36.5740199200809" lon="-121.91625994630158">
        <ele>135.17</ele>
      </trkpt>
      <trkpt lat="36.57392998225987" lon="-121.91634996794164">
        <ele>133.69</ele>
      </trkpt>
      <trkpt lat="36.57392998225987" lon="-121.91635994240642">
        <ele>132.27</ele>
      </trkpt>
      <trkpt lat="36.57383996061981" lon="-121.9164399895817">
        <ele>130.81</ele>
      </trkpt>
      <trkpt lat="36.573749938979745" lon="-121.91650997847319">
        <ele>129.35</ele>
      </trkpt>
      <trkpt lat="36.57362999394536" lon="-121.91655993461609">
        <ele>127.88</ele>
      </trkpt>
      <trkpt lat="36.57345992513001" lon="-121.91662992350757">
        <ele>126.38</ele>
      </trkpt>
      <trkpt lat="36.573449950665236" lon="-121.91663998179138">
        <ele>124.99</ele>
      </trkpt>
      <trkpt lat="36.5733499545604" lon="-121.9166799634695">
        <ele>123.57</ele>
      </trkpt>
      <trkpt lat="36.57327996566892" lon="-121.91670997068286">
        <ele>122.19</ele>
      </trkpt>
      <trkpt lat="36.57325993292034" lon="-121.91671994514763">
        <ele>120.86</ele>
      </trkpt>
      <trkpt lat="36.57317996956408" lon="-121.91678993403912">
        <ele>119.53</ele>
      </trkpt>
      <trkpt lat="36.5731099806726" lon="-121.91684994846582">
        <ele>118.23</ele>
      </trkpt>
      <trkpt lat="36.573019959032536" lon="-121.91694994457066">
        <ele>116.95</ele>
      </trkpt>
      <trkpt lat="36.572999926283956" lon="-121.91697995178401">
        <ele>115.73</ele>
      </trkpt>
      <trkpt lat="36.5729699190706" lon="-121.91701993346214">
        <ele>114.53</ele>
      </trkpt>
      <trkpt lat="36.57293999567628" lon="-121.91706997342408">
        <ele>113.37</ele>
      </trkpt>
      <trkpt lat="36.57289993017912" lon="-121.91714993678033">
        <ele>112.25</ele>
      </trkpt>
      <trkpt lat="36.57283999957144" lon="-121.9172999728471">
        <ele>111.12</ele>
      </trkpt>
      <trkpt lat="36.57281996682286" lon="-121.91736996173859">
        <ele>110.06</ele>
      </trkpt>
      <trkpt lat="36.57278995960951" lon="-121.91746995784342">
        <ele>109.02</ele>
      </trkpt>
      <trkpt lat="36.57274997793138" lon="-121.91762996837497">
        <ele>108.02</ele>
      </trkpt>
      <trkpt lat="36.572699937969446" lon="-121.91781998611987">
        <ele>107.04</ele>
      </trkpt>
      <trkpt lat="36.57265995629132" lon="-121.91800992004573">
        <ele>106.09</ele>
      </trkpt>
      <trkpt lat="36.572649981826544" lon="-121.91802995279431">
        <ele>105.22</ele>
      </trkpt>
      <trkpt lat="36.57261997461319" lon="-121.91817998886108">
        <ele>104.33</ele>
      </trkpt>
      <trkpt lat="36.57257999293506" lon="-121.91835994832218">
        <ele>103.46</ele>
      </trkpt>
      <trkpt lat="36.57255996018648" lon="-121.91843999549747">
        <ele>102.68</ele>
      </trkpt>
      <trkpt lat="36.57252995297313" lon="-121.91857997328043">
        <ele>101.92</ele>
      </trkpt>
      <trkpt lat="36.57250992022455" lon="-121.91865993663669">
        <ele>101.23</ele>
      </trkpt>
      <trkpt lat="36.57249994575977" lon="-121.91870997659862">
        <ele>100.59</ele>
      </trkpt>
      <trkpt lat="36.572459964081645" lon="-121.91881994716823">
        <ele>99.95</ele>
      </trkpt>
      <trkpt lat="36.572439931333065" lon="-121.91885992884636">
        <ele>99.39</ele>
      </trkpt>
      <trkpt lat="36.57241998240352" lon="-121.91889999434352">
        <ele>98.87</ele>
      </trkpt>
      <trkpt lat="36.57235996797681" lon="-121.91899999044836">
        <ele>98.38</ele>
      </trkpt>
      <trkpt lat="36.572329960763454" lon="-121.91903997212648">
        <ele>97.92</ele>
      </trkpt>
      <trkpt lat="36.57227992080152" lon="-121.91911993548274">
        <ele>97.5</ele>
      </trkpt>
      <trkpt lat="36.57220993191004" lon="-121.91919998265803">
        <ele>97.12</ele>
      </trkpt>
      <trkpt lat="36.57218998298049" lon="-121.91921993158758">
        <ele>96.75</ele>
      </trkpt>
      <trkpt lat="36.57209996134043" lon="-121.91930995322764">
        <ele>96.42</ele>
      </trkpt>
      <trkpt lat="36.57199996523559" lon="-121.9193999748677">
        <ele>96.09</ele>
      </trkpt>
      <trkpt lat="36.571789998561144" lon="-121.91955998539925">
        <ele>95.8</ele>
      </trkpt>
      <trkpt lat="36.57175999134779" lon="-121.9195799343288">
        <ele>95.5</ele>
      </trkpt>
      <trkpt lat="36.571610206738114" lon="-121.9196697883308">
        <ele>95.2</ele>
      </trkpt>
      <trkpt lat="36.57145991921425" lon="-121.91975997760892">
        <ele>94.92</ele>
      </trkpt>
      <trkpt lat="36.571299992501736" lon="-121.91985997371376">
        <ele>94.63</ele>
      </trkpt>
      <trkpt lat="36.57110025174916" lon="-121.91999475471675">
        <ele>94.33</ele>
      </trkpt>
      <trkpt lat="36.57089992426336" lon="-121.92012995481491">
        <ele>94.03</ele>
      </trkpt>
      <trkpt lat="36.57078995369375" lon="-121.92018996924162">
        <ele>93.76</ele>
      </trkpt>
      <trkpt lat="36.57066992484033" lon="-121.9202599581331">
        <ele>93.49</ele>
      </trkpt>
      <trkpt lat="36.57046993263066" lon="-121.92039993591607">
        <ele>93.24</ele>
      </trkpt>
      <trkpt lat="36.57044998370111" lon="-121.92041996866465">
        <ele>93.02</ele>
      </trkpt>
      <trkpt lat="36.57042995095253" lon="-121.92042994312942">
        <ele>92.81</ele>
      </trkpt>
      <trkpt lat="36.57032995484769" lon="-121.92050999030471">
        <ele>92.58</ele>
      </trkpt>
      <trkpt lat="36.57018997706473" lon="-121.9206299353391">
        <ele>92.37</ele>
      </trkpt>
      <trkpt lat="36.570009933784604" lon="-121.92077997140586">
        <ele>92.16</ele>
      </trkpt>
      <trkpt lat="36.56997992657125" lon="-121.92079992033541">
        <ele>91.95</ele>
      </trkpt>
      <trkpt lat="36.56986995600164" lon="-121.92088994197547">
        <ele>91.73</ele>
      </trkpt>
      <trkpt lat="36.56982997432351" lon="-121.92091994918883">
        <ele>91.52</ele>
      </trkpt>
      <trkpt lat="36.56981999985874" lon="-121.9209299236536">
        <ele>91.3</ele>
      </trkpt>
      <trkpt lat="36.56974992714822" lon="-121.92098993808031">
        <ele>91.08</ele>
      </trkpt>
      <trkpt lat="36.56962998211384" lon="-121.92109999246895">
        <ele>90.82</ele>
      </trkpt>
      <trkpt lat="36.56948992051184" lon="-121.92120996303856">
        <ele>90.54</ele>
      </trkpt>
      <trkpt lat="36.56943996436894" lon="-121.92125991918147">
        <ele>90.3</ele>
      </trkpt>
      <trkpt lat="36.56937994994223" lon="-121.92129998467863">
        <ele>90.06</ele>
      </trkpt>
      <trkpt lat="36.5693399682641" lon="-121.92132999189198">
        <ele>89.81</ele>
      </trkpt>
      <trkpt lat="36.56926997937262" lon="-121.92137994803488">
        <ele>89.56</ele>
      </trkpt>
      <trkpt lat="36.56922999769449" lon="-121.92140995524824">
        <ele>89.3</ele>
      </trkpt>
      <trkpt lat="36.56915992498398" lon="-121.92145999521017">
        <ele>89.03</ele>
      </trkpt>
      <trkpt lat="36.56906998716295" lon="-121.92152998410165">
        <ele>88.75</ele>
      </trkpt>
      <trkpt lat="36.56902992166579" lon="-121.92155999131501">
        <ele>88.46</ele>
      </trkpt>
      <trkpt lat="36.568959932774305" lon="-121.92160994745791">
        <ele>88.17</ele>
      </trkpt>
      <trkpt lat="36.56891995109618" lon="-121.92163995467126">
        <ele>87.87</ele>
      </trkpt>
      <trkpt lat="36.56887996941805" lon="-121.92166996188462">
        <ele>87.56</ele>
      </trkpt>
      <trkpt lat="36.56872993335128" lon="-121.92176995798945">
        <ele>87.24</ele>
      </trkpt>
      <trkpt lat="36.56859993003309" lon="-121.92185997962952">
        <ele>86.89</ele>
      </trkpt>
      <trkpt lat="36.56843991950154" lon="-121.92195997573435">
        <ele>86.52</ele>
      </trkpt>
      <trkpt lat="36.56830991618335" lon="-121.92205997183919">
        <ele>86.13</ele>
      </trkpt>
      <trkpt lat="36.568179996684194" lon="-121.92213993519545">
        <ele>85.74</ele>
      </trkpt>
      <trkpt lat="36.56812995672226" lon="-121.92217991687357">
        <ele>85.37</ele>
      </trkpt>
      <trkpt lat="36.56800992786884" lon="-121.92224998958409">
        <ele>84.97</ele>
      </trkpt>
      <trkpt lat="36.567989978939295" lon="-121.92226993851364">
        <ele>84.59</ele>
      </trkpt>
      <trkpt lat="36.567969946190715" lon="-121.92227999679744">
        <ele>84.21</ele>
      </trkpt>
      <trkpt lat="36.56786995008588" lon="-121.92233992740512">
        <ele>83.81</ele>
      </trkpt>
      <trkpt lat="36.56775997951627" lon="-121.92238996736705">
        <ele>83.4</ele>
      </trkpt>
      <trkpt lat="36.56767993234098" lon="-121.92241997458041">
        <ele>83.0</ele>
      </trkpt>
      <trkpt lat="36.567539954558015" lon="-121.92247998900712">
        <ele>82.58</ele>
      </trkpt>
      <trkpt lat="36.567429983988404" lon="-121.92251997068524">
        <ele>82.17</ele>
      </trkpt>
      <trkpt lat="36.56728992238641" lon="-121.92258995957673">
        <ele>81.75</ele>
      </trkpt>
      <trkpt lat="36.56719998456538" lon="-121.92262994125485">
        <ele>81.34</ele>
      </trkpt>
      <trkpt lat="36.567129995673895" lon="-121.92267998121679">
        <ele>80.94</ele>
      </trkpt>
      <trkpt lat="36.56711993739009" lon="-121.92268995568156">
        <ele>80.54</ele>
      </trkpt>
      <trkpt lat="36.56703997403383" lon="-121.92275994457304">
        <ele>80.14</ele>
      </trkpt>
      <trkpt lat="36.566979959607124" lon="-121.92279992625117">
        <ele>79.74</ele>
      </trkpt>
      <trkpt lat="36.56692991964519" lon="-121.92284996621311">
        <ele>79.35</ele>
      </trkpt>
      <trkpt lat="36.56675993464887" lon="-121.92300997674465">
        <ele>78.93</ele>
      </trkpt>
      <trkpt lat="36.56672992743552" lon="-121.923039983958">
        <ele>78.54</ele>
      </trkpt>
      <trkpt lat="36.56669992022216" lon="-121.92306999117136">
        <ele>78.15</ele>
      </trkpt>
      <trkpt lat="36.56668994575739" lon="-121.92307996563613">
        <ele>77.77</ele>
      </trkpt>
      <trkpt lat="36.56659992411733" lon="-121.9231699872762">
        <ele>77.38</ele>
      </trkpt>
      <trkpt lat="36.56651996076107" lon="-121.92326998338103">
        <ele>76.99</ele>
      </trkpt>
      <trkpt lat="36.56642993912101" lon="-121.92335992120206">
        <ele>76.59</ele>
      </trkpt>
      <trkpt lat="36.56634997576475" lon="-121.9234699755907">
        <ele>76.18</ele>
      </trkpt>
      <trkpt lat="36.56628996133804" lon="-121.92354993894696">
        <ele>75.78</ele>
      </trkpt>
      <trkpt lat="36.566229946911335" lon="-121.92361992783844">
        <ele>75.41</ele>
      </trkpt>
      <trkpt lat="36.56620999798179" lon="-121.9236499350518">
        <ele>75.06</ele>
      </trkpt>
      <trkpt lat="36.56616993248463" lon="-121.92368991672993">
        <ele>74.71</ele>
      </trkpt>
      <trkpt lat="36.56614998355508" lon="-121.9237099494785">
        <ele>74.37</ele>
      </trkpt>
      <trkpt lat="36.56610991805792" lon="-121.92375998944044">
        <ele>74.03</ele>
      </trkpt>
      <trkpt lat="36.56606993637979" lon="-121.9237899966538">
        <ele>73.69</ele>
      </trkpt>
      <trkpt lat="36.56602995470166" lon="-121.92381992004812">
        <ele>73.36</ele>
      </trkpt>
      <trkpt lat="36.56599994748831" lon="-121.92384992726147">
        <ele>73.05</ele>
      </trkpt>
      <trkpt lat="36.56591998413205" lon="-121.92391999997199">
        <ele>72.76</ele>
      </trkpt>
      <trkpt lat="36.565819988027215" lon="-121.92399996332824">
        <ele>72.47</ele>
      </trkpt>
      <trkpt lat="36.56571999192238" lon="-121.92406995221972">
        <ele>72.17</ele>
      </trkpt>
      <trkpt lat="36.56561999581754" lon="-121.92412996664643">
        <ele>71.88</ele>
      </trkpt>
      <trkpt lat="36.56554992310703" lon="-121.92417992278934">
        <ele>71.6</ele>
      </trkpt>
      <trkpt lat="36.565459985286" lon="-121.92423993721604">
        <ele>71.32</ele>
      </trkpt>
      <trkpt lat="36.56544992700219" lon="-121.92423993721604">
        <ele>71.06</ele>
      </trkpt>
      <trkpt lat="36.565369963645935" lon="-121.92429995164275">
        <ele>70.81</ele>
      </trkpt>
      <trkpt lat="36.56529997475445" lon="-121.92434999160469">
        <ele>70.56</ele>
      </trkpt>
      <trkpt lat="36.56522998586297" lon="-121.92440992221236">
        <ele>70.31</ele>
      </trkpt>
      <trkpt lat="36.56515999697149" lon="-121.92446993663907">
        <ele>70.07</ele>
      </trkpt>
      <trkpt lat="36.56514993868768" lon="-121.92447999492288">
        <ele>69.85</ele>
      </trkpt>
      <trkpt lat="36.565109957009554" lon="-121.924519976601">
        <ele>69.64</ele>
      </trkpt>
      <trkpt lat="36.565089924260974" lon="-121.92452995106578">
        <ele>69.42</ele>
      </trkpt>
      <trkpt lat="36.56505991704762" lon="-121.92455995827913">
        <ele>69.22</ele>
      </trkpt>
      <trkpt lat="36.5650299936533" lon="-121.92458996549249">
        <ele>69.02</ele>
      </trkpt>
      <trkpt lat="36.56499998643994" lon="-121.92460999824107">
        <ele>68.82</ele>
      </trkpt>
      <trkpt lat="36.56497995369136" lon="-121.92462994717062">
        <ele>68.63</ele>
      </trkpt>
      <trkpt lat="36.564769987016916" lon="-121.9247599504888">
        <ele>68.41</ele>
      </trkpt>
      <trkpt lat="36.56462992541492" lon="-121.92482993938029">
        <ele>68.16</ele>
      </trkpt>
      <trkpt lat="36.56458994373679" lon="-121.92485994659364">
        <ele>68.0</ele>
      </trkpt>
      <trkpt lat="36.56451995484531" lon="-121.92490998655558">
        <ele>67.85</ele>
      </trkpt>
      <trkpt lat="36.564509980380535" lon="-121.92490998655558">
        <ele>67.71</ele>
      </trkpt>
      <trkpt lat="36.56438995152712" lon="-121.92496991716325">
        <ele>67.56</ele>
      </trkpt>
      <trkpt lat="36.564249973744154" lon="-121.92500998266041">
        <ele>67.4</ele>
      </trkpt>
      <trkpt lat="36.56414997763932" lon="-121.92503998987377">
        <ele>67.28</ele>
      </trkpt>
      <trkpt lat="36.56412994489074" lon="-121.92504996433854">
        <ele>67.19</ele>
      </trkpt>
      <trkpt lat="36.5640299487859" lon="-121.92509992048144">
        <ele>67.13</ele>
      </trkpt>
      <trkpt lat="36.56384998932481" lon="-121.9251899421215">
        <ele>67.08</ele>
      </trkpt>
      <trkpt lat="36.56370992772281" lon="-121.9252699892968">
        <ele>67.05</ele>
      </trkpt>
      <trkpt lat="36.563629964366555" lon="-121.9253199454397">
        <ele>67.05</ele>
      </trkpt>
      <trkpt lat="36.56356994993985" lon="-121.92533997818828">
        <ele>67.01</ele>
      </trkpt>
      <trkpt lat="36.563369957730174" lon="-121.92534995265305">
        <ele>66.94</ele>
      </trkpt>
      <trkpt lat="36.56326996162534" lon="-121.92534995265305">
        <ele>66.91</ele>
      </trkpt>
      <trkpt lat="36.563179939985275" lon="-121.92534995265305">
        <ele>66.9</ele>
      </trkpt>
      <trkpt lat="36.56313995830715" lon="-121.92534995265305">
        <ele>66.9</ele>
      </trkpt>
      <trkpt lat="36.56308991834521" lon="-121.92534995265305">
        <ele>66.9</ele>
      </trkpt>
      <trkpt lat="36.56303996220231" lon="-121.92534995265305">
        <ele>66.9</ele>
      </trkpt>
      <trkpt lat="36.56284994445741" lon="-121.92538993433118">
        <ele>66.93</ele>
      </trkpt>
      <trkpt lat="36.56275992281735" lon="-121.92541994154453">
        <ele>66.96</ele>
      </trkpt>
      <trkpt lat="36.56266998499632" lon="-121.92544994875789">
        <ele>67.01</ele>
      </trkpt>
      <trkpt lat="36.562619945034385" lon="-121.92547995597124">
        <ele>67.05</ele>
      </trkpt>
      <trkpt lat="36.56257996335626" lon="-121.92548993043602">
        <ele>67.07</ele>
      </trkpt>
      <trkpt lat="36.562469992786646" lon="-121.92551993764937">
        <ele>67.11</ele>
      </trkpt>
      <trkpt lat="36.56238994561136" lon="-121.92552999593318">
        <ele>67.13</ele>
      </trkpt>
      <trkpt lat="36.56225994229317" lon="-121.92551993764937">
        <ele>67.14</ele>
      </trkpt>
      <trkpt lat="36.562189953401685" lon="-121.9255099631846">
        <ele>67.12</ele>
      </trkpt>
      <trkpt lat="36.56212993897498" lon="-121.92548993043602">
        <ele>67.09</ele>
      </trkpt>
      <trkpt lat="36.56202994287014" lon="-121.92542999982834">
        <ele>66.99</ele>
      </trkpt>
      <trkpt lat="36.561929946765304" lon="-121.92536998540163">
        <ele>66.87</ele>
      </trkpt>
      <trkpt lat="36.5618799906224" lon="-121.92534995265305">
        <ele>66.77</ele>
      </trkpt>
      <trkpt lat="36.56183992512524" lon="-121.9253199454397">
        <ele>66.67</ele>
      </trkpt>
      <trkpt lat="36.561759961768985" lon="-121.92528993822634">
        <ele>66.57</ele>
      </trkpt>
      <trkpt lat="36.56170992180705" lon="-121.9252699892968">
        <ele>66.45</ele>
      </trkpt>
      <trkpt lat="36.5616899728775" lon="-121.9252699892968">
        <ele>66.31</ele>
      </trkpt>
      <trkpt lat="36.561629958450794" lon="-121.92525993101299">
        <ele>66.12</ele>
      </trkpt>
      <trkpt lat="36.56155996955931" lon="-121.9252699892968">
        <ele>65.93</ele>
      </trkpt>
      <trkpt lat="36.56152996234596" lon="-121.92527996376157">
        <ele>65.72</ele>
      </trkpt>
      <trkpt lat="36.561499955132604" lon="-121.92528993822634">
        <ele>65.49</ele>
      </trkpt>
      <trkpt lat="36.56142996624112" lon="-121.9253199454397">
        <ele>65.25</ele>
      </trkpt>
      <trkpt lat="36.56140993349254" lon="-121.92533997818828">
        <ele>64.96</ele>
      </trkpt>
      <trkpt lat="36.56137992627919" lon="-121.92535992711782">
        <ele>64.65</ele>
      </trkpt>
      <trkpt lat="36.56136995181441" lon="-121.92536998540163">
        <ele>64.31</ele>
      </trkpt>
      <trkpt lat="36.56131999567151" lon="-121.92540996707976">
        <ele>63.94</ele>
      </trkpt>
      <trkpt lat="36.56126995570958" lon="-121.92547995597124">
        <ele>63.57</ele>
      </trkpt>
      <trkpt lat="36.56118999235332" lon="-121.92557995207608">
        <ele>63.15</ele>
      </trkpt>
      <trkpt lat="36.56114992685616" lon="-121.92562999203801">
        <ele>62.69</ele>
      </trkpt>
      <trkpt lat="36.561049930751324" lon="-121.92571992985904">
        <ele>62.19</ele>
      </trkpt>
      <trkpt lat="36.56090995296836" lon="-121.92582998424768">
        <ele>61.63</ele>
      </trkpt>
      <trkpt lat="36.56090869568288" lon="-121.92583367228508">
        <ele>61.11</ele>
      </trkpt>
      <trkpt lat="36.56084993854165" lon="-121.92584993317723">
        <ele>60.53</ele>
      </trkpt>
      <trkpt lat="36.560749942436814" lon="-121.92586996592581">
        <ele>59.89</ele>
      </trkpt>
      <trkpt lat="36.56067995354533" lon="-121.92588999867439">
        <ele>59.25</ele>
      </trkpt>
      <trkpt lat="36.560619939118624" lon="-121.92590994760394">
        <ele>58.6</ele>
      </trkpt>
      <trkpt lat="36.560579957440495" lon="-121.9259399548173">
        <ele>57.96</ele>
      </trkpt>
      <trkpt lat="36.56053997576237" lon="-121.92597993649542">
        <ele>57.3</ele>
      </trkpt>
      <trkpt lat="36.56051994301379" lon="-121.92598999477923">
        <ele>56.64</ele>
      </trkpt>
      <trkpt lat="36.56045992858708" lon="-121.9260499253869">
        <ele>55.94</ele>
      </trkpt>
      <trkpt lat="36.56037996523082" lon="-121.9261299725622">
        <ele>55.21</ele>
      </trkpt>
      <trkpt lat="36.56037996523082" lon="-121.92613994702697">
        <ele>54.53</ele>
      </trkpt>
      <trkpt lat="36.56035993248224" lon="-121.92615997977555">
        <ele>53.83</ele>
      </trkpt>
      <trkpt lat="36.560279969125986" lon="-121.92624991759658">
        <ele>53.08</ele>
      </trkpt>
      <trkpt lat="36.56024996191263" lon="-121.92627992480993">
        <ele>52.36</ele>
      </trkpt>
      <trkpt lat="36.56024996191263" lon="-121.92628998309374">
        <ele>51.66</ele>
      </trkpt>
      <trkpt lat="36.5601999219507" lon="-121.92635997198522">
        <ele>50.91</ele>
      </trkpt>
      <trkpt lat="36.56017997302115" lon="-121.92638997919858">
        <ele>50.19</ele>
      </trkpt>
      <trkpt lat="36.560149965807796" lon="-121.9264299608767">
        <ele>49.45</ele>
      </trkpt>
      <trkpt lat="36.56013999134302" lon="-121.92645996809006">
        <ele>48.74</ele>
      </trkpt>
      <trkpt lat="36.56011995859444" lon="-121.92651998251677">
        <ele>48.02</ele>
      </trkpt>
      <trkpt lat="36.56006991863251" lon="-121.92664998583496">
        <ele>47.26</ele>
      </trkpt>
      <trkpt lat="36.56004996970296" lon="-121.92671997472644">
        <ele>46.53</ele>
      </trkpt>
      <trkpt lat="36.560039995238185" lon="-121.92676993086934">
        <ele>45.81</ele>
      </trkpt>
      <trkpt lat="36.56002993695438" lon="-121.9268099963665">
        <ele>45.1</ele>
      </trkpt>
      <trkpt lat="36.56002993695438" lon="-121.92684997804463">
        <ele>44.41</ele>
      </trkpt>
      <trkpt lat="36.56002993695438" lon="-121.92686992697418">
        <ele>43.73</ele>
      </trkpt>
      <trkpt lat="36.56002993695438" lon="-121.92691996693611">
        <ele>43.06</ele>
      </trkpt>
      <trkpt lat="36.560039995238185" lon="-121.9269899558276">
        <ele>42.39</ele>
      </trkpt>
      <trkpt lat="36.56004996970296" lon="-121.9270499702543">
        <ele>41.73</ele>
      </trkpt>
      <trkpt lat="36.56004996970296" lon="-121.92706991918385">
        <ele>41.09</ele>
      </trkpt>
      <trkpt lat="36.56006991863251" lon="-121.92712993361056">
        <ele>40.45</ele>
      </trkpt>
      <trkpt lat="36.56009992584586" lon="-121.92721995525062">
        <ele>39.81</ele>
      </trkpt>
      <trkpt lat="36.56011995859444" lon="-121.9272899441421">
        <ele>39.17</ele>
      </trkpt>
      <trkpt lat="36.560169998556376" lon="-121.92738994024694">
        <ele>38.54</ele>
      </trkpt>
      <trkpt lat="36.560209980234504" lon="-121.92746998742223">
        <ele>37.93</ele>
      </trkpt>
      <trkpt lat="36.56021995469928" lon="-121.927479961887">
        <ele>37.32</ele>
      </trkpt>
      <trkpt lat="36.56028994359076" lon="-121.92762999795377">
        <ele>36.68</ele>
      </trkpt>
      <trkpt lat="36.560299918055534" lon="-121.9276599213481">
        <ele>36.08</ele>
      </trkpt>
      <trkpt lat="36.56030997633934" lon="-121.92768992856145">
        <ele>35.48</ele>
      </trkpt>
      <trkpt lat="36.56032992526889" lon="-121.92774994298816">
        <ele>34.86</ele>
      </trkpt>
      <trkpt lat="36.56034995801747" lon="-121.92779998295009">
        <ele>34.26</ele>
      </trkpt>
      <trkpt lat="36.56035993248224" lon="-121.92787994630635">
        <ele>33.63</ele>
      </trkpt>
      <trkpt lat="36.56036999076605" lon="-121.92794993519783">
        <ele>33.02</ele>
      </trkpt>
      <trkpt lat="36.56036999076605" lon="-121.92802998237312">
        <ele>32.44</ele>
      </trkpt>
      <trkpt lat="36.56036999076605" lon="-121.9280999712646">
        <ele>31.87</ele>
      </trkpt>
      <trkpt lat="36.56036999076605" lon="-121.92810994572937">
        <ele>31.32</ele>
      </trkpt>
      <trkpt lat="36.56037996523082" lon="-121.92813995294273">
        <ele>30.79</ele>
      </trkpt>
      <trkpt lat="36.56036999076605" lon="-121.9282799307257">
        <ele>30.21</ele>
      </trkpt>
      <trkpt lat="36.56036999076605" lon="-121.92831999622285">
        <ele>29.69</ele>
      </trkpt>
      <trkpt lat="36.56036999076605" lon="-121.92832997068763">
        <ele>29.19</ele>
      </trkpt>
      <trkpt lat="36.56036999076605" lon="-121.92839995957911">
        <ele>28.68</ele>
      </trkpt>
      <trkpt lat="36.56035993248224" lon="-121.92844999954104">
        <ele>28.18</ele>
      </trkpt>
      <trkpt lat="36.56034995801747" lon="-121.92849995568395">
        <ele>27.7</ele>
      </trkpt>
      <trkpt lat="36.560339983552694" lon="-121.92851998843253">
        <ele>27.25</ele>
      </trkpt>
      <trkpt lat="36.56032992526889" lon="-121.92854999564588">
        <ele>26.81</ele>
      </trkpt>
      <trkpt lat="36.560299918055534" lon="-121.92859995178878">
        <ele>26.37</ele>
      </trkpt>
      <trkpt lat="36.56026999466121" lon="-121.92866994068027">
        <ele>25.97</ele>
      </trkpt>
      <trkpt lat="36.56023998744786" lon="-121.92869994789362">
        <ele>25.59</ele>
      </trkpt>
      <trkpt lat="36.56022992916405" lon="-121.9287199806422">
        <ele>25.24</ele>
      </trkpt>
      <trkpt lat="36.560189947485924" lon="-121.92874998785555">
        <ele>24.89</ele>
      </trkpt>
      <trkpt lat="36.56013999134302" lon="-121.92879994399846">
        <ele>24.57</ele>
      </trkpt>
      <trkpt lat="36.56011995859444" lon="-121.92880991846323">
        <ele>24.29</ele>
      </trkpt>
      <trkpt lat="36.56009992584586" lon="-121.92882995121181">
        <ele>24.03</ele>
      </trkpt>
      <trkpt lat="36.56007997691631" lon="-121.92882995121181">
        <ele>23.81</ele>
      </trkpt>
      <trkpt lat="36.56004996970296" lon="-121.92883992567658">
        <ele>23.6</ele>
      </trkpt>
      <trkpt lat="36.560019962489605" lon="-121.92883992567658">
        <ele>23.43</ele>
      </trkpt>
      <trkpt lat="36.55997998081148" lon="-121.92883992567658">
        <ele>23.29</ele>
      </trkpt>
      <trkpt lat="36.55992994084954" lon="-121.92882995121181">
        <ele>23.18</ele>
      </trkpt>
      <trkpt lat="36.559889959171414" lon="-121.92881997674704">
        <ele>23.11</ele>
      </trkpt>
      <trkpt lat="36.55987998470664" lon="-121.92881997674704">
        <ele>23.07</ele>
      </trkpt>
      <trkpt lat="36.55979993753135" lon="-121.92880991846323">
        <ele>23.05</ele>
      </trkpt>
      <trkpt lat="36.55974998138845" lon="-121.92879994399846">
        <ele>23.07</ele>
      </trkpt>
      <trkpt lat="36.55970999971032" lon="-121.92879994399846">
        <ele>23.13</ele>
      </trkpt>
      <trkpt lat="36.55944999307394" lon="-121.92886993288994">
        <ele>23.2</ele>
      </trkpt>
      <trkpt lat="36.559155620634556" lon="-121.92893983796239">
        <ele>23.34</ele>
      </trkpt>
      <trkpt lat="36.558859990909696" lon="-121.92900999449193">
        <ele>23.52</ele>
      </trkpt>
      <trkpt lat="36.558859487995505" lon="-121.92900965921581">
        <ele>23.68</ele>
      </trkpt>
      <trkpt lat="36.55880995094776" lon="-121.92900999449193">
        <ele>23.88</ele>
      </trkpt>
      <trkpt lat="36.558650359511375" lon="-121.9290149398148">
        <ele>24.14</ele>
      </trkpt>
      <trkpt lat="36.55848992988467" lon="-121.92901996895671">
        <ele>24.36</ele>
      </trkpt>
      <trkpt lat="36.558409966528416" lon="-121.92900999449193">
        <ele>24.6</ele>
      </trkpt>
      <trkpt lat="36.55831994488835" lon="-121.92899993620813">
        <ele>24.86</ele>
      </trkpt>
      <trkpt lat="36.55815993435681" lon="-121.92895995453">
        <ele>25.15</ele>
      </trkpt>
      <trkpt lat="36.558089945465326" lon="-121.92893992178142">
        <ele>25.44</ele>
      </trkpt>
      <trkpt lat="36.55806999653578" lon="-121.92892994731665">
        <ele>25.73</ele>
      </trkpt>
      <trkpt lat="36.55786992050707" lon="-121.92886993288994">
        <ele>26.06</ele>
      </trkpt>
      <trkpt lat="36.55773991718888" lon="-121.92882995121181">
        <ele>26.38</ele>
      </trkpt>
      <trkpt lat="36.557719968259335" lon="-121.92881997674704">
        <ele>26.68</ele>
      </trkpt>
      <trkpt lat="36.55764997936785" lon="-121.92879994399846">
        <ele>26.99</ele>
      </trkpt>
      <trkpt lat="36.55757999047637" lon="-121.9287699367851">
        <ele>27.29</ele>
      </trkpt>
      <trkpt lat="36.557569932192564" lon="-121.92875996232033">
        <ele>27.59</ele>
      </trkpt>
      <trkpt lat="36.55751997604966" lon="-121.92872995510697">
        <ele>27.88</ele>
      </trkpt>
      <trkpt lat="36.557399947196245" lon="-121.92866994068027">
        <ele>28.16</ele>
      </trkpt>
      <trkpt lat="36.55738997273147" lon="-121.92865996621549">
        <ele>28.44</ele>
      </trkpt>
      <trkpt lat="36.55732995830476" lon="-121.92862995900214">
        <ele>28.71</ele>
      </trkpt>
      <trkpt lat="36.55725996941328" lon="-121.9285799190402">
        <ele>28.97</ele>
      </trkpt>
      <trkpt lat="36.5572399366647" lon="-121.92856994457543">
        <ele>29.21</ele>
      </trkpt>
      <trkpt lat="36.557229962199926" lon="-121.92855997011065">
        <ele>29.44</ele>
      </trkpt>
      <trkpt lat="36.557099958881736" lon="-121.92846994847059">
        <ele>29.65</ele>
      </trkpt>
      <trkpt lat="36.55708998441696" lon="-121.92844999954104">
        <ele>29.85</ele>
      </trkpt>
      <trkpt lat="36.55706995166838" lon="-121.92843994125724">
        <ele>30.03</ele>
      </trkpt>
      <trkpt lat="36.55697993002832" lon="-121.9283399451524">
        <ele>30.17</ele>
      </trkpt>
      <trkpt lat="36.55692997388542" lon="-121.9282799307257">
        <ele>30.33</ele>
      </trkpt>
      <trkpt lat="36.55687993392348" lon="-121.92818999290466">
        <ele>30.49</ele>
      </trkpt>
      <trkpt lat="36.556859984993935" lon="-121.92813995294273">
        <ele>30.62</ele>
      </trkpt>
      <trkpt lat="36.556859984993935" lon="-121.92812997847795">
        <ele>30.71</ele>
      </trkpt>
      <trkpt lat="36.556859984993935" lon="-121.92811992019415">
        <ele>30.78</ele>
      </trkpt>
      <trkpt lat="36.55684992671013" lon="-121.92804993130267">
        <ele>30.84</ele>
      </trkpt>
      <trkpt lat="36.55684992671013" lon="-121.92798991687596">
        <ele>30.87</ele>
      </trkpt>
      <trkpt lat="36.55684992671013" lon="-121.92783996462822">
        <ele>30.89</ele>
      </trkpt>
      <trkpt lat="36.556845819577575" lon="-121.92783736623824">
        <ele>30.87</ele>
      </trkpt>
      <trkpt lat="36.55666334554553" lon="-121.92783862352371">
        <ele>30.81</ele>
      </trkpt>
      <trkpt lat="36.55647994950414" lon="-121.92783996462822">
        <ele>30.78</ele>
      </trkpt>
      <trkpt lat="36.55628993175924" lon="-121.92783996462822">
        <ele>30.7</ele>
      </trkpt>
      <trkpt lat="36.556239975616336" lon="-121.92783996462822">
        <ele>30.56</ele>
      </trkpt>
      <trkpt lat="36.5560554061085" lon="-121.92783996462822">
        <ele>30.37</ele>
      </trkpt>
      <trkpt lat="36.555869998410344" lon="-121.92783996462822">
        <ele>30.17</ele>
      </trkpt>
      <trkpt lat="36.55560999177396" lon="-121.92783996462822">
        <ele>29.93</ele>
      </trkpt>
      <trkpt lat="36.55550999566913" lon="-121.92783996462822">
        <ele>29.69</ele>
      </trkpt>
      <trkpt lat="36.55542994849384" lon="-121.92783996462822">
        <ele>29.44</ele>
      </trkpt>
      <trkpt lat="36.555249989032745" lon="-121.92782999016345">
        <ele>29.16</ele>
      </trkpt>
      <trkpt lat="36.555079920217395" lon="-121.92781993187964">
        <ele>28.85</ele>
      </trkpt>
      <trkpt lat="36.55490037985146" lon="-121.92782496102154">
        <ele>28.53</ele>
      </trkpt>
      <trkpt lat="36.55471991747618" lon="-121.92782999016345">
        <ele>28.2</ele>
      </trkpt>
      <trkpt lat="36.55445555225015" lon="-121.92782496102154">
        <ele>27.85</ele>
      </trkpt>
      <trkpt lat="36.55418992973864" lon="-121.92781993187964">
        <ele>27.49</ele>
      </trkpt>
      <trkpt lat="36.55417995527387" lon="-121.92781993187964">
        <ele>27.11</ele>
      </trkpt>
      <trkpt lat="36.553999995812774" lon="-121.92781993187964">
        <ele>26.71</ele>
      </trkpt>
      <trkpt lat="36.553789945319295" lon="-121.92781993187964">
        <ele>26.28</ele>
      </trkpt>
      <trkpt lat="36.55361535027623" lon="-121.92782496102154">
        <ele>25.84</ele>
      </trkpt>
      <trkpt lat="36.55343991704285" lon="-121.92782999016345">
        <ele>25.4</ele>
      </trkpt>
      <trkpt lat="36.55325995758176" lon="-121.92783996462822">
        <ele>24.95</ele>
      </trkpt>
      <trkpt lat="36.55302048660815" lon="-121.92783334292471">
        <ele>24.48</ele>
      </trkpt>
      <trkpt lat="36.55278109945357" lon="-121.92782663740218">
        <ele>24.03</ele>
      </trkpt>
      <trkpt lat="36.55253995209932" lon="-121.92781993187964">
        <ele>23.58</ele>
      </trkpt>
      <trkpt lat="36.55235999263823" lon="-121.92781993187964">
        <ele>23.11</ele>
      </trkpt>
      <trkpt lat="36.552179949358106" lon="-121.92781993187964">
        <ele>22.63</ele>
      </trkpt>
      <trkpt lat="36.551890606060624" lon="-121.92781993187964">
        <ele>22.15</ele>
      </trkpt>
      <trkpt lat="36.55160126276314" lon="-121.92781993187964">
        <ele>21.64</ele>
      </trkpt>
      <trkpt lat="36.55130999162793" lon="-121.92781993187964">
        <ele>21.19</ele>
      </trkpt>
      <trkpt lat="36.55119993723929" lon="-121.92781993187964">
        <ele>20.76</ele>
      </trkpt>
      <trkpt lat="36.550930542871356" lon="-121.92781993187964">
        <ele>20.35</ele>
      </trkpt>
      <trkpt lat="36.55065997503698" lon="-121.92781993187964">
        <ele>19.93</ele>
      </trkpt>
      <trkpt lat="36.550365602597594" lon="-121.92781993187964">
        <ele>19.54</ele>
      </trkpt>
      <trkpt lat="36.550069972872734" lon="-121.92781993187964">
        <ele>19.19</ele>
      </trkpt>
      <trkpt lat="36.549760680645704" lon="-121.92781993187964">
        <ele>18.86</ele>
      </trkpt>
      <trkpt lat="36.549451388418674" lon="-121.92781993187964">
        <ele>18.55</ele>
      </trkpt>
      <trkpt lat="36.549142096191645" lon="-121.92781993187964">
        <ele>18.26</ele>
      </trkpt>
      <trkpt lat="36.54882995411754" lon="-121.92781993187964">
        <ele>18.0</ele>
      </trkpt>
      <trkpt lat="36.54865535907447" lon="-121.92781993187964">
        <ele>17.77</ele>
      </trkpt>
      <trkpt lat="36.54847992584109" lon="-121.92781993187964">
        <ele>17.56</ele>
      </trkpt>
      <trkpt lat="36.548183960840106" lon="-121.9278166629374">
        <ele>17.37</ele>
      </trkpt>
      <trkpt lat="36.54788799583912" lon="-121.92781331017613">
        <ele>17.18</ele>
      </trkpt>
      <trkpt lat="36.54758993536234" lon="-121.92780995741487">
        <ele>17.04</ele>
      </trkpt>
      <trkpt lat="36.54734551906586" lon="-121.92780995741487">
        <ele>16.95</ele>
      </trkpt>
      <trkpt lat="36.54709992930293" lon="-121.92780995741487">
        <ele>16.9</ele>
      </trkpt>
      <trkpt lat="36.54685718938708" lon="-121.92781331017613">
        <ele>16.87</ele>
      </trkpt>
      <trkpt lat="36.546614449471235" lon="-121.92781657911837">
        <ele>16.87</ele>
      </trkpt>
      <trkpt lat="36.54636994935572" lon="-121.92781993187964">
        <ele>16.92</ele>
      </trkpt>
      <trkpt lat="36.54619535431266" lon="-121.92781498655677">
        <ele>17.0</ele>
      </trkpt>
      <trkpt lat="36.54601992107928" lon="-121.92780995741487">
        <ele>17.13</ele>
      </trkpt>
      <trkpt lat="36.54573996551335" lon="-121.92780995741487">
        <ele>17.31</ele>
      </trkpt>
      <trkpt lat="36.54553544707596" lon="-121.92780492827296">
        <ele>17.51</ele>
      </trkpt>
      <trkpt lat="36.5453299228102" lon="-121.92779998295009">
        <ele>17.72</ele>
      </trkpt>
      <trkpt lat="36.54533092863858" lon="-121.92780375480652">
        <ele>17.95</ele>
      </trkpt>
      <trkpt lat="36.54530041851103" lon="-121.92759647034109">
        <ele>18.23</ele>
      </trkpt>
      <trkpt lat="36.54526999220252" lon="-121.92738994024694">
        <ele>18.54</ele>
      </trkpt>
      <trkpt lat="36.545259933918715" lon="-121.92736999131739">
        <ele>18.84</ele>
      </trkpt>
      <trkpt lat="36.54522992670536" lon="-121.92716999910772">
        <ele>19.18</ele>
      </trkpt>
      <trkpt lat="36.545219952240586" lon="-121.92714996635914">
        <ele>19.54</ele>
      </trkpt>
      <trkpt lat="36.54517997056246" lon="-121.92693999968469">
        <ele>19.94</ele>
      </trkpt>
      <trkpt lat="36.54512490145862" lon="-121.92673464305699">
        <ele>20.34</ele>
      </trkpt>
      <trkpt lat="36.54506999999285" lon="-121.92652995698154">
        <ele>20.75</ele>
      </trkpt>
      <trkpt lat="36.54506999999285" lon="-121.92651998251677">
        <ele>21.19</ele>
      </trkpt>
      <trkpt lat="36.54501484706998" lon="-121.92630456760526">
        <ele>21.63</ele>
      </trkpt>
      <trkpt lat="36.544959945604205" lon="-121.92608999088407">
        <ele>22.12</ele>
      </trkpt>
      <trkpt lat="36.54490487650037" lon="-121.92587960511446">
        <ele>22.59</ele>
      </trkpt>
      <trkpt lat="36.544849975034595" lon="-121.92566997371614">
        <ele>23.08</ele>
      </trkpt>
      <trkpt lat="36.544789876788855" lon="-121.92545464262366">
        <ele>23.56</ele>
      </trkpt>
      <trkpt lat="36.54472994618118" lon="-121.92523998208344">
        <ele>24.05</ele>
      </trkpt>
      <trkpt lat="36.54467487707734" lon="-121.92498953081667">
        <ele>24.58</ele>
      </trkpt>
      <trkpt lat="36.54461997561157" lon="-121.92473991774023">
        <ele>25.11</ele>
      </trkpt>
      <trkpt lat="36.54453992843628" lon="-121.92439994774759">
        <ele>25.65</ele>
      </trkpt>
      <trkpt lat="36.54448997229338" lon="-121.92416994832456">
        <ele>26.18</ele>
      </trkpt>
      <trkpt lat="36.54444999061525" lon="-121.92395998165011">
        <ele>26.75</ele>
      </trkpt>
      <trkpt lat="36.54444999061525" lon="-121.92394992336631">
        <ele>27.26</ele>
      </trkpt>
      <trkpt lat="36.54441487044096" lon="-121.9237395375967">
        <ele>27.79</ele>
      </trkpt>
      <trkpt lat="36.544379917904735" lon="-121.92352999001741">
        <ele>28.3</ele>
      </trkpt>
      <trkpt lat="36.5443349070847" lon="-121.9233045168221">
        <ele>28.81</ele>
      </trkpt>
      <trkpt lat="36.544289980083704" lon="-121.92307996563613">
        <ele>29.32</ele>
      </trkpt>
      <trkpt lat="36.544249998405576" lon="-121.92285994067788">
        <ele>29.79</ele>
      </trkpt>
      <trkpt lat="36.54421999119222" lon="-121.92269993014634">
        <ele>30.18</ele>
      </trkpt>
      <trkpt lat="36.54417992569506" lon="-121.92241997458041">
        <ele>30.54</ele>
      </trkpt>
      <trkpt lat="36.54418998397887" lon="-121.92220992408693">
        <ele>30.87</ele>
      </trkpt>
      <trkpt lat="36.54421999119222" lon="-121.92203993909061">
        <ele>31.13</ele>
      </trkpt>
      <trkpt lat="36.544249998405576" lon="-121.92193994298577">
        <ele>31.35</ele>
      </trkpt>
      <trkpt lat="36.5442799217999" lon="-121.92178999073803">
        <ele>31.5</ele>
      </trkpt>
      <trkpt lat="36.54434504918754" lon="-121.92158463411033">
        <ele>31.6</ele>
      </trkpt>
      <trkpt lat="36.54440992511809" lon="-121.92137994803488">
        <ele>31.67</ele>
      </trkpt>
      <trkpt lat="36.54440992511809" lon="-121.92136997357011">
        <ele>31.67</ele>
      </trkpt>
      <trkpt lat="36.5444699395448" lon="-121.92116998136044">
        <ele>31.62</ele>
      </trkpt>
      <trkpt lat="36.5444699395448" lon="-121.92115992307663">
        <ele>31.51</ele>
      </trkpt>
      <trkpt lat="36.544529953971505" lon="-121.92095993086696">
        <ele>31.35</ele>
      </trkpt>
      <trkpt lat="36.544590052217245" lon="-121.92076463252306">
        <ele>31.14</ele>
      </trkpt>
      <trkpt lat="36.54464998282492" lon="-121.92056992091238">
        <ele>30.87</ele>
      </trkpt>
      <trkpt lat="36.54470999725163" lon="-121.92034997977316">
        <ele>30.57</ele>
      </trkpt>
      <trkpt lat="36.54474997892976" lon="-121.92013992927969">
        <ele>30.2</ele>
      </trkpt>
      <trkpt lat="36.54475995339453" lon="-121.92012995481491">
        <ele>29.77</ele>
      </trkpt>
      <trkpt lat="36.544809993356466" lon="-121.91992996260524">
        <ele>29.28</ele>
      </trkpt>
      <trkpt lat="36.54486992396414" lon="-121.91966995596886">
        <ele>28.68</ele>
      </trkpt>
      <trkpt lat="36.544865146279335" lon="-121.91966509446502">
        <ele>28.12</ele>
      </trkpt>
      <trkpt lat="36.54468996450305" lon="-121.91962997429073">
        <ele>27.47</ele>
      </trkpt>
      <trkpt lat="36.544659957289696" lon="-121.91961999982595">
        <ele>26.82</ele>
      </trkpt>
      <trkpt lat="36.54448997229338" lon="-121.91959996707737">
        <ele>26.14</ele>
      </trkpt>
      <trkpt lat="36.54429995454848" lon="-121.9195799343288">
        <ele>25.35</ele>
      </trkpt>
      <trkpt lat="36.54410993680358" lon="-121.9195799343288">
        <ele>24.57</ele>
      </trkpt>
      <trkpt lat="36.5440399479121" lon="-121.9195899926126">
        <ele>23.82</ele>
      </trkpt>
      <trkpt lat="36.54393995180726" lon="-121.9195799343288">
        <ele>23.04</ele>
      </trkpt>
      <trkpt lat="36.54372998513281" lon="-121.91955998539925">
        <ele>22.19</ele>
      </trkpt>
      <trkpt lat="36.543649937957525" lon="-121.91954992711544">
        <ele>21.4</ele>
      </trkpt>
      <trkpt lat="36.54357994906604" lon="-121.91952997818589">
        <ele>20.63</ele>
      </trkpt>
      <trkpt lat="36.543519934639335" lon="-121.91949997097254">
        <ele>19.86</ele>
      </trkpt>
      <trkpt lat="36.5434199385345" lon="-121.91941992379725">
        <ele>19.08</ele>
      </trkpt>
      <trkpt lat="36.54335992410779" lon="-121.91936996765435">
        <ele>18.34</ele>
      </trkpt>
      <trkpt lat="36.543329916894436" lon="-121.919339960441">
        <ele>17.61</ele>
      </trkpt>
      <trkpt lat="36.543239979073405" lon="-121.91925999708474">
        <ele>16.89</ele>
      </trkpt>
      <trkpt lat="36.54315993189812" lon="-121.91916997544467">
        <ele>16.2</ele>
      </trkpt>
      <trkpt lat="36.543089943006635" lon="-121.91905992105603">
        <ele>15.54</ele>
      </trkpt>
      <trkpt lat="36.54301995411515" lon="-121.9189599249512">
        <ele>14.9</ele>
      </trkpt>
      <trkpt lat="36.54286991804838" lon="-121.91868994385004">
        <ele>14.27</ele>
      </trkpt>
      <trkpt lat="36.54285994358361" lon="-121.91866999492049">
        <ele>13.71</ele>
      </trkpt>
      <trkpt lat="36.54275994747877" lon="-121.9184799771756">
        <ele>13.14</ele>
      </trkpt>
      <trkpt lat="36.54273999854922" lon="-121.91840998828411">
        <ele>12.66</ele>
      </trkpt>
      <trkpt lat="36.54271996580064" lon="-121.91831996664405">
        <ele>12.22</ele>
      </trkpt>
      <trkpt lat="36.54256984591484" lon="-121.91804478876293">
        <ele>11.82</ele>
      </trkpt>
      <trkpt lat="36.542419977486134" lon="-121.91776994615793">
        <ele>11.48</ele>
      </trkpt>
      <trkpt lat="36.54232995584607" lon="-121.91759996116161">
        <ele>11.19</ele>
      </trkpt>
      <trkpt lat="36.542229959741235" lon="-121.91740994341671">
        <ele>10.96</ele>
      </trkpt>
      <trkpt lat="36.542119989171624" lon="-121.9172399584204">
        <ele>10.72</ele>
      </trkpt>
      <trkpt lat="36.54199996031821" lon="-121.91702999174595">
        <ele>10.5</ele>
      </trkpt>
      <trkpt lat="36.5418899897486" lon="-121.91684994846582">
        <ele>10.35</ele>
      </trkpt>
      <trkpt lat="36.54181991703808" lon="-121.91670997068286">
        <ele>10.23</ele>
      </trkpt>
      <trkpt lat="36.54165999032557" lon="-121.91640998236835">
        <ele>10.14</ele>
      </trkpt>
      <trkpt lat="36.54156996868551" lon="-121.91622993908823">
        <ele>10.08</ele>
      </trkpt>
      <trkpt lat="36.541479947045445" lon="-121.91607998684049">
        <ele>10.04</ele>
      </trkpt>
      <trkpt lat="36.54144993983209" lon="-121.91602994687855">
        <ele>10.03</ele>
      </trkpt>
      <trkpt lat="36.54130996204913" lon="-121.9158199802041">
        <ele>10.05</ele>
      </trkpt>
      <trkpt lat="36.54116998426616" lon="-121.9156299624592">
        <ele>10.1</ele>
      </trkpt>
      <trkpt lat="36.541029922664165" lon="-121.91543994471431">
        <ele>10.17</ele>
      </trkpt>
      <trkpt lat="36.54092992655933" lon="-121.91529996693134">
        <ele>10.25</ele>
      </trkpt>
      <trkpt lat="36.540899919345975" lon="-121.91524992696941">
        <ele>10.35</ele>
      </trkpt>
      <trkpt lat="36.54084996320307" lon="-121.91514993086457">
        <ele>10.46</ele>
      </trkpt>
      <trkpt lat="36.540789948776364" lon="-121.91502998583019">
        <ele>10.59</ele>
      </trkpt>
      <trkpt lat="36.540749967098236" lon="-121.91492998972535">
        <ele>10.73</ele>
      </trkpt>
      <trkpt lat="36.54068995267153" lon="-121.91474994644523">
        <ele>10.89</ele>
      </trkpt>
      <trkpt lat="36.5406499709934" lon="-121.91457996144891">
        <ele>11.04</ele>
      </trkpt>
      <trkpt lat="36.540619963780046" lon="-121.91439991816878">
        <ele>11.19</ele>
      </trkpt>
      <trkpt lat="36.540619963780046" lon="-121.91435993649065">
        <ele>11.34</ele>
      </trkpt>
      <trkpt lat="36.54060998931527" lon="-121.91430998034775">
        <ele>11.49</ele>
      </trkpt>
      <trkpt lat="36.54060998931527" lon="-121.91428994759917">
        <ele>11.63</ele>
      </trkpt>
      <trkpt lat="36.54060998931527" lon="-121.91424996592104">
        <ele>11.77</ele>
      </trkpt>
      <trkpt lat="36.54060998931527" lon="-121.91420998424292">
        <ele>11.9</ele>
      </trkpt>
      <trkpt lat="36.54060998931527" lon="-121.91409992985427">
        <ele>12.03</ele>
      </trkpt>
      <trkpt lat="36.540619963780046" lon="-121.91399993374944">
        <ele>12.15</ele>
      </trkpt>
      <trkpt lat="36.540619963780046" lon="-121.91395995207131">
        <ele>12.26</ele>
      </trkpt>
      <trkpt lat="36.54062993824482" lon="-121.91381997428834">
        <ele>12.36</ele>
      </trkpt>
      <trkpt lat="36.540639996528625" lon="-121.91380999982357">
        <ele>12.45</ele>
      </trkpt>
      <trkpt lat="36.540659945458174" lon="-121.91364998929203">
        <ele>12.53</ele>
      </trkpt>
      <trkpt lat="36.54068995267153" lon="-121.91336994990706">
        <ele>12.58</ele>
      </trkpt>
      <trkpt lat="36.54068995267153" lon="-121.91317993216217">
        <ele>12.6</ele>
      </trkpt>
      <trkpt lat="36.54068995267153" lon="-121.91305998712778">
        <ele>12.62</ele>
      </trkpt>
      <trkpt lat="36.5406499709934" lon="-121.91277994774282">
        <ele>12.63</ele>
      </trkpt>
      <trkpt lat="36.540639996528625" lon="-121.91272999159992">
        <ele>12.63</ele>
      </trkpt>
      <trkpt lat="36.540599931031466" lon="-121.91251994110644">
        <ele>12.61</ele>
      </trkpt>
      <trkpt lat="36.54053991660476" lon="-121.91229999996722">
        <ele>12.58</ele>
      </trkpt>
      <trkpt lat="36.54043992049992" lon="-121.91211995668709">
        <ele>12.54</ele>
      </trkpt>
      <trkpt lat="36.54042994603515" lon="-121.91210998222232">
        <ele>12.49</ele>
      </trkpt>
      <trkpt lat="36.5403148625046" lon="-121.9118948187679">
        <ele>12.42</ele>
      </trkpt>
      <trkpt lat="36.54019994661212" lon="-121.91167999058962">
        <ele>12.33</ele>
      </trkpt>
      <trkpt lat="36.5400299616158" lon="-121.91135996952653">
        <ele>12.21</ele>
      </trkpt>
      <trkpt lat="36.53985997661948" lon="-121.9110699556768">
        <ele>12.1</ele>
      </trkpt>
      <trkpt lat="36.539779929444194" lon="-121.91095998510718">
        <ele>11.97</ele>
      </trkpt>
      <trkpt lat="36.53968999162316" lon="-121.91079997457564">
        <ele>11.84</ele>
      </trkpt>
      <trkpt lat="36.53957993723452" lon="-121.91059998236597">
        <ele>11.7</ele>
      </trkpt>
      <trkpt lat="36.53946996666491" lon="-121.91040996462107">
        <ele>11.54</ele>
      </trkpt>
      <trkpt lat="36.53939997777343" lon="-121.91029999405146">
        <ele>11.36</ele>
      </trkpt>
      <trkpt lat="36.53940299525857" lon="-121.91029689274728">
        <ele>11.18</ele>
      </trkpt>
      <trkpt lat="36.53920996002853" lon="-121.91046997904778">
        <ele>10.97</ele>
      </trkpt>
      <trkpt lat="36.53901994228363" lon="-121.91061993129551">
        <ele>10.77</ele>
      </trkpt>
      <trkpt lat="36.53881995007396" lon="-121.91078991629183">
        <ele>10.55</ele>
      </trkpt>
      <trkpt lat="36.538749961182475" lon="-121.91084993071854">
        <ele>10.32</ele>
      </trkpt>
      <trkpt lat="36.53869992122054" lon="-121.9108899962157">
        <ele>10.09</ele>
      </trkpt>
      <trkpt lat="36.53856991790235" lon="-121.91098999232054">
        <ele>9.86</ele>
      </trkpt>
      <trkpt lat="36.53845994733274" lon="-121.91105998121202">
        <ele>9.62</ele>
      </trkpt>
      <trkpt lat="36.53833991847932" lon="-121.9111299701035">
        <ele>9.38</ele>
      </trkpt>
      <trkpt lat="36.53821997344494" lon="-121.91118998453021">
        <ele>9.14</ele>
      </trkpt>
      <trkpt lat="36.5381199773401" lon="-121.91123994067311">
        <ele>8.89</ele>
      </trkpt>
      <trkpt lat="36.53809994459152" lon="-121.91124999895692">
        <ele>8.64</ele>
      </trkpt>
      <trkpt lat="36.538079995661974" lon="-121.91125997342169">
        <ele>8.39</ele>
      </trkpt>
      <trkpt lat="36.5379299595952" lon="-121.9113199878484">
        <ele>8.11</ele>
      </trkpt>
      <trkpt lat="36.53790992684662" lon="-121.91133993677795">
        <ele>7.85</ele>
      </trkpt>
      <trkpt lat="36.53773524798453" lon="-121.91141478717327">
        <ele>7.58</ele>
      </trkpt>
      <trkpt lat="36.53755998238921" lon="-121.91148997284472">
        <ele>7.32</ele>
      </trkpt>
      <trkpt lat="36.53746996074915" lon="-121.91150992177427">
        <ele>7.06</ele>
      </trkpt>
      <trkpt lat="36.53736996464431" lon="-121.91154998727143">
        <ele>6.81</ele>
      </trkpt>
      <trkpt lat="36.53729997575283" lon="-121.91158996894956">
        <ele>6.56</ele>
      </trkpt>
      <trkpt lat="36.537249935790896" lon="-121.91161997616291">
        <ele>6.31</ele>
      </trkpt>
      <trkpt lat="36.537009961903095" lon="-121.91175995394588">
        <ele>6.07</ele>
      </trkpt>
      <trkpt lat="36.53675992973149" lon="-121.91194997169077">
        <ele>5.81</ele>
      </trkpt>
      <trkpt lat="36.53666999191046" lon="-121.91202993504703">
        <ele>5.57</ele>
      </trkpt>
      <trkpt lat="36.536579970270395" lon="-121.91210998222232">
        <ele>5.33</ele>
      </trkpt>
      <trkpt lat="36.53641501441598" lon="-121.91228491254151">
        <ele>5.1</ele>
      </trkpt>
      <trkpt lat="36.53624997474253" lon="-121.91245992667973">
        <ele>4.88</ele>
      </trkpt>
      <trkpt lat="36.536169927567244" lon="-121.91253997385502">
        <ele>4.68</ele>
      </trkpt>
      <trkpt lat="36.536019975319505" lon="-121.91270995885134">
        <ele>4.51</ele>
      </trkpt>
      <trkpt lat="36.53587999753654" lon="-121.91285999491811">
        <ele>4.37</ele>
      </trkpt>
      <trkpt lat="36.53574504889548" lon="-121.91300491802394">
        <ele>4.23</ele>
      </trkpt>
      <trkpt lat="36.53560993261635" lon="-121.91314992494881">
        <ele>4.11</ele>
      </trkpt>
      <trkpt lat="36.535390075296164" lon="-121.91338981501758">
        <ele>4.02</ele>
      </trkpt>
      <trkpt lat="36.53516996651888" lon="-121.91362995654345">
        <ele>3.92</ele>
      </trkpt>
      <trkpt lat="36.53492999263108" lon="-121.91387998871505">
        <ele>3.85</ele>
      </trkpt>
      <trkpt lat="36.534819938242435" lon="-121.91399993374944">
        <ele>3.78</ele>
      </trkpt>
      <trkpt lat="36.53475992381573" lon="-121.91406992264092">
        <ele>3.74</ele>
      </trkpt>
      <trkpt lat="36.53464995324612" lon="-121.91416991874576">
        <ele>3.72</ele>
      </trkpt>
      <trkpt lat="36.53461994603276" lon="-121.91419992595911">
        <ele>3.72</ele>
      </trkpt>
      <trkpt lat="36.53456998988986" lon="-121.91425994038582">
        <ele>3.75</ele>
      </trkpt>
      <trkpt lat="36.534469993785024" lon="-121.9143399875611">
        <ele>3.8</ele>
      </trkpt>
      <trkpt lat="36.53443998657167" lon="-121.91436999477446">
        <ele>3.87</ele>
      </trkpt>
      <trkpt lat="36.53435993939638" lon="-121.91443998366594">
        <ele>3.98</ele>
      </trkpt>
      <trkpt lat="36.5342899505049" lon="-121.91450997255743">
        <ele>4.1</ele>
      </trkpt>
      <trkpt lat="36.53421996161342" lon="-121.91455992870033">
        <ele>4.26</ele>
      </trkpt>
      <trkpt lat="36.53416992165148" lon="-121.91459999419749">
        <ele>4.45</ele>
      </trkpt>
      <trkpt lat="36.53405995108187" lon="-121.91468993201852">
        <ele>4.67</ele>
      </trkpt>
      <trkpt lat="36.53396992944181" lon="-121.9147699791938">
        <ele>4.93</ele>
      </trkpt>
      <trkpt lat="36.533959954977036" lon="-121.91477995365858">
        <ele>5.21</ele>
      </trkpt>
      <trkpt lat="36.533939922228456" lon="-121.91479998640716">
        <ele>5.53</ele>
      </trkpt>
      <trkpt lat="36.53389994055033" lon="-121.91482999362051">
        <ele>5.88</ele>
      </trkpt>
      <trkpt lat="36.53377999551594" lon="-121.91491993144155">
        <ele>6.27</ele>
      </trkpt>
      <trkpt lat="36.533535243943334" lon="-121.91511975601315">
        <ele>6.7</ele>
      </trkpt>
      <trkpt lat="36.533289989456534" lon="-121.91531999967992">
        <ele>7.16</ele>
      </trkpt>
      <trkpt lat="36.53312511742115" lon="-121.91546483896673">
        <ele>7.66</ele>
      </trkpt>
      <trkpt lat="36.53295999392867" lon="-121.91560992971063">
        <ele>8.19</ele>
      </trkpt>
      <trkpt lat="36.53279512189329" lon="-121.91573984920979">
        <ele>8.76</ele>
      </trkpt>
      <trkpt lat="36.53262999840081" lon="-121.91586993634701">
        <ele>9.38</ele>
      </trkpt>
      <trkpt lat="36.5324299223721" lon="-121.91604997962713">
        <ele>10.03</ele>
      </trkpt>
      <trkpt lat="36.53235993348062" lon="-121.91610999405384">
        <ele>10.71</ele>
      </trkpt>
      <trkpt lat="36.53211518190801" lon="-121.91631476394832">
        <ele>11.46</ele>
      </trkpt>
      <trkpt lat="36.53186992742121" lon="-121.91651995293796">
        <ele>12.22</ele>
      </trkpt>
      <trkpt lat="36.53172508813441" lon="-121.91663486883044">
        <ele>12.99</ele>
      </trkpt>
      <trkpt lat="36.53157999739051" lon="-121.91674995236099">
        <ele>13.75</ele>
      </trkpt>
      <trkpt lat="36.531420070677996" lon="-121.91688481718302">
        <ele>14.53</ele>
      </trkpt>
      <trkpt lat="36.53125997632742" lon="-121.91701993346214">
        <ele>15.35</ele>
      </trkpt>
      <trkpt lat="36.531005166471004" lon="-121.9172497652471">
        <ele>16.2</ele>
      </trkpt>
      <trkpt lat="36.53074993751943" lon="-121.9174799323082">
        <ele>17.13</ele>
      </trkpt>
      <trkpt lat="36.530600069090724" lon="-121.91760482266545">
        <ele>18.04</ele>
      </trkpt>
      <trkpt lat="36.53044994920492" lon="-121.9177299644798">
        <ele>18.97</ele>
      </trkpt>
      <trkpt lat="36.53024015016854" lon="-121.91791981458664">
        <ele>19.92</ele>
      </trkpt>
      <trkpt lat="36.530029932036996" lon="-121.9181099999696">
        <ele>20.91</ele>
      </trkpt>
      <trkpt lat="36.52990009635687" lon="-121.91822986118495">
        <ele>21.87</ele>
      </trkpt>
      <trkpt lat="36.529769925400615" lon="-121.9183499738574">
        <ele>22.8</ele>
      </trkpt>
      <trkpt lat="36.52964503504336" lon="-121.91846983507276">
        <ele>23.7</ele>
      </trkpt>
      <trkpt lat="36.52951997704804" lon="-121.9185899477452">
        <ele>24.58</ele>
      </trkpt>
      <trkpt lat="36.52930992655456" lon="-121.91880997270346">
        <ele>25.46</ele>
      </trkpt>
      <trkpt lat="36.52913994155824" lon="-121.91898993216455">
        <ele>26.34</ele>
      </trkpt>
      <trkpt lat="36.52894992381334" lon="-121.91918992437422">
        <ele>27.21</ele>
      </trkpt>
      <trkpt lat="36.52882997877896" lon="-121.91931992769241">
        <ele>27.99</ele>
      </trkpt>
      <trkpt lat="36.52863996103406" lon="-121.91951991990209">
        <ele>28.73</ele>
      </trkpt>
      <trkpt lat="36.52853996492922" lon="-121.91962997429073">
        <ele>29.35</ele>
      </trkpt>
      <trkpt lat="36.52852999046445" lon="-121.9196399487555">
        <ele>29.89</ele>
      </trkpt>
      <trkpt lat="36.52839504182339" lon="-121.91978990100324">
        <ele>30.39</ele>
      </trkpt>
      <trkpt lat="36.52825992554426" lon="-121.91993993707001">
        <ele>30.81</ele>
      </trkpt>
      <trkpt lat="36.52814995497465" lon="-121.92007999867201">
        <ele>31.16</ele>
      </trkpt>
      <trkpt lat="36.52813998050988" lon="-121.92008997313678">
        <ele>31.43</ele>
      </trkpt>
      <trkpt lat="36.52798994444311" lon="-121.92026993259788">
        <ele>31.64</ele>
      </trkpt>
      <trkpt lat="36.527879973873496" lon="-121.92039993591607">
        <ele>31.74</ele>
      </trkpt>
      <trkpt lat="36.527789952233434" lon="-121.92050999030471">
        <ele>31.77</ele>
      </trkpt>
      <trkpt lat="36.52775994502008" lon="-121.92054997198284">
        <ele>31.75</ele>
      </trkpt>
      <trkpt lat="36.527749970555305" lon="-121.92055994644761">
        <ele>31.65</ele>
      </trkpt>
      <trkpt lat="36.52769993059337" lon="-121.92061996087432">
        <ele>31.47</ele>
      </trkpt>
      <trkpt lat="36.527489963918924" lon="-121.9208799675107">
        <ele>31.22</ele>
      </trkpt>
      <trkpt lat="36.527449982240796" lon="-121.9209299236536">
        <ele>30.89</ele>
      </trkpt>
      <trkpt lat="36.527379993349314" lon="-121.92101994529366">
        <ele>30.5</ele>
      </trkpt>
      <trkpt lat="36.52736993506551" lon="-121.92102991975844">
        <ele>30.03</ele>
      </trkpt>
      <trkpt lat="36.52723993174732" lon="-121.92118993028998">
        <ele>29.48</ele>
      </trkpt>
      <trkpt lat="36.52711998671293" lon="-121.92133996635675">
        <ele>28.83</ele>
      </trkpt>
      <trkpt lat="36.52710992842913" lon="-121.92134994082153">
        <ele>28.16</ele>
      </trkpt>
      <trkpt lat="36.526979925110936" lon="-121.92151992581785">
        <ele>27.35</ele>
      </trkpt>
      <trkpt lat="36.526869954541326" lon="-121.92165998741984">
        <ele>26.51</ele>
      </trkpt>
      <trkpt lat="36.52685998007655" lon="-121.92166996188462">
        <ele>25.68</ele>
      </trkpt>
      <trkpt lat="36.5268299728632" lon="-121.92169996909797">
        <ele>24.8</ele>
      </trkpt>
      <trkpt lat="36.526739951223135" lon="-121.92180993966758">
        <ele>23.87</ele>
      </trkpt>
      <trkpt lat="36.52672997675836" lon="-121.92181999795139">
        <ele>22.92</ele>
      </trkpt>
      <trkpt lat="36.526629980653524" lon="-121.92193994298577">
        <ele>21.92</ele>
      </trkpt>
      <trkpt lat="36.52641666121781" lon="-121.92220992408693">
        <ele>20.86</ele>
      </trkpt>
      <trkpt lat="36.52620334178209" lon="-121.92247990518808">
        <ele>19.75</ele>
      </trkpt>
      <trkpt lat="36.525989938527346" lon="-121.92274997010827">
        <ele>18.69</ele>
      </trkpt>
      <trkpt lat="36.52578994631767" lon="-121.9229799695313">
        <ele>17.59</ele>
      </trkpt>
      <trkpt lat="36.52562499046326" lon="-121.92318993620574">
        <ele>16.51</ele>
      </trkpt>
      <trkpt lat="36.52545995078981" lon="-121.92339998669922">
        <ele>15.47</ele>
      </trkpt>
      <trkpt lat="36.525340005755424" lon="-121.92354490980506">
        <ele>14.48</ele>
      </trkpt>
      <trkpt lat="36.52521997690201" lon="-121.92368991672993">
        <ele>13.51</ele>
      </trkpt>
      <trkpt lat="36.525149988010526" lon="-121.92377993836999">
        <ele>12.57</ele>
      </trkpt>
      <trkpt lat="36.52507999911904" lon="-121.92385998554528">
        <ele>11.68</ele>
      </trkpt>
      <trkpt lat="36.52506994083524" lon="-121.92386996001005">
        <ele>10.84</ele>
      </trkpt>
      <trkpt lat="36.52487992309034" lon="-121.92410993389785">
        <ele>10.01</ele>
      </trkpt>
      <trkpt lat="36.524699963629246" lon="-121.92433993332088">
        <ele>9.22</ele>
      </trkpt>
      <trkpt lat="36.52468998916447" lon="-121.92434999160469">
        <ele>8.52</ele>
      </trkpt>
      <trkpt lat="36.52457993477583" lon="-121.92447999492288">
        <ele>7.88</ele>
      </trkpt>
      <trkpt lat="36.52446996420622" lon="-121.92461997270584">
        <ele>7.3</ele>
      </trkpt>
      <trkpt lat="36.524294950068" lon="-121.92484242841601">
        <ele>6.77</ele>
      </trkpt>
      <trkpt lat="36.52412001974881" lon="-121.92506488412619">
        <ele>6.29</ele>
      </trkpt>
      <trkpt lat="36.523945005610585" lon="-121.92528742365539">
        <ele>5.88</ele>
      </trkpt>
      <trkpt lat="36.52376999147236" lon="-121.9255099631846">
        <ele>5.53</ele>
      </trkpt>
      <trkpt lat="36.523559940978885" lon="-121.9257599953562">
        <ele>5.25</ele>
      </trkpt>
      <trkpt lat="36.523389955982566" lon="-121.92597993649542">
        <ele>5.03</ele>
      </trkpt>
      <trkpt lat="36.52320999652147" lon="-121.92620993591845">
        <ele>4.84</ele>
      </trkpt>
      <trkpt lat="36.52302995324135" lon="-121.92643993534148">
        <ele>4.71</ele>
      </trkpt>
      <trkpt lat="36.52287991717458" lon="-121.92662995308638">
        <ele>4.68</ele>
      </trkpt>
      <trkpt lat="36.52270498685539" lon="-121.9268599525094">
        <ele>4.75</ele>
      </trkpt>
      <trkpt lat="36.522529972717166" lon="-121.92708995193243">
        <ele>4.9</ele>
      </trkpt>
      <trkpt lat="36.52242997661233" lon="-121.92720998078585">
        <ele>5.11</ele>
      </trkpt>
      <trkpt lat="36.52227994054556" lon="-121.92739999853075">
        <ele>5.38</ele>
      </trkpt>
      <trkpt lat="36.52227994054556" lon="-121.92740997299552">
        <ele>5.7</ele>
      </trkpt>
      <trkpt lat="36.52212998829782" lon="-121.92760996520519">
        <ele>6.1</ele>
      </trkpt>
      <trkpt lat="36.521989926695824" lon="-121.92782999016345">
        <ele>6.55</ele>
      </trkpt>
      <trkpt lat="36.52188993059099" lon="-121.92799000069499">
        <ele>7.06</ele>
      </trkpt>
      <trkpt lat="36.52178993448615" lon="-121.9281499274075">
        <ele>7.61</ele>
      </trkpt>
      <trkpt lat="36.521689938381314" lon="-121.92832008004189">
        <ele>8.21</ele>
      </trkpt>
      <trkpt lat="36.52158994227648" lon="-121.92848998121917">
        <ele>8.83</ele>
      </trkpt>
      <trkpt lat="36.521499920636415" lon="-121.92866005003452">
        <ele>9.49</ele>
      </trkpt>
      <trkpt lat="36.521409982815385" lon="-121.92882995121181">
        <ele>10.18</ele>
      </trkpt>
      <trkpt lat="36.52128987014294" lon="-121.92906682379544">
        <ele>10.96</ele>
      </trkpt>
      <trkpt lat="36.52116975747049" lon="-121.92930369637907">
        <ele>11.76</ele>
      </trkpt>
      <trkpt lat="36.52104998007417" lon="-121.92953998222947">
        <ele>12.6</ele>
      </trkpt>
      <trkpt lat="36.52092986740172" lon="-121.92978515289724">
        <ele>13.48</ele>
      </trkpt>
      <trkpt lat="36.520809922367334" lon="-121.93002998828888">
        <ele>14.38</ele>
      </trkpt>
      <trkpt lat="36.52075996622443" lon="-121.93013995885849">
        <ele>15.17</ele>
      </trkpt>
      <trkpt lat="36.52062987908721" lon="-121.93040516227484">
        <ele>15.98</ele>
      </trkpt>
      <trkpt lat="36.52049995958805" lon="-121.93066994659603">
        <ele>16.78</ele>
      </trkpt>
      <trkpt lat="36.52047992683947" lon="-121.93070992827415">
        <ele>17.54</ele>
      </trkpt>
      <trkpt lat="36.52043994516134" lon="-121.93078997544944">
        <ele>18.29</ele>
      </trkpt>
      <trkpt lat="36.52038998901844" lon="-121.93089994601905">
        <ele>19.02</ele>
      </trkpt>
      <trkpt lat="36.520289992913604" lon="-121.93108996376395">
        <ele>19.75</ele>
      </trkpt>
      <trkpt lat="36.52019485831261" lon="-121.93128014914691">
        <ele>20.43</ele>
      </trkpt>
      <trkpt lat="36.520099975168705" lon="-121.93146999925375">
        <ele>21.07</ele>
      </trkpt>
      <trkpt lat="36.52005999349058" lon="-121.93154996261">
        <ele>21.68</ele>
      </trkpt>
      <trkpt lat="36.52000995352864" lon="-121.93165993317962">
        <ele>22.25</ele>
      </trkpt>
      <trkpt lat="36.519949939101934" lon="-121.93178993649781">
        <ele>22.81</ele>
      </trkpt>
      <trkpt lat="36.51991993188858" lon="-121.93184995092452">
        <ele>23.33</ele>
      </trkpt>
      <trkpt lat="36.51977484114468" lon="-121.93213015794754">
        <ele>23.8</ele>
      </trkpt>
      <trkpt lat="36.519629918038845" lon="-121.9324099458754">
        <ele>24.26</ele>
      </trkpt>
      <trkpt lat="36.519504860043526" lon="-121.93266517482698">
        <ele>24.69</ele>
      </trkpt>
      <trkpt lat="36.51937996968627" lon="-121.9329199846834">
        <ele>25.08</ele>
      </trkpt>
      <trkpt lat="36.51925994083285" lon="-121.93314998410642">
        <ele>25.43</ele>
      </trkpt>
      <trkpt lat="36.519239991903305" lon="-121.93319994024932">
        <ele>25.74</ele>
      </trkpt>
      <trkpt lat="36.51920998468995" lon="-121.93323992192745">
        <ele>26.01</ele>
      </trkpt>
      <trkpt lat="36.519199926406145" lon="-121.9332699291408">
        <ele>26.24</ele>
      </trkpt>
      <trkpt lat="36.51913999579847" lon="-121.93335995078087">
        <ele>26.44</ele>
      </trkpt>
      <trkpt lat="36.51907998137176" lon="-121.93346992135048">
        <ele>26.6</ele>
      </trkpt>
      <trkpt lat="36.51903999969363" lon="-121.93354996852577">
        <ele>26.73</ele>
      </trkpt>
      <trkpt lat="36.51900999248028" lon="-121.9335899502039">
        <ele>26.83</ele>
      </trkpt>
      <trkpt lat="36.518919970840216" lon="-121.93373998627067">
        <ele>26.9</ele>
      </trkpt>
      <trkpt lat="36.51890999637544" lon="-121.93374996073544">
        <ele>26.95</ele>
      </trkpt>
      <trkpt lat="36.51888996362686" lon="-121.93378994241357">
        <ele>26.97</ele>
      </trkpt>
      <trkpt lat="36.51875996030867" lon="-121.93398993462324">
        <ele>26.98</ele>
      </trkpt>
      <trkpt lat="36.518599949777126" lon="-121.93421993404627">
        <ele>26.97</ele>
      </trkpt>
      <trkpt lat="36.518579917028546" lon="-121.93423996679485">
        <ele>26.94</ele>
      </trkpt>
      <trkpt lat="36.51845997199416" lon="-121.9343999773264">
        <ele>26.88</ele>
      </trkpt>
      <trkpt lat="36.51843993924558" lon="-121.93442998453975">
        <ele>26.81</ele>
      </trkpt>
      <trkpt lat="36.518229972571135" lon="-121.93467993289232">
        <ele>26.72</ele>
      </trkpt>
      <trkpt lat="36.5181299764663" lon="-121.93480993621051">
        <ele>26.62</ele>
      </trkpt>
      <trkpt lat="36.51794993318617" lon="-121.93501998670399">
        <ele>26.51</ele>
      </trkpt>
      <trkpt lat="36.517889918759465" lon="-121.93509995006025">
        <ele>26.4</ele>
      </trkpt>
      <trkpt lat="36.51782998815179" lon="-121.93515996448696">
        <ele>26.29</ele>
      </trkpt>
      <trkpt lat="36.51770995929837" lon="-121.93528996780515">
        <ele>26.16</ele>
      </trkpt>
      <trkpt lat="36.51751994155347" lon="-121.93548996001482">
        <ele>26.01</ele>
      </trkpt>
      <trkpt lat="36.51741994544864" lon="-121.93559993058443">
        <ele>25.89</ele>
      </trkpt>
      <trkpt lat="36.51735993102193" lon="-121.93564997054636">
        <ele>25.77</ele>
      </trkpt>
      <trkpt lat="36.517159938812256" lon="-121.93582993000746">
        <ele>25.64</ele>
      </trkpt>
      <trkpt lat="36.5171299315989" lon="-121.93585993722081">
        <ele>25.54</ele>
      </trkpt>
      <trkpt lat="36.51706991717219" lon="-121.9359399843961">
        <ele>25.43</ele>
      </trkpt>
      <trkpt lat="36.51682994328439" lon="-121.93614995107055">
        <ele>25.33</ele>
      </trkpt>
      <trkpt lat="36.516749979928136" lon="-121.93621993996203">
        <ele>25.25</ele>
      </trkpt>
      <trkpt lat="36.51660991832614" lon="-121.93633996881545">
        <ele>25.18</ele>
      </trkpt>
      <trkpt lat="36.516599943861365" lon="-121.93633996881545">
        <ele>25.14</ele>
      </trkpt>
      <trkpt lat="36.516469940543175" lon="-121.93644993938506">
        <ele>25.11</ele>
      </trkpt>
      <trkpt lat="36.5164599660784" lon="-121.93645999766886">
        <ele>25.09</ele>
      </trkpt>
      <trkpt lat="36.51644999161363" lon="-121.93645999766886">
        <ele>25.08</ele>
      </trkpt>
      <trkpt lat="36.516299955546856" lon="-121.93656996823847">
        <ele>25.11</ele>
      </trkpt>
      <trkpt lat="36.51628998108208" lon="-121.93657994270325">
        <ele>25.13</ele>
      </trkpt>
      <trkpt lat="36.5162199921906" lon="-121.93662998266518">
        <ele>25.18</ele>
      </trkpt>
      <trkpt lat="36.51598999276757" lon="-121.93678999319673">
        <ele>25.24</ele>
      </trkpt>
      <trkpt lat="36.515740379691124" lon="-121.9369347486645">
        <ele>25.32</ele>
      </trkpt>
      <trkpt lat="36.51548992842436" lon="-121.93707992322743">
        <ele>25.44</ele>
      </trkpt>
      <trkpt lat="36.515300245955586" lon="-121.9371797516942">
        <ele>25.52</ele>
      </trkpt>
      <trkpt lat="36.51510997675359" lon="-121.93727999925613">
        <ele>25.61</ele>
      </trkpt>
      <trkpt lat="36.51488995179534" lon="-121.93737999536097">
        <ele>25.71</ele>
      </trkpt>
      <trkpt lat="36.51464997790754" lon="-121.93748996593058">
        <ele>25.81</ele>
      </trkpt>
      <trkpt lat="36.51447999291122" lon="-121.93755995482206">
        <ele>25.9</ele>
      </trkpt>
      <trkpt lat="36.51434998959303" lon="-121.93757998757064">
        <ele>25.97</ele>
      </trkpt>
      <trkpt lat="36.51430992409587" lon="-121.93759993650019">
        <ele>26.04</ele>
      </trkpt>
      <trkpt lat="36.51420992799103" lon="-121.93763991817832">
        <ele>26.1</ele>
      </trkpt>
      <trkpt lat="36.514059975743294" lon="-121.93767998367548">
        <ele>26.16</ele>
      </trkpt>
      <trkpt lat="36.51387993246317" lon="-121.93772993981838">
        <ele>26.22</ele>
      </trkpt>
      <trkpt lat="36.51363995857537" lon="-121.93780998699367">
        <ele>26.25</ele>
      </trkpt>
      <trkpt lat="36.51352998800576" lon="-121.93782993592322">
        <ele>26.25</ele>
      </trkpt>
      <trkpt lat="36.51340995915234" lon="-121.93785994313657">
        <ele>26.25</ele>
      </trkpt>
      <trkpt lat="36.51334994472563" lon="-121.93787997588515">
        <ele>26.25</ele>
      </trkpt>
      <trkpt lat="36.51322999969125" lon="-121.9379099830985">
        <ele>26.23</ele>
      </trkpt>
      <trkpt lat="36.513179959729314" lon="-121.93791995756328">
        <ele>26.21</ele>
      </trkpt>
      <trkpt lat="36.51307996362448" lon="-121.93792993202806">
        <ele>26.18</ele>
      </trkpt>
      <trkpt lat="36.51291995309293" lon="-121.93795993924141">
        <ele>26.14</ele>
      </trkpt>
      <trkpt lat="36.512819956988096" lon="-121.93796999752522">
        <ele>26.11</ele>
      </trkpt>
      <trkpt lat="36.51273999363184" lon="-121.93797997198999">
        <ele>26.08</ele>
      </trkpt>
      <trkpt lat="36.51257537305355" lon="-121.93799489177763">
        <ele>26.04</ele>
      </trkpt>
      <trkpt lat="36.512409998103976" lon="-121.93800997920334">
        <ele>26.02</ele>
      </trkpt>
      <trkpt lat="36.51228996925056" lon="-121.93801995366812">
        <ele>26.01</ele>
      </trkpt>
      <trkpt lat="36.512279994785786" lon="-121.93801995366812">
        <ele>26.02</ele>
      </trkpt>
      <trkpt lat="36.51222995482385" lon="-121.93801995366812">
        <ele>26.03</ele>
      </trkpt>
      <trkpt lat="36.5121999476105" lon="-121.93801995366812">
        <ele>26.05</ele>
      </trkpt>
      <trkpt lat="36.512019988149405" lon="-121.93802992813289">
        <ele>26.08</ele>
      </trkpt>
      <trkpt lat="36.5120099298656" lon="-121.9380399864167">
        <ele>26.12</ele>
      </trkpt>
      <trkpt lat="36.51185033842921" lon="-121.93804996088147">
        <ele>26.18</ele>
      </trkpt>
      <trkpt lat="36.51168999262154" lon="-121.93805993534625">
        <ele>26.27</ele>
      </trkpt>
      <trkpt lat="36.51165998540819" lon="-121.93805993534625">
        <ele>26.36</ele>
      </trkpt>
      <trkpt lat="36.511509949341416" lon="-121.93806999363005">
        <ele>26.48</ele>
      </trkpt>
      <trkpt lat="36.511459993198514" lon="-121.93806999363005">
        <ele>26.61</ele>
      </trkpt>
      <trkpt lat="36.51130995713174" lon="-121.93807996809483">
        <ele>26.76</ele>
      </trkpt>
      <trkpt lat="36.51121993549168" lon="-121.9380899425596">
        <ele>26.92</ele>
      </trkpt>
      <trkpt lat="36.51119998656213" lon="-121.9380899425596">
        <ele>27.1</ele>
      </trkpt>
      <trkpt lat="36.5111499466002" lon="-121.9380899425596">
        <ele>27.3</ele>
      </trkpt>
      <trkpt lat="36.51101994328201" lon="-121.93809991702437">
        <ele>27.52</ele>
      </trkpt>
      <trkpt lat="36.51099999435246" lon="-121.93809991702437">
        <ele>27.76</ele>
      </trkpt>
      <trkpt lat="36.51078994385898" lon="-121.93810997530818">
        <ele>28.01</ele>
      </trkpt>
      <trkpt lat="36.510689947754145" lon="-121.93810997530818">
        <ele>28.3</ele>
      </trkpt>
      <trkpt lat="36.510649966076016" lon="-121.93810997530818">
        <ele>28.6</ele>
      </trkpt>
      <trkpt lat="36.51058995164931" lon="-121.93809991702437">
        <ele>28.93</ele>
      </trkpt>
      <trkpt lat="36.51042994111776" lon="-121.93807996809483">
        <ele>29.29</ele>
      </trkpt>
      <trkpt lat="36.51022994890809" lon="-121.93805993534625">
        <ele>29.66</ele>
      </trkpt>
      <trkpt lat="36.51018996722996" lon="-121.93804996088147">
        <ele>30.05</ele>
      </trkpt>
      <trkpt lat="36.510129952803254" lon="-121.9380399864167">
        <ele>30.46</ele>
      </trkpt>
      <trkpt lat="36.51007999666035" lon="-121.93802992813289">
        <ele>30.89</ele>
      </trkpt>
      <trkpt lat="36.51003993116319" lon="-121.93801995366812">
        <ele>31.34</ele>
      </trkpt>
      <trkpt lat="36.50994999334216" lon="-121.93798994645476">
        <ele>31.82</ele>
      </trkpt>
      <trkpt lat="36.509909927845" lon="-121.93796999752522">
        <ele>32.31</ele>
      </trkpt>
      <trkpt lat="36.50989995338023" lon="-121.93796999752522">
        <ele>32.81</ele>
      </trkpt>
      <trkpt lat="36.50988997891545" lon="-121.93796999752522">
        <ele>33.33</ele>
      </trkpt>
      <trkpt lat="36.50987992063165" lon="-121.93795993924141">
        <ele>33.86</ele>
      </trkpt>
      <trkpt lat="36.5098599717021" lon="-121.93794996477664">
        <ele>34.41</ele>
      </trkpt>
      <trkpt lat="36.50964992120862" lon="-121.93785994313657">
        <ele>35.05</ele>
      </trkpt>
      <trkpt lat="36.509529976174235" lon="-121.93778995424509">
        <ele>35.66</ele>
      </trkpt>
      <trkpt lat="36.50940994732082" lon="-121.93771996535361">
        <ele>36.28</ele>
      </trkpt>
      <trkpt lat="36.509229987859726" lon="-121.93759993650019">
        <ele>36.92</ele>
      </trkpt>
      <trkpt lat="36.509159998968244" lon="-121.93754998035729">
        <ele>37.49</ele>
      </trkpt>
      <trkpt lat="36.50906997732818" lon="-121.93745995871723">
        <ele>38.07</ele>
      </trkpt>
      <trkpt lat="36.50897995568812" lon="-121.93738996982574">
        <ele>38.69</ele>
      </trkpt>
      <trkpt lat="36.50889999233186" lon="-121.93730992265046">
        <ele>39.27</ele>
      </trkpt>
      <trkpt lat="36.508779963478446" lon="-121.93717991933227">
        <ele>39.9</ele>
      </trkpt>
      <trkpt lat="36.50869991630316" lon="-121.93706994876266">
        <ele>40.53</ele>
      </trkpt>
      <trkpt lat="36.508649960160255" lon="-121.93699995987117">
        <ele>41.09</ele>
      </trkpt>
      <trkpt lat="36.50860997848213" lon="-121.93694991990924">
        <ele>41.63</ele>
      </trkpt>
      <trkpt lat="36.508569996804" lon="-121.93688998930156">
        <ele>42.18</ele>
      </trkpt>
      <trkpt lat="36.50855993852019" lon="-121.93686995655298">
        <ele>42.71</ele>
      </trkpt>
      <trkpt lat="36.50850998237729" lon="-121.9367999676615">
        <ele>43.23</ele>
      </trkpt>
      <trkpt lat="36.50847997516394" lon="-121.93674992769957">
        <ele>43.73</ele>
      </trkpt>
      <trkpt lat="36.50845994241536" lon="-121.93670994602144">
        <ele>44.2</ele>
      </trkpt>
      <trkpt lat="36.50841996073723" lon="-121.93665998987854">
        <ele>44.65</ele>
      </trkpt>
      <trkpt lat="36.50839992798865" lon="-121.93662998266518">
        <ele>45.08</ele>
      </trkpt>
      <trkpt lat="36.50835994631052" lon="-121.9365599937737">
        <ele>45.51</ele>
      </trkpt>
      <trkpt lat="36.50831996463239" lon="-121.93649997934699">
        <ele>45.91</ele>
      </trkpt>
      <trkpt lat="36.508279982954264" lon="-121.93642999045551">
        <ele>46.29</ele>
      </trkpt>
      <trkpt lat="36.508219968527555" lon="-121.936359917745">
        <ele>46.63</ele>
      </trkpt>
      <trkpt lat="36.5081899613142" lon="-121.93631993606687">
        <ele>46.93</ele>
      </trkpt>
      <trkpt lat="36.50813992135227" lon="-121.93626997992396">
        <ele>47.2</ele>
      </trkpt>
      <trkpt lat="36.508069932460785" lon="-121.93619999103248">
        <ele>47.44</ele>
      </trkpt>
      <trkpt lat="36.50800991803408" lon="-121.93613997660577">
        <ele>47.64</ele>
      </trkpt>
      <trkpt lat="36.50796993635595" lon="-121.93610996939242">
        <ele>47.84</ele>
      </trkpt>
      <trkpt lat="36.507939929142594" lon="-121.93609999492764">
        <ele>48.0</ele>
      </trkpt>
      <trkpt lat="36.50788997299969" lon="-121.93605992943048">
        <ele>48.14</ele>
      </trkpt>
      <trkpt lat="36.507829958572984" lon="-121.93601994775236">
        <ele>48.24</ele>
      </trkpt>
      <trkpt lat="36.50777991861105" lon="-121.93599999882281">
        <ele>48.31</ele>
      </trkpt>
      <trkpt lat="36.50772996246815" lon="-121.93597996607423">
        <ele>48.35</ele>
      </trkpt>
      <trkpt lat="36.507659973576665" lon="-121.93594995886087">
        <ele>48.36</ele>
      </trkpt>
      <trkpt lat="36.50760993361473" lon="-121.9359399843961">
        <ele>48.34</ele>
      </trkpt>
      <trkpt lat="36.50755997747183" lon="-121.9359299261123">
        <ele>48.29</ele>
      </trkpt>
      <trkpt lat="36.5075199957937" lon="-121.9359299261123">
        <ele>48.21</ele>
      </trkpt>
      <trkpt lat="36.50747993029654" lon="-121.93591995164752">
        <ele>48.09</ele>
      </trkpt>
      <trkpt lat="36.507469955831766" lon="-121.93591995164752">
        <ele>47.92</ele>
      </trkpt>
      <trkpt lat="36.50742997415364" lon="-121.93591995164752">
        <ele>47.73</ele>
      </trkpt>
      <trkpt lat="36.507399966940284" lon="-121.93591995164752">
        <ele>47.5</ele>
      </trkpt>
      <trkpt lat="36.50730994530022" lon="-121.93591995164752">
        <ele>47.26</ele>
      </trkpt>
      <trkpt lat="36.50724993087351" lon="-121.9359299261123">
        <ele>46.97</ele>
      </trkpt>
      <trkpt lat="36.50711992755532" lon="-121.9359399843961">
        <ele>46.64</ele>
      </trkpt>
      <trkpt lat="36.50695991702378" lon="-121.93596999160945">
        <ele>46.26</ele>
      </trkpt>
      <trkpt lat="36.506929993629456" lon="-121.93596999160945">
        <ele>45.85</ele>
      </trkpt>
      <trkpt lat="36.506909960880876" lon="-121.93596999160945">
        <ele>45.41</ele>
      </trkpt>
      <trkpt lat="36.50676998309791" lon="-121.935989940539">
        <ele>44.92</ele>
      </trkpt>
      <trkpt lat="36.506649954244494" lon="-121.93600997328758">
        <ele>44.41</ele>
      </trkpt>
      <trkpt lat="36.506589939817786" lon="-121.93600997328758">
        <ele>43.87</ele>
      </trkpt>
      <trkpt lat="36.50656999088824" lon="-121.93600997328758">
        <ele>43.29</ele>
      </trkpt>
      <trkpt lat="36.50655993260443" lon="-121.93601994775236">
        <ele>42.7</ele>
      </trkpt>
      <trkpt lat="36.50636538863182" lon="-121.9360398966819">
        <ele>42.05</ele>
      </trkpt>
      <trkpt lat="36.50616992264986" lon="-121.93605992943048">
        <ele>41.34</ele>
      </trkpt>
      <trkpt lat="36.506049977615476" lon="-121.93607996217906">
        <ele>40.65</ele>
      </trkpt>
      <trkpt lat="36.50592994876206" lon="-121.93609999492764">
        <ele>39.96</ele>
      </trkpt>
      <trkpt lat="36.50585995987058" lon="-121.9361199438572">
        <ele>39.26</ele>
      </trkpt>
      <trkpt lat="36.50581997819245" lon="-121.93613997660577">
        <ele>38.57</ele>
      </trkpt>
      <trkpt lat="36.50566994212568" lon="-121.93622999824584">
        <ele>37.87</ele>
      </trkpt>
      <trkpt lat="36.5055100992322" lon="-121.93635480478406">
        <ele>37.15</ele>
      </trkpt>
      <trkpt lat="36.50534992106259" lon="-121.93647994659841">
        <ele>36.41</ele>
      </trkpt>
      <trkpt lat="36.5051350928843" lon="-121.9366998039186">
        <ele>35.66</ele>
      </trkpt>
      <trkpt lat="36.50491992942989" lon="-121.93691999651492">
        <ele>34.92</ele>
      </trkpt>
      <trkpt lat="36.5047899261117" lon="-121.93705997429788">
        <ele>34.18</ele>
      </trkpt>
      <trkpt lat="36.50463997386396" lon="-121.93720992654562">
        <ele>33.47</ele>
      </trkpt>
      <trkpt lat="36.5045050252229" lon="-121.93734990432858">
        <ele>32.8</ele>
      </trkpt>
      <trkpt lat="36.504369992762804" lon="-121.93748996593058">
        <ele>32.15</ele>
      </trkpt>
      <trkpt lat="36.504359934479" lon="-121.93750999867916">
        <ele>31.63</ele>
      </trkpt>
      <trkpt lat="36.504309978336096" lon="-121.93754998035729">
        <ele>31.13</ele>
      </trkpt>
      <trkpt lat="36.50427997112274" lon="-121.93756992928684">
        <ele>30.68</ele>
      </trkpt>
      <trkpt lat="36.50418994948268" lon="-121.93764997646213">
        <ele>30.25</ele>
      </trkpt>
      <trkpt lat="36.50407997891307" lon="-121.93771996535361">
        <ele>29.93</ele>
      </trkpt>
      <trkpt lat="36.50406992062926" lon="-121.93772993981838">
        <ele>29.63</ele>
      </trkpt>
      <trkpt lat="36.503989957273006" lon="-121.93776992149651">
        <ele>29.42</ele>
      </trkpt>
      <trkpt lat="36.5039299428463" lon="-121.93779992870986">
        <ele>29.25</ele>
      </trkpt>
      <trkpt lat="36.50390999391675" lon="-121.93779992870986">
        <ele>29.1</ele>
      </trkpt>
      <trkpt lat="36.50382994674146" lon="-121.93782993592322">
        <ele>29.01</ele>
      </trkpt>
      <trkpt lat="36.5037399251014" lon="-121.93783999420702">
        <ele>28.99</ele>
      </trkpt>
      <trkpt lat="36.503729950636625" lon="-121.93783999420702">
        <ele>28.95</ele>
      </trkpt>
      <trkpt lat="36.5036899689585" lon="-121.93783999420702">
        <ele>28.97</ele>
      </trkpt>
      <trkpt lat="36.50358997285366" lon="-121.93783999420702">
        <ele>29.05</ele>
      </trkpt>
      <trkpt lat="36.50351998396218" lon="-121.93782993592322">
        <ele>29.11</ele>
      </trkpt>
      <trkpt lat="36.50345996953547" lon="-121.93781996145844">
        <ele>29.18</ele>
      </trkpt>
      <trkpt lat="36.50341998785734" lon="-121.93779992870986">
        <ele>29.3</ele>
      </trkpt>
      <trkpt lat="36.50336994789541" lon="-121.93777997978032">
        <ele>29.43</ele>
      </trkpt>
      <trkpt lat="36.503339940682054" lon="-121.93776992149651">
        <ele>29.61</ele>
      </trkpt>
      <trkpt lat="36.50326995179057" lon="-121.93773999810219">
        <ele>29.78</ele>
      </trkpt>
      <trkpt lat="36.50324991904199" lon="-121.93772993981838">
        <ele>29.99</ele>
      </trkpt>
      <trkpt lat="36.50320993736386" lon="-121.93770999088883">
        <ele>30.22</ele>
      </trkpt>
      <trkpt lat="36.503149922937155" lon="-121.93768995814025">
        <ele>30.47</ele>
      </trkpt>
      <trkpt lat="36.50310994125903" lon="-121.93766992539167">
        <ele>30.75</ele>
      </trkpt>
      <trkpt lat="36.5030699595809" lon="-121.9376599509269">
        <ele>31.04</ele>
      </trkpt>
      <trkpt lat="36.503039952367544" lon="-121.9376599509269">
        <ele>31.36</ele>
      </trkpt>
      <trkpt lat="36.50300994515419" lon="-121.93764997646213">
        <ele>31.71</ele>
      </trkpt>
      <trkpt lat="36.50295998901129" lon="-121.93764997646213">
        <ele>32.06</ele>
      </trkpt>
      <trkpt lat="36.502909949049354" lon="-121.93764997646213">
        <ele>32.42</ele>
      </trkpt>
      <trkpt lat="36.502849934622645" lon="-121.9376599509269">
        <ele>32.79</ele>
      </trkpt>
      <trkpt lat="36.50278992019594" lon="-121.93766992539167">
        <ele>33.16</ele>
      </trkpt>
      <trkpt lat="36.502739964053035" lon="-121.93767998367548">
        <ele>33.55</ele>
      </trkpt>
      <trkpt lat="36.50266997516155" lon="-121.93770999088883">
        <ele>33.94</ele>
      </trkpt>
      <trkpt lat="36.502549946308136" lon="-121.93775994703174">
        <ele>34.37</ele>
      </trkpt>
      <trkpt lat="36.50250996463001" lon="-121.93778995424509">
        <ele>34.7</ele>
      </trkpt>
      <trkpt lat="36.502499990165234" lon="-121.93778995424509">
        <ele>35.04</ele>
      </trkpt>
      <trkpt lat="36.50234995409846" lon="-121.93786991760135">
        <ele>35.4</ele>
      </trkpt>
      <trkpt lat="36.50221995078027" lon="-121.93793999031186">
        <ele>35.73</ele>
      </trkpt>
      <trkpt lat="36.502049965783954" lon="-121.93802992813289">
        <ele>36.01</ele>
      </trkpt>
      <trkpt lat="36.50199992582202" lon="-121.93804996088147">
        <ele>36.26</ele>
      </trkpt>
      <trkpt lat="36.50194996967912" lon="-121.93806999363005">
        <ele>36.49</ele>
      </trkpt>
      <trkpt lat="36.501879980787635" lon="-121.93809991702437">
        <ele>36.69</ele>
      </trkpt>
      <trkpt lat="36.50178995914757" lon="-121.93811994977295">
        <ele>36.89</ele>
      </trkpt>
      <trkpt lat="36.501709995791316" lon="-121.93811994977295">
        <ele>37.09</ele>
      </trkpt>
      <trkpt lat="36.50164998136461" lon="-121.93811994977295">
        <ele>37.24</ele>
      </trkpt>
      <trkpt lat="36.501619974151254" lon="-121.93811994977295">
        <ele>37.34</ele>
      </trkpt>
      <trkpt lat="36.50160999968648" lon="-121.93810997530818">
        <ele>37.45</ele>
      </trkpt>
      <trkpt lat="36.501559959724545" lon="-121.93810997530818">
        <ele>37.5</ele>
      </trkpt>
      <trkpt lat="36.501539926975965" lon="-121.93809991702437">
        <ele>37.55</ele>
      </trkpt>
      <trkpt lat="36.50147999636829" lon="-121.93807996809483">
        <ele>37.6</ele>
      </trkpt>
      <trkpt lat="36.501429956406355" lon="-121.93805993534625">
        <ele>37.62</ele>
      </trkpt>
      <trkpt lat="36.50136994197965" lon="-121.9380399864167">
        <ele>37.59</ele>
      </trkpt>
      <trkpt lat="36.50133993476629" lon="-121.93801995366812">
        <ele>37.57</ele>
      </trkpt>
      <trkpt lat="36.50128997862339" lon="-121.93798994645476">
        <ele>37.48</ele>
      </trkpt>
      <trkpt lat="36.50117992423475" lon="-121.93791995756328">
        <ele>37.38</ele>
      </trkpt>
      <trkpt lat="36.501149917021394" lon="-121.9378999248147">
        <ele>37.26</ele>
      </trkpt>
      <trkpt lat="36.50105997920036" lon="-121.93783999420702">
        <ele>37.09</ele>
      </trkpt>
      <trkpt lat="36.50089996866882" lon="-121.93772993981838">
        <ele>36.95</ele>
      </trkpt>
      <trkpt lat="36.500679943710566" lon="-121.93757998757064">
        <ele>36.68</ele>
      </trkpt>
      <trkpt lat="36.50053015910089" lon="-121.93748007528484">
        <ele>36.43</ele>
      </trkpt>
      <trkpt lat="36.500379955396056" lon="-121.93737999536097">
        <ele>36.16</ele>
      </trkpt>
      <trkpt lat="36.50020997039974" lon="-121.93728997372091">
        <ele>35.84</ele>
      </trkpt>
      <trkpt lat="36.50006999261677" lon="-121.93720992654562">
        <ele>35.54</ele>
      </trkpt>
      <trkpt lat="36.49999991990626" lon="-121.93716994486749">
        <ele>35.29</ele>
      </trkpt>
      <trkpt lat="36.499929931014776" lon="-121.93710993044078">
        <ele>35.09</ele>
      </trkpt>
      <trkpt lat="36.499859942123294" lon="-121.9370499998331">
        <ele>34.9</ele>
      </trkpt>
      <trkpt lat="36.49971996434033" lon="-121.93692997097969">
        <ele>34.7</ele>
      </trkpt>
      <trkpt lat="36.499579986557364" lon="-121.93676996044815">
        <ele>34.49</ele>
      </trkpt>
      <trkpt lat="36.49954997934401" lon="-121.93673995323479">
        <ele>34.26</ele>
      </trkpt>
      <trkpt lat="36.49945995770395" lon="-121.93659997545183">
        <ele>34.02</ele>
      </trkpt>
      <trkpt lat="36.49933992885053" lon="-121.93643996492028">
        <ele>33.78</ele>
      </trkpt>
      <trkpt lat="36.49921998381615" lon="-121.93627995438874">
        <ele>33.62</ele>
      </trkpt>
      <trkpt lat="36.499129962176085" lon="-121.93616998381913">
        <ele>33.39</ele>
      </trkpt>
      <trkpt lat="36.49904999881983" lon="-121.93606998771429">
        <ele>33.23</ele>
      </trkpt>
      <trkpt lat="36.49894991889596" lon="-121.93594995886087">
        <ele>33.1</ele>
      </trkpt>
      <trkpt lat="36.49889996275306" lon="-121.93589991889894">
        <ele>32.92</ele>
      </trkpt>
      <trkpt lat="36.4988699555397" lon="-121.93586999550462">
        <ele>32.73</ele>
      </trkpt>
      <trkpt lat="36.49883994832635" lon="-121.93583998829126">
        <ele>32.53</ele>
      </trkpt>
      <trkpt lat="36.49876995943487" lon="-121.93578994832933">
        <ele>32.34</ele>
      </trkpt>
      <trkpt lat="36.49868999607861" lon="-121.93573999218643">
        <ele>32.14</ele>
      </trkpt>
      <trkpt lat="36.49860994890332" lon="-121.93569992668927">
        <ele>31.95</ele>
      </trkpt>
      <trkpt lat="36.498549934476614" lon="-121.93566991947591">
        <ele>31.75</ele>
      </trkpt>
      <trkpt lat="36.49853996001184" lon="-121.93566991947591">
        <ele>31.56</ele>
      </trkpt>
      <trkpt lat="36.49847994558513" lon="-121.93564997054636">
        <ele>31.37</ele>
      </trkpt>
      <trkpt lat="36.49842998944223" lon="-121.93563999608159">
        <ele>31.19</ele>
      </trkpt>
      <trkpt lat="36.49836997501552" lon="-121.93563999608159">
        <ele>31.02</ele>
      </trkpt>
      <trkpt lat="36.49830996058881" lon="-121.93563999608159">
        <ele>30.87</ele>
      </trkpt>
      <trkpt lat="36.49821993894875" lon="-121.93565994501114">
        <ele>30.74</ele>
      </trkpt>
      <trkpt lat="36.498189931735396" lon="-121.93566991947591">
        <ele>30.66</ele>
      </trkpt>
      <trkpt lat="36.49816998280585" lon="-121.93566991947591">
        <ele>30.61</ele>
      </trkpt>
      <trkpt lat="36.49810996837914" lon="-121.9356899522245">
        <ele>30.56</ele>
      </trkpt>
      <trkpt lat="36.49802992120385" lon="-121.93572993390262">
        <ele>30.52</ele>
      </trkpt>
      <trkpt lat="36.49801994673908" lon="-121.93572993390262">
        <ele>30.57</ele>
      </trkpt>
      <trkpt lat="36.49793998338282" lon="-121.93576999939978">
        <ele>30.56</ele>
      </trkpt>
      <trkpt lat="36.49789991788566" lon="-121.93578994832933">
        <ele>30.65</ele>
      </trkpt>
      <trkpt lat="36.49782992899418" lon="-121.93583998829126">
        <ele>30.74</ele>
      </trkpt>
      <trkpt lat="36.497799921780825" lon="-121.93585993722081">
        <ele>30.95</ele>
      </trkpt>
      <trkpt lat="36.49763999506831" lon="-121.935989940539">
        <ele>31.24</ele>
      </trkpt>
      <trkpt lat="36.49760998785496" lon="-121.93601994775236">
        <ele>31.6</ele>
      </trkpt>
      <trkpt lat="36.497539998963475" lon="-121.93609999492764">
        <ele>32.03</ele>
      </trkpt>
      <trkpt lat="36.497499933466315" lon="-121.93612991832197">
        <ele>32.54</ele>
      </trkpt>
      <trkpt lat="36.49739993736148" lon="-121.93622999824584">
        <ele>33.28</ele>
      </trkpt>
      <trkpt lat="36.49735995568335" lon="-121.93625992164016">
        <ele>33.93</ele>
      </trkpt>
      <trkpt lat="36.49729994125664" lon="-121.93631993606687">
        <ele>34.68</ele>
      </trkpt>
      <trkpt lat="36.49722995236516" lon="-121.9363699760288">
        <ele>35.48</ele>
      </trkpt>
      <trkpt lat="36.49720991961658" lon="-121.93637995049357">
        <ele>36.21</ele>
      </trkpt>
      <trkpt lat="36.4971499890089" lon="-121.93642999045551">
        <ele>37.0</ele>
      </trkpt>
      <trkpt lat="36.49700020439923" lon="-121.93651984445751">
        <ele>37.92</ele>
      </trkpt>
      <trkpt lat="36.49684991687536" lon="-121.9366099499166">
        <ele>38.81</ele>
      </trkpt>
      <trkpt lat="36.49667523801327" lon="-121.93668982945383">
        <ele>39.69</ele>
      </trkpt>
      <trkpt lat="36.49649997241795" lon="-121.93676996044815">
        <ele>40.52</ele>
      </trkpt>
      <trkpt lat="36.49628992192447" lon="-121.93685998208821">
        <ele>41.35</ele>
      </trkpt>
      <trkpt lat="36.49609034880996" lon="-121.9369397778064">
        <ele>42.2</ele>
      </trkpt>
      <trkpt lat="36.495889937505126" lon="-121.93701999261975">
        <ele>43.1</ele>
      </trkpt>
      <trkpt lat="36.495839981362224" lon="-121.9370399415493">
        <ele>44.01</ele>
      </trkpt>
      <trkpt lat="36.49582992307842" lon="-121.9370399415493">
        <ele>44.93</ele>
      </trkpt>
      <trkpt lat="36.495669996365905" lon="-121.93710993044078">
        <ele>45.91</ele>
      </trkpt>
      <trkpt lat="36.49543044157326" lon="-121.93720640614629">
        <ele>46.93</ele>
      </trkpt>
      <trkpt lat="36.49519088678062" lon="-121.93730288185179">
        <ele>47.94</ele>
      </trkpt>
      <trkpt lat="36.49494999088347" lon="-121.93739994429052">
        <ele>48.91</ele>
      </trkpt>
      <trkpt lat="36.49481998756528" lon="-121.93744998425245">
        <ele>49.85</ele>
      </trkpt>
      <trkpt lat="36.49461035616696" lon="-121.93752977997065">
        <ele>50.79</ele>
      </trkpt>
      <trkpt lat="36.49439997039735" lon="-121.937609994784">
        <ele>51.73</ele>
      </trkpt>
      <trkpt lat="36.49428999982774" lon="-121.93764997646213">
        <ele>52.66</ele>
      </trkpt>
      <trkpt lat="36.49425999261439" lon="-121.9376599509269">
        <ele>53.57</ele>
      </trkpt>
      <trkpt lat="36.49421992711723" lon="-121.93766992539167">
        <ele>54.49</ele>
      </trkpt>
      <trkpt lat="36.4941299892962" lon="-121.93769993260503">
        <ele>55.4</ele>
      </trkpt>
      <trkpt lat="36.49404994212091" lon="-121.93770999088883">
        <ele>56.3</ele>
      </trkpt>
      <trkpt lat="36.49396997876465" lon="-121.93771996535361">
        <ele>57.2</ele>
      </trkpt>
      <trkpt lat="36.4939399715513" lon="-121.93772993981838">
        <ele>58.06</ele>
      </trkpt>
      <trkpt lat="36.49389998987317" lon="-121.93772993981838">
        <ele>58.91</ele>
      </trkpt>
      <trkpt lat="36.49385992437601" lon="-121.93772993981838">
        <ele>59.74</ele>
      </trkpt>
      <trkpt lat="36.49380996823311" lon="-121.93773999810219">
        <ele>60.55</ele>
      </trkpt>
      <trkpt lat="36.49372992105782" lon="-121.93772993981838">
        <ele>61.35</ele>
      </trkpt>
      <trkpt lat="36.49370997212827" lon="-121.93772993981838">
        <ele>62.12</ele>
      </trkpt>
      <trkpt lat="36.49367996491492" lon="-121.93772993981838">
        <ele>62.87</ele>
      </trkpt>
      <trkpt lat="36.49341559968889" lon="-121.93769507110119">
        <ele>63.66</ele>
      </trkpt>
      <trkpt lat="36.49314997717738" lon="-121.9376599509269">
        <ele>64.44</ele>
      </trkpt>
      <trkpt lat="36.49306993000209" lon="-121.9376599509269">
        <ele>65.13</ele>
      </trkpt>
      <trkpt lat="36.49301997385919" lon="-121.9376599509269">
        <ele>65.79</ele>
      </trkpt>
      <trkpt lat="36.49294998496771" lon="-121.93766992539167">
        <ele>66.43</ele>
      </trkpt>
      <trkpt lat="36.49284998886287" lon="-121.93768995814025">
        <ele>67.05</ele>
      </trkpt>
      <trkpt lat="36.49277999997139" lon="-121.93770999088883">
        <ele>67.61</ele>
      </trkpt>
      <trkpt lat="36.492729960009456" lon="-121.93772993981838">
        <ele>68.14</ele>
      </trkpt>
      <trkpt lat="36.49267992004752" lon="-121.93773999810219">
        <ele>68.63</ele>
      </trkpt>
      <trkpt lat="36.49251999333501" lon="-121.93780998699367">
        <ele>69.1</ele>
      </trkpt>
      <trkpt lat="36.49251999333501" lon="-121.93781996145844">
        <ele>69.49</ele>
      </trkpt>
      <trkpt lat="36.4924599789083" lon="-121.9378499686718">
        <ele>69.85</ele>
      </trkpt>
      <trkpt lat="36.492359982803464" lon="-121.9379099830985">
        <ele>70.18</ele>
      </trkpt>
      <trkpt lat="36.49232997559011" lon="-121.93792993202806">
        <ele>70.44</ele>
      </trkpt>
      <trkpt lat="36.49228999391198" lon="-121.93794996477664">
        <ele>70.67</ele>
      </trkpt>
      <trkpt lat="36.492279935628176" lon="-121.93795993924141">
        <ele>70.84</ele>
      </trkpt>
      <trkpt lat="36.49219997227192" lon="-121.93800997920334">
        <ele>70.97</ele>
      </trkpt>
      <trkpt lat="36.49211992509663" lon="-121.93805993534625">
        <ele>71.05</ele>
      </trkpt>
      <trkpt lat="36.4920299872756" lon="-121.93809991702437">
        <ele>71.09</ele>
      </trkpt>
      <trkpt lat="36.491999980062246" lon="-121.93811994977295">
        <ele>71.08</ele>
      </trkpt>
      <trkpt lat="36.49196997284889" lon="-121.93813998252153">
        <ele>71.01</ele>
      </trkpt>
      <trkpt lat="36.49195999838412" lon="-121.93813998252153">
        <ele>70.9</ele>
      </trkpt>
      <trkpt lat="36.491869976744056" lon="-121.93817996419966">
        <ele>70.75</ele>
      </trkpt>
      <trkpt lat="36.491849943995476" lon="-121.93817996419966">
        <ele>70.54</ele>
      </trkpt>
      <trkpt lat="36.49180996231735" lon="-121.93819999694824">
        <ele>70.29</ele>
      </trkpt>
      <trkpt lat="36.49166998453438" lon="-121.93821994587779">
        <ele>70.03</ele>
      </trkpt>
      <trkpt lat="36.491419952362776" lon="-121.93825992755592">
        <ele>69.7</ele>
      </trkpt>
      <trkpt lat="36.49132993072271" lon="-121.93826998583972">
        <ele>69.31</ele>
      </trkpt>
      <trkpt lat="36.49120998568833" lon="-121.93826998583972">
        <ele>68.88</ele>
      </trkpt>
      <trkpt lat="36.49116992019117" lon="-121.93826998583972">
        <ele>68.42</ele>
      </trkpt>
      <trkpt lat="36.4909799862653" lon="-121.93826998583972">
        <ele>67.88</ele>
      </trkpt>
      <trkpt lat="36.490839924663305" lon="-121.93825992755592">
        <ele>67.33</ele>
      </trkpt>
      <trkpt lat="36.49064999073744" lon="-121.93824995309114">
        <ele>66.71</ele>
      </trkpt>
      <trkpt lat="36.4904603920877" lon="-121.93823997862637">
        <ele>66.05</ele>
      </trkpt>
      <trkpt lat="36.49026995524764" lon="-121.93822992034256">
        <ele>65.36</ele>
      </trkpt>
      <trkpt lat="36.490129977464676" lon="-121.93821994587779">
        <ele>64.68</ele>
      </trkpt>
      <trkpt lat="36.489979941397905" lon="-121.93820997141302">
        <ele>64.0</ele>
      </trkpt>
      <trkpt lat="36.48989997804165" lon="-121.93819999694824">
        <ele>63.35</ele>
      </trkpt>
      <trkpt lat="36.48980995640159" lon="-121.93817996419966">
        <ele>62.7</ele>
      </trkpt>
      <trkpt lat="36.48974994197488" lon="-121.93815993145108">
        <ele>62.04</ele>
      </trkpt>
      <trkpt lat="36.48970996029675" lon="-121.93814995698631">
        <ele>61.39</ele>
      </trkpt>
      <trkpt lat="36.48966997861862" lon="-121.93813998252153">
        <ele>60.73</ele>
      </trkpt>
      <trkpt lat="36.48959998972714" lon="-121.93811994977295">
        <ele>60.07</ele>
      </trkpt>
      <trkpt lat="36.4894999936223" lon="-121.9380899425596">
        <ele>59.4</ele>
      </trkpt>
      <trkpt lat="36.489419946447015" lon="-121.93806999363005">
        <ele>58.73</ele>
      </trkpt>
      <trkpt lat="36.48935993202031" lon="-121.93804996088147">
        <ele>58.09</ele>
      </trkpt>
      <trkpt lat="36.489249961450696" lon="-121.93800997920334">
        <ele>57.46</ele>
      </trkpt>
      <trkpt lat="36.48910998366773" lon="-121.93796999752522">
        <ele>56.83</ele>
      </trkpt>
      <trkpt lat="36.4890599437058" lon="-121.93795993924141">
        <ele>56.21</ele>
      </trkpt>
      <trkpt lat="36.48903999477625" lon="-121.93794996477664">
        <ele>55.6</ele>
      </trkpt>
      <trkpt lat="36.48888995870948" lon="-121.9379099830985">
        <ele>54.95</ele>
      </trkpt>
      <trkpt lat="36.48880999535322" lon="-121.93788995034993">
        <ele>54.34</ele>
      </trkpt>
      <trkpt lat="36.48856993764639" lon="-121.93781996145844">
        <ele>53.59</ele>
      </trkpt>
      <trkpt lat="36.488539930433035" lon="-121.93780998699367">
        <ele>53.03</ele>
      </trkpt>
      <trkpt lat="36.4884399343282" lon="-121.93778995424509">
        <ele>52.46</ele>
      </trkpt>
      <trkpt lat="36.488279923796654" lon="-121.93775994703174">
        <ele>51.9</ele>
      </trkpt>
      <trkpt lat="36.4881999604404" lon="-121.93773999810219">
        <ele>51.42</ele>
      </trkpt>
      <trkpt lat="36.48802997544408" lon="-121.93771996535361">
        <ele>50.95</ele>
      </trkpt>
      <trkpt lat="36.487939953804016" lon="-121.93770999088883">
        <ele>50.5</ele>
      </trkpt>
      <trkpt lat="36.487829983234406" lon="-121.93769993260503">
        <ele>50.06</ele>
      </trkpt>
      <trkpt lat="36.48771992884576" lon="-121.93769993260503">
        <ele>49.64</ele>
      </trkpt>
      <trkpt lat="36.48760995827615" lon="-121.93769993260503">
        <ele>49.24</ele>
      </trkpt>
      <trkpt lat="36.48749998770654" lon="-121.93770999088883">
        <ele>48.85</ele>
      </trkpt>
      <trkpt lat="36.48744994774461" lon="-121.93770999088883">
        <ele>48.47</ele>
      </trkpt>
      <trkpt lat="36.48732991889119" lon="-121.93771996535361">
        <ele>48.11</ele>
      </trkpt>
      <trkpt lat="36.48728993721306" lon="-121.93771996535361">
        <ele>47.76</ele>
      </trkpt>
      <trkpt lat="36.48725992999971" lon="-121.93771996535361">
        <ele>47.42</ele>
      </trkpt>
      <trkpt lat="36.487119952216744" lon="-121.93771996535361">
        <ele>47.09</ele>
      </trkpt>
      <trkpt lat="36.486949967220426" lon="-121.93773999810219">
        <ele>46.76</ele>
      </trkpt>
      <trkpt lat="36.48674997501075" lon="-121.93774997256696">
        <ele>46.44</ele>
      </trkpt>
      <trkpt lat="36.48658996447921" lon="-121.93775994703174">
        <ele>46.11</ele>
      </trkpt>
      <trkpt lat="36.48644998669624" lon="-121.93776992149651">
        <ele>45.78</ele>
      </trkpt>
      <trkpt lat="36.48640992119908" lon="-121.93776992149651">
        <ele>45.47</ele>
      </trkpt>
      <trkpt lat="36.48620992898941" lon="-121.93777997978032">
        <ele>45.13</ele>
      </trkpt>
      <trkpt lat="36.48618998005986" lon="-121.93778995424509">
        <ele>44.82</ele>
      </trkpt>
      <trkpt lat="36.48598998785019" lon="-121.93779992870986">
        <ele>44.48</ele>
      </trkpt>
      <trkpt lat="36.48586995899677" lon="-121.93779992870986">
        <ele>44.15</ele>
      </trkpt>
      <trkpt lat="36.48583995178342" lon="-121.93780998699367">
        <ele>43.82</ele>
      </trkpt>
      <trkpt lat="36.485699974000454" lon="-121.93781996145844">
        <ele>43.49</ele>
      </trkpt>
      <trkpt lat="36.48568999953568" lon="-121.93781996145844">
        <ele>43.16</ele>
      </trkpt>
      <trkpt lat="36.4856699667871" lon="-121.93781996145844">
        <ele>42.82</ele>
      </trkpt>
      <trkpt lat="36.48554993793368" lon="-121.93782993592322">
        <ele>42.46</ele>
      </trkpt>
      <trkpt lat="36.485399985685945" lon="-121.93782993592322">
        <ele>42.09</ele>
      </trkpt>
      <trkpt lat="36.48532999679446" lon="-121.93783999420702">
        <ele>41.72</ele>
      </trkpt>
      <trkpt lat="36.48527995683253" lon="-121.93783999420702">
        <ele>41.34</ele>
      </trkpt>
      <trkpt lat="36.485189935192466" lon="-121.93783999420702">
        <ele>40.95</ele>
      </trkpt>
      <trkpt lat="36.48514995351434" lon="-121.93782993592322">
        <ele>40.56</ele>
      </trkpt>
      <trkpt lat="36.485099997371435" lon="-121.93782993592322">
        <ele>40.16</ele>
      </trkpt>
      <trkpt lat="36.484969994053245" lon="-121.93781996145844">
        <ele>39.74</ele>
      </trkpt>
      <trkpt lat="36.484949961304665" lon="-121.93781996145844">
        <ele>39.31</ele>
      </trkpt>
      <trkpt lat="36.484929928556085" lon="-121.93781996145844">
        <ele>38.87</ele>
      </trkpt>
      <trkpt lat="36.48484996519983" lon="-121.93780998699367">
        <ele>38.41</ele>
      </trkpt>
      <trkpt lat="36.48476991802454" lon="-121.93779992870986">
        <ele>37.94</ele>
      </trkpt>
      <trkpt lat="36.48467998020351" lon="-121.93777997978032">
        <ele>37.45</ele>
      </trkpt>
      <trkpt lat="36.48459993302822" lon="-121.93775994703174">
        <ele>36.95</ele>
      </trkpt>
      <trkpt lat="36.484459955245256" lon="-121.93771996535361">
        <ele>36.43</ele>
      </trkpt>
      <trkpt lat="36.48433992639184" lon="-121.93766992539167">
        <ele>35.91</ele>
      </trkpt>
      <trkpt lat="36.48416994139552" lon="-121.93759993650019">
        <ele>35.36</ele>
      </trkpt>
      <trkpt lat="36.48398998193443" lon="-121.93750999867916">
        <ele>34.84</ele>
      </trkpt>
      <trkpt lat="36.48384992033243" lon="-121.93743992596865">
        <ele>34.33</ele>
      </trkpt>
      <trkpt lat="36.4837599825114" lon="-121.93739994429052">
        <ele>33.83</ele>
      </trkpt>
      <trkpt lat="36.483749924227595" lon="-121.93738996982574">
        <ele>33.34</ele>
      </trkpt>
      <trkpt lat="36.48370994254947" lon="-121.93737999536097">
        <ele>32.85</ele>
      </trkpt>
      <trkpt lat="36.48359997197986" lon="-121.93732995539904">
        <ele>32.34</ele>
      </trkpt>
      <trkpt lat="36.48349997587502" lon="-121.93727999925613">
        <ele>31.84</ele>
      </trkpt>
      <trkpt lat="36.48340995423496" lon="-121.93724999204278">
        <ele>31.37</ele>
      </trkpt>
      <trkpt lat="36.48330995813012" lon="-121.93720992654562">
        <ele>30.91</ele>
      </trkpt>
      <trkpt lat="36.48324994370341" lon="-121.93719995208085">
        <ele>30.46</ele>
      </trkpt>
      <trkpt lat="36.483079958707094" lon="-121.93714999593794">
        <ele>30.01</ele>
      </trkpt>
      <trkpt lat="36.482909973710775" lon="-121.93711998872459">
        <ele>29.56</ele>
      </trkpt>
      <trkpt lat="36.482899999246" lon="-121.93711998872459">
        <ele>29.17</ele>
      </trkpt>
      <trkpt lat="36.48276999592781" lon="-121.93710993044078">
        <ele>28.77</ele>
      </trkpt>
      <trkpt lat="36.482649967074394" lon="-121.93710993044078">
        <ele>28.42</ele>
      </trkpt>
      <trkpt lat="36.48255994543433" lon="-121.93710993044078">
        <ele>28.08</ele>
      </trkpt>
      <trkpt lat="36.482539996504784" lon="-121.93710993044078">
        <ele>27.79</ele>
      </trkpt>
      <trkpt lat="36.48240999318659" lon="-121.93710993044078">
        <ele>27.5</ele>
      </trkpt>
      <trkpt lat="36.48235995322466" lon="-121.93710993044078">
        <ele>27.26</ele>
      </trkpt>
      <trkpt lat="36.48223992437124" lon="-121.93710993044078">
        <ele>27.03</ele>
      </trkpt>
      <trkpt lat="36.482179993763566" lon="-121.93710993044078">
        <ele>26.81</ele>
      </trkpt>
      <trkpt lat="36.482049990445375" lon="-121.93710993044078">
        <ele>26.54</ele>
      </trkpt>
      <trkpt lat="36.48181999102235" lon="-121.93709995597601">
        <ele>26.2</ele>
      </trkpt>
      <trkpt lat="36.481649922207" lon="-121.93709995597601">
        <ele>26.0</ele>
      </trkpt>
      <trkpt lat="36.48150994442403" lon="-121.93711998872459">
        <ele>26.06</ele>
      </trkpt>
      <trkpt lat="36.48123996332288" lon="-121.93713993765414">
        <ele>26.33</ele>
      </trkpt>
      <trkpt lat="36.48115999996662" lon="-121.93714999593794">
        <ele>26.43</ele>
      </trkpt>
      <trkpt lat="36.481149941682816" lon="-121.93714999593794">
        <ele>26.48</ele>
      </trkpt>
      <trkpt lat="36.48107995279133" lon="-121.93715997040272">
        <ele>26.61</ele>
      </trkpt>
      <trkpt lat="36.48096998222172" lon="-121.93715997040272">
        <ele>26.72</ele>
      </trkpt>
      <trkpt lat="36.4807899389416" lon="-121.93715997040272">
        <ele>26.87</ele>
      </trkpt>
      <trkpt lat="36.48074995726347" lon="-121.93715997040272">
        <ele>26.99</ele>
      </trkpt>
      <trkpt lat="36.480609979480505" lon="-121.93715997040272">
        <ele>27.14</ele>
      </trkpt>
      <trkpt lat="36.4805999211967" lon="-121.93715997040272">
        <ele>27.29</ele>
      </trkpt>
      <trkpt lat="36.48049992509186" lon="-121.93714999593794">
        <ele>27.46</ele>
      </trkpt>
      <trkpt lat="36.480439994484186" lon="-121.93713993765414">
        <ele>27.63</ele>
      </trkpt>
      <trkpt lat="36.48042993620038" lon="-121.93713993765414">
        <ele>27.8</ele>
      </trkpt>
      <trkpt lat="36.48025995120406" lon="-121.93711998872459">
        <ele>28.0</ele>
      </trkpt>
      <trkpt lat="36.48001997731626" lon="-121.93706994876266">
        <ele>28.17</ele>
      </trkpt>
      <trkpt lat="36.47993993014097" lon="-121.9370399415493">
        <ele>28.35</ele>
      </trkpt>
      <trkpt lat="36.47990992292762" lon="-121.9370399415493">
        <ele>28.52</ele>
      </trkpt>
      <trkpt lat="36.479729963466525" lon="-121.93695997819304">
        <ele>28.66</ele>
      </trkpt>
      <trkpt lat="36.47956995293498" lon="-121.93688998930156">
        <ele>28.79</ele>
      </trkpt>
      <trkpt lat="36.47947993129492" lon="-121.93683994933963">
        <ele>28.94</ele>
      </trkpt>
      <trkpt lat="36.47943994961679" lon="-121.93681991659105">
        <ele>29.11</ele>
      </trkpt>
      <trkpt lat="36.47927524521947" lon="-121.93673509173095">
        <ele>29.26</ele>
      </trkpt>
      <trkpt lat="36.479109954088926" lon="-121.93664993159473">
        <ele>29.43</ele>
      </trkpt>
      <trkpt lat="36.4790699724108" lon="-121.93662998266518">
        <ele>29.6</ele>
      </trkpt>
      <trkpt lat="36.47888992913067" lon="-121.93652998656034">
        <ele>29.78</ele>
      </trkpt>
      <trkpt lat="36.47876998409629" lon="-121.93647994659841">
        <ele>29.98</ele>
      </trkpt>
      <trkpt lat="36.47875992581248" lon="-121.93646997213364">
        <ele>30.16</ele>
      </trkpt>
      <trkpt lat="36.47864995524287" lon="-121.93642999045551">
        <ele>30.33</ele>
      </trkpt>
      <trkpt lat="36.47859999909997" lon="-121.93640995770693">
        <ele>30.5</ele>
      </trkpt>
      <trkpt lat="36.478549959138036" lon="-121.93638992495835">
        <ele>30.67</ele>
      </trkpt>
      <trkpt lat="36.47846999578178" lon="-121.9363699760288">
        <ele>30.82</ele>
      </trkpt>
      <trkpt lat="36.47838994860649" lon="-121.93633996881545">
        <ele>30.97</ele>
      </trkpt>
      <trkpt lat="36.47833999246359" lon="-121.93632999435067">
        <ele>31.12</ele>
      </trkpt>
      <trkpt lat="36.478289952501655" lon="-121.93631993606687">
        <ele>31.26</ele>
      </trkpt>
      <trkpt lat="36.47816992364824" lon="-121.93628992885351">
        <ele>31.41</ele>
      </trkpt>
      <trkpt lat="36.477989964187145" lon="-121.93625992164016">
        <ele>31.54</ele>
      </trkpt>
      <trkpt lat="36.47776993922889" lon="-121.93622999824584">
        <ele>31.68</ele>
      </trkpt>
      <trkpt lat="36.47755041718483" lon="-121.93619504570961">
        <ele>31.85</ele>
      </trkpt>
      <trkpt lat="36.47732997313142" lon="-121.93615992553532">
        <ele>31.99</ele>
      </trkpt>
      <trkpt lat="36.47702998481691" lon="-121.93609999492764">
        <ele>32.13</ele>
      </trkpt>
      <trkpt lat="36.476869974285364" lon="-121.93607996217906">
        <ele>32.23</ele>
      </trkpt>
      <trkpt lat="36.47685999982059" lon="-121.93606998771429">
        <ele>32.29</ele>
      </trkpt>
      <trkpt lat="36.476679956540465" lon="-121.93603998050094">
        <ele>32.35</ele>
      </trkpt>
      <trkpt lat="36.47651994600892" lon="-121.93600997328758">
        <ele>32.38</ele>
      </trkpt>
      <trkpt lat="36.47649999707937" lon="-121.93600997328758">
        <ele>32.4</ele>
      </trkpt>
      <trkpt lat="36.47631995379925" lon="-121.93597996607423">
        <ele>32.41</ele>
      </trkpt>
      <trkpt lat="36.4761599432677" lon="-121.93594995886087">
        <ele>32.41</ele>
      </trkpt>
      <trkpt lat="36.476139994338155" lon="-121.93594995886087">
        <ele>32.39</ele>
      </trkpt>
      <trkpt lat="36.47589993663132" lon="-121.93589991889894">
        <ele>32.34</ele>
      </trkpt>
      <trkpt lat="36.47562995553017" lon="-121.93584996275604">
        <ele>32.28</ele>
      </trkpt>
      <trkpt lat="36.47560992278159" lon="-121.93584996275604">
        <ele>32.23</ele>
      </trkpt>
      <trkpt lat="36.47538051009178" lon="-121.93581006489694">
        <ele>32.14</ele>
      </trkpt>
      <trkpt lat="36.475151013582945" lon="-121.93577016703784">
        <ele>32.06</ele>
      </trkpt>
      <trkpt lat="36.474919924512506" lon="-121.93572993390262">
        <ele>31.96</ele>
      </trkpt>
      <trkpt lat="36.47465053014457" lon="-121.93568006157875">
        <ele>31.86</ele>
      </trkpt>
      <trkpt lat="36.474379962310195" lon="-121.93562993779778">
        <ele>31.75</ele>
      </trkpt>
      <trkpt lat="36.47428994067013" lon="-121.93561996333301">
        <ele>31.68</ele>
      </trkpt>
      <trkpt lat="36.47407041862607" lon="-121.93558006547391">
        <ele>31.62</ele>
      </trkpt>
      <trkpt lat="36.47384997457266" lon="-121.93553999997675">
        <ele>31.59</ele>
      </trkpt>
      <trkpt lat="36.47383991628885" lon="-121.93553999997675">
        <ele>31.54</ele>
      </trkpt>
      <trkpt lat="36.47366532124579" lon="-121.93550504744053">
        <ele>31.5</ele>
      </trkpt>
      <trkpt lat="36.47348997183144" lon="-121.93546992726624">
        <ele>31.48</ele>
      </trkpt>
      <trkpt lat="36.47346993908286" lon="-121.93545995280147">
        <ele>31.46</ele>
      </trkpt>
      <trkpt lat="36.47329995408654" lon="-121.93542994558811">
        <ele>31.45</ele>
      </trkpt>
      <trkpt lat="36.47312996909022" lon="-121.93539993837476">
        <ele>31.43</ele>
      </trkpt>
      <trkpt lat="36.47298999130726" lon="-121.9353699311614">
        <ele>31.4</ele>
      </trkpt>
      <trkpt lat="36.472809948027134" lon="-121.9353199750185">
        <ele>31.41</ele>
      </trkpt>
      <trkpt lat="36.472659995779395" lon="-121.93526993505657">
        <ele>31.46</ele>
      </trkpt>
      <trkpt lat="36.47258992306888" lon="-121.93523992784321">
        <ele>31.5</ele>
      </trkpt>
      <trkpt lat="36.47257994860411" lon="-121.93523992784321">
        <ele>31.53</ele>
      </trkpt>
      <trkpt lat="36.47247995249927" lon="-121.93519994616508">
        <ele>31.59</ele>
      </trkpt>
      <trkpt lat="36.47243997082114" lon="-121.93518997170031">
        <ele>31.63</ele>
      </trkpt>
      <trkpt lat="36.47241993807256" lon="-121.93517999723554">
        <ele>31.67</ele>
      </trkpt>
      <trkpt lat="36.47238993085921" lon="-121.93516993895173">
        <ele>31.71</ele>
      </trkpt>
      <trkpt lat="36.47226998582482" lon="-121.93510992452502">
        <ele>31.79</ele>
      </trkpt>
      <trkpt lat="36.472189938649535" lon="-121.93507991731167">
        <ele>31.84</ele>
      </trkpt>
      <trkpt lat="36.472079968079925" lon="-121.93501998670399">
        <ele>31.89</ele>
      </trkpt>
      <trkpt lat="36.47204996086657" lon="-121.93500992842019">
        <ele>31.9</ele>
      </trkpt>
      <trkpt lat="36.47193999029696" lon="-121.9349399395287">
        <ele>31.96</ele>
      </trkpt>
      <trkpt lat="36.471929932013154" lon="-121.9349399395287">
        <ele>31.96</ele>
      </trkpt>
      <trkpt lat="36.47191995754838" lon="-121.93492996506393">
        <ele>31.96</ele>
      </trkpt>
      <trkpt lat="36.47182993590832" lon="-121.934879925102">
        <ele>31.96</ele>
      </trkpt>
      <trkpt lat="36.47176992148161" lon="-121.93484991788864">
        <ele>31.94</ele>
      </trkpt>
      <trkpt lat="36.47174997255206" lon="-121.9348299689591">
        <ele>31.91</ele>
      </trkpt>
      <trkpt lat="36.471659950912" lon="-121.93477992899716">
        <ele>31.83</ele>
      </trkpt>
      <trkpt lat="36.47159993648529" lon="-121.93472997285426">
        <ele>31.78</ele>
      </trkpt>
      <trkpt lat="36.471589962020516" lon="-121.93472997285426">
        <ele>31.72</ele>
      </trkpt>
      <trkpt lat="36.471459958702326" lon="-121.9346399512142">
        <ele>31.62</ele>
      </trkpt>
      <trkpt lat="36.471439925953746" lon="-121.93462997674942">
        <ele>31.55</ele>
      </trkpt>
      <trkpt lat="36.47133992984891" lon="-121.93454992957413">
        <ele>31.41</ele>
      </trkpt>
      <trkpt lat="36.4712299592793" lon="-121.9344599917531">
        <ele>31.3</ele>
      </trkpt>
      <trkpt lat="36.47113993763924" lon="-121.93438991904259">
        <ele>31.19</ele>
      </trkpt>
      <trkpt lat="36.471069948747754" lon="-121.93432998843491">
        <ele>31.1</ele>
      </trkpt>
      <trkpt lat="36.47094991989434" lon="-121.93421993404627">
        <ele>31.03</ele>
      </trkpt>
      <trkpt lat="36.470879931002855" lon="-121.93414994515479">
        <ele>30.96</ele>
      </trkpt>
      <trkpt lat="36.47080994211137" lon="-121.9340799562633">
        <ele>30.9</ele>
      </trkpt>
      <trkpt lat="36.47071992047131" lon="-121.93398993462324">
        <ele>30.85</ele>
      </trkpt>
      <trkpt lat="36.47054993547499" lon="-121.9338299240917">
        <ele>30.77</ele>
      </trkpt>
      <trkpt lat="36.4704199321568" lon="-121.9336999207735">
        <ele>30.67</ele>
      </trkpt>
      <trkpt lat="36.47026997990906" lon="-121.93354996852577">
        <ele>30.61</ele>
      </trkpt>
      <trkpt lat="36.47019999101758" lon="-121.93347997963428">
        <ele>30.53</ele>
      </trkpt>
      <trkpt lat="36.470019947737455" lon="-121.93328996188939">
        <ele>30.48</ele>
      </trkpt>
      <trkpt lat="36.46985993720591" lon="-121.93310991860926">
        <ele>30.39</ele>
      </trkpt>
      <trkpt lat="36.46968995220959" lon="-121.93293993361294">
        <ele>30.34</ele>
      </trkpt>
      <trkpt lat="36.46957998163998" lon="-121.93282996304333">
        <ele>30.27</ele>
      </trkpt>
      <trkpt lat="36.46942994557321" lon="-121.93265997804701">
        <ele>30.25</ele>
      </trkpt>
      <trkpt lat="36.469219978898764" lon="-121.93241992034018">
        <ele>30.2</ele>
      </trkpt>
      <trkpt lat="36.469049993902445" lon="-121.93219997920096">
        <ele>30.09</ele>
      </trkpt>
      <trkpt lat="36.46901998668909" lon="-121.93215999752283">
        <ele>30.01</ele>
      </trkpt>
      <trkpt lat="36.46898997947574" lon="-121.9321099575609">
        <ele>29.93</ele>
      </trkpt>
      <trkpt lat="36.46896994672716" lon="-121.93208992481232">
        <ele>29.86</ele>
      </trkpt>
      <trkpt lat="36.46886995062232" lon="-121.93193997256458">
        <ele>29.75</ele>
      </trkpt>
      <trkpt lat="36.46875998005271" lon="-121.93177996203303">
        <ele>29.68</ele>
      </trkpt>
      <trkpt lat="36.46868999116123" lon="-121.93166999146342">
        <ele>29.63</ele>
      </trkpt>
      <trkpt lat="36.46863995119929" lon="-121.93159991875291">
        <ele>29.59</ele>
      </trkpt>
      <trkpt lat="36.46852998062968" lon="-121.93140998482704">
        <ele>29.56</ele>
      </trkpt>
      <trkpt lat="36.468389919027686" lon="-121.93115995265543">
        <ele>29.55</ele>
      </trkpt>
      <trkpt lat="36.468279948458076" lon="-121.93097999319434">
        <ele>29.56</ele>
      </trkpt>
      <trkpt lat="36.46820995956659" lon="-121.93084998987615">
        <ele>29.62</ele>
      </trkpt>
      <trkpt lat="36.46806998178363" lon="-121.93059995770454">
        <ele>29.73</ele>
      </trkpt>
      <trkpt lat="36.46796998567879" lon="-121.93042997270823">
        <ele>29.83</ele>
      </trkpt>
      <trkpt lat="36.46785993129015" lon="-121.9302499294281">
        <ele>29.93</ele>
      </trkpt>
      <trkpt lat="36.46776999346912" lon="-121.93010995164514">
        <ele>30.03</ele>
      </trkpt>
      <trkpt lat="36.46770997904241" lon="-121.9300099555403">
        <ele>30.15</ele>
      </trkpt>
      <trkpt lat="36.46765993908048" lon="-121.92994994111359">
        <ele>30.25</ele>
      </trkpt>
      <trkpt lat="36.467589950188994" lon="-121.92984994500875">
        <ele>30.33</ele>
      </trkpt>
      <trkpt lat="36.467439997941256" lon="-121.92965992726386">
        <ele>30.39</ele>
      </trkpt>
      <trkpt lat="36.467309994623065" lon="-121.92951994948089">
        <ele>30.52</ele>
      </trkpt>
      <trkpt lat="36.46719994023442" lon="-121.92939992062747">
        <ele>30.74</ele>
      </trkpt>
      <trkpt lat="36.46707999520004" lon="-121.92927997559309">
        <ele>30.98</ele>
      </trkpt>
      <trkpt lat="36.466989973559976" lon="-121.9291999284178">
        <ele>31.32</ele>
      </trkpt>
      <trkpt lat="36.46692995913327" lon="-121.92913999781013">
        <ele>31.71</ele>
      </trkpt>
      <trkpt lat="36.4667899813503" lon="-121.92902994342148">
        <ele>32.11</ele>
      </trkpt>
      <trkpt lat="36.466709934175014" lon="-121.92897998727858">
        <ele>32.58</ele>
      </trkpt>
      <trkpt lat="36.46665997803211" lon="-121.92894998006523">
        <ele>33.07</ele>
      </trkpt>
      <trkpt lat="36.466579930856824" lon="-121.92889994010329">
        <ele>33.59</ele>
      </trkpt>
      <trkpt lat="36.46632998250425" lon="-121.92872995510697">
        <ele>34.32</ele>
      </trkpt>
      <trkpt lat="36.46611993201077" lon="-121.9285799190402">
        <ele>34.91</ele>
      </trkpt>
      <trkpt lat="36.465979954227805" lon="-121.92847992293537">
        <ele>35.5</ele>
      </trkpt>
      <trkpt lat="36.465849950909615" lon="-121.92838998511434">
        <ele>36.07</ele>
      </trkpt>
      <trkpt lat="36.465719947591424" lon="-121.92829996347427">
        <ele>36.63</ele>
      </trkpt>
      <trkpt lat="36.4654899481684" lon="-121.92812997847795">
        <ele>37.25</ele>
      </trkpt>
      <trkpt lat="36.465269923210144" lon="-121.92797994241118">
        <ele>37.89</ele>
      </trkpt>
      <trkpt lat="36.465249974280596" lon="-121.92796996794641">
        <ele>38.48</ele>
      </trkpt>
      <trkpt lat="36.46497999317944" lon="-121.92776997573674">
        <ele>39.13</ele>
      </trkpt>
      <trkpt lat="36.46478997543454" lon="-121.92762999795377">
        <ele>39.73</ele>
      </trkpt>
      <trkpt lat="36.46469995379448" lon="-121.92756998352706">
        <ele>40.29</ele>
      </trkpt>
      <trkpt lat="36.46446995437145" lon="-121.92739999853075">
        <ele>40.83</ele>
      </trkpt>
      <trkpt lat="36.46431991830468" lon="-121.9272899441421">
        <ele>41.31</ele>
      </trkpt>
      <trkpt lat="36.46416996605694" lon="-121.92717997357249">
        <ele>41.84</ele>
      </trkpt>
      <trkpt lat="36.46402512677014" lon="-121.92708006128669">
        <ele>42.33</ele>
      </trkpt>
      <trkpt lat="36.46387995220721" lon="-121.92697998136282">
        <ele>42.81</ele>
      </trkpt>
      <trkpt lat="36.46364995278418" lon="-121.9268099963665">
        <ele>43.29</ele>
      </trkpt>
      <trkpt lat="36.463439986109734" lon="-121.92665996029973">
        <ele>43.74</ele>
      </trkpt>
      <trkpt lat="36.46323999390006" lon="-121.92652995698154">
        <ele>44.22</ele>
      </trkpt>
      <trkpt lat="36.4631999284029" lon="-121.92649994976819">
        <ele>44.65</ele>
      </trkpt>
      <trkpt lat="36.46308995783329" lon="-121.9264299608767">
        <ele>45.06</ele>
      </trkpt>
      <trkpt lat="36.463039917871356" lon="-121.92638997919858">
        <ele>45.44</ele>
      </trkpt>
      <trkpt lat="36.462989961728454" lon="-121.92634999752045">
        <ele>45.77</ele>
      </trkpt>
      <trkpt lat="36.46278996951878" lon="-121.92621999420226">
        <ele>46.1</ele>
      </trkpt>
      <trkpt lat="36.462559970095754" lon="-121.92605998367071">
        <ele>46.36</ele>
      </trkpt>
      <trkpt lat="36.46231999620795" lon="-121.92587994039059">
        <ele>46.7</ele>
      </trkpt>
      <trkpt lat="36.4620999712497" lon="-121.92572998814285">
        <ele>46.92</ele>
      </trkpt>
      <trkpt lat="36.46188992075622" lon="-121.92558992654085">
        <ele>47.1</ele>
      </trkpt>
      <trkpt lat="36.46173996850848" lon="-121.92549998871982">
        <ele>47.12</ele>
      </trkpt>
      <trkpt lat="36.461619939655066" lon="-121.92541994154453">
        <ele>47.1</ele>
      </trkpt>
      <trkpt lat="36.46159999072552" lon="-121.92540996707976">
        <ele>47.11</ele>
      </trkpt>
      <trkpt lat="36.46146998740733" lon="-121.92533997818828">
        <ele>47.01</ele>
      </trkpt>
      <trkpt lat="36.46132992580533" lon="-121.92524995654821">
        <ele>46.99</ele>
      </trkpt>
      <trkpt lat="36.46116999909282" lon="-121.92515993490815">
        <ele>47.01</ele>
      </trkpt>
      <trkpt lat="36.46102993749082" lon="-121.92508994601667">
        <ele>47.01</ele>
      </trkpt>
      <trkpt lat="36.46084997802973" lon="-121.9249999243766">
        <ele>46.89</ele>
      </trkpt>
      <trkpt lat="36.46068996749818" lon="-121.92491996102035">
        <ele>46.63</ele>
      </trkpt>
      <trkpt lat="36.46052995696664" lon="-121.92484997212887">
        <ele>46.3</ele>
      </trkpt>
      <trkpt lat="36.46040992811322" lon="-121.92479993216693">
        <ele>45.92</ele>
      </trkpt>
      <trkpt lat="36.460219994187355" lon="-121.92471996881068">
        <ele>45.53</ele>
      </trkpt>
      <trkpt lat="36.46005998365581" lon="-121.9246499799192">
        <ele>45.25</ele>
      </trkpt>
      <trkpt lat="36.4597599953413" lon="-121.92454998381436">
        <ele>45.01</ele>
      </trkpt>
      <trkpt lat="36.459749937057495" lon="-121.92453992553055">
        <ele>44.61</ele>
      </trkpt>
      <trkpt lat="36.45958992652595" lon="-121.92448996938765">
        <ele>44.19</ele>
      </trkpt>
      <trkpt lat="36.45939999260008" lon="-121.92442995496094">
        <ele>43.7</ele>
      </trkpt>
      <trkpt lat="36.45917996764183" lon="-121.92436994053423">
        <ele>43.18</ele>
      </trkpt>
      <trkpt lat="36.45887997932732" lon="-121.92428997717798">
        <ele>42.54</ele>
      </trkpt>
      <trkpt lat="36.45884997211397" lon="-121.92427991889417">
        <ele>41.97</ele>
      </trkpt>
      <trkpt lat="36.458709994331" lon="-121.92424999549985">
        <ele>41.34</ele>
      </trkpt>
      <trkpt lat="36.458629947155714" lon="-121.92422996275127">
        <ele>40.7</ele>
      </trkpt>
      <trkpt lat="36.45839994773269" lon="-121.92417992278934">
        <ele>40.01</ele>
      </trkpt>
      <trkpt lat="36.45829995162785" lon="-121.92416994832456">
        <ele>39.37</ele>
      </trkpt>
      <trkpt lat="36.4580899849534" lon="-121.9241399411112">
        <ele>38.73</ele>
      </trkpt>
      <trkpt lat="36.45799996331334" lon="-121.92412996664643">
        <ele>38.09</ele>
      </trkpt>
      <trkpt lat="36.4578399527818" lon="-121.92410993389785">
        <ele>37.44</ele>
      </trkpt>
      <trkpt lat="36.45781992003322" lon="-121.92409995943308">
        <ele>36.81</ele>
      </trkpt>
      <trkpt lat="36.457579946145415" lon="-121.9240799266845">
        <ele>36.16</ele>
      </trkpt>
      <trkpt lat="36.457339972257614" lon="-121.92405997775495">
        <ele>35.52</ele>
      </trkpt>
      <trkpt lat="36.457080552354455" lon="-121.92403667606413">
        <ele>34.87</ele>
      </trkpt>
      <trkpt lat="36.456821132451296" lon="-121.92401337437332">
        <ele>34.22</ele>
      </trkpt>
      <trkpt lat="36.45655995234847" lon="-121.92398998886347">
        <ele>33.53</ele>
      </trkpt>
      <trkpt lat="36.4563599601388" lon="-121.92396995611489">
        <ele>32.88</ele>
      </trkpt>
      <trkpt lat="36.45609995350242" lon="-121.92394992336631">
        <ele>32.25</ele>
      </trkpt>
      <trkpt lat="36.455879928544164" lon="-121.92393994890153">
        <ele>31.69</ele>
      </trkpt>
      <trkpt lat="36.45569996908307" lon="-121.92392997443676">
        <ele>31.18</ele>
      </trkpt>
      <trkpt lat="36.455599972978234" lon="-121.92391999997199">
        <ele>30.72</ele>
      </trkpt>
      <trkpt lat="36.45548991858959" lon="-121.92391999997199">
        <ele>30.3</ele>
      </trkpt>
      <trkpt lat="36.45534994080663" lon="-121.92391999997199">
        <ele>29.9</ele>
      </trkpt>
      <trkpt lat="36.45517995581031" lon="-121.92391999997199">
        <ele>29.52</ele>
      </trkpt>
      <trkpt lat="36.45515992306173" lon="-121.92391999997199">
        <ele>29.16</ele>
      </trkpt>
      <trkpt lat="36.45500997081399" lon="-121.92393994890153">
        <ele>28.87</ele>
      </trkpt>
      <trkpt lat="36.45481995306909" lon="-121.92395998165011">
        <ele>28.55</ele>
      </trkpt>
      <trkpt lat="36.4546899497509" lon="-121.92397993057966">
        <ele>28.25</ele>
      </trkpt>
      <trkpt lat="36.45451996475458" lon="-121.92400993779302">
        <ele>27.96</ele>
      </trkpt>
      <trkpt lat="36.45452365279198" lon="-121.92401312291622">
        <ele>27.69</ele>
      </trkpt>
      <trkpt lat="36.45451996475458" lon="-121.92410993389785">
        <ele>27.41</ele>
      </trkpt>
      <trkpt lat="36.45451996475458" lon="-121.92412996664643">
        <ele>27.18</ele>
      </trkpt>
      <trkpt lat="36.45451996475458" lon="-121.92414999939501">
        <ele>26.96</ele>
      </trkpt>
      <trkpt lat="36.45451996475458" lon="-121.92416994832456">
        <ele>26.76</ele>
      </trkpt>
      <trkpt lat="36.45450999028981" lon="-121.92419995553792">
        <ele>26.56</ele>
      </trkpt>
      <trkpt lat="36.454499932006" lon="-121.9242199882865">
        <ele>26.39</ele>
      </trkpt>
      <trkpt lat="36.45450487732887" lon="-121.92421596497297">
        <ele>26.23</ele>
      </trkpt>
      <trkpt lat="36.45448995754123" lon="-121.9242199882865">
        <ele>26.08</ele>
      </trkpt>
      <trkpt lat="36.45446992479265" lon="-121.92422996275127">
        <ele>25.94</ele>
      </trkpt>
      <trkpt lat="36.45437998697162" lon="-121.92423993721604">
        <ele>25.82</ele>
      </trkpt>
      <trkpt lat="36.45436992868781" lon="-121.92423993721604">
        <ele>25.7</ele>
      </trkpt>
      <trkpt lat="36.45434997975826" lon="-121.92424999549985">
        <ele>25.58</ele>
      </trkpt>
      <trkpt lat="36.45432994700968" lon="-121.92425996996462">
        <ele>25.47</ele>
      </trkpt>
      <trkpt lat="36.454309998080134" lon="-121.92427991889417">
        <ele>25.37</ele>
      </trkpt>
      <trkpt lat="36.45429993979633" lon="-121.92428997717798">
        <ele>25.26</ele>
      </trkpt>
      <trkpt lat="36.45427999086678" lon="-121.92429995164275">
        <ele>25.17</ele>
      </trkpt>
      <trkpt lat="36.45427999086678" lon="-121.92430992610753">
        <ele>25.07</ele>
      </trkpt>
      <trkpt lat="36.454269932582974" lon="-121.92431998439133">
        <ele>24.98</ele>
      </trkpt>
      <trkpt lat="36.4542599581182" lon="-121.92433993332088">
        <ele>24.89</ele>
      </trkpt>
      <trkpt lat="36.454209918156266" lon="-121.92444998770952">
        <ele>24.77</ele>
      </trkpt>
      <trkpt lat="36.454179994761944" lon="-121.92449994385242">
        <ele>24.67</ele>
      </trkpt>
      <trkpt lat="36.454159962013364" lon="-121.92453992553055">
        <ele>24.57</ele>
      </trkpt>
      <trkpt lat="36.454139929264784" lon="-121.92455995827913">
        <ele>24.49</ele>
      </trkpt>
      <trkpt lat="36.45410992205143" lon="-121.92459993995726">
        <ele>24.42</ele>
      </trkpt>
      <trkpt lat="36.4540699403733" lon="-121.9246499799192">
        <ele>24.35</ele>
      </trkpt>
      <trkpt lat="36.45405996590853" lon="-121.92465995438397">
        <ele>24.29</ele>
      </trkpt>
      <trkpt lat="36.45400992594659" lon="-121.9246999360621">
        <ele>24.24</ele>
      </trkpt>
      <trkpt lat="36.45394999533892" lon="-121.9247599504888">
        <ele>24.17</ele>
      </trkpt>
      <trkpt lat="36.45391998812556" lon="-121.92478995770216">
        <ele>24.12</ele>
      </trkpt>
      <trkpt lat="36.45389995537698" lon="-121.92480999045074">
        <ele>24.07</ele>
      </trkpt>
      <trkpt lat="36.45386994816363" lon="-121.9248399976641">
        <ele>24.03</ele>
      </trkpt>
      <trkpt lat="36.453839940950274" lon="-121.92486992105842">
        <ele>24.0</ele>
      </trkpt>
      <trkpt lat="36.45376995205879" lon="-121.92491996102035">
        <ele>24.0</ele>
      </trkpt>
      <trkpt lat="36.45360994152725" lon="-121.92502993158996">
        <ele>23.99</ele>
      </trkpt>
      <trkpt lat="36.45359996706247" lon="-121.92504996433854">
        <ele>23.98</ele>
      </trkpt>
      <trkpt lat="36.453559985384345" lon="-121.92506999708712">
        <ele>24.01</ele>
      </trkpt>
      <trkpt lat="36.453539952635765" lon="-121.92509992048144">
        <ele>24.02</ele>
      </trkpt>
      <trkpt lat="36.453519919887185" lon="-121.92510997876525">
        <ele>24.06</ele>
      </trkpt>
      <trkpt lat="36.45349997095764" lon="-121.9251299276948">
        <ele>24.1</ele>
      </trkpt>
      <trkpt lat="36.45347993820906" lon="-121.92515993490815">
        <ele>24.14</ele>
      </trkpt>
      <trkpt lat="36.45347993820906" lon="-121.92517996765673">
        <ele>24.18</ele>
      </trkpt>
      <trkpt lat="36.45345998927951" lon="-121.92519991658628">
        <ele>24.24</ele>
      </trkpt>
      <trkpt lat="36.453429982066154" lon="-121.92527996376157">
        <ele>24.3</ele>
      </trkpt>
      <trkpt lat="36.453409949317575" lon="-121.92534995265305">
        <ele>24.38</ele>
      </trkpt>
      <trkpt lat="36.4533999748528" lon="-121.92536998540163">
        <ele>24.47</ele>
      </trkpt>
      <trkpt lat="36.453389916568995" lon="-121.92539999261498">
        <ele>24.57</ele>
      </trkpt>
      <trkpt lat="36.45337994210422" lon="-121.92542999982834">
        <ele>24.68</ele>
      </trkpt>
      <trkpt lat="36.45330995321274" lon="-121.9255699776113">
        <ele>24.85</ele>
      </trkpt>
      <trkpt lat="36.45322998985648" lon="-121.9257499370724">
        <ele>25.01</ele>
      </trkpt>
      <trkpt lat="36.45319998264313" lon="-121.92584993317723">
        <ele>25.16</ele>
      </trkpt>
      <trkpt lat="36.45317994989455" lon="-121.92586996592581">
        <ele>25.32</ele>
      </trkpt>
      <trkpt lat="36.45316997542977" lon="-121.92589997313917">
        <ele>25.48</ele>
      </trkpt>
      <trkpt lat="36.45311993546784" lon="-121.92596996203065">
        <ele>25.67</ele>
      </trkpt>
      <trkpt lat="36.453109961003065" lon="-121.92598999477923">
        <ele>25.86</ele>
      </trkpt>
      <trkpt lat="36.45309998653829" lon="-121.92600994370878">
        <ele>26.05</ele>
      </trkpt>
      <trkpt lat="36.45309998653829" lon="-121.92603995092213">
        <ele>26.23</ele>
      </trkpt>
      <trkpt lat="36.453089928254485" lon="-121.92606995813549">
        <ele>26.44</ele>
      </trkpt>
      <trkpt lat="36.453089928254485" lon="-121.92609996534884">
        <ele>26.64</ele>
      </trkpt>
      <trkpt lat="36.45307995378971" lon="-121.92611999809742">
        <ele>26.86</ele>
      </trkpt>
      <trkpt lat="36.45306997932494" lon="-121.92614992149174">
        <ele>27.09</ele>
      </trkpt>
      <trkpt lat="36.45306956022978" lon="-121.9261455629021">
        <ele>27.33</ele>
      </trkpt>
      <trkpt lat="36.45300996489823" lon="-121.9260499253869">
        <ele>27.64</ele>
      </trkpt>
      <trkpt lat="36.452999990433455" lon="-121.92603995092213">
        <ele>27.9</ele>
      </trkpt>
      <trkpt lat="36.452999990433455" lon="-121.92602997645736">
        <ele>28.17</ele>
      </trkpt>
      <trkpt lat="36.45298993214965" lon="-121.92601991817355">
        <ele>28.45</ele>
      </trkpt>
      <trkpt lat="36.45298993214965" lon="-121.92600994370878">
        <ele>28.73</ele>
      </trkpt>
      <trkpt lat="36.45298993214965" lon="-121.92595998756588">
        <ele>29.03</ele>
      </trkpt>
      <trkpt lat="36.45298993214965" lon="-121.92587994039059">
        <ele>29.34</ele>
      </trkpt>
      <trkpt lat="36.45298993214965" lon="-121.92584993317723">
        <ele>29.65</ele>
      </trkpt>
      <trkpt lat="36.452979957684875" lon="-121.92583995871246">
        <ele>29.98</ele>
      </trkpt>
      <trkpt lat="36.452979957684875" lon="-121.92581992596388">
        <ele>30.31</ele>
      </trkpt>
      <trkpt lat="36.45294995047152" lon="-121.9257599953562">
        <ele>30.67</ele>
      </trkpt>
      <trkpt lat="36.452939976006746" lon="-121.9257499370724">
        <ele>31.02</ele>
      </trkpt>
      <trkpt lat="36.452919943258166" lon="-121.92573996260762">
        <ele>31.38</ele>
      </trkpt>
      <trkpt lat="36.45290996879339" lon="-121.92572998814285">
        <ele>31.75</ele>
      </trkpt>
      <trkpt lat="36.45288993604481" lon="-121.9256999809295">
        <ele>32.13</ele>
      </trkpt>
      <trkpt lat="36.452849954366684" lon="-121.92568992264569">
        <ele>32.52</ele>
      </trkpt>
      <trkpt lat="36.45283997990191" lon="-121.92568992264569">
        <ele>32.91</ele>
      </trkpt>
      <trkpt lat="36.45279999822378" lon="-121.9256999809295">
        <ele>33.32</ele>
      </trkpt>
      <trkpt lat="36.4527799654752" lon="-121.9256999809295">
        <ele>33.73</ele>
      </trkpt>
      <trkpt lat="36.45276999101043" lon="-121.92568992264569">
        <ele>34.14</ele>
      </trkpt>
      <trkpt lat="36.45270997658372" lon="-121.92568992264569">
        <ele>34.58</ele>
      </trkpt>
      <trkpt lat="36.4525399915874" lon="-121.92565999925137">
        <ele>35.07</ele>
      </trkpt>
      <trkpt lat="36.452529933303595" lon="-121.92565999925137">
        <ele>35.49</ele>
      </trkpt>
      <trkpt lat="36.45251995883882" lon="-121.92565999925137">
        <ele>35.91</ele>
      </trkpt>
      <trkpt lat="36.45249992609024" lon="-121.92565999925137">
        <ele>36.33</ele>
      </trkpt>
      <trkpt lat="36.45242993719876" lon="-121.92566997371614">
        <ele>36.79</ele>
      </trkpt>
      <trkpt lat="36.45240998826921" lon="-121.92566997371614">
        <ele>37.22</ele>
      </trkpt>
      <trkpt lat="36.452399929985404" lon="-121.92565999925137">
        <ele>37.65</ele>
      </trkpt>
      <trkpt lat="36.452379981055856" lon="-121.92565999925137">
        <ele>38.08</ele>
      </trkpt>
      <trkpt lat="36.452379981055856" lon="-121.92564994096756">
        <ele>38.5</ele>
      </trkpt>
      <trkpt lat="36.45236992277205" lon="-121.92563996650279">
        <ele>38.92</ele>
      </trkpt>
      <trkpt lat="36.452359948307276" lon="-121.92562999203801">
        <ele>39.35</ele>
      </trkpt>
      <trkpt lat="36.4523499738425" lon="-121.92559998482466">
        <ele>39.77</ele>
      </trkpt>
      <trkpt lat="36.45233999937773" lon="-121.92557995207608">
        <ele>40.18</ele>
      </trkpt>
      <trkpt lat="36.45233999937773" lon="-121.9255699776113">
        <ele>40.59</ele>
      </trkpt>
      <trkpt lat="36.45232994109392" lon="-121.9255699776113">
        <ele>40.99</ele>
      </trkpt>
      <trkpt lat="36.45231996662915" lon="-121.9255699776113">
        <ele>41.39</ele>
      </trkpt>
      <trkpt lat="36.45229993388057" lon="-121.92557995207608">
        <ele>41.79</ele>
      </trkpt>
      <trkpt lat="36.45228995941579" lon="-121.92558992654085">
        <ele>42.18</ele>
      </trkpt>
      <trkpt lat="36.45223991945386" lon="-121.92565999925137">
        <ele>42.57</ele>
      </trkpt>
      <trkpt lat="36.45221997052431" lon="-121.92567994818091">
        <ele>42.94</ele>
      </trkpt>
      <trkpt lat="36.45220999605954" lon="-121.92568992264569">
        <ele>43.31</ele>
      </trkpt>
      <trkpt lat="36.45217998884618" lon="-121.92570995539427">
        <ele>43.68</ele>
      </trkpt>
      <trkpt lat="36.4521099999547" lon="-121.9257499370724">
        <ele>44.08</ele>
      </trkpt>
      <trkpt lat="36.45208996720612" lon="-121.92576996982098">
        <ele>44.42</ele>
      </trkpt>
      <trkpt lat="36.452079992741346" lon="-121.92576996982098">
        <ele>44.76</ele>
      </trkpt>
      <trkpt lat="36.45206993445754" lon="-121.92576996982098">
        <ele>45.09</ele>
      </trkpt>
      <trkpt lat="36.45206557586789" lon="-121.92577332258224">
        <ele>45.4</ele>
      </trkpt>
      <trkpt lat="36.45206993445754" lon="-121.9257599953562">
        <ele>45.69</ele>
      </trkpt>
      <trkpt lat="36.452079992741346" lon="-121.9256999809295">
        <ele>45.99</ele>
      </trkpt>
      <trkpt lat="36.452079992741346" lon="-121.92567994818091">
        <ele>46.26</ele>
      </trkpt>
      <trkpt lat="36.452079992741346" lon="-121.92562999203801">
        <ele>46.53</ele>
      </trkpt>
      <trkpt lat="36.452079992741346" lon="-121.92559998482466">
        <ele>46.78</ele>
      </trkpt>
      <trkpt lat="36.452079992741346" lon="-121.92557995207608">
        <ele>47.02</ele>
      </trkpt>
      <trkpt lat="36.452075550332665" lon="-121.92557492293417">
        <ele>47.24</ele>
      </trkpt>
      <trkpt lat="36.45204998552799" lon="-121.92559998482466">
        <ele>47.45</ele>
      </trkpt>
      <trkpt lat="36.45185996778309" lon="-121.92578991875052">
        <ele>47.73</ele>
      </trkpt>
      <trkpt lat="36.45178997889161" lon="-121.92584993317723">
        <ele>47.94</ele>
      </trkpt>
      <trkpt lat="36.4517299644649" lon="-121.92589997313917">
        <ele>48.12</ele>
      </trkpt>
      <trkpt lat="36.451649917289615" lon="-121.92595998756588">
        <ele>48.3</ele>
      </trkpt>
      <trkpt lat="36.451559979468584" lon="-121.92602997645736">
        <ele>48.39</ele>
      </trkpt>
      <trkpt lat="36.4514899905771" lon="-121.92607993260026">
        <ele>48.47</ele>
      </trkpt>
      <trkpt lat="36.451479932293296" lon="-121.92607993260026">
        <ele>48.54</ele>
      </trkpt>
      <trkpt lat="36.45140994340181" lon="-121.9261299725622">
        <ele>48.61</ele>
      </trkpt>
      <trkpt lat="36.451349928975105" lon="-121.92616995424032">
        <ele>48.66</ele>
      </trkpt>
      <trkpt lat="36.451239958405495" lon="-121.92622996866703">
        <ele>48.64</ele>
      </trkpt>
      <trkpt lat="36.45116996951401" lon="-121.92626995034516">
        <ele>48.63</ele>
      </trkpt>
      <trkpt lat="36.45115999504924" lon="-121.92626995034516">
        <ele>48.61</ele>
      </trkpt>
      <trkpt lat="36.451049940660596" lon="-121.92631999030709">
        <ele>48.59</ele>
      </trkpt>
      <trkpt lat="36.45088993012905" lon="-121.92638997919858">
        <ele>48.54</ele>
      </trkpt>
      <trkpt lat="36.45074995234609" lon="-121.92644999362528">
        <ele>48.48</ele>
      </trkpt>
      <trkpt lat="36.45071994513273" lon="-121.92645996809006">
        <ele>48.42</ele>
      </trkpt>
      <trkpt lat="36.45055993460119" lon="-121.92650992423296">
        <ele>48.35</ele>
      </trkpt>
      <trkpt lat="36.45044996403158" lon="-121.92653993144631">
        <ele>48.26</ele>
      </trkpt>
      <trkpt lat="36.45028995350003" lon="-121.92656993865967">
        <ele>48.15</ele>
      </trkpt>
      <trkpt lat="36.45017998293042" lon="-121.92658997140825">
        <ele>48.05</ele>
      </trkpt>
      <trkpt lat="36.45004997961223" lon="-121.92659994587302">
        <ele>47.95</ele>
      </trkpt>
      <trkpt lat="36.449929950758815" lon="-121.9266099203378">
        <ele>47.84</ele>
      </trkpt>
      <trkpt lat="36.449779998511076" lon="-121.9266099203378">
        <ele>47.74</ele>
      </trkpt>
      <trkpt lat="36.44969995133579" lon="-121.9266099203378">
        <ele>47.66</ele>
      </trkpt>
      <trkpt lat="36.44958998076618" lon="-121.92658997140825">
        <ele>47.63</ele>
      </trkpt>
      <trkpt lat="36.44945997744799" lon="-121.92656993865967">
        <ele>47.6</ele>
      </trkpt>
      <trkpt lat="36.449329974129796" lon="-121.92654998973012">
        <ele>47.57</ele>
      </trkpt>
      <trkpt lat="36.44926995970309" lon="-121.92652995698154">
        <ele>47.56</ele>
      </trkpt>
      <trkpt lat="36.44915998913348" lon="-121.92649994976819">
        <ele>47.56</ele>
      </trkpt>
      <trkpt lat="36.44901992753148" lon="-121.92644999362528">
        <ele>47.55</ele>
      </trkpt>
      <trkpt lat="36.44897994585335" lon="-121.92643993534148">
        <ele>47.52</ele>
      </trkpt>
      <trkpt lat="36.44890995696187" lon="-121.92640992812812">
        <ele>47.5</ele>
      </trkpt>
      <trkpt lat="36.448809960857034" lon="-121.92636994645">
        <ele>47.47</ele>
      </trkpt>
      <trkpt lat="36.44865992479026" lon="-121.92629995755851">
        <ele>47.5</ele>
      </trkpt>
      <trkpt lat="36.4485199470073" lon="-121.9262399431318">
        <ele>47.48</ele>
      </trkpt>
      <trkpt lat="36.44847996532917" lon="-121.92621999420226">
        <ele>47.43</ele>
      </trkpt>
      <trkpt lat="36.44836999475956" lon="-121.92615997977555">
        <ele>47.36</ele>
      </trkpt>
      <trkpt lat="36.44828994758427" lon="-121.92611999809742">
        <ele>47.27</ele>
      </trkpt>
      <trkpt lat="36.4481002651155" lon="-121.92600516602397">
        <ele>47.14</ele>
      </trkpt>
      <trkpt lat="36.447909995913506" lon="-121.92588999867439">
        <ele>47.01</ele>
      </trkpt>
      <trkpt lat="36.44767697900534" lon="-121.925756810233">
        <ele>46.93</ele>
      </trkpt>
      <trkpt lat="36.4474440459162" lon="-121.92562370561063">
        <ele>46.86</ele>
      </trkpt>
      <trkpt lat="36.44720993936062" lon="-121.92548993043602">
        <ele>46.74</ele>
      </trkpt>
      <trkpt lat="36.44698278978467" lon="-121.92536269314587">
        <ele>46.64</ele>
      </trkpt>
      <trkpt lat="36.44675572402775" lon="-121.9252353720367">
        <ele>46.47</ele>
      </trkpt>
      <trkpt lat="36.446528574451804" lon="-121.92510805092752">
        <ele>46.28</ele>
      </trkpt>
      <trkpt lat="36.446299999952316" lon="-121.92497997544706">
        <ele>46.12</ele>
      </trkpt>
      <trkpt lat="36.44607528112829" lon="-121.92484519444406">
        <ele>45.98</ele>
      </trkpt>
      <trkpt lat="36.445849975571036" lon="-121.9247099943459">
        <ele>45.74</ele>
      </trkpt>
      <trkpt lat="36.44567026756704" lon="-121.92460513673723">
        <ele>45.52</ele>
      </trkpt>
      <trkpt lat="36.44548997282982" lon="-121.92449994385242">
        <ele>45.23</ele>
      </trkpt>
      <trkpt lat="36.4453199878335" lon="-121.92440992221236">
        <ele>44.92</ele>
      </trkpt>
      <trkpt lat="36.445159977301955" lon="-121.92431998439133">
        <ele>44.62</ele>
      </trkpt>
      <trkpt lat="36.44501999951899" lon="-121.92423993721604">
        <ele>44.31</ele>
      </trkpt>
      <trkpt lat="36.44499996677041" lon="-121.9242199882865">
        <ele>43.99</ele>
      </trkpt>
      <trkpt lat="36.44482998177409" lon="-121.92412996664643">
        <ele>43.64</ele>
      </trkpt>
      <trkpt lat="36.44463996402919" lon="-121.92401999607682">
        <ele>43.27</ele>
      </trkpt>
      <trkpt lat="36.444509960711" lon="-121.92393994890153">
        <ele>42.86</ele>
      </trkpt>
      <trkpt lat="36.44433997571468" lon="-121.92384992726147">
        <ele>42.43</ele>
      </trkpt>
      <trkpt lat="36.44424995407462" lon="-121.92379997111857">
        <ele>42.0</ele>
      </trkpt>
      <trkpt lat="36.44398542121053" lon="-121.9236552156508">
        <ele>41.6</ele>
      </trkpt>
      <trkpt lat="36.443719966337085" lon="-121.92350995726883">
        <ele>41.21</ele>
      </trkpt>
      <trkpt lat="36.44355517812073" lon="-121.92340007051826">
        <ele>40.67</ele>
      </trkpt>
      <trkpt lat="36.44338997080922" lon="-121.92328993231058">
        <ele>40.18</ele>
      </trkpt>
      <trkpt lat="36.44312996417284" lon="-121.92314995452762">
        <ele>39.81</ele>
      </trkpt>
      <trkpt lat="36.44299996085465" lon="-121.92307996563613">
        <ele>39.4</ele>
      </trkpt>
      <trkpt lat="36.44280692562461" lon="-121.92297016270459">
        <ele>38.89</ele>
      </trkpt>
      <trkpt lat="36.44261389039457" lon="-121.92286027595401">
        <ele>38.32</ele>
      </trkpt>
      <trkpt lat="36.44241993315518" lon="-121.92274997010827">
        <ele>37.75</ele>
      </trkpt>
      <trkpt lat="36.442245254293084" lon="-121.9226451124996">
        <ele>37.22</ele>
      </trkpt>
      <trkpt lat="36.44206998869777" lon="-121.92253991961479">
        <ele>36.73</ele>
      </trkpt>
      <trkpt lat="36.44188525155187" lon="-121.92244009114802">
        <ele>36.29</ele>
      </trkpt>
      <trkpt lat="36.441699927672744" lon="-121.92233992740512">
        <ele>35.97</ele>
      </trkpt>
      <trkpt lat="36.44157998263836" lon="-121.92226993851364">
        <ele>35.65</ele>
      </trkpt>
      <trkpt lat="36.441399939358234" lon="-121.9221699424088">
        <ele>35.39</ele>
      </trkpt>
      <trkpt lat="36.441170275211334" lon="-121.9220351614058">
        <ele>35.13</ele>
      </trkpt>
      <trkpt lat="36.44093994051218" lon="-121.92189996130764">
        <ele>34.9</ele>
      </trkpt>
      <trkpt lat="36.44091999158263" lon="-121.92188998684287">
        <ele>34.62</ele>
      </trkpt>
      <trkpt lat="36.440675323829055" lon="-121.92175017669797">
        <ele>34.37</ele>
      </trkpt>
      <trkpt lat="36.440429985523224" lon="-121.92160994745791">
        <ele>34.12</ele>
      </trkpt>
      <trkpt lat="36.44016704522073" lon="-121.92146016284823">
        <ele>33.92</ele>
      </trkpt>
      <trkpt lat="36.43990410491824" lon="-121.92131046205759">
        <ele>33.7</ele>
      </trkpt>
      <trkpt lat="36.439639991149306" lon="-121.92115992307663">
        <ele>33.46</ele>
      </trkpt>
      <trkpt lat="36.43960998393595" lon="-121.92113997414708">
        <ele>33.25</ele>
      </trkpt>
      <trkpt lat="36.439529936760664" lon="-121.92109999246895">
        <ele>33.04</ele>
      </trkpt>
      <trkpt lat="36.43947998061776" lon="-121.9210699852556">
        <ele>32.85</ele>
      </trkpt>
      <trkpt lat="36.43944997340441" lon="-121.92104995250702">
        <ele>32.65</ele>
      </trkpt>
      <trkpt lat="36.43940999172628" lon="-121.92101994529366">
        <ele>32.46</ele>
      </trkpt>
      <trkpt lat="36.43915995955467" lon="-121.9208799675107">
        <ele>32.22</ele>
      </trkpt>
      <trkpt lat="36.439119977876544" lon="-121.92085993476212">
        <ele>32.05</ele>
      </trkpt>
      <trkpt lat="36.43897522240877" lon="-121.92077510990202">
        <ele>31.9</ele>
      </trkpt>
      <trkpt lat="36.43882996402681" lon="-121.9206899497658">
        <ele>31.76</ele>
      </trkpt>
      <trkpt lat="36.43870993517339" lon="-121.92061996087432">
        <ele>31.61</ele>
      </trkpt>
      <trkpt lat="36.438669953495264" lon="-121.92059992812574">
        <ele>31.45</ele>
      </trkpt>
      <trkpt lat="36.438629971817136" lon="-121.92057997919619">
        <ele>31.3</ele>
      </trkpt>
      <trkpt lat="36.43839997239411" lon="-121.9204399175942">
        <ele>31.12</ele>
      </trkpt>
      <trkpt lat="36.4381499402225" lon="-121.92029993981123">
        <ele>30.99</ele>
      </trkpt>
      <trkpt lat="36.43800996243954" lon="-121.92021997645497">
        <ele>30.89</ele>
      </trkpt>
      <trkpt lat="36.43784995190799" lon="-121.92012995481491">
        <ele>30.75</ele>
      </trkpt>
      <trkpt lat="36.43781994469464" lon="-121.92010992206633">
        <ele>30.62</ele>
      </trkpt>
      <trkpt lat="36.43767996691167" lon="-121.92003993317485">
        <ele>30.51</ele>
      </trkpt>
      <trkpt lat="36.437479974702" lon="-121.91992996260524">
        <ele>30.37</ele>
      </trkpt>
      <trkpt lat="36.437243688851595" lon="-121.91980347968638">
        <ele>30.23</ele>
      </trkpt>
      <trkpt lat="36.43700740300119" lon="-121.91967708058655">
        <ele>30.15</ele>
      </trkpt>
      <trkpt lat="36.43676994368434" lon="-121.91954992711544">
        <ele>30.13</ele>
      </trkpt>
      <trkpt lat="36.43668998032808" lon="-121.91950994543731">
        <ele>30.05</ele>
      </trkpt>
      <trkpt lat="36.4366199914366" lon="-121.91946996375918">
        <ele>29.99</ele>
      </trkpt>
      <trkpt lat="36.43652996979654" lon="-121.91941992379725">
        <ele>29.95</ele>
      </trkpt>
      <trkpt lat="36.43648998811841" lon="-121.9193999748677">
        <ele>29.94</ele>
      </trkpt>
      <trkpt lat="36.436349926516414" lon="-121.91931992769241">
        <ele>30.0</ele>
      </trkpt>
      <trkpt lat="36.436199974268675" lon="-121.91924993880093">
        <ele>29.98</ele>
      </trkpt>
      <trkpt lat="36.43610995262861" lon="-121.91921993158758">
        <ele>29.95</ele>
      </trkpt>
      <trkpt lat="36.436009956523776" lon="-121.91916997544467">
        <ele>29.92</ele>
      </trkpt>
      <trkpt lat="36.43584994599223" lon="-121.91910996101797">
        <ele>29.8</ele>
      </trkpt>
      <trkpt lat="36.435619946569204" lon="-121.9190199393779">
        <ele>29.83</ele>
      </trkpt>
      <trkpt lat="36.435489943251014" lon="-121.9189599249512">
        <ele>30.06</ele>
      </trkpt>
      <trkpt lat="36.4353799726814" lon="-121.91891994327307">
        <ele>30.49</ele>
      </trkpt>
      <trkpt lat="36.43530998378992" lon="-121.91888993605971">
        <ele>30.93</ele>
      </trkpt>
      <trkpt lat="36.435189954936504" lon="-121.91883997991681">
        <ele>31.46</ele>
      </trkpt>
      <trkpt lat="36.43502994440496" lon="-121.91878993995488">
        <ele>32.02</ele>
      </trkpt>
      <trkpt lat="36.43491997383535" lon="-121.91875993274152">
        <ele>32.55</ele>
      </trkpt>
      <trkpt lat="36.434759963303804" lon="-121.91870997659862">
        <ele>33.05</ele>
      </trkpt>
      <trkpt lat="36.43453993834555" lon="-121.91863998770714">
        <ele>33.56</ele>
      </trkpt>
      <trkpt lat="36.43440993502736" lon="-121.9185899477452">
        <ele>34.11</ele>
      </trkpt>
      <trkpt lat="36.43429996445775" lon="-121.91854996606708">
        <ele>34.72</ele>
      </trkpt>
      <trkpt lat="36.43412997946143" lon="-121.91848995164037">
        <ele>35.37</ele>
      </trkpt>
      <trkpt lat="36.43392998725176" lon="-121.91840998828411">
        <ele>36.05</ele>
      </trkpt>
      <trkpt lat="36.433769976720214" lon="-121.9183499738574">
        <ele>36.72</ele>
      </trkpt>
      <trkpt lat="36.43367995508015" lon="-121.91830999217927">
        <ele>37.38</ele>
      </trkpt>
      <trkpt lat="36.43358993344009" lon="-121.91825995221734">
        <ele>38.07</ele>
      </trkpt>
      <trkpt lat="36.43342522904277" lon="-121.91818007268012">
        <ele>38.72</ele>
      </trkpt>
      <trkpt lat="36.433259937912226" lon="-121.9180999416858">
        <ele>39.39</ele>
      </trkpt>
      <trkpt lat="36.43306992016733" lon="-121.91799994558096">
        <ele>40.07</ele>
      </trkpt>
      <trkpt lat="36.43292994238436" lon="-121.9179099239409">
        <ele>40.75</ele>
      </trkpt>
      <trkpt lat="36.43276993185282" lon="-121.91781998611987">
        <ele>41.41</ele>
      </trkpt>
      <trkpt lat="36.43260992132127" lon="-121.91771999001503">
        <ele>42.05</ele>
      </trkpt>
      <trkpt lat="36.432569939643145" lon="-121.91769995726645">
        <ele>42.73</ele>
      </trkpt>
      <trkpt lat="36.43244999460876" lon="-121.91762996837497">
        <ele>43.37</ele>
      </trkpt>
      <trkpt lat="36.43244999460876" lon="-121.9176199939102">
        <ele>44.09</ele>
      </trkpt>
      <trkpt lat="36.43231999129057" lon="-121.91752997227013">
        <ele>44.78</ele>
      </trkpt>
      <trkpt lat="36.432289984077215" lon="-121.91750993952155">
        <ele>45.51</ele>
      </trkpt>
      <trkpt lat="36.43218998797238" lon="-121.9174299761653">
        <ele>46.26</ele>
      </trkpt>
      <trkpt lat="36.43206995911896" lon="-121.91734992899">
        <ele>47.06</ele>
      </trkpt>
      <trkpt lat="36.43190994858742" lon="-121.91721992567182">
        <ele>47.96</ele>
      </trkpt>
      <trkpt lat="36.4317399635911" lon="-121.91707994788885">
        <ele>48.75</ele>
      </trkpt>
      <trkpt lat="36.431579953059554" lon="-121.91693997010589">
        <ele>49.57</ele>
      </trkpt>
      <trkpt lat="36.431539971381426" lon="-121.91689998842776">
        <ele>50.26</ele>
      </trkpt>
      <trkpt lat="36.43139999359846" lon="-121.91676998510957">
        <ele>50.96</ele>
      </trkpt>
      <trkpt lat="36.431389935314655" lon="-121.91675992682576">
        <ele>51.62</ele>
      </trkpt>
      <trkpt lat="36.43124995753169" lon="-121.91662992350757">
        <ele>52.3</ele>
      </trkpt>
      <trkpt lat="36.4311199542135" lon="-121.91649992018938">
        <ele>52.94</ele>
      </trkpt>
      <trkpt lat="36.431109979748726" lon="-121.9164899457246">
        <ele>53.54</ele>
      </trkpt>
      <trkpt lat="36.43096505664289" lon="-121.91635508090258">
        <ele>54.11</ele>
      </trkpt>
      <trkpt lat="36.43081996589899" lon="-121.91621996462345">
        <ele>54.66</ele>
      </trkpt>
      <trkpt lat="36.4306899625808" lon="-121.91608996130526">
        <ele>55.22</ele>
      </trkpt>
      <trkpt lat="36.430679988116026" lon="-121.91607998684049">
        <ele>55.74</ele>
      </trkpt>
      <trkpt lat="36.43049508333206" lon="-121.91589508205652">
        <ele>56.24</ele>
      </trkpt>
      <trkpt lat="36.430309927091" lon="-121.91570992581546">
        <ele>56.72</ele>
      </trkpt>
      <trkpt lat="36.430119993165135" lon="-121.91552996635437">
        <ele>57.08</ele>
      </trkpt>
      <trkpt lat="36.4300699532032" lon="-121.91547992639244">
        <ele>57.48</ele>
      </trkpt>
      <trkpt lat="36.429949924349785" lon="-121.91536995582283">
        <ele>57.8</ele>
      </trkpt>
      <trkpt lat="36.42971992492676" lon="-121.9151399563998">
        <ele>58.27</ele>
      </trkpt>
      <trkpt lat="36.429689917713404" lon="-121.91511992365122">
        <ele>58.59</ele>
      </trkpt>
      <trkpt lat="36.42961992882192" lon="-121.91504993475974">
        <ele>58.91</ele>
      </trkpt>
      <trkpt lat="36.429539965465665" lon="-121.91497994586825">
        <ele>59.18</ele>
      </trkpt>
      <trkpt lat="36.429429994896054" lon="-121.91487994976342">
        <ele>59.44</ele>
      </trkpt>
      <trkpt lat="36.4293999876827" lon="-121.91485991701484">
        <ele>59.61</ele>
      </trkpt>
      <trkpt lat="36.42930996604264" lon="-121.91477995365858">
        <ele>59.75</ele>
      </trkpt>
      <trkpt lat="36.42909999936819" lon="-121.91459999419749">
        <ele>59.85</ele>
      </trkpt>
      <trkpt lat="36.42906999215484" lon="-121.91457996144891">
        <ele>59.92</ele>
      </trkpt>
      <trkpt lat="36.42894996330142" lon="-121.91447996534407">
        <ele>59.97</ele>
      </trkpt>
      <trkpt lat="36.42890998162329" lon="-121.91444995813072">
        <ele>59.98</ele>
      </trkpt>
      <trkpt lat="36.42879992723465" lon="-121.91435993649065">
        <ele>59.97</ele>
      </trkpt>
      <trkpt lat="36.428639916703105" lon="-121.91424996592104">
        <ele>59.91</ele>
      </trkpt>
      <trkpt lat="36.428639916703105" lon="-121.91423999145627">
        <ele>59.81</ele>
      </trkpt>
      <trkpt lat="36.428489964455366" lon="-121.91412993706763">
        <ele>59.67</ele>
      </trkpt>
      <trkpt lat="36.42842995002866" lon="-121.9140899553895">
        <ele>59.5</ele>
      </trkpt>
      <trkpt lat="36.42832995392382" lon="-121.91401996649802">
        <ele>59.31</ele>
      </trkpt>
      <trkpt lat="36.42823993228376" lon="-121.91395995207131">
        <ele>59.04</ele>
      </trkpt>
      <trkpt lat="36.42816994339228" lon="-121.9139099959284">
        <ele>58.74</ele>
      </trkpt>
      <trkpt lat="36.42804999835789" lon="-121.91382994875312">
        <ele>58.41</ele>
      </trkpt>
      <trkpt lat="36.42786995507777" lon="-121.91371997818351">
        <ele>58.0</ele>
      </trkpt>
      <trkpt lat="36.42785998061299" lon="-121.9137099198997">
        <ele>57.63</ele>
      </trkpt>
      <trkpt lat="36.427719919011" lon="-121.91362995654345">
        <ele>57.18</ele>
      </trkpt>
      <trkpt lat="36.427689995616674" lon="-121.91360992379487">
        <ele>56.75</ele>
      </trkpt>
      <trkpt lat="36.42763995565474" lon="-121.91357991658151">
        <ele>56.31</ele>
      </trkpt>
      <trkpt lat="36.42746997065842" lon="-121.91348997876048">
        <ele>55.85</ele>
      </trkpt>
      <trkpt lat="36.42724994570017" lon="-121.91336994990706">
        <ele>55.3</ele>
      </trkpt>
      <trkpt lat="36.42698993906379" lon="-121.91323994658887">
        <ele>54.7</ele>
      </trkpt>
      <trkpt lat="36.4268599357456" lon="-121.91318999044597">
        <ele>54.19</ele>
      </trkpt>
      <trkpt lat="36.4266852568835" lon="-121.91311011090875">
        <ele>53.71</ele>
      </trkpt>
      <trkpt lat="36.426509991288185" lon="-121.91302997991443">
        <ele>53.17</ele>
      </trkpt>
      <trkpt lat="36.426339922472835" lon="-121.91296996548772">
        <ele>52.61</ele>
      </trkpt>
      <trkpt lat="36.42621997743845" lon="-121.91292998380959">
        <ele>52.09</ele>
      </trkpt>
      <trkpt lat="36.42602995969355" lon="-121.91285999491811">
        <ele>51.45</ele>
      </trkpt>
      <trkpt lat="36.425889981910586" lon="-121.91280995495617">
        <ele>50.83</ele>
      </trkpt>
      <trkpt lat="36.42582996748388" lon="-121.9127999804914">
        <ele>50.25</ele>
      </trkpt>
      <trkpt lat="36.42582996748388" lon="-121.9127899222076">
        <ele>49.74</ele>
      </trkpt>
      <trkpt lat="36.42566995695233" lon="-121.91274994052947">
        <ele>49.15</ele>
      </trkpt>
      <trkpt lat="36.42565998248756" lon="-121.91273996606469">
        <ele>48.66</ele>
      </trkpt>
      <trkpt lat="36.42557993531227" lon="-121.91271993331611">
        <ele>48.17</ele>
      </trkpt>
      <trkpt lat="36.42544993199408" lon="-121.91266997717321">
        <ele>47.72</ele>
      </trkpt>
      <trkpt lat="36.42540995031595" lon="-121.9126599188894">
        <ele>47.26</ele>
      </trkpt>
      <trkpt lat="36.425349935889244" lon="-121.91263996995986">
        <ele>46.82</ele>
      </trkpt>
      <trkpt lat="36.42527994699776" lon="-121.91261993721128">
        <ele>46.41</ele>
      </trkpt>
      <trkpt lat="36.4251899253577" lon="-121.91259998828173">
        <ele>46.01</ele>
      </trkpt>
      <trkpt lat="36.42507995478809" lon="-121.91257995553315">
        <ele>45.6</ele>
      </trkpt>
      <trkpt lat="36.42498993314803" lon="-121.91255992278457">
        <ele>45.17</ele>
      </trkpt>
      <trkpt lat="36.424859929829836" lon="-121.91252999939024">
        <ele>44.75</ele>
      </trkpt>
      <trkpt lat="36.42477996647358" lon="-121.91250996664166">
        <ele>44.29</ele>
      </trkpt>
      <trkpt lat="36.424759933725" lon="-121.91250996664166">
        <ele>43.82</ele>
      </trkpt>
      <trkpt lat="36.42468994483352" lon="-121.91248993389308">
        <ele>43.36</ele>
      </trkpt>
      <trkpt lat="36.424599923193455" lon="-121.91247995942831">
        <ele>42.88</ele>
      </trkpt>
      <trkpt lat="36.42455994151533" lon="-121.91246998496354">
        <ele>42.39</ele>
      </trkpt>
      <trkpt lat="36.42428996041417" lon="-121.91242991946638">
        <ele>41.88</ele>
      </trkpt>
      <trkpt lat="36.42424997873604" lon="-121.9124199450016">
        <ele>41.36</ele>
      </trkpt>
      <trkpt lat="36.42423992045224" lon="-121.9124199450016">
        <ele>40.83</ele>
      </trkpt>
      <trkpt lat="36.423949990421534" lon="-121.91238993778825">
        <ele>40.24</ele>
      </trkpt>
      <trkpt lat="36.423759972676635" lon="-121.9123699888587">
        <ele>39.61</ele>
      </trkpt>
      <trkpt lat="36.4237099327147" lon="-121.9123599305749">
        <ele>39.03</ele>
      </trkpt>
      <trkpt lat="36.42369995824993" lon="-121.9123599305749">
        <ele>38.46</ele>
      </trkpt>
      <trkpt lat="36.42361999489367" lon="-121.9123599305749">
        <ele>37.84</ele>
      </trkpt>
      <trkpt lat="36.42352997325361" lon="-121.91234995611012">
        <ele>37.23</ele>
      </trkpt>
      <trkpt lat="36.4234699588269" lon="-121.91233998164535">
        <ele>36.63</ele>
      </trkpt>
      <trkpt lat="36.42326996661723" lon="-121.91232992336154">
        <ele>35.97</ele>
      </trkpt>
      <trkpt lat="36.423139963299036" lon="-121.91233998164535">
        <ele>35.34</ele>
      </trkpt>
      <trkpt lat="36.422879956662655" lon="-121.91232992336154">
        <ele>34.67</ele>
      </trkpt>
      <trkpt lat="36.422859923914075" lon="-121.91232992336154">
        <ele>34.12</ele>
      </trkpt>
      <trkpt lat="36.42281994223595" lon="-121.91232992336154">
        <ele>33.57</ele>
      </trkpt>
      <trkpt lat="36.422599917277694" lon="-121.91233998164535">
        <ele>32.94</ele>
      </trkpt>
      <trkpt lat="36.422449965029955" lon="-121.91233998164535">
        <ele>32.37</ele>
      </trkpt>
      <trkpt lat="36.422279980033636" lon="-121.91234995611012">
        <ele>31.84</ele>
      </trkpt>
      <trkpt lat="36.422259947285056" lon="-121.91234995611012">
        <ele>31.38</ele>
      </trkpt>
      <trkpt lat="36.42207998782396" lon="-121.9123699888587">
        <ele>30.89</ele>
      </trkpt>
      <trkpt lat="36.42194998450577" lon="-121.91237996332347">
        <ele>30.47</ele>
      </trkpt>
      <trkpt lat="36.421849988400936" lon="-121.91238993778825">
        <ele>30.08</ele>
      </trkpt>
      <trkpt lat="36.421569949015975" lon="-121.91242991946638">
        <ele>29.75</ele>
      </trkpt>
      <trkpt lat="36.42152996733785" lon="-121.91243997775018">
        <ele>29.44</ele>
      </trkpt>
      <trkpt lat="36.42138998955488" lon="-121.91245992667973">
        <ele>29.19</ele>
      </trkpt>
      <trkpt lat="36.4213699568063" lon="-121.91246998496354">
        <ele>28.93</ele>
      </trkpt>
      <trkpt lat="36.42121992073953" lon="-121.91249999217689">
        <ele>28.75</ele>
      </trkpt>
      <trkpt lat="36.42120994627476" lon="-121.91249999217689">
        <ele>28.53</ele>
      </trkpt>
      <trkpt lat="36.42107994295657" lon="-121.91251994110644">
        <ele>28.39</ele>
      </trkpt>
      <trkpt lat="36.42088992521167" lon="-121.91256998106837">
        <ele>28.26</ele>
      </trkpt>
      <trkpt lat="36.420859917998314" lon="-121.91257995553315">
        <ele>28.1</ele>
      </trkpt>
      <trkpt lat="36.42065992578864" lon="-121.91261993721128">
        <ele>27.98</ele>
      </trkpt>
      <trkpt lat="36.420539980754256" lon="-121.91264994442463">
        <ele>27.85</ele>
      </trkpt>
      <trkpt lat="36.42045993357897" lon="-121.91267995163798">
        <ele>27.71</ele>
      </trkpt>
      <trkpt lat="36.42035993747413" lon="-121.91270995885134">
        <ele>27.59</ele>
      </trkpt>
      <trkpt lat="36.42018995247781" lon="-121.91275999881327">
        <ele>27.47</ele>
      </trkpt>
      <trkpt lat="36.420019967481494" lon="-121.91280995495617">
        <ele>27.34</ele>
      </trkpt>
      <trkpt lat="36.419979985803366" lon="-121.91282998770475">
        <ele>27.25</ele>
      </trkpt>
      <trkpt lat="36.419809916988015" lon="-121.91287994384766">
        <ele>27.17</ele>
      </trkpt>
      <trkpt lat="36.419549994170666" lon="-121.91297993995249">
        <ele>27.1</ele>
      </trkpt>
      <trkpt lat="36.41929996199906" lon="-121.91306996159256">
        <ele>27.05</ele>
      </trkpt>
      <trkpt lat="36.4190199226141" lon="-121.91317993216217">
        <ele>26.99</ele>
      </trkpt>
      <trkpt lat="36.418949933722615" lon="-121.91320993937552">
        <ele>26.98</ele>
      </trkpt>
      <trkpt lat="36.41878992319107" lon="-121.91326995380223">
        <ele>26.98</ele>
      </trkpt>
      <trkpt lat="36.418539974838495" lon="-121.91335997544229">
        <ele>27.0</ele>
      </trkpt>
      <trkpt lat="36.418350376188755" lon="-121.91342979669571">
        <ele>27.01</ele>
      </trkpt>
      <trkpt lat="36.4181599393487" lon="-121.91349995322526">
        <ele>27.08</ele>
      </trkpt>
      <trkpt lat="36.41788048669696" lon="-121.91359475255013">
        <ele>27.19</ele>
      </trkpt>
      <trkpt lat="36.41759994439781" lon="-121.91368997097015">
        <ele>27.07</ele>
      </trkpt>
      <trkpt lat="36.41733717173338" lon="-121.91378979943693">
        <ele>26.75</ele>
      </trkpt>
      <trkpt lat="36.41707431524992" lon="-121.91388954408467">
        <ele>26.77</ele>
      </trkpt>
      <trkpt lat="36.41680995002389" lon="-121.91398995928466">
        <ele>27.16</ele>
      </trkpt>
      <trkpt lat="36.41659998334944" lon="-121.91406992264092">
        <ele>27.51</ele>
      </trkpt>
      <trkpt lat="36.41633997671306" lon="-121.91416991874576">
        <ele>27.82</ele>
      </trkpt>
      <trkpt lat="36.41613998450339" lon="-121.91423999145627">
        <ele>28.04</ele>
      </trkpt>
      <trkpt lat="36.41594996675849" lon="-121.91429992206395">
        <ele>28.24</ele>
      </trkpt>
      <trkpt lat="36.41579993069172" lon="-121.9143399875611">
        <ele>28.41</ele>
      </trkpt>
      <trkpt lat="36.41568996012211" lon="-121.91436999477446">
        <ele>28.56</ele>
      </trkpt>
      <trkpt lat="36.41555995680392" lon="-121.91439991816878">
        <ele>28.7</ele>
      </trkpt>
      <trkpt lat="36.41536993905902" lon="-121.91440997645259">
        <ele>28.87</ele>
      </trkpt>
      <trkpt lat="36.41523993574083" lon="-121.91441995091736">
        <ele>29.02</ele>
      </trkpt>
      <trkpt lat="36.41512996517122" lon="-121.91440997645259">
        <ele>29.16</ele>
      </trkpt>
      <trkpt lat="36.414955370128155" lon="-121.91439002752304">
        <ele>29.29</ele>
      </trkpt>
      <trkpt lat="36.414779936894774" lon="-121.91436999477446">
        <ele>29.38</ele>
      </trkpt>
      <trkpt lat="36.41450995579362" lon="-121.91430998034775">
        <ele>29.43</ele>
      </trkpt>
      <trkpt lat="36.414289930835366" lon="-121.91424996592104">
        <ele>29.49</ele>
      </trkpt>
      <trkpt lat="36.414159927517176" lon="-121.91421995870769">
        <ele>29.57</ele>
      </trkpt>
      <trkpt lat="36.413879971951246" lon="-121.91417997702956">
        <ele>29.68</ele>
      </trkpt>
      <trkpt lat="36.41358995810151" lon="-121.91413999535143">
        <ele>29.79</ele>
      </trkpt>
      <trkpt lat="36.41340999864042" lon="-121.91410998813808">
        <ele>29.89</ele>
      </trkpt>
      <trkpt lat="36.41323992982507" lon="-121.91407998092473">
        <ele>29.99</ele>
      </trkpt>
      <trkpt lat="36.41307991929352" lon="-121.91404997371137">
        <ele>30.1</ele>
      </trkpt>
      <trkpt lat="36.4128599781543" lon="-121.91399993374944">
        <ele>30.19</ele>
      </trkpt>
      <trkpt lat="36.41272997483611" lon="-121.91397998481989">
        <ele>30.27</ele>
      </trkpt>
      <trkpt lat="36.412609945982695" lon="-121.91393991932273">
        <ele>30.3</ele>
      </trkpt>
      <trkpt lat="36.41244993545115" lon="-121.91392994485795">
        <ele>30.32</ele>
      </trkpt>
      <trkpt lat="36.41227995045483" lon="-121.91393991932273">
        <ele>30.36</ele>
      </trkpt>
      <trkpt lat="36.41216997988522" lon="-121.91394997760653">
        <ele>30.42</ele>
      </trkpt>
      <trkpt lat="36.41212999820709" lon="-121.91394997760653">
        <ele>30.49</ele>
      </trkpt>
      <trkpt lat="36.41209999099374" lon="-121.91395995207131">
        <ele>30.55</ele>
      </trkpt>
      <trkpt lat="36.412049951031804" lon="-121.91395995207131">
        <ele>30.63</ele>
      </trkpt>
      <trkpt lat="36.4119999948889" lon="-121.91397998481989">
        <ele>30.7</ele>
      </trkpt>
      <trkpt lat="36.41193998046219" lon="-121.91399993374944">
        <ele>30.77</ele>
      </trkpt>
      <trkpt lat="36.411899998784065" lon="-121.91400999203324">
        <ele>30.87</ele>
      </trkpt>
      <trkpt lat="36.41182992607355" lon="-121.91405994817615">
        <ele>30.97</ele>
      </trkpt>
      <trkpt lat="36.41158995218575" lon="-121.91420998424292">
        <ele>31.06</ele>
      </trkpt>
      <trkpt lat="36.41151996329427" lon="-121.91425994038582">
        <ele>31.19</ele>
      </trkpt>
      <trkpt lat="36.41143999993801" lon="-121.91431995481253">
        <ele>31.32</ele>
      </trkpt>
      <trkpt lat="36.41138995997608" lon="-121.91435993649065">
        <ele>31.47</ele>
      </trkpt>
      <trkpt lat="36.411149986088276" lon="-121.91450997255743">
        <ele>31.7</ele>
      </trkpt>
      <trkpt lat="36.41096994280815" lon="-121.91458993591368">
        <ele>31.96</ele>
      </trkpt>
      <trkpt lat="36.410869946703315" lon="-121.91461994312704">
        <ele>32.2</ele>
      </trkpt>
      <trkpt lat="36.410759976133704" lon="-121.91466998308897">
        <ele>32.42</ele>
      </trkpt>
      <trkpt lat="36.41064992174506" lon="-121.91466998308897">
        <ele>32.69</ele>
      </trkpt>
      <trkpt lat="36.41059996560216" lon="-121.91467995755374">
        <ele>32.95</ele>
      </trkpt>
      <trkpt lat="36.410569958388805" lon="-121.91467995755374">
        <ele>33.22</ele>
      </trkpt>
      <trkpt lat="36.41040994785726" lon="-121.91467995755374">
        <ele>33.53</ele>
      </trkpt>
      <trkpt lat="36.41023996286094" lon="-121.91464995034039">
        <ele>33.87</ele>
      </trkpt>
      <trkpt lat="36.41003997065127" lon="-121.91455992870033">
        <ele>34.27</ele>
      </trkpt>
      <trkpt lat="36.40995992347598" lon="-121.9145199470222">
        <ele>34.51</ele>
      </trkpt>
      <trkpt lat="36.409859927371144" lon="-121.91444995813072">
        <ele>34.84</ele>
      </trkpt>
      <trkpt lat="36.409819945693016" lon="-121.91441995091736">
        <ele>35.13</ele>
      </trkpt>
      <trkpt lat="36.409769989550114" lon="-121.91436999477446">
        <ele>35.45</ele>
      </trkpt>
      <trkpt lat="36.409709975123405" lon="-121.91431995481253">
        <ele>35.79</ele>
      </trkpt>
      <trkpt lat="36.4096499606967" lon="-121.91425994038582">
        <ele>36.13</ele>
      </trkpt>
      <trkpt lat="36.40960997901857" lon="-121.91422993317246">
        <ele>36.5</ele>
      </trkpt>
      <trkpt lat="36.40959992073476" lon="-121.91420998424292">
        <ele>36.87</ele>
      </trkpt>
      <trkpt lat="36.40958994626999" lon="-121.91420998424292">
        <ele>37.25</ele>
      </trkpt>
      <trkpt lat="36.40950998291373" lon="-121.91412993706763">
        <ele>37.65</ele>
      </trkpt>
      <trkpt lat="36.4094599429518" lon="-121.91406992264092">
        <ele>38.09</ele>
      </trkpt>
      <trkpt lat="36.40941996127367" lon="-121.91401996649802">
        <ele>38.53</ele>
      </trkpt>
      <trkpt lat="36.40928995795548" lon="-121.91388996317983">
        <ele>38.99</ele>
      </trkpt>
      <trkpt lat="36.40913992188871" lon="-121.91371997818351">
        <ele>39.47</ele>
      </trkpt>
      <trkpt lat="36.40896004624665" lon="-121.91352006979287">
        <ele>39.93</ele>
      </trkpt>
      <trkpt lat="36.40877991914749" lon="-121.91331999376416">
        <ele>40.4</ele>
      </trkpt>
      <trkpt lat="36.408655028790236" lon="-121.9131850451231">
        <ele>40.91</ele>
      </trkpt>
      <trkpt lat="36.408529970794916" lon="-121.91304992884398">
        <ele>41.42</ele>
      </trkpt>
      <trkpt lat="36.40838999301195" lon="-121.91289997659624">
        <ele>41.93</ele>
      </trkpt>
      <trkpt lat="36.4083599857986" lon="-121.91286996938288">
        <ele>42.46</ele>
      </trkpt>
      <trkpt lat="36.40825998969376" lon="-121.91274994052947">
        <ele>43.01</ele>
      </trkpt>
      <trkpt lat="36.408119928091764" lon="-121.9126099627465">
        <ele>43.56</ele>
      </trkpt>
      <trkpt lat="36.4079799503088" lon="-121.91244995221496">
        <ele>44.14</ele>
      </trkpt>
      <trkpt lat="36.40784005634487" lon="-121.91229505464435">
        <ele>44.76</ele>
      </trkpt>
      <trkpt lat="36.40769999474287" lon="-121.91213998943567">
        <ele>45.41</ele>
      </trkpt>
      <trkpt lat="36.40747996978462" lon="-121.91191996447742">
        <ele>46.13</ele>
      </trkpt>
      <trkpt lat="36.40734996646643" lon="-121.91178996115923">
        <ele>46.85</ele>
      </trkpt>
      <trkpt lat="36.407199930399656" lon="-121.91165995784104">
        <ele>47.57</ele>
      </trkpt>
      <trkpt lat="36.40698996372521" lon="-121.91146994009614">
        <ele>48.3</ele>
      </trkpt>
      <trkpt lat="36.4068799931556" lon="-121.91138997673988">
        <ele>49.02</ele>
      </trkpt>
      <trkpt lat="36.40674998983741" lon="-121.91127992235124">
        <ele>49.78</ele>
      </trkpt>
      <trkpt lat="36.406509932130575" lon="-121.91111999563873">
        <ele>50.58</ele>
      </trkpt>
      <trkpt lat="36.406379928812385" lon="-121.91102997399867">
        <ele>51.38</ele>
      </trkpt>
      <trkpt lat="36.40620524995029" lon="-121.91093014553189">
        <ele>52.2</ele>
      </trkpt>
      <trkpt lat="36.40602998435497" lon="-121.91082998178899">
        <ele>53.08</ele>
      </trkpt>
      <trkpt lat="36.4058299921453" lon="-121.91071992740035">
        <ele>54.03</ele>
      </trkpt>
      <trkpt lat="36.40557995997369" lon="-121.91059998236597">
        <ele>55.0</ele>
      </trkpt>
      <trkpt lat="36.405420284718275" lon="-121.91053510643542">
        <ele>55.9</ele>
      </trkpt>
      <trkpt lat="36.4052599389106" lon="-121.91046997904778">
        <ele>56.81</ele>
      </trkpt>
      <trkpt lat="36.40518995001912" lon="-121.91043997183442">
        <ele>57.71</ele>
      </trkpt>
      <trkpt lat="36.40517997555435" lon="-121.91043997183442">
        <ele>58.62</ele>
      </trkpt>
      <trkpt lat="36.40498995780945" lon="-121.91035992465913">
        <ele>59.52</ele>
      </trkpt>
      <trkpt lat="36.40473992563784" lon="-121.9102599285543">
        <ele>60.4</ele>
      </trkpt>
      <trkpt lat="36.40466993674636" lon="-121.91022992134094">
        <ele>61.29</ele>
      </trkpt>
      <trkpt lat="36.404529958963394" lon="-121.91016999073327">
        <ele>62.17</ele>
      </trkpt>
      <trkpt lat="36.40431999228895" lon="-121.91008994355798">
        <ele>63.07</ele>
      </trkpt>
      <trkpt lat="36.40429995954037" lon="-121.9100799690932">
        <ele>63.91</ele>
      </trkpt>
      <trkpt lat="36.40416995622218" lon="-121.91002992913127">
        <ele>64.77</ele>
      </trkpt>
      <trkpt lat="36.40397993847728" lon="-121.90993999131024">
        <ele>65.69</ele>
      </trkpt>
      <trkpt lat="36.40381992794573" lon="-121.90984996967018">
        <ele>66.57</ele>
      </trkpt>
      <trkpt lat="36.40373996458948" lon="-121.90980998799205">
        <ele>67.35</ele>
      </trkpt>
      <trkpt lat="36.403649942949414" lon="-121.90974997356534">
        <ele>68.1</ele>
      </trkpt>
      <trkpt lat="36.40354994684458" lon="-121.90968995913863">
        <ele>68.8</ele>
      </trkpt>
      <trkpt lat="36.40348993241787" lon="-121.9096399191767">
        <ele>69.37</ele>
      </trkpt>
      <trkpt lat="36.40340996906161" lon="-121.9095899630338">
        <ele>69.89</ele>
      </trkpt>
      <trkpt lat="36.403349954634905" lon="-121.90952994860709">
        <ele>70.32</ele>
      </trkpt>
      <trkpt lat="36.403299998492" lon="-121.90948996692896">
        <ele>70.64</ele>
      </trkpt>
      <trkpt lat="36.403159936890006" lon="-121.909349989146">
        <ele>70.87</ele>
      </trkpt>
      <trkpt lat="36.403089947998524" lon="-121.9092699419707">
        <ele>71.01</ele>
      </trkpt>
      <trkpt lat="36.40300998464227" lon="-121.90917992033064">
        <ele>70.99</ele>
      </trkpt>
      <trkpt lat="36.402939995750785" lon="-121.90908998250961">
        <ele>70.87</ele>
      </trkpt>
      <trkpt lat="36.40286992304027" lon="-121.90898998640478">
        <ele>70.67</ele>
      </trkpt>
      <trkpt lat="36.402769926935434" lon="-121.908839950338">
        <ele>70.23</ele>
      </trkpt>
      <trkpt lat="36.40270999632776" lon="-121.90874992869794">
        <ele>69.84</ele>
      </trkpt>
      <trkpt lat="36.40264998190105" lon="-121.90866996534169">
        <ele>69.41</ele>
      </trkpt>
      <trkpt lat="36.40254998579621" lon="-121.90848992206156">
        <ele>68.87</ele>
      </trkpt>
      <trkpt lat="36.40250992029905" lon="-121.90843996591866">
        <ele>68.28</ele>
      </trkpt>
      <trkpt lat="36.40243993140757" lon="-121.90830996260047">
        <ele>67.6</ele>
      </trkpt>
      <trkpt lat="36.40232996083796" lon="-121.90812991932034">
        <ele>66.93</ele>
      </trkpt>
      <trkpt lat="36.40228997915983" lon="-121.90805993042886">
        <ele>66.13</ele>
      </trkpt>
      <trkpt lat="36.40218495391309" lon="-121.90789489075541">
        <ele>65.22</ele>
      </trkpt>
      <trkpt lat="36.40207992866635" lon="-121.907729934901">
        <ele>64.31</ele>
      </trkpt>
      <trkpt lat="36.4019999653101" lon="-121.90759993158281">
        <ele>63.36</ele>
      </trkpt>
      <trkpt lat="36.40194992534816" lon="-121.90751996822655">
        <ele>62.3</ele>
      </trkpt>
      <trkpt lat="36.40183995477855" lon="-121.90737999044359">
        <ele>61.16</ele>
      </trkpt>
      <trkpt lat="36.401739958673716" lon="-121.9072499871254">
        <ele>60.0</ele>
      </trkpt>
      <trkpt lat="36.40163996256888" lon="-121.9071199838072">
        <ele>58.79</ele>
      </trkpt>
      <trkpt lat="36.40151993371546" lon="-121.90697992220521">
        <ele>57.58</ele>
      </trkpt>
      <trkpt lat="36.40139998868108" lon="-121.90684497356415">
        <ele>56.34</ele>
      </trkpt>
      <trkpt lat="36.40127995982766" lon="-121.90670994110405">
        <ele>55.05</ele>
      </trkpt>
      <trkpt lat="36.40108005143702" lon="-121.90649008378386">
        <ele>53.7</ele>
      </trkpt>
      <trkpt lat="36.40088014304638" lon="-121.90627014264464">
        <ele>52.32</ele>
      </trkpt>
      <trkpt lat="36.40067998319864" lon="-121.90604995004833">
        <ele>50.94</ele>
      </trkpt>
      <trkpt lat="36.400509998202324" lon="-121.90586001612246">
        <ele>49.59</ele>
      </trkpt>
      <trkpt lat="36.40033992938697" lon="-121.90566999837756">
        <ele>48.31</ele>
      </trkpt>
      <trkpt lat="36.40015670098364" lon="-121.90547335892916">
        <ele>46.96</ele>
      </trkpt>
      <trkpt lat="36.399973472580314" lon="-121.90527680329978">
        <ele>45.63</ele>
      </trkpt>
      <trkpt lat="36.39978999271989" lon="-121.90507999621332">
        <ele>44.33</ele>
      </trkpt>
      <trkpt lat="36.399569967761636" lon="-121.90483993850648">
        <ele>43.04</ele>
      </trkpt>
      <trkpt lat="36.399549935013056" lon="-121.90481998957694">
        <ele>41.81</ele>
      </trkpt>
      <trkpt lat="36.3994250446558" lon="-121.90469501540065">
        <ele>40.56</ele>
      </trkpt>
      <trkpt lat="36.39929998666048" lon="-121.90456995740533">
        <ele>39.34</ele>
      </trkpt>
      <trkpt lat="36.39912991784513" lon="-121.90439997240901">
        <ele>38.08</ele>
      </trkpt>
      <trkpt lat="36.39893998391926" lon="-121.90424993634224">
        <ele>36.79</ele>
      </trkpt>
      <trkpt lat="36.39886999502778" lon="-121.90419998019934">
        <ele>35.71</ele>
      </trkpt>
      <trkpt lat="36.398669918999076" lon="-121.90403996966779">
        <ele>34.68</ele>
      </trkpt>
      <trkpt lat="36.39859993010759" lon="-121.90399998798966">
        <ele>33.77</ele>
      </trkpt>
      <trkpt lat="36.39853999949992" lon="-121.90394994802773">
        <ele>32.95</ele>
      </trkpt>
      <trkpt lat="36.39849993400276" lon="-121.90392999909818">
        <ele>32.17</ele>
      </trkpt>
      <trkpt lat="36.39849993400276" lon="-121.90391994081438">
        <ele>31.46</ele>
      </trkpt>
      <trkpt lat="36.39840999618173" lon="-121.90386998467147">
        <ele>30.82</ele>
      </trkpt>
      <trkpt lat="36.39836993068457" lon="-121.90383997745812">
        <ele>30.24</ele>
      </trkpt>
      <trkpt lat="36.39833992347121" lon="-121.90381994470954">
        <ele>29.73</ele>
      </trkpt>
      <trkpt lat="36.398279992863536" lon="-121.90378993749619">
        <ele>29.29</ele>
      </trkpt>
      <trkpt lat="36.3981799967587" lon="-121.90372992306948">
        <ele>28.92</ele>
      </trkpt>
      <trkpt lat="36.398169938474894" lon="-121.9037199486047">
        <ele>28.6</ele>
      </trkpt>
      <trkpt lat="36.398019986227155" lon="-121.90363998524845">
        <ele>28.4</ele>
      </trkpt>
      <trkpt lat="36.39800992794335" lon="-121.90362992696464">
        <ele>28.22</ele>
      </trkpt>
      <trkpt lat="36.397889982908964" lon="-121.90356999635696">
        <ele>28.13</ele>
      </trkpt>
      <trkpt lat="36.39787992462516" lon="-121.90356999635696">
        <ele>28.07</ele>
      </trkpt>
      <trkpt lat="36.397849917411804" lon="-121.90354996360838">
        <ele>28.08</ele>
      </trkpt>
      <trkpt lat="36.39770993962884" lon="-121.90348994918168">
        <ele>28.16</ele>
      </trkpt>
      <trkpt lat="36.39768999069929" lon="-121.9034799747169">
        <ele>28.28</ele>
      </trkpt>
      <trkpt lat="36.397679932415485" lon="-121.9034799747169">
        <ele>28.46</ele>
      </trkpt>
      <trkpt lat="36.39757993631065" lon="-121.90342993475497">
        <ele>28.71</ele>
      </trkpt>
      <trkpt lat="36.39753995463252" lon="-121.9034199602902">
        <ele>29.01</ele>
      </trkpt>
      <trkpt lat="36.39750994741917" lon="-121.90340998582542">
        <ele>29.36</ele>
      </trkpt>
      <trkpt lat="36.39746996574104" lon="-121.90338995307684">
        <ele>29.76</ele>
      </trkpt>
      <trkpt lat="36.39734993688762" lon="-121.90333999693394">
        <ele>30.22</ele>
      </trkpt>
      <trkpt lat="36.39733996242285" lon="-121.90333999693394">
        <ele>30.72</ele>
      </trkpt>
      <trkpt lat="36.397249940782785" lon="-121.90330998972058">
        <ele>31.28</ele>
      </trkpt>
      <trkpt lat="36.39718992635608" lon="-121.903289956972">
        <ele>31.89</ele>
      </trkpt>
      <trkpt lat="36.39715991914272" lon="-121.90327998250723">
        <ele>32.54</ele>
      </trkpt>
      <trkpt lat="36.397139970213175" lon="-121.90327998250723">
        <ele>33.22</ele>
      </trkpt>
      <trkpt lat="36.39699999243021" lon="-121.9032299425453">
        <ele>33.95</ele>
      </trkpt>
      <trkpt lat="36.39680997468531" lon="-121.90317998640239">
        <ele>34.74</ele>
      </trkpt>
      <trkpt lat="36.39673998579383" lon="-121.90315995365381">
        <ele>35.57</ele>
      </trkpt>
      <trkpt lat="36.39666999690235" lon="-121.90313992090523">
        <ele>36.43</ele>
      </trkpt>
      <trkpt lat="36.39663998968899" lon="-121.90313992090523">
        <ele>37.32</ele>
      </trkpt>
      <trkpt lat="36.3964653108269" lon="-121.90310002304614">
        <ele>38.28</ele>
      </trkpt>
      <trkpt lat="36.39628996141255" lon="-121.90305995754898">
        <ele>39.32</ele>
      </trkpt>
      <trkpt lat="36.39613992534578" lon="-121.90301997587085">
        <ele>40.36</ele>
      </trkpt>
      <trkpt lat="36.39595041051507" lon="-121.90297504886985">
        <ele>41.45</ele>
      </trkpt>
      <trkpt lat="36.39575997367501" lon="-121.90292995423079">
        <ele>42.53</ele>
      </trkpt>
      <trkpt lat="36.39559996314347" lon="-121.90288997255266">
        <ele>43.59</ele>
      </trkpt>
      <trkpt lat="36.39534993097186" lon="-121.90282995812595">
        <ele>44.62</ele>
      </trkpt>
      <trkpt lat="36.39525999315083" lon="-121.90280992537737">
        <ele>45.7</ele>
      </trkpt>
      <trkpt lat="36.395229985937476" lon="-121.9027999509126">
        <ele>46.8</ele>
      </trkpt>
      <trkpt lat="36.395065281540155" lon="-121.9027600530535">
        <ele>47.92</ele>
      </trkpt>
      <trkpt lat="36.39489999040961" lon="-121.90271998755634">
        <ele>49.07</ele>
      </trkpt>
      <trkpt lat="36.39463998377323" lon="-121.90265997312963">
        <ele>50.29</ele>
      </trkpt>
      <trkpt lat="36.39444535598159" lon="-121.90262007527053">
        <ele>51.48</ele>
      </trkpt>
      <trkpt lat="36.39424997381866" lon="-121.90257992595434">
        <ele>52.66</ele>
      </trkpt>
      <trkpt lat="36.39405995607376" lon="-121.90253994427621">
        <ele>53.83</ele>
      </trkpt>
      <trkpt lat="36.393905309960246" lon="-121.90249501727521">
        <ele>54.96</ele>
      </trkpt>
      <trkpt lat="36.39374999329448" lon="-121.90244992263615">
        <ele>56.06</ele>
      </trkpt>
      <trkpt lat="36.39353709295392" lon="-121.90239678137004">
        <ele>57.1</ele>
      </trkpt>
      <trkpt lat="36.39332419261336" lon="-121.9023435562849">
        <ele>58.11</ele>
      </trkpt>
      <trkpt lat="36.3931099511683" lon="-121.90228999592364">
        <ele>59.15</ele>
      </trkpt>
      <trkpt lat="36.39295999892056" lon="-121.90225998871028">
        <ele>60.23</ele>
      </trkpt>
      <trkpt lat="36.39271994121373" lon="-121.90219997428358">
        <ele>61.32</ele>
      </trkpt>
      <trkpt lat="36.39250997453928" lon="-121.90214993432164">
        <ele>62.34</ele>
      </trkpt>
      <trkpt lat="36.39229045249522" lon="-121.90210509113967">
        <ele>63.36</ele>
      </trkpt>
      <trkpt lat="36.392069924622774" lon="-121.90205999650061">
        <ele>64.37</ele>
      </trkpt>
      <trkpt lat="36.39197998680174" lon="-121.9020499382168">
        <ele>65.28</ele>
      </trkpt>
      <trkpt lat="36.391899939626455" lon="-121.90201993100345">
        <ele>66.17</ele>
      </trkpt>
      <trkpt lat="36.391659965738654" lon="-121.90196997486055">
        <ele>67.02</ele>
      </trkpt>
      <trkpt lat="36.39136995188892" lon="-121.90189998596907">
        <ele>67.82</ele>
      </trkpt>
      <trkpt lat="36.39129996299744" lon="-121.90187995322049">
        <ele>68.54</ele>
      </trkpt>
      <trkpt lat="36.391189992427826" lon="-121.90184994600713">
        <ele>69.21</ele>
      </trkpt>
      <trkpt lat="36.39093996025622" lon="-121.90178993158042">
        <ele>69.82</ele>
      </trkpt>
      <trkpt lat="36.390785314142704" lon="-121.90175003372133">
        <ele>70.37</ele>
      </trkpt>
      <trkpt lat="36.390629997476935" lon="-121.90170996822417">
        <ele>70.88</ele>
      </trkpt>
      <trkpt lat="36.39048993587494" lon="-121.90167996101081">
        <ele>71.34</ele>
      </trkpt>
      <trkpt lat="36.39028541743755" lon="-121.90162505954504">
        <ele>71.73</ele>
      </trkpt>
      <trkpt lat="36.39007997699082" lon="-121.9015699904412">
        <ele>72.06</ele>
      </trkpt>
      <trkpt lat="36.3898753747344" lon="-121.90153000876307">
        <ele>72.34</ele>
      </trkpt>
      <trkpt lat="36.38966993428767" lon="-121.90148994326591">
        <ele>72.56</ele>
      </trkpt>
      <trkpt lat="36.38955996371806" lon="-121.90144996158779">
        <ele>72.77</ele>
      </trkpt>
      <trkpt lat="36.38930993154645" lon="-121.90138994716108">
        <ele>72.93</ele>
      </trkpt>
      <trkpt lat="36.38905554078519" lon="-121.90133010037243">
        <ele>73.07</ele>
      </trkpt>
      <trkpt lat="36.38879997655749" lon="-121.90126991830766">
        <ele>73.2</ele>
      </trkpt>
      <trkpt lat="36.38859998434782" lon="-121.90121996216476">
        <ele>73.09</ele>
      </trkpt>
      <trkpt lat="36.38853996992111" lon="-121.90120998769999">
        <ele>72.93</ele>
      </trkpt>
      <trkpt lat="36.3884299993515" lon="-121.90117998048663">
        <ele>72.74</ele>
      </trkpt>
      <trkpt lat="36.388119952753186" lon="-121.90110999159515">
        <ele>72.41</ele>
      </trkpt>
      <trkpt lat="36.38789992779493" lon="-121.90104997716844">
        <ele>72.12</ele>
      </trkpt>
      <trkpt lat="36.38782993890345" lon="-121.90103991888463">
        <ele>71.77</ele>
      </trkpt>
      <trkpt lat="36.38771996833384" lon="-121.90100999549031">
        <ele>71.35</ele>
      </trkpt>
      <trkpt lat="36.387539925053716" lon="-121.90096992999315">
        <ele>70.82</ele>
      </trkpt>
      <trkpt lat="36.38732040300965" lon="-121.90091511234641">
        <ele>70.29</ele>
      </trkpt>
      <trkpt lat="36.38709995895624" lon="-121.90085995942354">
        <ele>69.88</ele>
      </trkpt>
      <trkpt lat="36.386999962851405" lon="-121.90083992667496">
        <ele>69.34</ele>
      </trkpt>
      <trkpt lat="36.38679997064173" lon="-121.90078997053206">
        <ele>68.76</ele>
      </trkpt>
      <trkpt lat="36.38655999675393" lon="-121.90073993057013">
        <ele>68.04</ele>
      </trkpt>
      <trkpt lat="36.386289931833744" lon="-121.90067999996245">
        <ele>67.23</ele>
      </trkpt>
      <trkpt lat="36.386120365932584" lon="-121.90064001828432">
        <ele>66.41</ele>
      </trkpt>
      <trkpt lat="36.385949961841106" lon="-121.90059995278716">
        <ele>65.59</ele>
      </trkpt>
      <trkpt lat="36.3858899474144" lon="-121.90057992003858">
        <ele>64.77</ele>
      </trkpt>
      <trkpt lat="36.38577997684479" lon="-121.90055997110903">
        <ele>63.89</ele>
      </trkpt>
      <trkpt lat="36.385539919137955" lon="-121.90049995668232">
        <ele>62.98</ele>
      </trkpt>
      <trkpt lat="36.38533992692828" lon="-121.90044991672039">
        <ele>62.07</ele>
      </trkpt>
      <trkpt lat="36.38506994582713" lon="-121.90038998611271">
        <ele>61.11</ele>
      </trkpt>
      <trkpt lat="36.38479996472597" lon="-121.900329971686">
        <ele>60.1</ele>
      </trkpt>
      <trkpt lat="36.38455999083817" lon="-121.9002699572593">
        <ele>59.06</ele>
      </trkpt>
      <trkpt lat="36.384439961984754" lon="-121.90023995004594">
        <ele>58.06</ele>
      </trkpt>
      <trkpt lat="36.38431993313134" lon="-121.90021991729736">
        <ele>57.06</ele>
      </trkpt>
      <trkpt lat="36.3841699808836" lon="-121.90019996836782">
        <ele>56.05</ele>
      </trkpt>
      <trkpt lat="36.38389999978244" lon="-121.90017993561924">
        <ele>55.12</ele>
      </trkpt>
      <trkpt lat="36.38371995650232" lon="-121.90016996115446">
        <ele>54.17</ele>
      </trkpt>
      <trkpt lat="36.38360998593271" lon="-121.90016996115446">
        <ele>53.19</ele>
      </trkpt>
      <trkpt lat="36.38350998982787" lon="-121.90016996115446">
        <ele>52.19</ele>
      </trkpt>
      <trkpt lat="36.38324998319149" lon="-121.90017993561924">
        <ele>51.19</ele>
      </trkpt>
      <trkpt lat="36.3831199798733" lon="-121.90018999390304">
        <ele>50.14</ele>
      </trkpt>
      <trkpt lat="36.3829799182713" lon="-121.90020994283259">
        <ele>49.09</ele>
      </trkpt>
      <trkpt lat="36.38287992216647" lon="-121.90022997558117">
        <ele>48.03</ele>
      </trkpt>
      <trkpt lat="36.382679929956794" lon="-121.9002699572593">
        <ele>46.97</ele>
      </trkpt>
      <trkpt lat="36.38245998881757" lon="-121.90031999722123">
        <ele>45.9</ele>
      </trkpt>
      <trkpt lat="36.382189923897386" lon="-121.90038998611271">
        <ele>44.72</ele>
      </trkpt>
      <trkpt lat="36.38195992447436" lon="-121.90047992393374">
        <ele>43.5</ele>
      </trkpt>
      <trkpt lat="36.38169991783798" lon="-121.90058997832239">
        <ele>42.37</ele>
      </trkpt>
      <trkpt lat="36.381460363045335" lon="-121.90071478486061">
        <ele>41.42</ele>
      </trkpt>
      <trkpt lat="36.381219970062375" lon="-121.90083992667496">
        <ele>40.51</ele>
      </trkpt>
      <trkpt lat="36.38107999227941" lon="-121.90091997385025">
        <ele>39.59</ele>
      </trkpt>
      <trkpt lat="36.38081998564303" lon="-121.90108995884657">
        <ele>38.62</ele>
      </trkpt>
      <trkpt lat="36.38066994957626" lon="-121.90117998048663">
        <ele>37.77</ele>
      </trkpt>
      <trkpt lat="36.38055997900665" lon="-121.90125994384289">
        <ele>36.97</ele>
      </trkpt>
      <trkpt lat="36.380489990115166" lon="-121.90130998380482">
        <ele>36.23</ele>
      </trkpt>
      <trkpt lat="36.38038999401033" lon="-121.90139992162585">
        <ele>35.58</ele>
      </trkpt>
      <trkpt lat="36.380339954048395" lon="-121.90143998712301">
        <ele>34.99</ele>
      </trkpt>
      <trkpt lat="36.38028999790549" lon="-121.90149991773069">
        <ele>34.46</ele>
      </trkpt>
      <trkpt lat="36.38019997626543" lon="-121.90158993937075">
        <ele>34.0</ele>
      </trkpt>
      <trkpt lat="36.38011992909014" lon="-121.90168993547559">
        <ele>33.62</ele>
      </trkpt>
      <trkpt lat="36.37999998405576" lon="-121.90181993879378">
        <ele>33.33</ele>
      </trkpt>
      <trkpt lat="36.37994994409382" lon="-121.90187995322049">
        <ele>33.11</ele>
      </trkpt>
      <trkpt lat="36.37982999905944" lon="-121.9019999820739">
        <ele>32.69</ele>
      </trkpt>
      <trkpt lat="36.379799991846085" lon="-121.90202998928726">
        <ele>32.56</ele>
      </trkpt>
      <trkpt lat="36.379649955779314" lon="-121.9021899998188">
        <ele>32.17</ele>
      </trkpt>
      <trkpt lat="36.37959999963641" lon="-121.90222998149693">
        <ele>32.24</ele>
      </trkpt>
      <trkpt lat="36.37955993413925" lon="-121.90227993763983">
        <ele>32.38</ele>
      </trkpt>
      <trkpt lat="36.37944996356964" lon="-121.90237993374467">
        <ele>32.55</ele>
      </trkpt>
      <trkpt lat="36.37933999300003" lon="-121.90248998813331">
        <ele>32.97</ele>
      </trkpt>
      <trkpt lat="36.3790999352932" lon="-121.90271998755634">
        <ele>34.13</ele>
      </trkpt>
      <trkpt lat="36.37896993197501" lon="-121.9028599653393">
        <ele>35.07</ele>
      </trkpt>
      <trkpt lat="36.37879994697869" lon="-121.90302995033562">
        <ele>36.11</ele>
      </trkpt>
      <trkpt lat="36.378749990835786" lon="-121.90307999029756">
        <ele>36.79</ele>
      </trkpt>
      <trkpt lat="36.37865996919572" lon="-121.90316992811859">
        <ele>37.54</ele>
      </trkpt>
      <trkpt lat="36.37855997309089" lon="-121.90325994975865">
        <ele>38.33</ele>
      </trkpt>
      <trkpt lat="36.37840993702412" lon="-121.90340998582542">
        <ele>39.11</ele>
      </trkpt>
      <trkpt lat="36.37828999198973" lon="-121.9035299308598">
        <ele>39.94</ele>
      </trkpt>
      <trkpt lat="36.37817993760109" lon="-121.90363998524845">
        <ele>40.86</ele>
      </trkpt>
      <trkpt lat="36.37812998145819" lon="-121.90369999967515">
        <ele>41.78</ele>
      </trkpt>
      <trkpt lat="36.37800995260477" lon="-121.90379999577999">
        <ele>42.84</ele>
      </trkpt>
      <trkpt lat="36.37796997092664" lon="-121.90383997745812">
        <ele>43.79</ele>
      </trkpt>
      <trkpt lat="36.377909956499934" lon="-121.90387995913625">
        <ele>44.84</ele>
      </trkpt>
      <trkpt lat="36.377849942073226" lon="-121.90391994081438">
        <ele>45.88</ele>
      </trkpt>
      <trkpt lat="36.37776997871697" lon="-121.9039599224925">
        <ele>46.94</ele>
      </trkpt>
      <trkpt lat="36.377719938755035" lon="-121.90398992970586">
        <ele>47.93</ele>
      </trkpt>
      <trkpt lat="36.37770996429026" lon="-121.90398992970586">
        <ele>48.84</ele>
      </trkpt>
      <trkpt lat="36.37766998261213" lon="-121.90400996245444">
        <ele>49.69</ele>
      </trkpt>
      <trkpt lat="36.3776199426502" lon="-121.90402999520302">
        <ele>50.51</ele>
      </trkpt>
      <trkpt lat="36.37753997929394" lon="-121.90404994413257">
        <ele>51.29</ele>
      </trkpt>
      <trkpt lat="36.37746999040246" lon="-121.90405991859734">
        <ele>52.07</ele>
      </trkpt>
      <trkpt lat="36.377399917691946" lon="-121.90406997688115">
        <ele>52.84</ele>
      </trkpt>
      <trkpt lat="36.37729992158711" lon="-121.90407995134592">
        <ele>53.54</ele>
      </trkpt>
      <trkpt lat="36.37711996212602" lon="-121.90407995134592">
        <ele>54.23</ele>
      </trkpt>
      <trkpt lat="36.37706992216408" lon="-121.90407995134592">
        <ele>54.92</ele>
      </trkpt>
      <trkpt lat="36.37695995159447" lon="-121.90407995134592">
        <ele>55.59</ele>
      </trkpt>
      <trkpt lat="36.376899937167764" lon="-121.90407995134592">
        <ele>56.23</ele>
      </trkpt>
      <trkpt lat="36.37681997381151" lon="-121.9040899258107">
        <ele>56.87</ele>
      </trkpt>
      <trkpt lat="36.37671997770667" lon="-121.90410995855927">
        <ele>57.5</ele>
      </trkpt>
      <trkpt lat="36.37664998881519" lon="-121.90413996577263">
        <ele>58.07</ele>
      </trkpt>
      <trkpt lat="36.37660992331803" lon="-121.9041499402374">
        <ele>58.62</ele>
      </trkpt>
      <trkpt lat="36.37652995996177" lon="-121.90418992191553">
        <ele>59.19</ele>
      </trkpt>
      <trkpt lat="36.376449996605515" lon="-121.90422998741269">
        <ele>59.73</ele>
      </trkpt>
      <trkpt lat="36.37635997496545" lon="-121.90428991802037">
        <ele>60.23</ele>
      </trkpt>
      <trkpt lat="36.37628998607397" lon="-121.9043399579823">
        <ele>60.71</ele>
      </trkpt>
      <trkpt lat="36.37611991725862" lon="-121.90447993576527">
        <ele>61.08</ele>
      </trkpt>
      <trkpt lat="36.376019921153784" lon="-121.90455998294055">
        <ele>61.51</ele>
      </trkpt>
      <trkpt lat="36.375999972224236" lon="-121.90456995740533">
        <ele>62.0</ele>
      </trkpt>
      <trkpt lat="36.37592998333275" lon="-121.90462997183204">
        <ele>62.45</ele>
      </trkpt>
      <trkpt lat="36.37585999444127" lon="-121.90466995351017">
        <ele>62.96</ele>
      </trkpt>
      <trkpt lat="36.37578992173076" lon="-121.9047099351883">
        <ele>63.49</ele>
      </trkpt>
      <trkpt lat="36.375719932839274" lon="-121.90473994240165">
        <ele>64.03</ele>
      </trkpt>
      <trkpt lat="36.375659918412566" lon="-121.904769949615">
        <ele>64.57</ele>
      </trkpt>
      <trkpt lat="36.375589929521084" lon="-121.90478998236358">
        <ele>65.14</ele>
      </trkpt>
      <trkpt lat="36.37553997337818" lon="-121.90479995682836">
        <ele>65.74</ele>
      </trkpt>
      <trkpt lat="36.3754699844867" lon="-121.90480993129313">
        <ele>66.36</ele>
      </trkpt>
      <trkpt lat="36.37539999559522" lon="-121.90482996404171">
        <ele>66.95</ele>
      </trkpt>
      <trkpt lat="36.37534995563328" lon="-121.90482996404171">
        <ele>67.57</ele>
      </trkpt>
      <trkpt lat="36.37533998116851" lon="-121.90482996404171">
        <ele>68.19</ele>
      </trkpt>
      <trkpt lat="36.3752799667418" lon="-121.90482996404171">
        <ele>68.88</ele>
      </trkpt>
      <trkpt lat="36.375229926779866" lon="-121.90481998957694">
        <ele>69.58</ele>
      </trkpt>
      <trkpt lat="36.37514996342361" lon="-121.90480993129313">
        <ele>70.31</ele>
      </trkpt>
      <trkpt lat="36.374899931252" lon="-121.90473994240165">
        <ele>71.29</ele>
      </trkpt>
      <trkpt lat="36.374879982322454" lon="-121.90473994240165">
        <ele>71.92</ele>
      </trkpt>
      <trkpt lat="36.374819967895746" lon="-121.90472996793687">
        <ele>72.58</ele>
      </trkpt>
      <trkpt lat="36.37475995346904" lon="-121.90472996793687">
        <ele>73.2</ele>
      </trkpt>
      <trkpt lat="36.37469993904233" lon="-121.90472996793687">
        <ele>73.82</ele>
      </trkpt>
      <trkpt lat="36.37463992461562" lon="-121.90473994240165">
        <ele>74.39</ele>
      </trkpt>
      <trkpt lat="36.374579994007945" lon="-121.90475997515023">
        <ele>74.93</ele>
      </trkpt>
      <trkpt lat="36.37448997236788" lon="-121.90479995682836">
        <ele>75.41</ele>
      </trkpt>
      <trkpt lat="36.37437991797924" lon="-121.90484999679029">
        <ele>75.86</ele>
      </trkpt>
      <trkpt lat="36.374319987371564" lon="-121.90487992018461">
        <ele>76.32</ele>
      </trkpt>
      <trkpt lat="36.374239940196276" lon="-121.90490992739797">
        <ele>76.78</ele>
      </trkpt>
      <trkpt lat="36.37416995130479" lon="-121.90492996014655">
        <ele>77.21</ele>
      </trkpt>
      <trkpt lat="36.374109936878085" lon="-121.90493993461132">
        <ele>77.64</ele>
      </trkpt>
      <trkpt lat="36.37406995519996" lon="-121.90494999289513">
        <ele>77.98</ele>
      </trkpt>
      <trkpt lat="36.37400994077325" lon="-121.90494999289513">
        <ele>78.32</ele>
      </trkpt>
      <trkpt lat="36.37392997741699" lon="-121.90494999289513">
        <ele>78.63</ele>
      </trkpt>
      <trkpt lat="36.373849930241704" lon="-121.90493993461132">
        <ele>78.92</ele>
      </trkpt>
      <trkpt lat="36.37377994135022" lon="-121.90491998568177">
        <ele>79.13</ele>
      </trkpt>
      <trkpt lat="36.37373995967209" lon="-121.90490992739797">
        <ele>79.29</ele>
      </trkpt>
      <trkpt lat="36.373699977993965" lon="-121.90488997846842">
        <ele>79.41</ele>
      </trkpt>
      <trkpt lat="36.37364993803203" lon="-121.90486994571984">
        <ele>79.49</ele>
      </trkpt>
      <trkpt lat="36.37359998188913" lon="-121.90484999679029">
        <ele>79.52</ele>
      </trkpt>
      <trkpt lat="36.37355991639197" lon="-121.90482996404171">
        <ele>79.5</ele>
      </trkpt>
      <trkpt lat="36.373509960249066" lon="-121.90479995682836">
        <ele>79.45</ele>
      </trkpt>
      <trkpt lat="36.37347995303571" lon="-121.90477992407978">
        <ele>79.36</ele>
      </trkpt>
      <trkpt lat="36.37344994582236" lon="-121.90475997515023">
        <ele>79.23</ele>
      </trkpt>
      <trkpt lat="36.373399989679456" lon="-121.90472996793687">
        <ele>79.04</ele>
      </trkpt>
      <trkpt lat="36.3733699824661" lon="-121.90469996072352">
        <ele>78.81</ele>
      </trkpt>
      <trkpt lat="36.373359924182296" lon="-121.90468998625875">
        <ele>78.54</ele>
      </trkpt>
      <trkpt lat="36.37331994250417" lon="-121.90464992076159">
        <ele>78.23</ele>
      </trkpt>
      <trkpt lat="36.373269986361265" lon="-121.90458999015391">
        <ele>77.88</ele>
      </trkpt>
      <trkpt lat="36.373229920864105" lon="-121.90453995019197">
        <ele>77.49</ele>
      </trkpt>
      <trkpt lat="36.37321994639933" lon="-121.9045299757272">
        <ele>77.05</ele>
      </trkpt>
      <trkpt lat="36.37318993918598" lon="-121.90446996130049">
        <ele>76.59</ele>
      </trkpt>
      <trkpt lat="36.37314995750785" lon="-121.90439997240901">
        <ele>76.06</ele>
      </trkpt>
      <trkpt lat="36.373099917545915" lon="-121.90428991802037">
        <ele>75.54</ele>
      </trkpt>
      <trkpt lat="36.37303998693824" lon="-121.9041499402374">
        <ele>74.91</ele>
      </trkpt>
      <trkpt lat="36.372969998046756" lon="-121.9039599224925">
        <ele>74.31</ele>
      </trkpt>
      <trkpt lat="36.372969998046756" lon="-121.90394994802773">
        <ele>73.64</ele>
      </trkpt>
      <trkpt lat="36.372929932549596" lon="-121.90382991917431">
        <ele>72.96</ele>
      </trkpt>
      <trkpt lat="36.37289992533624" lon="-121.90375993028283">
        <ele>72.23</ele>
      </trkpt>
      <trkpt lat="36.37289992533624" lon="-121.90373998135328">
        <ele>71.48</ele>
      </trkpt>
      <trkpt lat="36.372824907302856" lon="-121.90354468300939">
        <ele>70.75</ele>
      </trkpt>
      <trkpt lat="36.3727499730885" lon="-121.90334997139871">
        <ele>69.97</ele>
      </trkpt>
      <trkpt lat="36.3727499730885" lon="-121.90333999693394">
        <ele>69.14</ele>
      </trkpt>
      <trkpt lat="36.37273999862373" lon="-121.90330998972058">
        <ele>68.31</ele>
      </trkpt>
      <trkpt lat="36.372689958661795" lon="-121.90315995365381">
        <ele>67.5</ele>
      </trkpt>
      <trkpt lat="36.37267998419702" lon="-121.90313992090523">
        <ele>66.66</ele>
      </trkpt>
      <trkpt lat="36.372629944235086" lon="-121.90299994312227">
        <ele>65.89</ele>
      </trkpt>
      <trkpt lat="36.37259993702173" lon="-121.90293992869556">
        <ele>65.06</ele>
      </trkpt>
      <trkpt lat="36.37256992980838" lon="-121.90284999087453">
        <ele>64.26</ele>
      </trkpt>
      <trkpt lat="36.372499940916896" lon="-121.90269995480776">
        <ele>63.45</ele>
      </trkpt>
      <trkpt lat="36.37235996313393" lon="-121.90254991874099">
        <ele>62.61</ele>
      </trkpt>
      <trkpt lat="36.37216994538903" lon="-121.90233995206654">
        <ele>61.73</ele>
      </trkpt>
      <trkpt lat="36.372049916535616" lon="-121.9022399559617">
        <ele>60.66</ele>
      </trkpt>
      <trkpt lat="36.37191999703646" lon="-121.90213995985687">
        <ele>59.64</ele>
      </trkpt>
      <trkpt lat="36.37185998260975" lon="-121.90209997817874">
        <ele>58.93</ele>
      </trkpt>
      <trkpt lat="36.37170994654298" lon="-121.90201993100345">
        <ele>58.04</ele>
      </trkpt>
      <trkpt lat="36.37147994711995" lon="-121.90191993489861">
        <ele>57.34</ele>
      </trkpt>
      <trkpt lat="36.37133996933699" lon="-121.90184994600713">
        <ele>57.17</ele>
      </trkpt>
      <trkpt lat="36.371269980445504" lon="-121.90181993879378">
        <ele>57.34</ele>
      </trkpt>
      <trkpt lat="36.37114995159209" lon="-121.90175992436707">
        <ele>57.79</ele>
      </trkpt>
      <trkpt lat="36.3710199482739" lon="-121.90171994268894">
        <ele>58.5</ele>
      </trkpt>
      <trkpt lat="36.37089991942048" lon="-121.90168993547559">
        <ele>59.39</ele>
      </trkpt>
      <trkpt lat="36.37076999992132" lon="-121.90165992826223">
        <ele>60.43</ele>
      </trkpt>
      <trkpt lat="36.37061996385455" lon="-121.90164995379746">
        <ele>61.39</ele>
      </trkpt>
      <trkpt lat="36.37046992778778" lon="-121.90166998654604">
        <ele>62.35</ele>
      </trkpt>
      <trkpt lat="36.37021050788462" lon="-121.90174978226423">
        <ele>63.21</ele>
      </trkpt>
      <trkpt lat="36.36994999833405" lon="-121.90182999707758">
        <ele>64.12</ele>
      </trkpt>
      <trkpt lat="36.369939940050244" lon="-121.90182999707758">
        <ele>65.07</ele>
      </trkpt>
      <trkpt lat="36.369829969480634" lon="-121.90187995322049">
        <ele>66.03</ele>
      </trkpt>
      <trkpt lat="36.36966995894909" lon="-121.90190996043384">
        <ele>67.1</ele>
      </trkpt>
      <trkpt lat="36.36954993009567" lon="-121.90190996043384">
        <ele>68.25</ele>
      </trkpt>
      <trkpt lat="36.36942998506129" lon="-121.90189998596907">
        <ele>69.42</ele>
      </trkpt>
      <trkpt lat="36.369349937886" lon="-121.90186997875571">
        <ele>70.64</ele>
      </trkpt>
      <trkpt lat="36.36923996731639" lon="-121.90184994600713">
        <ele>71.88</ele>
      </trkpt>
      <trkpt lat="36.369209960103035" lon="-121.90183997154236">
        <ele>73.09</ele>
      </trkpt>
      <trkpt lat="36.36912999674678" lon="-121.90177995711565">
        <ele>74.34</ele>
      </trkpt>
      <trkpt lat="36.369019942358136" lon="-121.90170996822417">
        <ele>75.57</ele>
      </trkpt>
      <trkpt lat="36.368909971788526" lon="-121.90158993937075">
        <ele>76.79</ele>
      </trkpt>
      <trkpt lat="36.36882992461324" lon="-121.90148994326591">
        <ele>78.01</ele>
      </trkpt>
      <trkpt lat="36.36880997568369" lon="-121.90145993605256">
        <ele>79.2</ele>
      </trkpt>
      <trkpt lat="36.36879991739988" lon="-121.90145993605256">
        <ele>80.38</ele>
      </trkpt>
      <trkpt lat="36.368759935721755" lon="-121.90140997990966">
        <ele>81.57</ele>
      </trkpt>
      <trkpt lat="36.368669997900724" lon="-121.90129992552102">
        <ele>82.75</ele>
      </trkpt>
      <trkpt lat="36.36855994351208" lon="-121.90116992220283">
        <ele>83.93</ele>
      </trkpt>
      <trkpt lat="36.36833991855383" lon="-121.90090999938548">
        <ele>85.13</ele>
      </trkpt>
      <trkpt lat="36.36820999905467" lon="-121.90078997053206">
        <ele>86.23</ele>
      </trkpt>
      <trkpt lat="36.36818996630609" lon="-121.90077999606729">
        <ele>87.26</ele>
      </trkpt>
      <trkpt lat="36.36814998462796" lon="-121.90072995610535">
        <ele>88.29</ele>
      </trkpt>
      <trkpt lat="36.36809994466603" lon="-121.90068997442722">
        <ele>89.26</ele>
      </trkpt>
      <trkpt lat="36.3680599629879" lon="-121.90065996721387">
        <ele>90.2</ele>
      </trkpt>
      <trkpt lat="36.368029955774546" lon="-121.90062996000051">
        <ele>91.12</ele>
      </trkpt>
      <trkpt lat="36.36794999241829" lon="-121.9005699455738">
        <ele>92.0</ele>
      </trkpt>
      <trkpt lat="36.36790992692113" lon="-121.90052996389568">
        <ele>92.87</ele>
      </trkpt>
      <trkpt lat="36.36784999631345" lon="-121.90048998221755">
        <ele>93.71</ele>
      </trkpt>
      <trkpt lat="36.367789981886744" lon="-121.90043994225562">
        <ele>94.53</ele>
      </trkpt>
      <trkpt lat="36.367709934711456" lon="-121.90037992782891">
        <ele>95.3</ele>
      </trkpt>
      <trkpt lat="36.367639945819974" lon="-121.90033994615078">
        <ele>96.06</ele>
      </trkpt>
      <trkpt lat="36.36758998967707" lon="-121.90030993893743">
        <ele>96.79</ele>
      </trkpt>
      <trkpt lat="36.36753994971514" lon="-121.90027993172407">
        <ele>97.49</ele>
      </trkpt>
      <trkpt lat="36.36747993528843" lon="-121.90024992451072">
        <ele>98.18</ele>
      </trkpt>
      <trkpt lat="36.367469960823655" lon="-121.90023995004594">
        <ele>98.87</ele>
      </trkpt>
      <trkpt lat="36.3674399536103" lon="-121.90022997558117">
        <ele>99.53</ele>
      </trkpt>
      <trkpt lat="36.36734993197024" lon="-121.90017993561924">
        <ele>100.22</ele>
      </trkpt>
      <trkpt lat="36.36730995029211" lon="-121.90015998668969">
        <ele>100.88</ele>
      </trkpt>
      <trkpt lat="36.3672499358654" lon="-121.90012997947633">
        <ele>101.54</ele>
      </trkpt>
      <trkpt lat="36.36713996529579" lon="-121.9000899977982">
        <ele>102.18</ele>
      </trkpt>
      <trkpt lat="36.367019936442375" lon="-121.90003995783627">
        <ele>102.89</ele>
      </trkpt>
      <trkpt lat="36.36687995865941" lon="-121.89998991787434">
        <ele>103.61</ele>
      </trkpt>
      <trkpt lat="36.366779962554574" lon="-121.89995999448001">
        <ele>104.28</ele>
      </trkpt>
      <trkpt lat="36.36661031283438" lon="-121.89991003833711">
        <ele>105.01</ele>
      </trkpt>
      <trkpt lat="36.366439992561936" lon="-121.89985999837518">
        <ele>105.66</ele>
      </trkpt>
      <trkpt lat="36.36621996760368" lon="-121.89978992566466">
        <ele>106.32</ele>
      </trkpt>
      <trkpt lat="36.36607998982072" lon="-121.89974994398654">
        <ele>106.95</ele>
      </trkpt>
      <trkpt lat="36.36596993543208" lon="-121.8997099623084">
        <ele>107.6</ele>
      </trkpt>
      <trkpt lat="36.36581998318434" lon="-121.89965992234647">
        <ele>108.29</ele>
      </trkpt>
      <trkpt lat="36.365729961544275" lon="-121.89962999895215">
        <ele>108.97</ele>
      </trkpt>
      <trkpt lat="36.36550993658602" lon="-121.89955992624164">
        <ele>109.72</ele>
      </trkpt>
      <trkpt lat="36.36539996601641" lon="-121.89951994456351">
        <ele>110.45</ele>
      </trkpt>
      <trkpt lat="36.36523995548487" lon="-121.89947996288538">
        <ele>111.21</ele>
      </trkpt>
      <trkpt lat="36.36502998881042" lon="-121.89941994845867">
        <ele>111.97</ele>
      </trkpt>
      <trkpt lat="36.36495999991894" lon="-121.89939999952912">
        <ele>112.69</ele>
      </trkpt>
      <trkpt lat="36.36477995663881" lon="-121.89937996678054">
        <ele>113.43</ele>
      </trkpt>
      <trkpt lat="36.36474994942546" lon="-121.89937996678054">
        <ele>114.15</ele>
      </trkpt>
      <trkpt lat="36.36468993499875" lon="-121.89935993403196">
        <ele>114.91</ele>
      </trkpt>
      <trkpt lat="36.364609971642494" lon="-121.89939999952912">
        <ele>115.64</ele>
      </trkpt>
      <trkpt lat="36.364549957215786" lon="-121.8994099739939">
        <ele>116.4</ele>
      </trkpt>
      <trkpt lat="36.36449991725385" lon="-121.89941994845867">
        <ele>117.18</ele>
      </trkpt>
      <trkpt lat="36.36444996111095" lon="-121.89942992292345">
        <ele>117.96</ele>
      </trkpt>
      <trkpt lat="36.364399921149015" lon="-121.89943998120725">
        <ele>118.77</ele>
      </trkpt>
      <trkpt lat="36.36433999054134" lon="-121.89944995567203">
        <ele>119.59</ele>
      </trkpt>
      <trkpt lat="36.36421996168792" lon="-121.89949999563396">
        <ele>120.43</ele>
      </trkpt>
      <trkpt lat="36.36412994004786" lon="-121.89953997731209">
        <ele>121.28</ele>
      </trkpt>
      <trkpt lat="36.364049976691604" lon="-121.89957995899022">
        <ele>122.14</ele>
      </trkpt>
      <trkpt lat="36.36392994783819" lon="-121.89963997341692">
        <ele>123.02</ele>
      </trkpt>
      <trkpt lat="36.36373993009329" lon="-121.89975991845131">
        <ele>123.94</ele>
      </trkpt>
      <trkpt lat="36.3636099267751" lon="-121.8998399656266">
        <ele>124.9</ele>
      </trkpt>
      <trkpt lat="36.36341999284923" lon="-121.89995999448001">
        <ele>125.88</ele>
      </trkpt>
      <trkpt lat="36.36319996789098" lon="-121.9000799395144">
        <ele>126.86</ele>
      </trkpt>
      <trkpt lat="36.36306996457279" lon="-121.9001399539411">
        <ele>127.82</ele>
      </trkpt>
      <trkpt lat="36.3629899173975" lon="-121.90017993561924">
        <ele>128.78</ele>
      </trkpt>
      <trkpt lat="36.36275991797447" lon="-121.90025998279452">
        <ele>129.75</ele>
      </trkpt>
      <trkpt lat="36.36260996572673" lon="-121.90031999722123">
        <ele>130.7</ele>
      </trkpt>
      <trkpt lat="36.3625099696219" lon="-121.90033994615078">
        <ele>131.66</ele>
      </trkpt>
      <trkpt lat="36.362419947981834" lon="-121.90036995336413">
        <ele>132.6</ele>
      </trkpt>
      <trkpt lat="36.36225993745029" lon="-121.90039996057749">
        <ele>133.55</ele>
      </trkpt>
      <trkpt lat="36.36206539347768" lon="-121.90042988397181">
        <ele>134.53</ele>
      </trkpt>
      <trkpt lat="36.36186992749572" lon="-121.9004599750042">
        <ele>135.53</ele>
      </trkpt>
      <trkpt lat="36.36167538352311" lon="-121.90048989839852">
        <ele>136.53</ele>
      </trkpt>
      <trkpt lat="36.361479917541146" lon="-121.9005199894309">
        <ele>137.49</ele>
      </trkpt>
      <trkpt lat="36.36129040271044" lon="-121.90054991282523">
        <ele>138.41</ele>
      </trkpt>
      <trkpt lat="36.36109996587038" lon="-121.90057992003858">
        <ele>139.34</ele>
      </trkpt>
      <trkpt lat="36.360999969765544" lon="-121.90059995278716">
        <ele>140.22</ele>
      </trkpt>
      <trkpt lat="36.36089997366071" lon="-121.90060992725194">
        <ele>141.08</ele>
      </trkpt>
      <trkpt lat="36.36075999587774" lon="-121.90062996000051">
        <ele>141.92</ele>
      </trkpt>
      <trkpt lat="36.36060995981097" lon="-121.9006499927491">
        <ele>142.76</ele>
      </trkpt>
      <trkpt lat="36.360509963706136" lon="-121.9006499927491">
        <ele>143.58</ele>
      </trkpt>
      <trkpt lat="36.36047995649278" lon="-121.90063993446529">
        <ele>144.36</ele>
      </trkpt>
      <trkpt lat="36.36042991653085" lon="-121.90063993446529">
        <ele>145.14</ele>
      </trkpt>
      <trkpt lat="36.36034995317459" lon="-121.90062996000051">
        <ele>145.92</ele>
      </trkpt>
      <trkpt lat="36.36032992042601" lon="-121.90061998553574">
        <ele>146.65</ele>
      </trkpt>
      <trkpt lat="36.36023998260498" lon="-121.90059995278716">
        <ele>147.38</ele>
      </trkpt>
      <trkpt lat="36.36015993542969" lon="-121.90057992003858">
        <ele>148.08</ele>
      </trkpt>
      <trkpt lat="36.36008994653821" lon="-121.90054999664426">
        <ele>148.77</ele>
      </trkpt>
      <trkpt lat="36.36001995764673" lon="-121.9005199894309">
        <ele>149.45</ele>
      </trkpt>
      <trkpt lat="36.359839998185635" lon="-121.90041999332607">
        <ele>150.09</ele>
      </trkpt>
      <trkpt lat="36.359629947692156" lon="-121.90029996447265">
        <ele>150.66</ele>
      </trkpt>
      <trkpt lat="36.359519977122545" lon="-121.90024992451072">
        <ele>151.32</ele>
      </trkpt>
      <trkpt lat="36.35942995548248" lon="-121.90022997558117">
        <ele>151.97</ele>
      </trkpt>
      <trkpt lat="36.359349992126226" lon="-121.90020994283259">
        <ele>152.6</ele>
      </trkpt>
      <trkpt lat="36.35928997769952" lon="-121.90019996836782">
        <ele>153.2</ele>
      </trkpt>
      <trkpt lat="36.35927991941571" lon="-121.90019996836782">
        <ele>153.76</ele>
      </trkpt>
      <trkpt lat="36.359199956059456" lon="-121.90019996836782">
        <ele>154.34</ele>
      </trkpt>
      <trkpt lat="36.35912996716797" lon="-121.90019996836782">
        <ele>154.91</ele>
      </trkpt>
      <trkpt lat="36.35910993441939" lon="-121.90019996836782">
        <ele>155.44</ele>
      </trkpt>
      <trkpt lat="36.35902997106314" lon="-121.90019996836782">
        <ele>156.01</ele>
      </trkpt>
      <trkpt lat="36.35896995663643" lon="-121.90020994283259">
        <ele>156.52</ele>
      </trkpt>
      <trkpt lat="36.35888999328017" lon="-121.90022997558117">
        <ele>157.0</ele>
      </trkpt>
      <trkpt lat="36.358809946104884" lon="-121.90024992451072">
        <ele>157.51</ele>
      </trkpt>
      <trkpt lat="36.35871992446482" lon="-121.90027993172407">
        <ele>158.02</ele>
      </trkpt>
      <trkpt lat="36.35864993557334" lon="-121.90030993893743">
        <ele>158.52</ele>
      </trkpt>
      <trkpt lat="36.35856997221708" lon="-121.90034992061555">
        <ele>159.02</ele>
      </trkpt>
      <trkpt lat="36.35845991782844" lon="-121.90041999332607">
        <ele>159.54</ele>
      </trkpt>
      <trkpt lat="36.35836998000741" lon="-121.90048998221755">
        <ele>160.06</ele>
      </trkpt>
      <trkpt lat="36.35828993283212" lon="-121.9005699455738">
        <ele>160.58</ele>
      </trkpt>
      <trkpt lat="36.35827995836735" lon="-121.90057992003858">
        <ele>161.1</ele>
      </trkpt>
      <trkpt lat="36.358189936727285" lon="-121.90067999996245">
        <ele>161.7</ele>
      </trkpt>
      <trkpt lat="36.3581199478358" lon="-121.90076993778348">
        <ele>162.29</ele>
      </trkpt>
      <trkpt lat="36.35804995894432" lon="-121.90086993388832">
        <ele>162.86</ele>
      </trkpt>
      <trkpt lat="36.35800997726619" lon="-121.9009399227798">
        <ele>163.4</ele>
      </trkpt>
      <trkpt lat="36.357949962839484" lon="-121.90106992609799">
        <ele>163.95</ele>
      </trkpt>
      <trkpt lat="36.357889948412776" lon="-121.90121996216476">
        <ele>164.47</ele>
      </trkpt>
      <trkpt lat="36.357819959521294" lon="-121.90147996880114">
        <ele>164.91</ele>
      </trkpt>
      <trkpt lat="36.357759945094585" lon="-121.90176998265088">
        <ele>165.43</ele>
      </trkpt>
      <trkpt lat="36.35770998895168" lon="-121.9019999820739">
        <ele>165.96</ele>
      </trkpt>
      <trkpt lat="36.3576899562031" lon="-121.9021299853921">
        <ele>166.46</ele>
      </trkpt>
      <trkpt lat="36.35766992345452" lon="-121.9021899998188">
        <ele>166.99</ele>
      </trkpt>
      <trkpt lat="36.35765994898975" lon="-121.90225998871028">
        <ele>167.51</ele>
      </trkpt>
      <trkpt lat="36.357649974524975" lon="-121.90227993763983">
        <ele>168.03</ele>
      </trkpt>
      <trkpt lat="36.35760999284685" lon="-121.90238999202847">
        <ele>168.6</ele>
      </trkpt>
      <trkpt lat="36.35758996009827" lon="-121.90244992263615">
        <ele>169.12</ele>
      </trkpt>
      <trkpt lat="36.35758996009827" lon="-121.90245998091996">
        <ele>169.6</ele>
      </trkpt>
      <trkpt lat="36.35755995288491" lon="-121.90251999534667">
        <ele>170.11</ele>
      </trkpt>
      <trkpt lat="36.357519971206784" lon="-121.90257992595434">
        <ele>170.63</ele>
      </trkpt>
      <trkpt lat="36.35750999674201" lon="-121.90258998423815">
        <ele>171.09</ele>
      </trkpt>
      <trkpt lat="36.357499938458204" lon="-121.9026099331677">
        <ele>171.51</ele>
      </trkpt>
      <trkpt lat="36.35746993124485" lon="-121.90262996591628">
        <ele>171.96</ele>
      </trkpt>
      <trkpt lat="36.357459956780076" lon="-121.90263994038105">
        <ele>172.34</ele>
      </trkpt>
      <trkpt lat="36.35741997510195" lon="-121.90267992205918">
        <ele>172.75</ele>
      </trkpt>
      <trkpt lat="36.357349986210465" lon="-121.90271998755634">
        <ele>173.08</ele>
      </trkpt>
      <trkpt lat="36.35731997899711" lon="-121.90272996202111">
        <ele>173.35</ele>
      </trkpt>
      <trkpt lat="36.357309920713305" lon="-121.90272996202111">
        <ele>173.59</ele>
      </trkpt>
      <trkpt lat="36.35726993903518" lon="-121.90274999476969">
        <ele>173.78</ele>
      </trkpt>
      <trkpt lat="36.35720992460847" lon="-121.90275996923447">
        <ele>173.96</ele>
      </trkpt>
      <trkpt lat="36.35716994293034" lon="-121.90276994369924">
        <ele>174.09</ele>
      </trkpt>
      <trkpt lat="36.35715996846557" lon="-121.90276994369924">
        <ele>174.18</ele>
      </trkpt>
      <trkpt lat="36.35713993571699" lon="-121.90276994369924">
        <ele>174.23</ele>
      </trkpt>
      <trkpt lat="36.35709995403886" lon="-121.90275996923447">
        <ele>174.22</ele>
      </trkpt>
      <trkpt lat="36.357049997895956" lon="-121.90274999476969">
        <ele>174.18</ele>
      </trkpt>
      <trkpt lat="36.3570199906826" lon="-121.90273993648589">
        <ele>174.11</ele>
      </trkpt>
      <trkpt lat="36.356959976255894" lon="-121.90271998755634">
        <ele>174.0</ele>
      </trkpt>
      <trkpt lat="36.35694991797209" lon="-121.90271998755634">
        <ele>173.85</ele>
      </trkpt>
      <trkpt lat="36.35688998736441" lon="-121.90268998034298">
        <ele>173.67</ele>
      </trkpt>
      <trkpt lat="36.3568299729377" lon="-121.90265997312963">
        <ele>173.44</ele>
      </trkpt>
      <trkpt lat="36.35679996572435" lon="-121.90263994038105">
        <ele>173.17</ele>
      </trkpt>
      <trkpt lat="36.356789991259575" lon="-121.90263994038105">
        <ele>172.87</ele>
      </trkpt>
      <trkpt lat="36.35671991854906" lon="-121.90258998423815">
        <ele>172.54</ele>
      </trkpt>
      <trkpt lat="36.35662998072803" lon="-121.90253994427621">
        <ele>172.21</ele>
      </trkpt>
      <trkpt lat="36.35649997740984" lon="-121.90246995538473">
        <ele>171.82</ele>
      </trkpt>
      <trkpt lat="36.35647994466126" lon="-121.90244992263615">
        <ele>171.48</ele>
      </trkpt>
      <trkpt lat="36.356469970196486" lon="-121.90244992263615">
        <ele>171.07</ele>
      </trkpt>
      <trkpt lat="36.356319934129715" lon="-121.90234992653131">
        <ele>170.63</ele>
      </trkpt>
      <trkpt lat="36.35630995966494" lon="-121.90234992653131">
        <ele>170.2</ele>
      </trkpt>
      <trkpt lat="36.35615992359817" lon="-121.90225998871028">
        <ele>169.67</ele>
      </trkpt>
      <trkpt lat="36.35610996745527" lon="-121.90222998149693">
        <ele>169.22</ele>
      </trkpt>
      <trkpt lat="36.35600997135043" lon="-121.902179941535">
        <ele>168.72</ele>
      </trkpt>
      <trkpt lat="36.35593998245895" lon="-121.90214993432164">
        <ele>168.28</ele>
      </trkpt>
      <trkpt lat="36.35586999356747" lon="-121.9021299853921">
        <ele>167.82</ele>
      </trkpt>
      <trkpt lat="36.35581995360553" lon="-121.90210995264351">
        <ele>167.39</ele>
      </trkpt>
      <trkpt lat="36.35580997914076" lon="-121.90210995264351">
        <ele>166.96</ele>
      </trkpt>
      <trkpt lat="36.35579992085695" lon="-121.90210995264351">
        <ele>166.54</ele>
      </trkpt>
      <trkpt lat="36.35563999414444" lon="-121.90208991989493">
        <ele>166.06</ele>
      </trkpt>
      <trkpt lat="36.355609986931086" lon="-121.90208991989493">
        <ele>165.66</ele>
      </trkpt>
      <trkpt lat="36.35554997250438" lon="-121.90207994543016">
        <ele>165.29</ele>
      </trkpt>
      <trkpt lat="36.35549993254244" lon="-121.90206997096539">
        <ele>164.93</ele>
      </trkpt>
      <trkpt lat="36.355459950864315" lon="-121.90206997096539">
        <ele>164.59</ele>
      </trkpt>
      <trkpt lat="36.35541996918619" lon="-121.90205999650061">
        <ele>164.3</ele>
      </trkpt>
      <trkpt lat="36.35536992922425" lon="-121.90203996375203">
        <ele>164.06</ele>
      </trkpt>
      <trkpt lat="36.355309998616576" lon="-121.90201993100345">
        <ele>163.82</ele>
      </trkpt>
      <trkpt lat="36.35523992590606" lon="-121.90197994932532">
        <ele>163.64</ele>
      </trkpt>
      <trkpt lat="36.35514998808503" lon="-121.90192999318242">
        <ele>163.46</ele>
      </trkpt>
      <trkpt lat="36.355009926483035" lon="-121.90184994600713">
        <ele>163.32</ele>
      </trkpt>
      <trkpt lat="36.35495997034013" lon="-121.90181993879378">
        <ele>163.18</ele>
      </trkpt>
      <trkpt lat="36.354899955913424" lon="-121.90177995711565">
        <ele>163.04</ele>
      </trkpt>
      <trkpt lat="36.354789985343814" lon="-121.90171994268894">
        <ele>162.92</ele>
      </trkpt>
      <trkpt lat="36.35471999645233" lon="-121.90167996101081">
        <ele>162.86</ele>
      </trkpt>
      <trkpt lat="36.35465998202562" lon="-121.90165992826223">
        <ele>162.79</ele>
      </trkpt>
      <trkpt lat="36.35456996038556" lon="-121.90162992104888">
        <ele>162.75</ele>
      </trkpt>
      <trkpt lat="36.35449997149408" lon="-121.90160997211933">
        <ele>162.73</ele>
      </trkpt>
      <trkpt lat="36.35434993542731" lon="-121.90157996490598">
        <ele>162.73</ele>
      </trkpt>
      <trkpt lat="36.35425999760628" lon="-121.9015699904412">
        <ele>162.71</ele>
      </trkpt>
      <trkpt lat="36.35419998317957" lon="-121.9015599321574">
        <ele>162.73</ele>
      </trkpt>
      <trkpt lat="36.35409998707473" lon="-121.90153998322785">
        <ele>162.74</ele>
      </trkpt>
      <trkpt lat="36.35408992879093" lon="-121.90153998322785">
        <ele>162.75</ele>
      </trkpt>
      <trkpt lat="36.353959925472736" lon="-121.90151995047927">
        <ele>162.69</ele>
      </trkpt>
      <trkpt lat="36.353909969329834" lon="-121.9015099760145">
        <ele>162.68</ele>
      </trkpt>
      <trkpt lat="36.353829922154546" lon="-121.90148994326591">
        <ele>162.65</ele>
      </trkpt>
      <trkpt lat="36.35367996990681" lon="-121.90143998712301">
        <ele>162.62</ele>
      </trkpt>
      <trkpt lat="36.353609981015325" lon="-121.90139992162585">
        <ele>162.64</ele>
      </trkpt>
      <trkpt lat="36.35351995937526" lon="-121.90133999101818">
        <ele>162.66</ele>
      </trkpt>
      <trkpt lat="36.35344997048378" lon="-121.90127997659147">
        <ele>162.75</ele>
      </trkpt>
      <trkpt lat="36.3533799815923" lon="-121.90119992941618">
        <ele>162.89</ele>
      </trkpt>
      <trkpt lat="36.353289959952235" lon="-121.90108995884657">
        <ele>162.91</ele>
      </trkpt>
      <trkpt lat="36.35321997106075" lon="-121.9009399227798">
        <ele>162.97</ele>
      </trkpt>
      <trkpt lat="36.353119974955916" lon="-121.90068997442722">
        <ele>163.02</ele>
      </trkpt>
      <trkpt lat="36.35307999327779" lon="-121.90059995278716">
        <ele>162.93</ele>
      </trkpt>
      <trkpt lat="36.35303992778063" lon="-121.90052996389568">
        <ele>162.75</ele>
      </trkpt>
      <trkpt lat="36.353029953315854" lon="-121.9005099311471">
        <ele>162.58</ele>
      </trkpt>
      <trkpt lat="36.353029953315854" lon="-121.90049995668232">
        <ele>162.39</ele>
      </trkpt>
      <trkpt lat="36.3529999461025" lon="-121.9004599750042">
        <ele>162.13</ele>
      </trkpt>
      <trkpt lat="36.35293993167579" lon="-121.90038998611271">
        <ele>161.83</ele>
      </trkpt>
      <trkpt lat="36.35290992446244" lon="-121.90034992061555">
        <ele>161.51</ele>
      </trkpt>
      <trkpt lat="36.35289994999766" lon="-121.90034992061555">
        <ele>161.13</ele>
      </trkpt>
      <trkpt lat="36.35287991724908" lon="-121.90031999722123">
        <ele>160.74</ele>
      </trkpt>
      <trkpt lat="36.35269995778799" lon="-121.90015998668969">
        <ele>160.19</ele>
      </trkpt>
      <trkpt lat="36.35258998721838" lon="-121.90006996504962">
        <ele>159.66</ele>
      </trkpt>
      <trkpt lat="36.3525199983269" lon="-121.90001992508769">
        <ele>159.08</ele>
      </trkpt>
      <trkpt lat="36.35245998390019" lon="-121.89995999448001">
        <ele>158.48</ele>
      </trkpt>
      <trkpt lat="36.35243995115161" lon="-121.89991992898285">
        <ele>157.9</ele>
      </trkpt>
      <trkpt lat="36.352409943938255" lon="-121.89987994730473">
        <ele>157.23</ele>
      </trkpt>
      <trkpt lat="36.35238999500871" lon="-121.8998399656266">
        <ele>156.56</ele>
      </trkpt>
      <trkpt lat="36.35235998779535" lon="-121.89978992566466">
        <ele>155.83</ele>
      </trkpt>
      <trkpt lat="36.35231992229819" lon="-121.89969998784363">
        <ele>155.12</ele>
      </trkpt>
      <trkpt lat="36.35228999890387" lon="-121.89957995899022">
        <ele>154.4</ele>
      </trkpt>
      <trkpt lat="36.35226996615529" lon="-121.89950997009873">
        <ele>153.64</ele>
      </trkpt>
      <trkpt lat="36.35225999169052" lon="-121.89943998120725">
        <ele>152.92</ele>
      </trkpt>
      <trkpt lat="36.35225999169052" lon="-121.89935993403196">
        <ele>152.18</ele>
      </trkpt>
      <trkpt lat="36.35223995894194" lon="-121.89913999289274">
        <ele>151.35</ele>
      </trkpt>
      <trkpt lat="36.35223995894194" lon="-121.89912993460894">
        <ele>150.58</ele>
      </trkpt>
      <trkpt lat="36.35222998447716" lon="-121.89905994571745">
        <ele>149.76</ele>
      </trkpt>
      <trkpt lat="36.35219997726381" lon="-121.89870991744101">
        <ele>148.8</ele>
      </trkpt>
      <trkpt lat="36.352169970050454" lon="-121.89833994023502">
        <ele>147.92</ele>
      </trkpt>
      <trkpt lat="36.352149937301874" lon="-121.89824991859496">
        <ele>147.11</ele>
      </trkpt>
      <trkpt lat="36.352149937301874" lon="-121.89823994413018">
        <ele>146.37</ele>
      </trkpt>
      <trkpt lat="36.352129988372326" lon="-121.89817992970347">
        <ele>145.6</ele>
      </trkpt>
      <trkpt lat="36.352109955623746" lon="-121.8981199990958">
        <ele>144.86</ele>
      </trkpt>
      <trkpt lat="36.352089922875166" lon="-121.89805998466909">
        <ele>144.13</ele>
      </trkpt>
      <trkpt lat="36.352089922875166" lon="-121.89804992638528">
        <ele>143.48</ele>
      </trkpt>
      <trkpt lat="36.35207994841039" lon="-121.89803995192051">
        <ele>142.85</ele>
      </trkpt>
      <trkpt lat="36.35205999948084" lon="-121.89799997024238">
        <ele>142.24</ele>
      </trkpt>
      <trkpt lat="36.35200995951891" lon="-121.8979199230671">
        <ele>141.62</ele>
      </trkpt>
      <trkpt lat="36.351959919556975" lon="-121.89786996692419">
        <ele>141.06</ele>
      </trkpt>
      <trkpt lat="36.35190996341407" lon="-121.89781992696226">
        <ele>140.62</ele>
      </trkpt>
      <trkpt lat="36.351829916238785" lon="-121.89777994528413">
        <ele>140.15</ele>
      </trkpt>
      <trkpt lat="36.35181994177401" lon="-121.89776997081935">
        <ele>139.75</ele>
      </trkpt>
      <trkpt lat="36.35178993456066" lon="-121.89775999635458">
        <ele>139.39</ele>
      </trkpt>
      <trkpt lat="36.351739978417754" lon="-121.897739963606">
        <ele>139.08</ele>
      </trkpt>
      <trkpt lat="36.35166998952627" lon="-121.89772998914123">
        <ele>138.8</ele>
      </trkpt>
      <trkpt lat="36.351609975099564" lon="-121.89771993085742">
        <ele>138.54</ele>
      </trkpt>
      <trkpt lat="36.35155993513763" lon="-121.89772998914123">
        <ele>138.31</ele>
      </trkpt>
      <trkpt lat="36.35150997899473" lon="-121.89772998914123">
        <ele>138.13</ele>
      </trkpt>
      <trkpt lat="36.3514699973166" lon="-121.897739963606">
        <ele>137.96</ele>
      </trkpt>
      <trkpt lat="36.351399924606085" lon="-121.89774993807077">
        <ele>137.84</ele>
      </trkpt>
      <trkpt lat="36.351289954036474" lon="-121.89777994528413">
        <ele>137.71</ele>
      </trkpt>
      <trkpt lat="36.35118995793164" lon="-121.89780995249748">
        <ele>137.62</ele>
      </trkpt>
      <trkpt lat="36.35110999457538" lon="-121.89781992696226">
        <ele>137.58</ele>
      </trkpt>
      <trkpt lat="36.35102994740009" lon="-121.89781992696226">
        <ele>137.58</ele>
      </trkpt>
      <trkpt lat="36.35095995850861" lon="-121.89779997803271">
        <ele>137.58</ele>
      </trkpt>
      <trkpt lat="36.35091997683048" lon="-121.89777994528413">
        <ele>137.6</ele>
      </trkpt>
      <trkpt lat="36.350859962403774" lon="-121.89775999635458">
        <ele>137.64</ele>
      </trkpt>
      <trkpt lat="36.350799947977066" lon="-121.89772998914123">
        <ele>137.69</ele>
      </trkpt>
      <trkpt lat="36.35076994076371" lon="-121.89769998192787">
        <ele>137.79</ele>
      </trkpt>
      <trkpt lat="36.35075996629894" lon="-121.89768992364407">
        <ele>137.83</ele>
      </trkpt>
      <trkpt lat="36.350749991834164" lon="-121.89768992364407">
        <ele>137.85</ele>
      </trkpt>
      <trkpt lat="36.35069995187223" lon="-121.89764994196594">
        <ele>137.92</ele>
      </trkpt>
      <trkpt lat="36.35061998851597" lon="-121.89757995307446">
        <ele>138.02</ele>
      </trkpt>
      <trkpt lat="36.35060993023217" lon="-121.89756997860968">
        <ele>138.05</ele>
      </trkpt>
      <trkpt lat="36.35059995576739" lon="-121.89755992032588">
        <ele>138.05</ele>
      </trkpt>
      <trkpt lat="36.35050993412733" lon="-121.89747995696962">
        <ele>138.02</ele>
      </trkpt>
      <trkpt lat="36.3504699524492" lon="-121.89744994975626">
        <ele>137.98</ele>
      </trkpt>
      <trkpt lat="36.35033994913101" lon="-121.89733997918665">
        <ele>137.95</ele>
      </trkpt>
      <trkpt lat="36.350259985774755" lon="-121.89726999029517">
        <ele>137.89</ele>
      </trkpt>
      <trkpt lat="36.35014993138611" lon="-121.89719991758466">
        <ele>137.79</ele>
      </trkpt>
      <trkpt lat="36.35004993528128" lon="-121.89712992869318">
        <ele>137.78</ele>
      </trkpt>
      <trkpt lat="36.349939964711666" lon="-121.8970699980855">
        <ele>137.68</ele>
      </trkpt>
      <trkpt lat="36.349809961393476" lon="-121.89700998365879">
        <ele>137.55</ele>
      </trkpt>
      <trkpt lat="36.34971993975341" lon="-121.89695994369686">
        <ele>137.39</ele>
      </trkpt>
      <trkpt lat="36.34964995086193" lon="-121.8969299364835">
        <ele>137.2</ele>
      </trkpt>
      <trkpt lat="36.349529922008514" lon="-121.8968799803406">
        <ele>136.97</ele>
      </trkpt>
      <trkpt lat="36.34945993311703" lon="-121.89684997312725">
        <ele>136.76</ele>
      </trkpt>
      <trkpt lat="36.349269999191165" lon="-121.89678995870054">
        <ele>136.49</ele>
      </trkpt>
      <trkpt lat="36.34915994480252" lon="-121.89675995148718">
        <ele>136.29</ele>
      </trkpt>
      <trkpt lat="36.348989959806204" lon="-121.89670999534428">
        <ele>136.12</ele>
      </trkpt>
      <trkpt lat="36.348969927057624" lon="-121.89670999534428">
        <ele>135.93</ele>
      </trkpt>
      <trkpt lat="36.34880991652608" lon="-121.89665995538235">
        <ele>135.79</ele>
      </trkpt>
      <trkpt lat="36.34878996759653" lon="-121.89665995538235">
        <ele>135.6</ele>
      </trkpt>
      <trkpt lat="36.34872995316982" lon="-121.89663992263377">
        <ele>135.43</ele>
      </trkpt>
      <trkpt lat="36.348539935424924" lon="-121.89658996649086">
        <ele>135.21</ele>
      </trkpt>
      <trkpt lat="36.34845997206867" lon="-121.89655995927751">
        <ele>135.03</ele>
      </trkpt>
      <trkpt lat="36.34842996485531" lon="-121.89654998481274">
        <ele>134.88</ele>
      </trkpt>
      <trkpt lat="36.34833994321525" lon="-121.89650991931558">
        <ele>134.74</ele>
      </trkpt>
      <trkpt lat="36.34826995432377" lon="-121.89647999592125">
        <ele>134.58</ele>
      </trkpt>
      <trkpt lat="36.348119918257" lon="-121.89638997428119">
        <ele>134.42</ele>
      </trkpt>
      <trkpt lat="36.34796996600926" lon="-121.89628997817636">
        <ele>134.31</ele>
      </trkpt>
      <trkpt lat="36.347809955477715" lon="-121.8961999565363">
        <ele>134.25</ele>
      </trkpt>
      <trkpt lat="36.347659919410944" lon="-121.89610993489623">
        <ele>134.19</ele>
      </trkpt>
      <trkpt lat="36.34753997437656" lon="-121.8960199970752">
        <ele>134.2</ele>
      </trkpt>
      <trkpt lat="36.34749999269843" lon="-121.89598998986185">
        <ele>134.19</ele>
      </trkpt>
      <trkpt lat="36.34747995994985" lon="-121.89595998264849">
        <ele>134.21</ele>
      </trkpt>
      <trkpt lat="36.34743997827172" lon="-121.89592997543514">
        <ele>134.22</ele>
      </trkpt>
      <trkpt lat="36.34738993830979" lon="-121.89586996100843">
        <ele>134.27</ele>
      </trkpt>
      <trkpt lat="36.34734995663166" lon="-121.8958199210465">
        <ele>134.31</ele>
      </trkpt>
      <trkpt lat="36.347339982166886" lon="-121.89580994658172">
        <ele>134.34</ele>
      </trkpt>
      <trkpt lat="36.34730997495353" lon="-121.8957699649036">
        <ele>134.4</ele>
      </trkpt>
      <trkpt lat="36.34727996774018" lon="-121.89571992494166">
        <ele>134.48</ele>
      </trkpt>
      <trkpt lat="36.34721995331347" lon="-121.89560995437205">
        <ele>134.59</ele>
      </trkpt>
      <trkpt lat="36.34713998995721" lon="-121.89542999491096">
        <ele>134.68</ele>
      </trkpt>
      <trkpt lat="36.347079975530505" lon="-121.89532999880612">
        <ele>134.71</ele>
      </trkpt>
      <trkpt lat="36.34702993556857" lon="-121.89523997716606">
        <ele>134.75</ele>
      </trkpt>
      <trkpt lat="36.34697997942567" lon="-121.895149955526">
        <ele>134.81</ele>
      </trkpt>
      <trkpt lat="36.346949972212315" lon="-121.89510997384787">
        <ele>134.79</ele>
      </trkpt>
      <trkpt lat="36.346929939463735" lon="-121.89507996663451">
        <ele>134.76</ele>
      </trkpt>
      <trkpt lat="36.34689993225038" lon="-121.89504995942116">
        <ele>134.69</ele>
      </trkpt>
      <trkpt lat="36.346889957785606" lon="-121.89503998495638">
        <ele>134.59</ele>
      </trkpt>
      <trkpt lat="36.346869925037026" lon="-121.8950199522078">
        <ele>134.47</ele>
      </trkpt>
      <trkpt lat="36.34683991782367" lon="-121.89499991945922">
        <ele>134.34</ele>
      </trkpt>
      <trkpt lat="36.34678996168077" lon="-121.8949699960649">
        <ele>134.16</ele>
      </trkpt>
      <trkpt lat="36.346779987215996" lon="-121.8949699960649">
        <ele>133.95</ele>
      </trkpt>
      <trkpt lat="36.34674998000264" lon="-121.8949599377811">
        <ele>133.72</ele>
      </trkpt>
      <trkpt lat="36.34669994004071" lon="-121.89493998885155">
        <ele>133.43</ele>
      </trkpt>
      <trkpt lat="36.346649983897805" lon="-121.89492993056774">
        <ele>133.12</ele>
      </trkpt>
      <trkpt lat="36.34661997668445" lon="-121.89491995610297">
        <ele>132.8</ele>
      </trkpt>
      <trkpt lat="36.34652995504439" lon="-121.89489992335439">
        <ele>132.41</ele>
      </trkpt>
      <trkpt lat="36.346459966152906" lon="-121.89487997442484">
        <ele>132.01</ele>
      </trkpt>
      <trkpt lat="36.346389977261424" lon="-121.89485994167626">
        <ele>131.6</ele>
      </trkpt>
      <trkpt lat="36.34629995562136" lon="-121.89483999274671">
        <ele>131.11</ele>
      </trkpt>
      <trkpt lat="36.34623994119465" lon="-121.89481995999813">
        <ele>130.61</ele>
      </trkpt>
      <trkpt lat="36.346179926767945" lon="-121.89478995278478">
        <ele>130.1</ele>
      </trkpt>
      <trkpt lat="36.34609996341169" lon="-121.89474997110665">
        <ele>129.61</ele>
      </trkpt>
      <trkpt lat="36.34605998173356" lon="-121.8947199638933">
        <ele>129.14</ele>
      </trkpt>
      <trkpt lat="36.34598999284208" lon="-121.89465994946659">
        <ele>128.65</ele>
      </trkpt>
      <trkpt lat="36.345939952880144" lon="-121.89460999332368">
        <ele>128.12</ele>
      </trkpt>
      <trkpt lat="36.34586996398866" lon="-121.89451997168362">
        <ele>127.58</ele>
      </trkpt>
      <trkpt lat="36.34582998231053" lon="-121.89444998279214">
        <ele>127.09</ele>
      </trkpt>
      <trkpt lat="36.34581992402673" lon="-121.89443992450833">
        <ele>126.57</ele>
      </trkpt>
      <trkpt lat="36.3457799423486" lon="-121.89436993561685">
        <ele>126.06</ele>
      </trkpt>
      <trkpt lat="36.34573996067047" lon="-121.8942899722606">
        <ele>125.51</ele>
      </trkpt>
      <trkpt lat="36.3457299862057" lon="-121.89425996504724">
        <ele>124.95</ele>
      </trkpt>
      <trkpt lat="36.3457299862057" lon="-121.89424999058247">
        <ele>124.41</ele>
      </trkpt>
      <trkpt lat="36.34568992070854" lon="-121.89413993619382">
        <ele>123.82</ele>
      </trkpt>
      <trkpt lat="36.34564993903041" lon="-121.89403994008899">
        <ele>123.27</ele>
      </trkpt>
      <trkpt lat="36.3455899246037" lon="-121.89386995509267">
        <ele>122.71</ele>
      </trkpt>
      <trkpt lat="36.34555991739035" lon="-121.89379996620119">
        <ele>122.12</ele>
      </trkpt>
      <trkpt lat="36.3455399684608" lon="-121.89374992623925">
        <ele>121.55</ele>
      </trkpt>
      <trkpt lat="36.34551993571222" lon="-121.89369997009635">
        <ele>120.96</ele>
      </trkpt>
      <trkpt lat="36.34547995403409" lon="-121.89364993013442">
        <ele>120.33</ele>
      </trkpt>
      <trkpt lat="36.34543997235596" lon="-121.89358999952674">
        <ele>119.7</ele>
      </trkpt>
      <trkpt lat="36.345379957929254" lon="-121.89352998510003">
        <ele>119.1</ele>
      </trkpt>
      <trkpt lat="36.34532991796732" lon="-121.89348991960287">
        <ele>118.49</ele>
      </trkpt>
      <trkpt lat="36.34528993628919" lon="-121.89344993792474">
        <ele>117.9</ele>
      </trkpt>
      <trkpt lat="36.345209972932935" lon="-121.89338992349803">
        <ele>117.39</ele>
      </trkpt>
      <trkpt lat="36.34519999846816" lon="-121.89338992349803">
        <ele>116.83</ele>
      </trkpt>
      <trkpt lat="36.34511995129287" lon="-121.89333996735513">
        <ele>116.21</ele>
      </trkpt>
      <trkpt lat="36.34506999514997" lon="-121.89330996014178">
        <ele>115.65</ele>
      </trkpt>
      <trkpt lat="36.34504996240139" lon="-121.893299985677">
        <ele>115.08</ele>
      </trkpt>
      <trkpt lat="36.345039987936616" lon="-121.8932899273932">
        <ele>114.54</ele>
      </trkpt>
      <trkpt lat="36.344999922439456" lon="-121.89326997846365">
        <ele>113.97</ele>
      </trkpt>
      <trkpt lat="36.34493999183178" lon="-121.89322999678552">
        <ele>113.42</ele>
      </trkpt>
      <trkpt lat="36.34487997740507" lon="-121.89316998235881">
        <ele>112.82</ele>
      </trkpt>
      <trkpt lat="36.34482993744314" lon="-121.89311994239688">
        <ele>112.23</ele>
      </trkpt>
      <trkpt lat="36.34473999962211" lon="-121.8929999973625">
        <ele>111.72</ele>
      </trkpt>
      <trkpt lat="36.3446799851954" lon="-121.89290997572243">
        <ele>111.14</ele>
      </trkpt>
      <trkpt lat="36.34461997076869" lon="-121.89279992133379">
        <ele>110.55</ele>
      </trkpt>
      <trkpt lat="36.34455995634198" lon="-121.8926799762994">
        <ele>109.98</ele>
      </trkpt>
      <trkpt lat="36.3444899674505" lon="-121.89251996576786">
        <ele>109.39</ele>
      </trkpt>
      <trkpt lat="36.34446993470192" lon="-121.89244997687638">
        <ele>108.84</ele>
      </trkpt>
      <trkpt lat="36.34440992027521" lon="-121.89230999909341">
        <ele>108.27</ele>
      </trkpt>
      <trkpt lat="36.34436993859708" lon="-121.89222995191813">
        <ele>107.69</ele>
      </trkpt>
      <trkpt lat="36.344329956918955" lon="-121.89216993749142">
        <ele>107.11</ele>
      </trkpt>
      <trkpt lat="36.3442999497056" lon="-121.89211998134851">
        <ele>106.57</ele>
      </trkpt>
      <trkpt lat="36.34428997524083" lon="-121.89209994859993">
        <ele>106.07</ele>
      </trkpt>
      <trkpt lat="36.34427991695702" lon="-121.89208997413516">
        <ele>105.58</ele>
      </trkpt>
      <trkpt lat="36.3442499935627" lon="-121.89204999245703">
        <ele>105.07</ele>
      </trkpt>
      <trkpt lat="36.344199953600764" lon="-121.8919999524951">
        <ele>104.57</ele>
      </trkpt>
      <trkpt lat="36.344159971922636" lon="-121.89196994528174">
        <ele>104.13</ele>
      </trkpt>
      <trkpt lat="36.344139939174056" lon="-121.89195997081697">
        <ele>103.7</ele>
      </trkpt>
      <trkpt lat="36.3441099319607" lon="-121.89193993806839">
        <ele>103.29</ele>
      </trkpt>
      <trkpt lat="36.34407992474735" lon="-121.89191998913884">
        <ele>102.88</ele>
      </trkpt>
      <trkpt lat="36.344029968604445" lon="-121.89189995639026">
        <ele>102.51</ele>
      </trkpt>
      <trkpt lat="36.34393994696438" lon="-121.89185997471213">
        <ele>102.18</ele>
      </trkpt>
      <trkpt lat="36.34383995085955" lon="-121.89183994196355">
        <ele>101.84</ele>
      </trkpt>
      <trkpt lat="36.34379996918142" lon="-121.89182996749878">
        <ele>101.45</ele>
      </trkpt>
      <trkpt lat="36.343769961968064" lon="-121.89182996749878">
        <ele>101.09</ele>
      </trkpt>
      <trkpt lat="36.34368999861181" lon="-121.891819993034">
        <ele>100.74</ele>
      </trkpt>
      <trkpt lat="36.3436299841851" lon="-121.89182996749878">
        <ele>100.37</ele>
      </trkpt>
      <trkpt lat="36.343619925901294" lon="-121.89182996749878">
        <ele>100.01</ele>
      </trkpt>
      <trkpt lat="36.34356996975839" lon="-121.89182996749878">
        <ele>99.66</ele>
      </trkpt>
      <trkpt lat="36.34349998086691" lon="-121.89184991642833">
        <ele>99.27</ele>
      </trkpt>
      <trkpt lat="36.34338992647827" lon="-121.89187992364168">
        <ele>98.81</ele>
      </trkpt>
      <trkpt lat="36.343299988657236" lon="-121.89190993085504">
        <ele>98.36</ele>
      </trkpt>
      <trkpt lat="36.343279955908656" lon="-121.89190993085504">
        <ele>97.99</ele>
      </trkpt>
      <trkpt lat="36.343229999765754" lon="-121.89192996360362">
        <ele>97.58</ele>
      </trkpt>
      <trkpt lat="36.343169985339046" lon="-121.89193993806839">
        <ele>97.18</ele>
      </trkpt>
      <trkpt lat="36.343129919841886" lon="-121.8919499963522">
        <ele>96.8</ele>
      </trkpt>
      <trkpt lat="36.34309999644756" lon="-121.8919499963522">
        <ele>96.45</ele>
      </trkpt>
      <trkpt lat="36.34307996369898" lon="-121.8919499963522">
        <ele>96.11</ele>
      </trkpt>
      <trkpt lat="36.343019949272275" lon="-121.8919499963522">
        <ele>95.75</ele>
      </trkpt>
      <trkpt lat="36.34296999312937" lon="-121.89193993806839">
        <ele>95.43</ele>
      </trkpt>
      <trkpt lat="36.342909978702664" lon="-121.89192996360362">
        <ele>95.07</ele>
      </trkpt>
      <trkpt lat="36.3428199570626" lon="-121.89188998192549">
        <ele>94.76</ele>
      </trkpt>
      <trkpt lat="36.34274996817112" lon="-121.89184991642833">
        <ele>94.5</ele>
      </trkpt>
      <trkpt lat="36.34267997927964" lon="-121.89179996028543">
        <ele>94.22</ele>
      </trkpt>
      <trkpt lat="36.34259993210435" lon="-121.89172997139394">
        <ele>93.94</ele>
      </trkpt>
      <trkpt lat="36.34246992878616" lon="-121.89160994254053">
        <ele>93.7</ele>
      </trkpt>
      <trkpt lat="36.34236993268132" lon="-121.89150994643569">
        <ele>93.43</ele>
      </trkpt>
      <trkpt lat="36.34229994378984" lon="-121.89144993200898">
        <ele>93.16</ele>
      </trkpt>
      <trkpt lat="36.34225996211171" lon="-121.89141992479563">
        <ele>92.85</ele>
      </trkpt>
      <trkpt lat="36.34222995489836" lon="-121.89139997586608">
        <ele>92.55</ele>
      </trkpt>
      <trkpt lat="36.34218997322023" lon="-121.8913799431175">
        <ele>92.24</ele>
      </trkpt>
      <trkpt lat="36.342139933258295" lon="-121.89135999418795">
        <ele>91.91</ele>
      </trkpt>
      <trkpt lat="36.34207991883159" lon="-121.89133996143937">
        <ele>91.58</ele>
      </trkpt>
      <trkpt lat="36.342009929940104" lon="-121.89131992869079">
        <ele>91.26</ele>
      </trkpt>
      <trkpt lat="36.34184991940856" lon="-121.89127994701266">
        <ele>90.92</ele>
      </trkpt>
      <trkpt lat="36.341729974374175" lon="-121.89124993979931">
        <ele>90.62</ele>
      </trkpt>
      <trkpt lat="36.34161991998553" lon="-121.89120995812118">
        <ele>90.35</ele>
      </trkpt>
      <trkpt lat="36.34160994552076" lon="-121.8911999836564">
        <ele>90.08</ele>
      </trkpt>
      <trkpt lat="36.341519923880696" lon="-121.89115991815925">
        <ele>89.75</ele>
      </trkpt>
      <trkpt lat="36.341469967737794" lon="-121.89112999476492">
        <ele>89.42</ele>
      </trkpt>
      <trkpt lat="36.341449934989214" lon="-121.89111993648112">
        <ele>89.1</ele>
      </trkpt>
      <trkpt lat="36.34141992777586" lon="-121.89109998755157">
        <ele>88.78</ele>
      </trkpt>
      <trkpt lat="36.34136997163296" lon="-121.89104994758964">
        <ele>88.46</ele>
      </trkpt>
      <trkpt lat="36.34131993167102" lon="-121.89100996591151">
        <ele>88.12</ele>
      </trkpt>
      <trkpt lat="36.341279949992895" lon="-121.89095992594957">
        <ele>87.77</ele>
      </trkpt>
      <trkpt lat="36.34123996831477" lon="-121.8908999953419">
        <ele>87.43</ele>
      </trkpt>
      <trkpt lat="36.34118992835283" lon="-121.89083998091519">
        <ele>87.08</ele>
      </trkpt>
      <trkpt lat="36.34115992113948" lon="-121.89081994816661">
        <ele>86.7</ele>
      </trkpt>
      <trkpt lat="36.34113997220993" lon="-121.89079999923706">
        <ele>86.34</ele>
      </trkpt>
      <trkpt lat="36.34107995778322" lon="-121.8907699920237">
        <ele>85.91</ele>
      </trkpt>
      <trkpt lat="36.34102991782129" lon="-121.89074995927513">
        <ele>85.51</ele>
      </trkpt>
      <trkpt lat="36.34096998721361" lon="-121.89073998481035">
        <ele>85.12</ele>
      </trkpt>
      <trkpt lat="36.34091994725168" lon="-121.89071995206177">
        <ele>84.75</ele>
      </trkpt>
      <trkpt lat="36.34083998389542" lon="-121.89071995206177">
        <ele>84.31</ele>
      </trkpt>
      <trkpt lat="36.340829925611615" lon="-121.89071995206177">
        <ele>83.89</ele>
      </trkpt>
      <trkpt lat="36.34070998057723" lon="-121.890709977597">
        <ele>83.42</ele>
      </trkpt>
      <trkpt lat="36.34064996615052" lon="-121.890709977597">
        <ele>82.99</ele>
      </trkpt>
      <trkpt lat="36.34059992618859" lon="-121.89071995206177">
        <ele>82.53</ele>
      </trkpt>
      <trkpt lat="36.340549970045686" lon="-121.89071995206177">
        <ele>82.07</ele>
      </trkpt>
      <trkpt lat="36.3404699228704" lon="-121.89072992652655">
        <ele>81.58</ele>
      </trkpt>
      <trkpt lat="36.34040999226272" lon="-121.89074995927513">
        <ele>81.07</ele>
      </trkpt>
      <trkpt lat="36.34032994508743" lon="-121.8907699920237">
        <ele>80.55</ele>
      </trkpt>
      <trkpt lat="36.34025995619595" lon="-121.89078994095325">
        <ele>80.01</ele>
      </trkpt>
      <trkpt lat="36.3400499895215" lon="-121.8908999953419">
        <ele>79.42</ele>
      </trkpt>
      <trkpt lat="36.33999994955957" lon="-121.89092991873622">
        <ele>78.84</ele>
      </trkpt>
      <trkpt lat="36.33993993513286" lon="-121.89095992594957">
        <ele>78.25</ele>
      </trkpt>
      <trkpt lat="36.33984999731183" lon="-121.89099999144673">
        <ele>77.63</ele>
      </trkpt>
      <trkpt lat="36.339799957349896" lon="-121.89102999866009">
        <ele>77.01</ele>
      </trkpt>
      <trkpt lat="36.33975997567177" lon="-121.89103997312486">
        <ele>76.4</ele>
      </trkpt>
      <trkpt lat="36.339689986780286" lon="-121.89105992205441">
        <ele>75.78</ele>
      </trkpt>
      <trkpt lat="36.339609939605" lon="-121.89108992926776">
        <ele>75.16</ele>
      </trkpt>
      <trkpt lat="36.33950994350016" lon="-121.89110996201634">
        <ele>74.55</ele>
      </trkpt>
      <trkpt lat="36.33930995129049" lon="-121.89115991815925">
        <ele>73.92</ele>
      </trkpt>
      <trkpt lat="36.33913996629417" lon="-121.8911999836564">
        <ele>73.31</ele>
      </trkpt>
      <trkpt lat="36.338999988511205" lon="-121.89122999086976">
        <ele>72.65</ele>
      </trkpt>
      <trkpt lat="36.33890996687114" lon="-121.89123996533453">
        <ele>71.99</ele>
      </trkpt>
      <trkpt lat="36.338829919695854" lon="-121.89124993979931">
        <ele>71.34</ele>
      </trkpt>
      <trkpt lat="36.338809970766306" lon="-121.89124993979931">
        <ele>70.74</ele>
      </trkpt>
      <trkpt lat="36.338739981874824" lon="-121.89125999808311">
        <ele>70.13</ele>
      </trkpt>
      <trkpt lat="36.33868994191289" lon="-121.89124993979931">
        <ele>69.53</ele>
      </trkpt>
      <trkpt lat="36.33861995302141" lon="-121.89123996533453">
        <ele>68.93</ele>
      </trkpt>
      <trkpt lat="36.3385099824518" lon="-121.89121993258595">
        <ele>68.35</ele>
      </trkpt>
      <trkpt lat="36.33842993527651" lon="-121.89120995812118">
        <ele>67.81</ele>
      </trkpt>
      <trkpt lat="36.338359946385026" lon="-121.89120995812118">
        <ele>67.28</ele>
      </trkpt>
      <trkpt lat="36.33833999745548" lon="-121.89120995812118">
        <ele>66.75</ele>
      </trkpt>
      <trkpt lat="36.33829993195832" lon="-121.89120995812118">
        <ele>66.25</ele>
      </trkpt>
      <trkpt lat="36.338269924744964" lon="-121.89121993258595">
        <ele>65.75</ele>
      </trkpt>
      <trkpt lat="36.338229943066835" lon="-121.89122999086976">
        <ele>65.25</ele>
      </trkpt>
      <trkpt lat="36.33818996138871" lon="-121.89124993979931">
        <ele>64.72</ele>
      </trkpt>
      <trkpt lat="36.33813992142677" lon="-121.89126997254789">
        <ele>64.21</ele>
      </trkpt>
      <trkpt lat="36.338129946962" lon="-121.89127994701266">
        <ele>63.71</ele>
      </trkpt>
      <trkpt lat="36.33802995085716" lon="-121.89133996143937">
        <ele>63.19</ele>
      </trkpt>
      <trkpt lat="36.33789994753897" lon="-121.89140995033085">
        <ele>62.64</ele>
      </trkpt>
      <trkpt lat="36.33782995864749" lon="-121.89144993200898">
        <ele>62.12</ele>
      </trkpt>
      <trkpt lat="36.33776994422078" lon="-121.89147993922234">
        <ele>61.62</ele>
      </trkpt>
      <trkpt lat="36.33767992258072" lon="-121.89150994643569">
        <ele>61.12</ele>
      </trkpt>
      <trkpt lat="36.33757992647588" lon="-121.89153995364904">
        <ele>60.63</ele>
      </trkpt>
      <trkpt lat="36.3375099375844" lon="-121.89155998639762">
        <ele>60.17</ele>
      </trkpt>
      <trkpt lat="36.33741999976337" lon="-121.89157993532717">
        <ele>59.73</ele>
      </trkpt>
      <trkpt lat="36.33733995258808" lon="-121.89159996807575">
        <ele>59.33</ele>
      </trkpt>
      <trkpt lat="36.3372699636966" lon="-121.89160994254053">
        <ele>58.96</ele>
      </trkpt>
      <trkpt lat="36.33719997480512" lon="-121.89160994254053">
        <ele>58.61</ele>
      </trkpt>
      <trkpt lat="36.33713996037841" lon="-121.89160994254053">
        <ele>58.27</ele>
      </trkpt>
      <trkpt lat="36.337069971486926" lon="-121.89160994254053">
        <ele>57.94</ele>
      </trkpt>
      <trkpt lat="36.336999982595444" lon="-121.89159996807575">
        <ele>57.63</ele>
      </trkpt>
      <trkpt lat="36.33692999370396" lon="-121.89158999361098">
        <ele>57.34</ele>
      </trkpt>
      <trkpt lat="36.33686997927725" lon="-121.8915699608624">
        <ele>57.05</ele>
      </trkpt>
      <trkpt lat="36.336829997599125" lon="-121.89155998639762">
        <ele>56.75</ele>
      </trkpt>
      <trkpt lat="36.33675992488861" lon="-121.89152997918427">
        <ele>56.46</ele>
      </trkpt>
      <trkpt lat="36.33672991767526" lon="-121.89151992090046">
        <ele>56.17</ele>
      </trkpt>
      <trkpt lat="36.33670996874571" lon="-121.89150994643569">
        <ele>55.88</ele>
      </trkpt>
      <trkpt lat="36.336649954319" lon="-121.89147993922234">
        <ele>55.58</ele>
      </trkpt>
      <trkpt lat="36.3365999981761" lon="-121.89143995754421">
        <ele>55.28</ele>
      </trkpt>
      <trkpt lat="36.336569990962744" lon="-121.89141992479563">
        <ele>54.97</ele>
      </trkpt>
      <trkpt lat="36.33653998374939" lon="-121.89139997586608">
        <ele>54.63</ele>
      </trkpt>
      <trkpt lat="36.33649991825223" lon="-121.89136996865273">
        <ele>54.29</ele>
      </trkpt>
      <trkpt lat="36.33643998764455" lon="-121.89129997976124">
        <ele>53.97</ele>
      </trkpt>
      <trkpt lat="36.33642992936075" lon="-121.89129997976124">
        <ele>53.61</ele>
      </trkpt>
      <trkpt lat="36.33641995489597" lon="-121.89127994701266">
        <ele>53.24</ele>
      </trkpt>
      <trkpt lat="36.33638994768262" lon="-121.89124993979931">
        <ele>52.86</ele>
      </trkpt>
      <trkpt lat="36.33634996600449" lon="-121.8911999836564">
        <ele>52.46</ele>
      </trkpt>
      <trkpt lat="36.336249969899654" lon="-121.89106998033822">
        <ele>52.0</ele>
      </trkpt>
      <trkpt lat="36.33617998100817" lon="-121.89095992594957">
        <ele>51.54</ele>
      </trkpt>
      <trkpt lat="36.33601997047663" lon="-121.89073998481035">
        <ele>51.05</ele>
      </trkpt>
      <trkpt lat="36.33585995994508" lon="-121.89049992710352">
        <ele>50.41</ele>
      </trkpt>
      <trkpt lat="36.335779996588826" lon="-121.89037998206913">
        <ele>49.89</ele>
      </trkpt>
      <trkpt lat="36.33569994941354" lon="-121.8902799859643">
        <ele>49.28</ele>
      </trkpt>
      <trkpt lat="36.33558997884393" lon="-121.89010991714895">
        <ele>48.79</ele>
      </trkpt>
      <trkpt lat="36.33557992056012" lon="-121.89009994268417">
        <ele>48.18</ele>
      </trkpt>
      <trkpt lat="36.33546994999051" lon="-121.88993993215263">
        <ele>47.48</ele>
      </trkpt>
      <trkpt lat="36.33545997552574" lon="-121.88991998322308">
        <ele>46.83</ele>
      </trkpt>
      <trkpt lat="36.335369953885674" lon="-121.88976994715631">
        <ele>46.06</ele>
      </trkpt>
      <trkpt lat="36.335369953885674" lon="-121.88975997269154">
        <ele>45.37</ele>
      </trkpt>
      <trkpt lat="36.33531999774277" lon="-121.88967992551625">
        <ele>44.63</ele>
      </trkpt>
      <trkpt lat="36.33520994335413" lon="-121.88942997716367">
        <ele>43.93</ele>
      </trkpt>
      <trkpt lat="36.33518999442458" lon="-121.88938999548554">
        <ele>43.17</ele>
      </trkpt>
      <trkpt lat="36.33513995446265" lon="-121.88925999216735">
        <ele>42.33</ele>
      </trkpt>
      <trkpt lat="36.335089998319745" lon="-121.88912998884916">
        <ele>41.46</ele>
      </trkpt>
      <trkpt lat="36.33503995835781" lon="-121.88897995278239">
        <ele>40.58</ele>
      </trkpt>
      <trkpt lat="36.33503995835781" lon="-121.88895992003381">
        <ele>39.75</ele>
      </trkpt>
      <trkpt lat="36.33494993671775" lon="-121.88864995725453">
        <ele>38.82</ele>
      </trkpt>
      <trkpt lat="36.33488992229104" lon="-121.8884199578315">
        <ele>37.94</ele>
      </trkpt>
      <trkpt lat="36.33484994061291" lon="-121.88828995451331">
        <ele>37.07</ele>
      </trkpt>
      <trkpt lat="36.334809958934784" lon="-121.88813991844654">
        <ele>36.1</ele>
      </trkpt>
      <trkpt lat="36.334749944508076" lon="-121.88797999173403">
        <ele>35.18</ele>
      </trkpt>
      <trkpt lat="36.33467995561659" lon="-121.8877999484539">
        <ele>34.31</ele>
      </trkpt>
      <trkpt lat="36.33460996672511" lon="-121.88761998899281">
        <ele>33.42</ele>
      </trkpt>
      <trkpt lat="36.33455992676318" lon="-121.88748998567462">
        <ele>32.51</ele>
      </trkpt>
      <trkpt lat="36.33451994508505" lon="-121.88739996403456">
        <ele>31.59</ele>
      </trkpt>
      <trkpt lat="36.33444484323263" lon="-121.88721975311637">
        <ele>30.64</ele>
      </trkpt>
      <trkpt lat="36.33436999283731" lon="-121.88703996129334">
        <ele>29.68</ele>
      </trkpt>
      <trkpt lat="36.33428994566202" lon="-121.88685991801322">
        <ele>28.69</ele>
      </trkpt>
      <trkpt lat="36.33422993123531" lon="-121.88673997297883">
        <ele>27.75</ele>
      </trkpt>
      <trkpt lat="36.334169916808605" lon="-121.88660996966064">
        <ele>26.79</ele>
      </trkpt>
      <trkpt lat="36.33413999341428" lon="-121.88652992248535">
        <ele>25.92</ele>
      </trkpt>
      <trkpt lat="36.33404997177422" lon="-121.88633998855948">
        <ele>25.03</ele>
      </trkpt>
      <trkpt lat="36.33397998288274" lon="-121.88617997802794">
        <ele>24.14</ele>
      </trkpt>
      <trkpt lat="36.333909993991256" lon="-121.88602994196117">
        <ele>23.32</ele>
      </trkpt>
      <trkpt lat="36.333889961242676" lon="-121.88598996028304">
        <ele>22.59</ele>
      </trkpt>
      <trkpt lat="36.33385995402932" lon="-121.88592994585633">
        <ele>21.85</ele>
      </trkpt>
      <trkpt lat="36.33381997235119" lon="-121.88586993142962">
        <ele>21.08</ele>
      </trkpt>
      <trkpt lat="36.33380999788642" lon="-121.88584998250008">
        <ele>20.36</ele>
      </trkpt>
      <trkpt lat="36.33378996513784" lon="-121.88580991700292">
        <ele>19.66</ele>
      </trkpt>
      <trkpt lat="36.33374998345971" lon="-121.88574998639524">
        <ele>18.98</ele>
      </trkpt>
      <trkpt lat="36.33370991796255" lon="-121.8856999464333">
        <ele>18.32</ele>
      </trkpt>
      <trkpt lat="36.333689969033" lon="-121.88568997196853">
        <ele>17.66</ele>
      </trkpt>
      <trkpt lat="36.333689969033" lon="-121.88567999750376">
        <ele>17.04</ele>
      </trkpt>
      <trkpt lat="36.333629954606295" lon="-121.88561998307705">
        <ele>16.4</ele>
      </trkpt>
      <trkpt lat="36.333569940179586" lon="-121.88556994311512">
        <ele>15.75</ele>
      </trkpt>
      <trkpt lat="36.33354999125004" lon="-121.88554999418557">
        <ele>15.17</ele>
      </trkpt>
      <trkpt lat="36.33352995850146" lon="-121.88552996143699">
        <ele>14.61</ele>
      </trkpt>
      <trkpt lat="36.33346994407475" lon="-121.88549995422363">
        <ele>14.06</ele>
      </trkpt>
      <trkpt lat="36.33340992964804" lon="-121.8854599725455">
        <ele>13.54</ele>
      </trkpt>
      <trkpt lat="36.33333994075656" lon="-121.88541999086738">
        <ele>13.04</ele>
      </trkpt>
      <trkpt lat="36.33328998461366" lon="-121.8853999581188">
        <ele>12.56</ele>
      </trkpt>
      <trkpt lat="36.33322997018695" lon="-121.88537992537022">
        <ele>12.08</ele>
      </trkpt>
      <trkpt lat="36.33322997018695" lon="-121.88536995090544">
        <ele>11.69</ele>
      </trkpt>
      <trkpt lat="36.33320993743837" lon="-121.88536995090544">
        <ele>11.33</ele>
      </trkpt>
      <trkpt lat="36.333179930225015" lon="-121.88535997644067">
        <ele>10.99</ele>
      </trkpt>
      <trkpt lat="36.33311999961734" lon="-121.88533994369209">
        <ele>10.68</ele>
      </trkpt>
      <trkpt lat="36.333049926906824" lon="-121.88532996922731">
        <ele>10.39</ele>
      </trkpt>
      <trkpt lat="36.33298999629915" lon="-121.88531999476254">
        <ele>10.13</ele>
      </trkpt>
      <trkpt lat="36.33285999298096" lon="-121.88530993647873">
        <ele>9.88</ele>
      </trkpt>
      <trkpt lat="36.33272998966277" lon="-121.88531999476254">
        <ele>9.68</ele>
      </trkpt>
      <trkpt lat="36.33262999355793" lon="-121.88533994369209">
        <ele>9.53</ele>
      </trkpt>
      <trkpt lat="36.33256997913122" lon="-121.88535997644067">
        <ele>9.43</ele>
      </trkpt>
      <trkpt lat="36.33250996470451" lon="-121.88537992537022">
        <ele>9.35</ele>
      </trkpt>
      <trkpt lat="36.3323899358511" lon="-121.88544999808073">
        <ele>9.3</ele>
      </trkpt>
      <trkpt lat="36.33230997249484" lon="-121.88549995422363">
        <ele>9.3</ele>
      </trkpt>
      <trkpt lat="36.332149961963296" lon="-121.88562995754182">
        <ele>9.34</ele>
      </trkpt>
      <trkpt lat="36.332149961963296" lon="-121.8856399320066">
        <ele>9.39</ele>
      </trkpt>
      <trkpt lat="36.33209992200136" lon="-121.88568997196853">
        <ele>9.48</ele>
      </trkpt>
      <trkpt lat="36.33206999860704" lon="-121.88571997918189">
        <ele>9.6</ele>
      </trkpt>
      <trkpt lat="36.33202993310988" lon="-121.88575996086001">
        <ele>9.74</ele>
      </trkpt>
      <trkpt lat="36.33202993310988" lon="-121.88576993532479">
        <ele>9.93</ele>
      </trkpt>
      <trkpt lat="36.332019958645105" lon="-121.8857799936086">
        <ele>10.14</ele>
      </trkpt>
      <trkpt lat="36.331999925896525" lon="-121.88579994253814">
        <ele>10.39</ele>
      </trkpt>
      <trkpt lat="36.33197997696698" lon="-121.88583992421627">
        <ele>10.67</ele>
      </trkpt>
      <trkpt lat="36.33192993700504" lon="-121.88591997139156">
        <ele>10.98</ele>
      </trkpt>
      <trkpt lat="36.331889955326915" lon="-121.88598996028304">
        <ele>11.33</ele>
      </trkpt>
      <trkpt lat="36.33184997364879" lon="-121.88605994917452">
        <ele>11.7</ele>
      </trkpt>
      <trkpt lat="36.33180999197066" lon="-121.88615994527936">
        <ele>12.1</ele>
      </trkpt>
      <trkpt lat="36.33178995922208" lon="-121.88621995970607">
        <ele>12.52</ele>
      </trkpt>
      <trkpt lat="36.33174997754395" lon="-121.88634996302426">
        <ele>12.98</ele>
      </trkpt>
      <trkpt lat="36.33172994479537" lon="-121.88641995191574">
        <ele>13.49</ele>
      </trkpt>
      <trkpt lat="36.331719970330596" lon="-121.88646999187768">
        <ele>14.01</ele>
      </trkpt>
      <trkpt lat="36.33170999586582" lon="-121.88652992248535">
        <ele>14.53</ele>
      </trkpt>
      <trkpt lat="36.331699937582016" lon="-121.88662991859019">
        <ele>15.09</ele>
      </trkpt>
      <trkpt lat="36.331699937582016" lon="-121.88670996576548">
        <ele>15.7</ele>
      </trkpt>
      <trkpt lat="36.331699937582016" lon="-121.8867499474436">
        <ele>16.3</ele>
      </trkpt>
      <trkpt lat="36.331699937582016" lon="-121.88677995465696">
        <ele>16.92</ele>
      </trkpt>
      <trkpt lat="36.331699937582016" lon="-121.88683996908367">
        <ele>17.56</ele>
      </trkpt>
      <trkpt lat="36.331699937582016" lon="-121.88692999072373">
        <ele>18.21</ele>
      </trkpt>
      <trkpt lat="36.331699937582016" lon="-121.88697994686663">
        <ele>18.88</ele>
      </trkpt>
      <trkpt lat="36.331699937582016" lon="-121.88699997961521">
        <ele>19.55</ele>
      </trkpt>
      <trkpt lat="36.33170999586582" lon="-121.88721992075443">
        <ele>20.24</ele>
      </trkpt>
      <trkpt lat="36.33170999586582" lon="-121.88741999678314">
        <ele>20.97</ele>
      </trkpt>
      <trkpt lat="36.331719970330596" lon="-121.88757992349565">
        <ele>21.68</ele>
      </trkpt>
      <trkpt lat="36.3317249994725" lon="-121.88778536394238">
        <ele>22.42</ele>
      </trkpt>
      <trkpt lat="36.33172994479537" lon="-121.8879899661988">
        <ele>23.17</ele>
      </trkpt>
      <trkpt lat="36.331739919260144" lon="-121.88824997283518">
        <ele>23.98</ele>
      </trkpt>
      <trkpt lat="36.33174997754395" lon="-121.88830998726189">
        <ele>24.7</ele>
      </trkpt>
      <trkpt lat="36.331759952008724" lon="-121.88848994672298">
        <ele>25.45</ele>
      </trkpt>
      <trkpt lat="36.3317699264735" lon="-121.88852992840111">
        <ele>26.15</ele>
      </trkpt>
      <trkpt lat="36.331779984757304" lon="-121.88862992450595">
        <ele>26.86</ele>
      </trkpt>
      <trkpt lat="36.33179993368685" lon="-121.88876998610795">
        <ele>27.56</ele>
      </trkpt>
      <trkpt lat="36.33182994090021" lon="-121.88891993835568">
        <ele>28.27</ele>
      </trkpt>
      <trkpt lat="36.331885010004044" lon="-121.88913526944816">
        <ele>28.97</ele>
      </trkpt>
      <trkpt lat="36.33193999528885" lon="-121.88934992998838">
        <ele>29.64</ele>
      </trkpt>
      <trkpt lat="36.33196991868317" lon="-121.8894699588418">
        <ele>30.31</ele>
      </trkpt>
      <trkpt lat="36.331999925896525" lon="-121.88956995494664">
        <ele>30.94</ele>
      </trkpt>
      <trkpt lat="36.332019958645105" lon="-121.88967992551625">
        <ele>31.58</ele>
      </trkpt>
      <trkpt lat="36.33202993310988" lon="-121.88972996547818">
        <ele>32.18</ele>
      </trkpt>
      <trkpt lat="36.332039991393685" lon="-121.88980992883444">
        <ele>32.78</ele>
      </trkpt>
      <trkpt lat="36.332059940323234" lon="-121.88991998322308">
        <ele>33.37</ele>
      </trkpt>
      <trkpt lat="36.332059940323234" lon="-121.89000992104411">
        <ele>33.92</ele>
      </trkpt>
      <trkpt lat="36.33206999860704" lon="-121.89004998654127">
        <ele>34.44</ele>
      </trkpt>
      <trkpt lat="36.33206999860704" lon="-121.89007999375463">
        <ele>34.93</ele>
      </trkpt>
      <trkpt lat="36.33206999860704" lon="-121.8900899682194">
        <ele>35.39</ele>
      </trkpt>
      <trkpt lat="36.332059940323234" lon="-121.89017998985946">
        <ele>35.87</ele>
      </trkpt>
      <trkpt lat="36.332059940323234" lon="-121.89023992046714">
        <ele>36.29</ele>
      </trkpt>
      <trkpt lat="36.33204996585846" lon="-121.89026992768049">
        <ele>36.68</ele>
      </trkpt>
      <trkpt lat="36.33204996585846" lon="-121.89029993489385">
        <ele>37.03</ele>
      </trkpt>
      <trkpt lat="36.33204996585846" lon="-121.8903299421072">
        <ele>37.37</ele>
      </trkpt>
      <trkpt lat="36.332039991393685" lon="-121.89037998206913">
        <ele>37.69</ele>
      </trkpt>
      <trkpt lat="36.331999925896525" lon="-121.89053999260068">
        <ele>38.03</ele>
      </trkpt>
      <trkpt lat="36.33196991868317" lon="-121.89060998149216">
        <ele>38.3</ele>
      </trkpt>
      <trkpt lat="36.33194996975362" lon="-121.89065993763506">
        <ele>38.54</ele>
      </trkpt>
      <trkpt lat="36.33192993700504" lon="-121.89068994484842">
        <ele>38.76</ele>
      </trkpt>
      <trkpt lat="36.33191996254027" lon="-121.890709977597">
        <ele>38.95</ele>
      </trkpt>
      <trkpt lat="36.33189992979169" lon="-121.8907599337399">
        <ele>39.11</ele>
      </trkpt>
      <trkpt lat="36.33185994811356" lon="-121.89081994816661">
        <ele>39.24</ele>
      </trkpt>
      <trkpt lat="36.33181996643543" lon="-121.89086998812854">
        <ele>39.35</ele>
      </trkpt>
      <trkpt lat="36.33180999197066" lon="-121.89087996259332">
        <ele>39.45</ele>
      </trkpt>
      <trkpt lat="36.3317699264735" lon="-121.89092991873622">
        <ele>39.51</ele>
      </trkpt>
      <trkpt lat="36.331719970330596" lon="-121.89097995869815">
        <ele>39.57</ele>
      </trkpt>
      <trkpt lat="36.33167998865247" lon="-121.89100996591151">
        <ele>39.62</ele>
      </trkpt>
      <trkpt lat="36.33166993036866" lon="-121.89102999866009">
        <ele>39.64</ele>
      </trkpt>
      <trkpt lat="36.33161997422576" lon="-121.89106998033822">
        <ele>39.67</ele>
      </trkpt>
      <trkpt lat="36.3315299525857" lon="-121.8911399692297">
        <ele>39.67</ele>
      </trkpt>
      <trkpt lat="36.33146993815899" lon="-121.89117995090783">
        <ele>39.68</ele>
      </trkpt>
      <trkpt lat="36.331309927627444" lon="-121.89129997976124">
        <ele>39.68</ele>
      </trkpt>
      <trkpt lat="36.33112996816635" lon="-121.89142998307943">
        <ele>39.69</ele>
      </trkpt>
      <trkpt lat="36.33096995763481" lon="-121.89154992811382">
        <ele>39.69</ele>
      </trkpt>
      <trkpt lat="36.3309099432081" lon="-121.89158999361098">
        <ele>39.68</ele>
      </trkpt>
      <trkpt lat="36.330899968743324" lon="-121.89159996807575">
        <ele>39.66</ele>
      </trkpt>
      <trkpt lat="36.33075999096036" lon="-121.89169996418059">
        <ele>39.64</ele>
      </trkpt>
      <trkpt lat="36.330749932676554" lon="-121.89170993864536">
        <ele>39.62</ele>
      </trkpt>
      <trkpt lat="36.33073995821178" lon="-121.89171999692917">
        <ele>39.59</ele>
      </trkpt>
      <trkpt lat="36.33050358854234" lon="-121.89188973046839">
        <ele>39.54</ele>
      </trkpt>
      <trkpt lat="36.330267218872905" lon="-121.89205954782665">
        <ele>39.53</ele>
      </trkpt>
      <trkpt lat="36.33002992719412" lon="-121.89222995191813">
        <ele>39.52</ele>
      </trkpt>
      <trkpt lat="36.3298099860549" lon="-121.89238996244967">
        <ele>39.51</ele>
      </trkpt>
      <trkpt lat="36.329739997163415" lon="-121.89243991859257">
        <ele>39.53</ele>
      </trkpt>
      <trkpt lat="36.329526929184794" lon="-121.89258978702128">
        <ele>39.55</ele>
      </trkpt>
      <trkpt lat="36.329313861206174" lon="-121.89273957163095">
        <ele>39.6</ele>
      </trkpt>
      <trkpt lat="36.329099955037236" lon="-121.89288994297385">
        <ele>39.64</ele>
      </trkpt>
      <trkpt lat="36.32894019596279" lon="-121.8930047750473">
        <ele>39.71</ele>
      </trkpt>
      <trkpt lat="36.32877993397415" lon="-121.89311994239688">
        <ele>39.81</ele>
      </trkpt>
      <trkpt lat="36.328729977831244" lon="-121.89314994961023">
        <ele>39.91</ele>
      </trkpt>
      <trkpt lat="36.328579941764474" lon="-121.89326997846365">
        <ele>40.05</ele>
      </trkpt>
      <trkpt lat="36.328559992834926" lon="-121.89327995292842">
        <ele>40.16</ele>
      </trkpt>
      <trkpt lat="36.32841993123293" lon="-121.89337994903326">
        <ele>40.31</ele>
      </trkpt>
      <trkpt lat="36.32826997898519" lon="-121.89348991960287">
        <ele>40.46</ele>
      </trkpt>
      <trkpt lat="36.328109968453646" lon="-121.89359997399151">
        <ele>40.55</ele>
      </trkpt>
      <trkpt lat="36.327959932386875" lon="-121.8937199190259">
        <ele>40.6</ele>
      </trkpt>
      <trkpt lat="36.32793998345733" lon="-121.8937299773097">
        <ele>40.76</ele>
      </trkpt>
      <trkpt lat="36.327849961817265" lon="-121.89378999173641">
        <ele>40.9</ele>
      </trkpt>
      <trkpt lat="36.32779992185533" lon="-121.89382997341454">
        <ele>41.07</ele>
      </trkpt>
      <trkpt lat="36.32764996960759" lon="-121.89393994398415">
        <ele>41.24</ele>
      </trkpt>
      <trkpt lat="36.32762993685901" lon="-121.89394991844893">
        <ele>41.5</ele>
      </trkpt>
      <trkpt lat="36.32753999903798" lon="-121.89400993287563">
        <ele>41.8</ele>
      </trkpt>
      <trkpt lat="36.32748995907605" lon="-121.8940499983728">
        <ele>42.1</ele>
      </trkpt>
      <trkpt lat="36.32746992632747" lon="-121.89405997283757">
        <ele>42.42</ele>
      </trkpt>
      <trkpt lat="36.32736993022263" lon="-121.89412996172905">
        <ele>42.8</ele>
      </trkpt>
      <trkpt lat="36.32731997407973" lon="-121.89416994340718">
        <ele>43.18</ele>
      </trkpt>
      <trkpt lat="36.327269934117794" lon="-121.89419995062053">
        <ele>43.57</ele>
      </trkpt>
      <trkpt lat="36.327209919691086" lon="-121.89422995783389">
        <ele>43.99</ele>
      </trkpt>
      <trkpt lat="36.32715996354818" lon="-121.89424999058247">
        <ele>44.42</ele>
      </trkpt>
      <trkpt lat="36.327079916372895" lon="-121.89427999779582">
        <ele>44.85</ele>
      </trkpt>
      <trkpt lat="36.32699995301664" lon="-121.89429994672537">
        <ele>45.27</ele>
      </trkpt>
      <trkpt lat="36.326929964125156" lon="-121.89430992119014">
        <ele>45.7</ele>
      </trkpt>
      <trkpt lat="36.32687992416322" lon="-121.89430992119014">
        <ele>46.14</ele>
      </trkpt>
      <trkpt lat="36.326819993555546" lon="-121.89431997947395">
        <ele>46.58</ele>
      </trkpt>
      <trkpt lat="36.32673994638026" lon="-121.89430992119014">
        <ele>47.01</ele>
      </trkpt>
      <trkpt lat="36.326689990237355" lon="-121.89430992119014">
        <ele>47.45</ele>
      </trkpt>
      <trkpt lat="36.32662997581065" lon="-121.89429994672537">
        <ele>47.9</ele>
      </trkpt>
      <trkpt lat="36.326559986919165" lon="-121.8942899722606">
        <ele>48.37</ele>
      </trkpt>
      <trkpt lat="36.32648999802768" lon="-121.89426993951201">
        <ele>48.8</ele>
      </trkpt>
      <trkpt lat="36.32644993253052" lon="-121.89424999058247">
        <ele>49.26</ele>
      </trkpt>
      <trkpt lat="36.32643995806575" lon="-121.89424999058247">
        <ele>49.71</ele>
      </trkpt>
      <trkpt lat="36.326429983600974" lon="-121.89423993229866">
        <ele>50.18</ele>
      </trkpt>
      <trkpt lat="36.326259998604655" lon="-121.89413993619382">
        <ele>50.68</ele>
      </trkpt>
      <trkpt lat="36.326089929789305" lon="-121.89401999115944">
        <ele>51.2</ele>
      </trkpt>
      <trkpt lat="36.32598993368447" lon="-121.89393994398415">
        <ele>51.7</ele>
      </trkpt>
      <trkpt lat="36.32590997032821" lon="-121.89387992955744">
        <ele>52.18</ele>
      </trkpt>
      <trkpt lat="36.325849955901504" lon="-121.89382997341454">
        <ele>52.69</ele>
      </trkpt>
      <trkpt lat="36.325809974223375" lon="-121.89380994066596">
        <ele>53.16</ele>
      </trkpt>
      <trkpt lat="36.32572992704809" lon="-121.89375998452306">
        <ele>53.64</ele>
      </trkpt>
      <trkpt lat="36.32566999644041" lon="-121.8937299773097">
        <ele>54.13</ele>
      </trkpt>
      <trkpt lat="36.3256099820137" lon="-121.89370994456112">
        <ele>54.61</ele>
      </trkpt>
      <trkpt lat="36.32551996037364" lon="-121.89367993734777">
        <ele>55.08</ele>
      </trkpt>
      <trkpt lat="36.32545994594693" lon="-121.893669962883">
        <ele>55.53</ele>
      </trkpt>
      <trkpt lat="36.32538995705545" lon="-121.89365998841822">
        <ele>56.04</ele>
      </trkpt>
      <trkpt lat="36.32531996816397" lon="-121.89365998841822">
        <ele>56.53</ele>
      </trkpt>
      <trkpt lat="36.325249979272485" lon="-121.89365998841822">
        <ele>57.01</ele>
      </trkpt>
      <trkpt lat="36.325179990381" lon="-121.893669962883">
        <ele>57.49</ele>
      </trkpt>
      <trkpt lat="36.325119975954294" lon="-121.89368999563158">
        <ele>58.02</ele>
      </trkpt>
      <trkpt lat="36.325099943205714" lon="-121.89368999563158">
        <ele>58.55</ele>
      </trkpt>
      <trkpt lat="36.32499994710088" lon="-121.8937299773097">
        <ele>59.11</ele>
      </trkpt>
      <trkpt lat="36.32486994378269" lon="-121.89378999173641">
        <ele>59.67</ele>
      </trkpt>
      <trkpt lat="36.32476994767785" lon="-121.89382997341454">
        <ele>60.27</ele>
      </trkpt>
      <trkpt lat="36.32471999153495" lon="-121.89384992234409">
        <ele>60.83</ele>
      </trkpt>
      <trkpt lat="36.32465997710824" lon="-121.8938599806279">
        <ele>61.43</ele>
      </trkpt>
      <trkpt lat="36.324609937146306" lon="-121.89386995509267">
        <ele>62.01</ele>
      </trkpt>
      <trkpt lat="36.32459996268153" lon="-121.89386995509267">
        <ele>62.57</ele>
      </trkpt>
      <trkpt lat="36.32457992993295" lon="-121.89387992955744">
        <ele>63.11</ele>
      </trkpt>
      <trkpt lat="36.32446995936334" lon="-121.89388998784125">
        <ele>63.7</ele>
      </trkpt>
      <trkpt lat="36.32442997768521" lon="-121.89388998784125">
        <ele>64.28</ele>
      </trkpt>
      <trkpt lat="36.324349930509925" lon="-121.89387992955744">
        <ele>64.88</ele>
      </trkpt>
      <trkpt lat="36.32424993440509" lon="-121.89386995509267">
        <ele>65.44</ele>
      </trkpt>
      <trkpt lat="36.32414993830025" lon="-121.89383994787931">
        <ele>66.03</ele>
      </trkpt>
      <trkpt lat="36.32407994940877" lon="-121.89381999894977">
        <ele>66.59</ele>
      </trkpt>
      <trkpt lat="36.32398992776871" lon="-121.89375998452306">
        <ele>67.17</ele>
      </trkpt>
      <trkpt lat="36.323939971625805" lon="-121.8937199190259">
        <ele>67.74</ele>
      </trkpt>
      <trkpt lat="36.32390996441245" lon="-121.89369997009635">
        <ele>68.3</ele>
      </trkpt>
      <trkpt lat="36.32386998273432" lon="-121.893669962883">
        <ele>68.85</ele>
      </trkpt>
      <trkpt lat="36.32377996109426" lon="-121.89354993402958">
        <ele>69.44</ele>
      </trkpt>
      <trkpt lat="36.323679964989424" lon="-121.89340995624661">
        <ele>69.99</ele>
      </trkpt>
      <trkpt lat="36.323659932240844" lon="-121.89338992349803">
        <ele>70.53</ele>
      </trkpt>
      <trkpt lat="36.32358994334936" lon="-121.89327995292842">
        <ele>71.06</ele>
      </trkpt>
      <trkpt lat="36.32353998720646" lon="-121.89322999678552">
        <ele>71.56</ele>
      </trkpt>
      <trkpt lat="36.3234999217093" lon="-121.89318993128836">
        <ele>72.08</ele>
      </trkpt>
      <trkpt lat="36.32343999110162" lon="-121.89312991686165">
        <ele>72.62</ele>
      </trkpt>
      <trkpt lat="36.32338995113969" lon="-121.89308993518353">
        <ele>73.16</ele>
      </trkpt>
      <trkpt lat="36.32336991839111" lon="-121.89306998625398">
        <ele>73.71</ele>
      </trkpt>
      <trkpt lat="36.32330998778343" lon="-121.89303997904062">
        <ele>74.25</ele>
      </trkpt>
      <trkpt lat="36.3232599478215" lon="-121.89300997182727">
        <ele>74.79</ele>
      </trkpt>
      <trkpt lat="36.323229940608144" lon="-121.8929999973625">
        <ele>75.28</ele>
      </trkpt>
      <trkpt lat="36.32319993339479" lon="-121.89298993907869">
        <ele>75.76</ele>
      </trkpt>
      <trkpt lat="36.32314997725189" lon="-121.89297996461391">
        <ele>76.22</ele>
      </trkpt>
      <trkpt lat="36.323079988360405" lon="-121.89297996461391">
        <ele>76.66</ele>
      </trkpt>
      <trkpt lat="36.32304998114705" lon="-121.89297996461391">
        <ele>77.05</ele>
      </trkpt>
      <trkpt lat="36.32297999225557" lon="-121.89297996461391">
        <ele>77.44</ele>
      </trkpt>
      <trkpt lat="36.32289994508028" lon="-121.89298993907869">
        <ele>77.79</ele>
      </trkpt>
      <trkpt lat="36.32287999615073" lon="-121.8929999973625">
        <ele>78.07</ele>
      </trkpt>
      <trkpt lat="36.322869937866926" lon="-121.8929999973625">
        <ele>78.31</ele>
      </trkpt>
      <trkpt lat="36.32280992344022" lon="-121.89300997182727">
        <ele>78.53</ele>
      </trkpt>
      <trkpt lat="36.32265997119248" lon="-121.89306998625398">
        <ele>78.73</ele>
      </trkpt>
      <trkpt lat="36.32256994955242" lon="-121.89309999346733">
        <ele>78.86</ele>
      </trkpt>
      <trkpt lat="36.32252996787429" lon="-121.8931099679321">
        <ele>78.95</ele>
      </trkpt>
      <trkpt lat="36.32248998619616" lon="-121.89311994239688">
        <ele>79.0</ele>
      </trkpt>
      <trkpt lat="36.32235998287797" lon="-121.89314994961023">
        <ele>79.02</ele>
      </trkpt>
      <trkpt lat="36.32224992848933" lon="-121.89316998235881">
        <ele>78.98</ele>
      </trkpt>
      <trkpt lat="36.32216996513307" lon="-121.89316998235881">
        <ele>78.9</ele>
      </trkpt>
      <trkpt lat="36.32214993238449" lon="-121.89316998235881">
        <ele>78.78</ele>
      </trkpt>
      <trkpt lat="36.322029987350106" lon="-121.89315992407501">
        <ele>78.61</ele>
      </trkpt>
      <trkpt lat="36.321989921852946" lon="-121.89314994961023">
        <ele>78.42</ele>
      </trkpt>
      <trkpt lat="36.321939965710044" lon="-121.89313997514546">
        <ele>78.17</ele>
      </trkpt>
      <trkpt lat="36.32180996239185" lon="-121.89309999346733">
        <ele>77.82</ele>
      </trkpt>
      <trkpt lat="36.32169999182224" lon="-121.8930499535054">
        <ele>77.42</ele>
      </trkpt>
      <trkpt lat="36.321639977395535" lon="-121.89302992075682">
        <ele>77.04</ele>
      </trkpt>
      <trkpt lat="36.32160997018218" lon="-121.89300997182727">
        <ele>76.68</ele>
      </trkpt>
      <trkpt lat="36.32147996686399" lon="-121.89292992465198">
        <ele>76.26</ele>
      </trkpt>
      <trkpt lat="36.321319956332445" lon="-121.89282992854714">
        <ele>75.86</ele>
      </trkpt>
      <trkpt lat="36.3211599458009" lon="-121.89273999072611">
        <ele>75.47</ele>
      </trkpt>
      <trkpt lat="36.321039916947484" lon="-121.8926799762994">
        <ele>75.07</ele>
      </trkpt>
      <trkpt lat="36.320999935269356" lon="-121.89265994355083">
        <ele>74.62</ele>
      </trkpt>
      <trkpt lat="36.320909997448325" lon="-121.89262993633747">
        <ele>74.17</ele>
      </trkpt>
      <trkpt lat="36.32082995027304" lon="-121.89259992912412">
        <ele>73.71</ele>
      </trkpt>
      <trkpt lat="36.32074998691678" lon="-121.89257998019457">
        <ele>73.22</ele>
      </trkpt>
      <trkpt lat="36.320629958063364" lon="-121.89253999851644">
        <ele>72.72</ele>
      </trkpt>
      <trkpt lat="36.32055996917188" lon="-121.89251996576786">
        <ele>72.21</ele>
      </trkpt>
      <trkpt lat="36.32051998749375" lon="-121.89250999130309">
        <ele>71.69</ele>
      </trkpt>
      <trkpt lat="36.3204899802804" lon="-121.89250999130309">
        <ele>71.15</ele>
      </trkpt>
      <trkpt lat="36.32046994753182" lon="-121.89250999130309">
        <ele>70.61</ele>
      </trkpt>
      <trkpt lat="36.320439940318465" lon="-121.89249993301928">
        <ele>70.07</ele>
      </trkpt>
      <trkpt lat="36.32033994421363" lon="-121.8924899585545">
        <ele>69.5</ele>
      </trkpt>
      <trkpt lat="36.320179933682084" lon="-121.8924899585545">
        <ele>68.9</ele>
      </trkpt>
      <trkpt lat="36.31998999975622" lon="-121.8924899585545">
        <ele>68.32</ele>
      </trkpt>
      <trkpt lat="36.31982998922467" lon="-121.89250999130309">
        <ele>67.73</ele>
      </trkpt>
      <trkpt lat="36.319689927622676" lon="-121.89252994023263">
        <ele>67.14</ele>
      </trkpt>
      <trkpt lat="36.319599989801645" lon="-121.89252994023263">
        <ele>66.56</ele>
      </trkpt>
      <trkpt lat="36.31951994262636" lon="-121.89252994023263">
        <ele>65.96</ele>
      </trkpt>
      <trkpt lat="36.319449953734875" lon="-121.89252994023263">
        <ele>65.36</ele>
      </trkpt>
      <trkpt lat="36.31934995763004" lon="-121.89251996576786">
        <ele>64.77</ele>
      </trkpt>
      <trkpt lat="36.319259935989976" lon="-121.89249993301928">
        <ele>64.16</ele>
      </trkpt>
      <trkpt lat="36.31908995099366" lon="-121.89246992580593">
        <ele>63.52</ele>
      </trkpt>
      <trkpt lat="36.31906991824508" lon="-121.89245995134115">
        <ele>62.92</ele>
      </trkpt>
      <trkpt lat="36.319019962102175" lon="-121.89244997687638">
        <ele>62.29</ele>
      </trkpt>
      <trkpt lat="36.31894997321069" lon="-121.8924299441278">
        <ele>61.65</ele>
      </trkpt>
      <trkpt lat="36.318909991532564" lon="-121.89241996966302">
        <ele>61.03</ele>
      </trkpt>
      <trkpt lat="36.31885995157063" lon="-121.89240999519825">
        <ele>60.4</ele>
      </trkpt>
      <trkpt lat="36.31874998100102" lon="-121.8923799879849">
        <ele>59.78</ele>
      </trkpt>
      <trkpt lat="36.31865995936096" lon="-121.89234998077154">
        <ele>59.18</ele>
      </trkpt>
      <trkpt lat="36.31850992329419" lon="-121.89229994080961">
        <ele>58.53</ele>
      </trkpt>
      <trkpt lat="36.318459967151284" lon="-121.89227999188006">
        <ele>57.95</ele>
      </trkpt>
      <trkpt lat="36.31821999326348" lon="-121.89218997024">
        <ele>57.34</ele>
      </trkpt>
      <trkpt lat="36.31817992776632" lon="-121.89217999577522">
        <ele>56.77</ele>
      </trkpt>
      <trkpt lat="36.31803994998336" lon="-121.89212995581329">
        <ele>56.21</ele>
      </trkpt>
      <trkpt lat="36.31799996830523" lon="-121.89210992306471">
        <ele>55.66</ele>
      </trkpt>
      <trkpt lat="36.317989993840456" lon="-121.89210992306471">
        <ele>55.1</ele>
      </trkpt>
      <trkpt lat="36.31792997941375" lon="-121.89208997413516">
        <ele>54.54</ele>
      </trkpt>
      <trkpt lat="36.31767994724214" lon="-121.8919999524951">
        <ele>53.97</ele>
      </trkpt>
      <trkpt lat="36.3175299949944" lon="-121.8919499963522">
        <ele>53.44</ele>
      </trkpt>
      <trkpt lat="36.31741994060576" lon="-121.89191998913884">
        <ele>52.93</ele>
      </trkpt>
      <trkpt lat="36.31717996671796" lon="-121.89183994196355">
        <ele>52.4</ele>
      </trkpt>
      <trkpt lat="36.31711995229125" lon="-121.891819993034">
        <ele>51.89</ele>
      </trkpt>
      <trkpt lat="36.316999923437834" lon="-121.89177992753685">
        <ele>51.42</ele>
      </trkpt>
      <trkpt lat="36.31691996008158" lon="-121.89174992032349">
        <ele>50.94</ele>
      </trkpt>
      <trkpt lat="36.316679986193776" lon="-121.89165998250246">
        <ele>50.46</ele>
      </trkpt>
      <trkpt lat="36.316659953445196" lon="-121.89165998250246">
        <ele>49.99</ele>
      </trkpt>
      <trkpt lat="36.3164799939841" lon="-121.89158999361098">
        <ele>49.56</ele>
      </trkpt>
      <trkpt lat="36.31635996513069" lon="-121.89154992811382">
        <ele>49.11</ele>
      </trkpt>
      <trkpt lat="36.316209929063916" lon="-121.89148999750614">
        <ele>48.66</ele>
      </trkpt>
      <trkpt lat="36.316139940172434" lon="-121.89146996475756">
        <ele>48.21</ele>
      </trkpt>
      <trkpt lat="36.31591999903321" lon="-121.89136996865273">
        <ele>47.71</ele>
      </trkpt>
      <trkpt lat="36.315819919109344" lon="-121.89130995422602">
        <ele>47.31</ele>
      </trkpt>
      <trkpt lat="36.315799970179796" lon="-121.89129997976124">
        <ele>46.94</ele>
      </trkpt>
      <trkpt lat="36.31562998518348" lon="-121.8911999836564">
        <ele>46.54</ele>
      </trkpt>
      <trkpt lat="36.31547994911671" lon="-121.89110996201634">
        <ele>46.17</ele>
      </trkpt>
      <trkpt lat="36.315409960225224" lon="-121.89106998033822">
        <ele>45.85</ele>
      </trkpt>
      <trkpt lat="36.315299989655614" lon="-121.89098993316293">
        <ele>45.56</ele>
      </trkpt>
      <trkpt lat="36.31519999355078" lon="-121.89091994427145">
        <ele>45.26</ele>
      </trkpt>
      <trkpt lat="36.31504995748401" lon="-121.89079999923706">
        <ele>44.97</ele>
      </trkpt>
      <trkpt lat="36.31500997580588" lon="-121.8907699920237">
        <ele>44.73</ele>
      </trkpt>
      <trkpt lat="36.314919954165816" lon="-121.89068994484842">
        <ele>44.52</ele>
      </trkpt>
      <trkpt lat="36.314809983596206" lon="-121.89058994874358">
        <ele>44.33</ele>
      </trkpt>
      <trkpt lat="36.31471996195614" lon="-121.89050998538733">
        <ele>44.16</ele>
      </trkpt>
      <trkpt lat="36.314679980278015" lon="-121.89047997817397">
        <ele>44.02</ele>
      </trkpt>
      <trkpt lat="36.31445995531976" lon="-121.89028996042907">
        <ele>43.84</ele>
      </trkpt>
      <trkpt lat="36.31442994810641" lon="-121.89025995321572">
        <ele>43.75</ele>
      </trkpt>
      <trkpt lat="36.31427999585867" lon="-121.89012994989753">
        <ele>43.68</ele>
      </trkpt>
      <trkpt lat="36.31421998143196" lon="-121.89006993547082">
        <ele>43.64</ele>
      </trkpt>
      <trkpt lat="36.3141299597919" lon="-121.88999994657934">
        <ele>43.6</ele>
      </trkpt>
      <trkpt lat="36.314099952578545" lon="-121.88996993936598">
        <ele>43.59</ele>
      </trkpt>
      <trkpt lat="36.31408997811377" lon="-121.88995996490121">
        <ele>43.59</ele>
      </trkpt>
      <trkpt lat="36.31397992372513" lon="-121.88986994326115">
        <ele>43.65</ele>
      </trkpt>
      <trkpt lat="36.313969949260354" lon="-121.8898499943316">
        <ele>43.7</ele>
      </trkpt>
      <trkpt lat="36.3137552049011" lon="-121.88967011868954">
        <ele>43.8</ele>
      </trkpt>
      <trkpt lat="36.313539957627654" lon="-121.88948999159038">
        <ele>43.87</ele>
      </trkpt>
      <trkpt lat="36.313499975949526" lon="-121.88944992609322">
        <ele>43.94</ele>
      </trkpt>
      <trkpt lat="36.31331012584269" lon="-121.88928513787687">
        <ele>44.02</ele>
      </trkpt>
      <trkpt lat="36.31311994045973" lon="-121.88911993056536">
        <ele>44.11</ele>
      </trkpt>
      <trkpt lat="36.3129850756377" lon="-121.88900006935">
        <ele>44.22</ele>
      </trkpt>
      <trkpt lat="36.31284995935857" lon="-121.88887995667756">
        <ele>44.31</ele>
      </trkpt>
      <trkpt lat="36.312659941613674" lon="-121.88870997168124">
        <ele>44.4</ele>
      </trkpt>
      <trkpt lat="36.31262993440032" lon="-121.88867996446788">
        <ele>44.51</ele>
      </trkpt>
      <trkpt lat="36.312619959935546" lon="-121.88867996446788">
        <ele>44.6</ele>
      </trkpt>
      <trkpt lat="36.31255994550884" lon="-121.88861995004117">
        <ele>44.71</ele>
      </trkpt>
      <trkpt lat="36.31251996383071" lon="-121.88857996836305">
        <ele>44.81</ele>
      </trkpt>
      <trkpt lat="36.3122699316591" lon="-121.8883599434048">
        <ele>44.91</ele>
      </trkpt>
      <trkpt lat="36.3122199755162" lon="-121.88831996172667">
        <ele>45.01</ele>
      </trkpt>
      <trkpt lat="36.312079997733235" lon="-121.88818995840847">
        <ele>45.12</ele>
      </trkpt>
      <trkpt lat="36.312039932236075" lon="-121.88815995119512">
        <ele>45.2</ele>
      </trkpt>
      <trkpt lat="36.31200992502272" lon="-121.88812994398177">
        <ele>45.28</ele>
      </trkpt>
      <trkpt lat="36.311929961666465" lon="-121.88805995509028">
        <ele>45.35</ele>
      </trkpt>
      <trkpt lat="36.31188997998834" lon="-121.88801997341216">
        <ele>45.42</ele>
      </trkpt>
      <trkpt lat="36.311779925599694" lon="-121.8879299517721">
        <ele>45.47</ele>
      </trkpt>
      <trkpt lat="36.31169996224344" lon="-121.88785996288061">
        <ele>45.52</ele>
      </trkpt>
      <trkpt lat="36.31163994781673" lon="-121.8877999484539">
        <ele>45.58</ele>
      </trkpt>
      <trkpt lat="36.31148999556899" lon="-121.88766994513571">
        <ele>45.61</ele>
      </trkpt>
      <trkpt lat="36.31145998835564" lon="-121.88763993792236">
        <ele>45.65</ele>
      </trkpt>
      <trkpt lat="36.31144993007183" lon="-121.88762996345758">
        <ele>45.69</ele>
      </trkpt>
      <trkpt lat="36.31141992285848" lon="-121.88759995624423">
        <ele>45.72</ele>
      </trkpt>
      <trkpt lat="36.311349933966994" lon="-121.88753994181752">
        <ele>45.74</ele>
      </trkpt>
      <trkpt lat="36.311199981719255" lon="-121.88741999678314">
        <ele>45.76</ele>
      </trkpt>
      <trkpt lat="36.31111993454397" lon="-121.88734992407262">
        <ele>45.78</ele>
      </trkpt>
      <trkpt lat="36.310899993404746" lon="-121.88715999014676">
        <ele>45.79</ele>
      </trkpt>
      <trkpt lat="36.310809971764684" lon="-121.88707994297147">
        <ele>45.81</ele>
      </trkpt>
      <trkpt lat="36.31060997955501" lon="-121.88689998351038">
        <ele>45.79</ele>
      </trkpt>
      <trkpt lat="36.3105499651283" lon="-121.88683996908367">
        <ele>45.8</ele>
      </trkpt>
      <trkpt lat="36.31041510030627" lon="-121.88672002404928">
        <ele>45.83</ele>
      </trkpt>
      <trkpt lat="36.31027998402715" lon="-121.88659999519587">
        <ele>45.87</ele>
      </trkpt>
      <trkpt lat="36.31012994796038" lon="-121.88646999187768">
        <ele>45.91</ele>
      </trkpt>
      <trkpt lat="36.30997999571264" lon="-121.88633998855948">
        <ele>45.93</ele>
      </trkpt>
      <trkpt lat="36.309840101748705" lon="-121.88621006906033">
        <ele>45.96</ele>
      </trkpt>
      <trkpt lat="36.30969995632768" lon="-121.8860799819231">
        <ele>45.98</ele>
      </trkpt>
      <trkpt lat="36.30946015007794" lon="-121.88587018288672">
        <ele>45.96</ele>
      </trkpt>
      <trkpt lat="36.30921992473304" lon="-121.88565996475518">
        <ele>45.96</ele>
      </trkpt>
      <trkpt lat="36.30901515483856" lon="-121.88548008911312">
        <ele>46.03</ele>
      </trkpt>
      <trkpt lat="36.30880996584892" lon="-121.88529996201396">
        <ele>46.11</ele>
      </trkpt>
      <trkpt lat="36.30877995863557" lon="-121.8852699548006">
        <ele>46.2</ele>
      </trkpt>
      <trkpt lat="36.30867996253073" lon="-121.88518999144435">
        <ele>46.3</ele>
      </trkpt>
      <trkpt lat="36.30843998864293" lon="-121.8849699664861">
        <ele>46.47</ele>
      </trkpt>
      <trkpt lat="36.308295065537095" lon="-121.88484004698694">
        <ele>46.58</ele>
      </trkpt>
      <trkpt lat="36.308149974793196" lon="-121.88470995984972">
        <ele>46.7</ele>
      </trkpt>
      <trkpt lat="36.30794998258352" lon="-121.8845399748534">
        <ele>46.81</ele>
      </trkpt>
      <trkpt lat="36.307739932090044" lon="-121.88439999707043">
        <ele>46.86</ele>
      </trkpt>
      <trkpt lat="36.30750020965934" lon="-121.88419346697628">
        <ele>46.94</ele>
      </trkpt>
      <trkpt lat="36.3072604034096" lon="-121.88398702070117">
        <ele>47.04</ele>
      </trkpt>
      <trkpt lat="36.30701992660761" lon="-121.88377998769283">
        <ele>47.13</ele>
      </trkpt>
      <trkpt lat="36.30681515671313" lon="-121.88359508290887">
        <ele>47.27</ele>
      </trkpt>
      <trkpt lat="36.30660996772349" lon="-121.88340992666781">
        <ele>47.35</ele>
      </trkpt>
      <trkpt lat="36.30643009208143" lon="-121.88324010930955">
        <ele>47.43</ele>
      </trkpt>
      <trkpt lat="36.30624996498227" lon="-121.88306995667517">
        <ele>47.49</ele>
      </trkpt>
      <trkpt lat="36.30605994723737" lon="-121.88289997167885">
        <ele>47.58</ele>
      </trkpt>
      <trkpt lat="36.305849980562925" lon="-121.88268992118537">
        <ele>47.68</ele>
      </trkpt>
      <trkpt lat="36.30578996613622" lon="-121.88263996504247">
        <ele>47.72</ele>
      </trkpt>
      <trkpt lat="36.30573992617428" lon="-121.88258992508054">
        <ele>47.75</ele>
      </trkpt>
      <trkpt lat="36.30560011602938" lon="-121.88246503472328">
        <ele>47.79</ele>
      </trkpt>
      <trkpt lat="36.305459970608354" lon="-121.88233997672796">
        <ele>47.81</ele>
      </trkpt>
      <trkpt lat="36.30532996729016" lon="-121.88220997340977">
        <ele>47.8</ele>
      </trkpt>
      <trkpt lat="36.30531999282539" lon="-121.882199998945">
        <ele>47.73</ele>
      </trkpt>
      <trkpt lat="36.3051001355052" lon="-121.88200511969626">
        <ele>47.56</ele>
      </trkpt>
      <trkpt lat="36.30487994290888" lon="-121.88180998899043">
        <ele>47.35</ele>
      </trkpt>
      <trkpt lat="36.3047150708735" lon="-121.88166012056172">
        <ele>47.18</ele>
      </trkpt>
      <trkpt lat="36.30454994738102" lon="-121.88150991685688">
        <ele>47.02</ele>
      </trkpt>
      <trkpt lat="36.30447995848954" lon="-121.88144998624921">
        <ele>46.86</ele>
      </trkpt>
      <trkpt lat="36.30434995517135" lon="-121.88133993186057">
        <ele>46.66</ele>
      </trkpt>
      <trkpt lat="36.30432992242277" lon="-121.88131998293102">
        <ele>46.47</ele>
      </trkpt>
      <trkpt lat="36.3041899446398" lon="-121.88118997961283">
        <ele>46.32</ele>
      </trkpt>
      <trkpt lat="36.304149962961674" lon="-121.88115997239947">
        <ele>46.09</ele>
      </trkpt>
      <trkpt lat="36.30403999239206" lon="-121.88105997629464">
        <ele>45.85</ele>
      </trkpt>
      <trkpt lat="36.30389993079007" lon="-121.88093994744122">
        <ele>45.63</ele>
      </trkpt>
      <trkpt lat="36.30388995632529" lon="-121.88092997297645">
        <ele>45.39</ele>
      </trkpt>
      <trkpt lat="36.30364998243749" lon="-121.88071992248297">
        <ele>45.13</ele>
      </trkpt>
      <trkpt lat="36.30344999022782" lon="-121.88053996302187">
        <ele>44.87</ele>
      </trkpt>
      <trkpt lat="36.303399950265884" lon="-121.88049998134375">
        <ele>44.62</ele>
      </trkpt>
      <trkpt lat="36.303229965269566" lon="-121.8803399708122">
        <ele>44.33</ele>
      </trkpt>
      <trkpt lat="36.30310993641615" lon="-121.88022991642356">
        <ele>44.04</ele>
      </trkpt>
      <trkpt lat="36.30297993309796" lon="-121.88010997138917">
        <ele>43.78</ele>
      </trkpt>
      <trkpt lat="36.30286996252835" lon="-121.87999991700053">
        <ele>43.55</ele>
      </trkpt>
      <trkpt lat="36.30276996642351" lon="-121.8798999208957">
        <ele>43.34</ele>
      </trkpt>
      <trkpt lat="36.30263996310532" lon="-121.87975994311273">
        <ele>43.17</ele>
      </trkpt>
      <trkpt lat="36.302519934251904" lon="-121.87962993979454">
        <ele>43.03</ele>
      </trkpt>
      <trkpt lat="36.302365036681294" lon="-121.87945500947535">
        <ele>42.91</ele>
      </trkpt>
      <trkpt lat="36.30220997147262" lon="-121.87927999533713">
        <ele>42.82</ele>
      </trkpt>
      <trkpt lat="36.30205993540585" lon="-121.879099952057">
        <ele>42.7</ele>
      </trkpt>
      <trkpt lat="36.301939990371466" lon="-121.87895997427404">
        <ele>42.59</ele>
      </trkpt>
      <trkpt lat="36.301919957622886" lon="-121.87893994152546">
        <ele>42.53</ele>
      </trkpt>
      <trkpt lat="36.30181996151805" lon="-121.87880993820727">
        <ele>42.47</ele>
      </trkpt>
      <trkpt lat="36.30175994709134" lon="-121.87872997485101">
        <ele>42.43</ele>
      </trkpt>
      <trkpt lat="36.3016099948436" lon="-121.87854993157089">
        <ele>42.37</ele>
      </trkpt>
      <trkpt lat="36.30155995488167" lon="-121.87848991714418">
        <ele>42.44</ele>
      </trkpt>
      <trkpt lat="36.30143992602825" lon="-121.87832496128976">
        <ele>42.53</ele>
      </trkpt>
      <trkpt lat="36.30131998099387" lon="-121.87815992161632">
        <ele>42.73</ele>
      </trkpt>
      <trkpt lat="36.30115997046232" lon="-121.87793495133519">
        <ele>43.01</ele>
      </trkpt>
      <trkpt lat="36.30099995993078" lon="-121.87770998105407">
        <ele>43.28</ele>
      </trkpt>
      <trkpt lat="36.30088998936117" lon="-121.87753999605775">
        <ele>43.55</ele>
      </trkpt>
      <trkpt lat="36.3007899094373" lon="-121.87737990170717">
        <ele>43.8</ele>
      </trkpt>
      <trkpt lat="36.300689997151494" lon="-121.87721997499466">
        <ele>44.08</ele>
      </trkpt>
      <trkpt lat="36.300629982724786" lon="-121.8771299533546">
        <ele>44.4</ele>
      </trkpt>
      <trkpt lat="36.3005599938333" lon="-121.87700992450118">
        <ele>44.76</ele>
      </trkpt>
      <trkpt lat="36.30051992833614" lon="-121.8769499938935">
        <ele>45.14</ele>
      </trkpt>
      <trkpt lat="36.30048992112279" lon="-121.8768899794668">
        <ele>45.54</ele>
      </trkpt>
      <trkpt lat="36.3003599178046" lon="-121.87667992897332">
        <ele>45.97</ele>
      </trkpt>
      <trkpt lat="36.3002198562026" lon="-121.87641975469887">
        <ele>46.4</ele>
      </trkpt>
      <trkpt lat="36.30007996223867" lon="-121.87615999951959">
        <ele>46.84</ele>
      </trkpt>
      <trkpt lat="36.29994995892048" lon="-121.87593997456133">
        <ele>47.29</ele>
      </trkpt>
      <trkpt lat="36.29990997724235" lon="-121.87584995292127">
        <ele>47.72</ele>
      </trkpt>
      <trkpt lat="36.29985993728042" lon="-121.87575993128121">
        <ele>48.15</ele>
      </trkpt>
      <trkpt lat="36.299749966710806" lon="-121.87553999014199">
        <ele>48.58</ele>
      </trkpt>
      <trkpt lat="36.29966991953552" lon="-121.87537997961044">
        <ele>49.01</ele>
      </trkpt>
      <trkpt lat="36.29952994175255" lon="-121.87508996576071">
        <ele>49.46</ele>
      </trkpt>
      <trkpt lat="36.299449894577265" lon="-121.87491981312633">
        <ele>49.86</ele>
      </trkpt>
      <trkpt lat="36.29936993122101" lon="-121.87474999576807">
        <ele>50.23</ele>
      </trkpt>
      <trkpt lat="36.2992599606514" lon="-121.87450993806124">
        <ele>50.61</ele>
      </trkpt>
      <trkpt lat="36.299169855192304" lon="-121.87432478182018">
        <ele>50.97</ele>
      </trkpt>
      <trkpt lat="36.29907991737127" lon="-121.87413996085525">
        <ele>51.27</ele>
      </trkpt>
      <trkpt lat="36.2990699429065" lon="-121.87412998639047">
        <ele>51.49</ele>
      </trkpt>
      <trkpt lat="36.29897992126644" lon="-121.87393996864557">
        <ele>51.72</ele>
      </trkpt>
      <trkpt lat="36.29883985966444" lon="-121.87365473248065">
        <ele>51.92</ele>
      </trkpt>
      <trkpt lat="36.29869996570051" lon="-121.87336999922991">
        <ele>52.04</ele>
      </trkpt>
      <trkpt lat="36.298609944060445" lon="-121.87317998148501">
        <ele>52.07</ele>
      </trkpt>
      <trkpt lat="36.2985899951309" lon="-121.87312994152308">
        <ele>52.06</ele>
      </trkpt>
      <trkpt lat="36.29851992242038" lon="-121.87297998927534">
        <ele>52.01</ele>
      </trkpt>
      <trkpt lat="36.29838983528316" lon="-121.87271637842059">
        <ele>51.84</ele>
      </trkpt>
      <trkpt lat="36.29825974814594" lon="-121.87245285138488">
        <ele>51.56</ele>
      </trkpt>
      <trkpt lat="36.29812999628484" lon="-121.87218999490142">
        <ele>51.15</ele>
      </trkpt>
      <trkpt lat="36.29807995632291" lon="-121.87208999879658">
        <ele>50.87</ele>
      </trkpt>
      <trkpt lat="36.2979248072952" lon="-121.87176964245737">
        <ele>50.64</ele>
      </trkpt>
      <trkpt lat="36.2977696582675" lon="-121.87144936993718">
        <ele>50.42</ele>
      </trkpt>
      <trkpt lat="36.297614593058825" lon="-121.871129097417">
        <ele>50.12</ele>
      </trkpt>
      <trkpt lat="36.29745994694531" lon="-121.87080999836326">
        <ele>49.76</ele>
      </trkpt>
      <trkpt lat="36.29735995084047" lon="-121.87060992233455">
        <ele>49.36</ele>
      </trkpt>
      <trkpt lat="36.29732994362712" lon="-121.87053993344307">
        <ele>48.94</ele>
      </trkpt>
      <trkpt lat="36.297186529263854" lon="-121.870246399194">
        <ele>48.47</ele>
      </trkpt>
      <trkpt lat="36.29704303108156" lon="-121.8699527811259">
        <ele>47.98</ele>
      </trkpt>
      <trkpt lat="36.29689995199442" lon="-121.86965991742909">
        <ele>47.46</ele>
      </trkpt>
      <trkpt lat="36.296889977529645" lon="-121.86964994296432">
        <ele>46.97</ele>
      </trkpt>
      <trkpt lat="36.29687991924584" lon="-121.86962999403477">
        <ele>46.46</ele>
      </trkpt>
      <trkpt lat="36.29679995588958" lon="-121.86945992521942">
        <ele>45.94</ele>
      </trkpt>
      <trkpt lat="36.29669484682381" lon="-121.8692497909069">
        <ele>45.37</ele>
      </trkpt>
      <trkpt lat="36.296589989215136" lon="-121.86903999187052">
        <ele>44.83</ele>
      </trkpt>
      <trkpt lat="36.29645981825888" lon="-121.86876975931227">
        <ele>44.24</ele>
      </trkpt>
      <trkpt lat="36.296329982578754" lon="-121.86849994584918">
        <ele>43.65</ele>
      </trkpt>
      <trkpt lat="36.29623996093869" lon="-121.86831998638809">
        <ele>43.11</ele>
      </trkpt>
      <trkpt lat="36.29614993929863" lon="-121.86812996864319">
        <ele>42.57</ele>
      </trkpt>
      <trkpt lat="36.29605991765857" lon="-121.86793995089829">
        <ele>42.03</ele>
      </trkpt>
      <trkpt lat="36.29592999815941" lon="-121.86767994426191">
        <ele>41.51</ele>
      </trkpt>
      <trkpt lat="36.2958699837327" lon="-121.86755999922752">
        <ele>41.01</ele>
      </trkpt>
      <trkpt lat="36.2957198638469" lon="-121.86724467203021">
        <ele>40.5</ele>
      </trkpt>
      <trkpt lat="36.29556999541819" lon="-121.86692993156612">
        <ele>39.94</ele>
      </trkpt>
      <trkpt lat="36.295469999313354" lon="-121.86671996489167">
        <ele>39.45</ele>
      </trkpt>
      <trkpt lat="36.295344857499" lon="-121.8664647359401">
        <ele>38.95</ele>
      </trkpt>
      <trkpt lat="36.29521996714175" lon="-121.86620992608368">
        <ele>38.42</ele>
      </trkpt>
      <trkpt lat="36.29510982893407" lon="-121.8659847881645">
        <ele>37.98</ele>
      </trkpt>
      <trkpt lat="36.294999942183495" lon="-121.86575998552144">
        <ele>37.67</ele>
      </trkpt>
      <trkpt lat="36.29486985504627" lon="-121.86549972742796">
        <ele>37.46</ele>
      </trkpt>
      <trkpt lat="36.29473993554711" lon="-121.86523997224867">
        <ele>37.23</ele>
      </trkpt>
      <trkpt lat="36.29461655393243" lon="-121.86498641967773">
        <ele>36.94</ele>
      </trkpt>
      <trkpt lat="36.29449308849871" lon="-121.8647328671068">
        <ele>36.71</ele>
      </trkpt>
      <trkpt lat="36.29436995834112" lon="-121.86447998508811">
        <ele>36.45</ele>
      </trkpt>
      <trkpt lat="36.29434992559254" lon="-121.86444997787476">
        <ele>36.22</ele>
      </trkpt>
      <trkpt lat="36.29421480931342" lon="-121.8641747161746">
        <ele>36.05</ele>
      </trkpt>
      <trkpt lat="36.294079944491386" lon="-121.86389995738864">
        <ele>35.9</ele>
      </trkpt>
      <trkpt lat="36.29392479546368" lon="-121.86356962658465">
        <ele>35.74</ele>
      </trkpt>
      <trkpt lat="36.2937699817121" lon="-121.86323996633291">
        <ele>35.56</ele>
      </trkpt>
      <trkpt lat="36.29361994564533" lon="-121.8629299197346">
        <ele>35.42</ele>
      </trkpt>
      <trkpt lat="36.293479800224304" lon="-121.86264300718904">
        <ele>35.22</ele>
      </trkpt>
      <trkpt lat="36.29333973862231" lon="-121.8623561784625">
        <ele>35.08</ele>
      </trkpt>
      <trkpt lat="36.29319992847741" lon="-121.8620699364692">
        <ele>34.95</ele>
      </trkpt>
      <trkpt lat="36.29306481219828" lon="-121.86179475858808">
        <ele>34.83</ele>
      </trkpt>
      <trkpt lat="36.29292994737625" lon="-121.86151999980211">
        <ele>34.73</ele>
      </trkpt>
      <trkpt lat="36.29278996959329" lon="-121.86121992766857">
        <ele>34.63</ele>
      </trkpt>
      <trkpt lat="36.29277999512851" lon="-121.8612099532038">
        <ele>34.56</ele>
      </trkpt>
      <trkpt lat="36.29276993684471" lon="-121.86118992045522">
        <ele>34.51</ele>
      </trkpt>
      <trkpt lat="36.29260992631316" lon="-121.86085992492735">
        <ele>34.45</ele>
      </trkpt>
      <trkpt lat="36.292509846389294" lon="-121.86065976507962">
        <ele>34.42</ele>
      </trkpt>
      <trkpt lat="36.29240993410349" lon="-121.86045994050801">
        <ele>34.41</ele>
      </trkpt>
      <trkpt lat="36.29231999628246" lon="-121.86025994829834">
        <ele>34.39</ele>
      </trkpt>
      <trkpt lat="36.29222486168146" lon="-121.8600648175925">
        <ele>34.37</ele>
      </trkpt>
      <trkpt lat="36.29212997853756" lon="-121.85986993834376">
        <ele>34.38</ele>
      </trkpt>
      <trkpt lat="36.29198991693556" lon="-121.85959995724261">
        <ele>34.42</ele>
      </trkpt>
      <trkpt lat="36.2918948661536" lon="-121.85940482653677">
        <ele>34.44</ele>
      </trkpt>
      <trkpt lat="36.291799983009696" lon="-121.85920994728804">
        <ele>34.49</ele>
      </trkpt>
      <trkpt lat="36.29166486673057" lon="-121.85892974026501">
        <ele>34.54</ele>
      </trkpt>
      <trkpt lat="36.29152991808951" lon="-121.85864995233715">
        <ele>34.6</ele>
      </trkpt>
      <trkpt lat="36.29141315817833" lon="-121.85840637423098">
        <ele>34.68</ele>
      </trkpt>
      <trkpt lat="36.29129639826715" lon="-121.85816287994385">
        <ele>34.74</ele>
      </trkpt>
      <trkpt lat="36.2911799736321" lon="-121.85791997238994">
        <ele>34.82</ele>
      </trkpt>
      <trkpt lat="36.29105986095965" lon="-121.85767471790314">
        <ele>34.93</ele>
      </trkpt>
      <trkpt lat="36.290939999744296" lon="-121.85742996633053">
        <ele>35.01</ele>
      </trkpt>
      <trkpt lat="36.29077998921275" lon="-121.85709997080266">
        <ele>35.12</ele>
      </trkpt>
      <trkpt lat="36.29061981104314" lon="-121.85676963999867">
        <ele>35.24</ele>
      </trkpt>
      <trkpt lat="36.29045971669257" lon="-121.85643939301372">
        <ele>35.35</ele>
      </trkpt>
      <trkpt lat="36.29029995761812" lon="-121.85610998421907">
        <ele>35.47</ele>
      </trkpt>
      <trkpt lat="36.29018998704851" lon="-121.8558999337256">
        <ele>35.62</ele>
      </trkpt>
      <trkpt lat="36.290099965408444" lon="-121.85570999979973">
        <ele>35.78</ele>
      </trkpt>
      <trkpt lat="36.28999996930361" lon="-121.85549994930625">
        <ele>35.94</ele>
      </trkpt>
      <trkpt lat="36.289909863844514" lon="-121.8553198222071">
        <ele>36.1</ele>
      </trkpt>
      <trkpt lat="36.28981992602348" lon="-121.85513994656503">
        <ele>36.28</ele>
      </trkpt>
      <trkpt lat="36.28972998820245" lon="-121.85495998710394">
        <ele>36.46</ele>
      </trkpt>
      <trkpt lat="36.28972998820245" lon="-121.85494992882013">
        <ele>36.61</ele>
      </trkpt>
      <trkpt lat="36.289609875530005" lon="-121.85470475815237">
        <ele>36.78</ele>
      </trkpt>
      <trkpt lat="36.28948993049562" lon="-121.85445992276073">
        <ele>36.9</ele>
      </trkpt>
      <trkpt lat="36.289394879713655" lon="-121.8542698211968">
        <ele>37.04</ele>
      </trkpt>
      <trkpt lat="36.28929999656975" lon="-121.85407997108996">
        <ele>37.15</ele>
      </trkpt>
      <trkpt lat="36.28924995660782" lon="-121.853939993307">
        <ele>37.3</ele>
      </trkpt>
      <trkpt lat="36.289179967716336" lon="-121.85378995724022">
        <ele>37.41</ele>
      </trkpt>
      <trkpt lat="36.2891299277544" lon="-121.85363992117345">
        <ele>37.53</ele>
      </trkpt>
      <trkpt lat="36.28909992054105" lon="-121.85354998335242">
        <ele>37.63</ele>
      </trkpt>
      <trkpt lat="36.289069997146726" lon="-121.85344998724759">
        <ele>37.72</ele>
      </trkpt>
      <trkpt lat="36.28903998993337" lon="-121.8533799983561">
        <ele>37.8</ele>
      </trkpt>
      <trkpt lat="36.28903998993337" lon="-121.8533699400723">
        <ele>37.87</ele>
      </trkpt>
      <trkpt lat="36.28899992443621" lon="-121.85322996228933">
        <ele>37.95</ele>
      </trkpt>
      <trkpt lat="36.28897997550666" lon="-121.85316994786263">
        <ele>38.0</ele>
      </trkpt>
      <trkpt lat="36.28895994275808" lon="-121.85306995175779">
        <ele>38.05</ele>
      </trkpt>
      <trkpt lat="36.28892993554473" lon="-121.85292997397482">
        <ele>38.08</ele>
      </trkpt>
      <trkpt lat="36.2888899538666" lon="-121.85277993790805">
        <ele>38.11</ele>
      </trkpt>
      <trkpt lat="36.28886992111802" lon="-121.85264993458986">
        <ele>38.11</ele>
      </trkpt>
      <trkpt lat="36.28884997218847" lon="-121.85251993127167">
        <ele>38.09</ele>
      </trkpt>
      <trkpt lat="36.2888399977237" lon="-121.85246997512877">
        <ele>38.05</ele>
      </trkpt>
      <trkpt lat="36.28881996497512" lon="-121.85229999013245">
        <ele>37.96</ele>
      </trkpt>
      <trkpt lat="36.28879993222654" lon="-121.85211994685233">
        <ele>37.86</ele>
      </trkpt>
      <trkpt lat="36.288789957761765" lon="-121.85193998739123">
        <ele>37.77</ele>
      </trkpt>
      <trkpt lat="36.28877998329699" lon="-121.85178995132446">
        <ele>37.68</ele>
      </trkpt>
      <trkpt lat="36.28877998329699" lon="-121.85160999186337">
        <ele>37.62</ele>
      </trkpt>
      <trkpt lat="36.28877998329699" lon="-121.8514099996537">
        <ele>37.51</ele>
      </trkpt>
      <trkpt lat="36.288789957761765" lon="-121.85119994916022">
        <ele>37.38</ele>
      </trkpt>
      <trkpt lat="36.28879993222654" lon="-121.85100993141532">
        <ele>37.22</ele>
      </trkpt>
      <trkpt lat="36.288809990510345" lon="-121.85079996474087">
        <ele>37.0</ele>
      </trkpt>
      <trkpt lat="36.28881996497512" lon="-121.85054993256927">
        <ele>36.76</ele>
      </trkpt>
      <trkpt lat="36.28881996497512" lon="-121.85041992925107">
        <ele>36.52</ele>
      </trkpt>
      <trkpt lat="36.28882993943989" lon="-121.85011994093657">
        <ele>36.24</ele>
      </trkpt>
      <trkpt lat="36.28884997218847" lon="-121.84980997815728">
        <ele>36.09</ele>
      </trkpt>
      <trkpt lat="36.28885994665325" lon="-121.84960453771055">
        <ele>35.91</ele>
      </trkpt>
      <trkpt lat="36.28886992111802" lon="-121.84939993545413">
        <ele>35.72</ele>
      </trkpt>
      <trkpt lat="36.28887997940183" lon="-121.84905996546149">
        <ele>35.5</ele>
      </trkpt>
      <trkpt lat="36.288899928331375" lon="-121.84871999546885">
        <ele>35.27</ele>
      </trkpt>
      <trkpt lat="36.28890998661518" lon="-121.84847993776202">
        <ele>35.02</ele>
      </trkpt>
      <trkpt lat="36.288919961079955" lon="-121.84828992001712">
        <ele>34.73</ele>
      </trkpt>
      <trkpt lat="36.288919961079955" lon="-121.84814994223416">
        <ele>34.43</ele>
      </trkpt>
      <trkpt lat="36.288919961079955" lon="-121.84798993170261">
        <ele>34.11</ele>
      </trkpt>
      <trkpt lat="36.288919961079955" lon="-121.8478199467063">
        <ele>33.73</ele>
      </trkpt>
      <trkpt lat="36.288919961079955" lon="-121.84761995449662">
        <ele>33.38</ele>
      </trkpt>
      <trkpt lat="36.288919961079955" lon="-121.84748995117843">
        <ele>33.06</ele>
      </trkpt>
      <trkpt lat="36.288919961079955" lon="-121.84730999171734">
        <ele>32.8</ele>
      </trkpt>
      <trkpt lat="36.28890998661518" lon="-121.84708996675909">
        <ele>32.53</ele>
      </trkpt>
      <trkpt lat="36.288899928331375" lon="-121.84688955545425">
        <ele>32.25</ele>
      </trkpt>
      <trkpt lat="36.2888899538666" lon="-121.84668998233974">
        <ele>31.96</ele>
      </trkpt>
      <trkpt lat="36.28887997940183" lon="-121.84653994627297">
        <ele>31.75</ele>
      </trkpt>
      <trkpt lat="36.28886992111802" lon="-121.84646995738149">
        <ele>31.49</ele>
      </trkpt>
      <trkpt lat="36.28885994665325" lon="-121.84637993574142">
        <ele>31.26</ele>
      </trkpt>
      <trkpt lat="36.2888399977237" lon="-121.84622998349369">
        <ele>31.12</ele>
      </trkpt>
      <trkpt lat="36.28881996497512" lon="-121.8460999801755">
        <ele>30.91</ele>
      </trkpt>
      <trkpt lat="36.28879993222654" lon="-121.84594994410872">
        <ele>30.68</ele>
      </trkpt>
      <trkpt lat="36.28877998329699" lon="-121.84581994079053">
        <ele>30.4</ele>
      </trkpt>
      <trkpt lat="36.28873991779983" lon="-121.84554995968938">
        <ele>29.9</ele>
      </trkpt>
      <trkpt lat="36.28866992890835" lon="-121.84518995694816">
        <ele>29.39</ele>
      </trkpt>
      <trkpt lat="36.288599940016866" lon="-121.84483992867172">
        <ele>29.16</ele>
      </trkpt>
      <trkpt lat="36.28854998387396" lon="-121.84459995478392">
        <ele>28.9</ele>
      </trkpt>
      <trkpt lat="36.28847999498248" lon="-121.84433994814754">
        <ele>28.63</ele>
      </trkpt>
      <trkpt lat="36.28847848623991" lon="-121.84433969669044">
        <ele>28.3</ele>
      </trkpt>
      <trkpt lat="36.28839994780719" lon="-121.84425998479128">
        <ele>27.91</ele>
      </trkpt>
      <trkpt lat="36.28834999166429" lon="-121.84421991929412">
        <ele>27.54</ele>
      </trkpt>
      <trkpt lat="36.288339933380485" lon="-121.84419997036457">
        <ele>27.2</ele>
      </trkpt>
      <trkpt lat="36.288319984450936" lon="-121.84417993761599">
        <ele>26.85</ele>
      </trkpt>
      <trkpt lat="36.288279918953776" lon="-121.84409997425973">
        <ele>26.52</ele>
      </trkpt>
      <trkpt lat="36.28814999945462" lon="-121.84389998205006">
        <ele>26.09</ele>
      </trkpt>
      <trkpt lat="36.28806995227933" lon="-121.84377995319664">
        <ele>25.71</ele>
      </trkpt>
      <trkpt lat="36.28801999613643" lon="-121.84370996430516">
        <ele>25.34</ele>
      </trkpt>
      <trkpt lat="36.28800993785262" lon="-121.84369998984039">
        <ele>25.0</ele>
      </trkpt>
      <trkpt lat="36.287929974496365" lon="-121.84359999373555">
        <ele>24.64</ele>
      </trkpt>
      <trkpt lat="36.28787993453443" lon="-121.84353997930884">
        <ele>24.29</ele>
      </trkpt>
      <trkpt lat="36.287869960069656" lon="-121.84351994656026">
        <ele>23.97</ele>
      </trkpt>
      <trkpt lat="36.28780994564295" lon="-121.84344995766878">
        <ele>23.64</ele>
      </trkpt>
      <trkpt lat="36.28774993121624" lon="-121.84338994324207">
        <ele>23.31</ele>
      </trkpt>
      <trkpt lat="36.28767994232476" lon="-121.84330997988582">
        <ele>23.0</ele>
      </trkpt>
      <trkpt lat="36.287609953433275" lon="-121.84323999099433">
        <ele>22.7</ele>
      </trkpt>
      <trkpt lat="36.28753996454179" lon="-121.84319992549717">
        <ele>22.4</ele>
      </trkpt>
      <trkpt lat="36.28733008168638" lon="-121.84298006817698">
        <ele>22.11</ele>
      </trkpt>
      <trkpt lat="36.28711994737387" lon="-121.8427599593997">
        <ele>21.86</ele>
      </trkpt>
      <trkpt lat="36.287029925733805" lon="-121.84266993775964">
        <ele>21.65</ele>
      </trkpt>
      <trkpt lat="36.2869799695909" lon="-121.84261998161674">
        <ele>21.47</ele>
      </trkpt>
      <trkpt lat="36.28683999180794" lon="-121.84246994554996">
        <ele>21.34</ele>
      </trkpt>
      <trkpt lat="36.286769919097424" lon="-121.84238998219371">
        <ele>21.21</ele>
      </trkpt>
      <trkpt lat="36.28670998848975" lon="-121.842329967767">
        <ele>21.1</ele>
      </trkpt>
      <trkpt lat="36.28658006899059" lon="-121.84220004826784">
        <ele>20.99</ele>
      </trkpt>
      <trkpt lat="36.286449981853366" lon="-121.84206996113062">
        <ele>20.92</ele>
      </trkpt>
      <trkpt lat="36.286429949104786" lon="-121.84204992838204">
        <ele>20.86</ele>
      </trkpt>
      <trkpt lat="36.28641997464001" lon="-121.84203995391726">
        <ele>20.82</ele>
      </trkpt>
      <trkpt lat="36.28639994189143" lon="-121.84200994670391">
        <ele>20.81</ele>
      </trkpt>
      <trkpt lat="36.28636993467808" lon="-121.84197993949056">
        <ele>20.81</ele>
      </trkpt>
      <trkpt lat="36.28632995299995" lon="-121.84195999056101">
        <ele>20.83</ele>
      </trkpt>
      <trkpt lat="36.28626993857324" lon="-121.84192998334765">
        <ele>20.87</ele>
      </trkpt>
      <trkpt lat="36.28623993135989" lon="-121.84191992506385">
        <ele>20.93</ele>
      </trkpt>
      <trkpt lat="36.286169942468405" lon="-121.8418899178505">
        <ele>21.0</ele>
      </trkpt>
      <trkpt lat="36.28609995357692" lon="-121.84186996892095">
        <ele>21.09</ele>
      </trkpt>
      <trkpt lat="36.28608997911215" lon="-121.84185999445617">
        <ele>21.21</ele>
      </trkpt>
      <trkpt lat="36.286059971898794" lon="-121.84183996170759">
        <ele>21.34</ele>
      </trkpt>
      <trkpt lat="36.286039939150214" lon="-121.84182998724282">
        <ele>21.49</ele>
      </trkpt>
      <trkpt lat="36.28602996468544" lon="-121.84180995449424">
        <ele>21.66</ele>
      </trkpt>
      <trkpt lat="36.285999957472086" lon="-121.84176997281611">
        <ele>21.85</ele>
      </trkpt>
      <trkpt lat="36.285979924723506" lon="-121.84172999113798">
        <ele>22.06</ele>
      </trkpt>
      <trkpt lat="36.28595997579396" lon="-121.84169998392463">
        <ele>22.28</ele>
      </trkpt>
      <trkpt lat="36.28594991751015" lon="-121.84167995117605">
        <ele>22.5</ele>
      </trkpt>
      <trkpt lat="36.28585997968912" lon="-121.84159998781979">
        <ele>22.75</ele>
      </trkpt>
      <trkpt lat="36.28582997247577" lon="-121.84157995507121">
        <ele>23.0</ele>
      </trkpt>
      <trkpt lat="36.28572997637093" lon="-121.84147995896637">
        <ele>23.26</ele>
      </trkpt>
      <trkpt lat="36.285679936409" lon="-121.84144995175302">
        <ele>23.51</ele>
      </trkpt>
      <trkpt lat="36.28561992198229" lon="-121.84142991900444">
        <ele>23.77</ele>
      </trkpt>
      <trkpt lat="36.285569965839386" lon="-121.84140997007489">
        <ele>24.03</ele>
      </trkpt>
      <trkpt lat="36.285479944199324" lon="-121.84137996286154">
        <ele>24.29</ele>
      </trkpt>
      <trkpt lat="36.28537994809449" lon="-121.84135993011296">
        <ele>24.55</ele>
      </trkpt>
      <trkpt lat="36.285329991951585" lon="-121.84134995564818">
        <ele>24.81</ele>
      </trkpt>
      <trkpt lat="36.285289926454425" lon="-121.84134995564818">
        <ele>25.07</ele>
      </trkpt>
      <trkpt lat="36.28523997031152" lon="-121.84135993011296">
        <ele>25.32</ele>
      </trkpt>
      <trkpt lat="36.28521993756294" lon="-121.84135993011296">
        <ele>25.57</ele>
      </trkpt>
      <trkpt lat="36.28521968610585" lon="-121.84136026538908">
        <ele>25.82</ele>
      </trkpt>
      <trkpt lat="36.285139974206686" lon="-121.84134995564818">
        <ele>26.06</ele>
      </trkpt>
      <trkpt lat="36.285029919818044" lon="-121.84133998118341">
        <ele>26.29</ele>
      </trkpt>
      <trkpt lat="36.28492992371321" lon="-121.8413299228996">
        <ele>26.51</ele>
      </trkpt>
      <trkpt lat="36.284859934821725" lon="-121.84131994843483">
        <ele>26.72</ele>
      </trkpt>
      <trkpt lat="36.28467997536063" lon="-121.8412799667567">
        <ele>26.93</ele>
      </trkpt>
      <trkpt lat="36.28454997204244" lon="-121.84122992679477">
        <ele>27.16</ele>
      </trkpt>
      <trkpt lat="36.28435995429754" lon="-121.84109992347658">
        <ele>27.45</ele>
      </trkpt>
      <trkpt lat="36.28432994708419" lon="-121.8410899490118">
        <ele>27.6</ele>
      </trkpt>
      <trkpt lat="36.28420991823077" lon="-121.84097997844219">
        <ele>27.74</ele>
      </trkpt>
      <trkpt lat="36.284199943766" lon="-121.84096992015839">
        <ele>27.82</ele>
      </trkpt>
      <trkpt lat="36.284149987623096" lon="-121.8408999312669">
        <ele>27.89</ele>
      </trkpt>
      <trkpt lat="36.284109922125936" lon="-121.84080999344587">
        <ele>27.91</ele>
      </trkpt>
      <trkpt lat="36.28409994766116" lon="-121.84079993516207">
        <ele>27.89</ele>
      </trkpt>
      <trkpt lat="36.28404999151826" lon="-121.84071997180581">
        <ele>27.84</ele>
      </trkpt>
      <trkpt lat="36.28396994434297" lon="-121.84064998291433">
        <ele>27.72</ele>
      </trkpt>
      <trkpt lat="36.28396994434297" lon="-121.84063992463052">
        <ele>27.6</ele>
      </trkpt>
      <trkpt lat="36.28390992991626" lon="-121.84057999402285">
        <ele>27.42</ele>
      </trkpt>
      <trkpt lat="36.283869948238134" lon="-121.84050992131233">
        <ele>27.22</ele>
      </trkpt>
      <trkpt lat="36.283849999308586" lon="-121.8404199834913">
        <ele>27.0</ele>
      </trkpt>
      <trkpt lat="36.28381999209523" lon="-121.8400399480015">
        <ele>26.66</ele>
      </trkpt>
      <trkpt lat="36.28381999209523" lon="-121.84001999907196">
        <ele>26.38</ele>
      </trkpt>
      <trkpt lat="36.28379995934665" lon="-121.83989997021854">
        <ele>26.03</ele>
      </trkpt>
      <trkpt lat="36.28377992659807" lon="-121.83981992304325">
        <ele>25.68</ele>
      </trkpt>
      <trkpt lat="36.28374991938472" lon="-121.839739959687">
        <ele>25.3</ele>
      </trkpt>
      <trkpt lat="36.28370993770659" lon="-121.83966997079551">
        <ele>24.9</ele>
      </trkpt>
      <trkpt lat="36.283679930493236" lon="-121.83963996358216">
        <ele>24.5</ele>
      </trkpt>
      <trkpt lat="36.283569959923625" lon="-121.83947995305061">
        <ele>24.06</ele>
      </trkpt>
      <trkpt lat="36.28355998545885" lon="-121.83946997858584">
        <ele>23.65</ele>
      </trkpt>
      <trkpt lat="36.28342998214066" lon="-121.83933997526765">
        <ele>23.18</ele>
      </trkpt>
      <trkpt lat="36.28331992775202" lon="-121.83923997916281">
        <ele>22.72</ele>
      </trkpt>
      <trkpt lat="36.283249938860536" lon="-121.83915993198752">
        <ele>22.26</ele>
      </trkpt>
      <trkpt lat="36.28319998271763" lon="-121.8390699941665">
        <ele>21.81</ele>
      </trkpt>
      <trkpt lat="36.28317994996905" lon="-121.83900997973979">
        <ele>21.38</ele>
      </trkpt>
      <trkpt lat="36.28316997550428" lon="-121.83897997252643">
        <ele>20.96</ele>
      </trkpt>
      <trkpt lat="36.28315991722047" lon="-121.83889992535114">
        <ele>20.55</ele>
      </trkpt>
      <trkpt lat="36.28316997550428" lon="-121.8387999292463">
        <ele>20.14</ele>
      </trkpt>
      <trkpt lat="36.28316997550428" lon="-121.83878995478153">
        <ele>19.76</ele>
      </trkpt>
      <trkpt lat="36.28316997550428" lon="-121.83865995146334">
        <ele>19.4</ele>
      </trkpt>
      <trkpt lat="36.28315991722047" lon="-121.83858996257186">
        <ele>19.04</ele>
      </trkpt>
      <trkpt lat="36.2831499427557" lon="-121.83856992982328">
        <ele>18.69</ele>
      </trkpt>
      <trkpt lat="36.28312999382615" lon="-121.83852994814515">
        <ele>18.36</ele>
      </trkpt>
      <trkpt lat="36.2830999866128" lon="-121.83848996646702">
        <ele>18.05</ele>
      </trkpt>
      <trkpt lat="36.28305992111564" lon="-121.83846993371844">
        <ele>17.74</ele>
      </trkpt>
      <trkpt lat="36.283009964972734" lon="-121.83845995925367">
        <ele>17.44</ele>
      </trkpt>
      <trkpt lat="36.28288993611932" lon="-121.8384499847889">
        <ele>17.13</ele>
      </trkpt>
      <trkpt lat="36.28286998718977" lon="-121.83843992650509">
        <ele>16.89</ele>
      </trkpt>
      <trkpt lat="36.282839979976416" lon="-121.83841997757554">
        <ele>16.67</ele>
      </trkpt>
      <trkpt lat="36.282839979976416" lon="-121.83840991929173">
        <ele>16.49</ele>
      </trkpt>
      <trkpt lat="36.282819947227836" lon="-121.83838997036219">
        <ele>16.32</ele>
      </trkpt>
      <trkpt lat="36.28280997276306" lon="-121.8383699376136">
        <ele>16.18</ele>
      </trkpt>
      <trkpt lat="36.28279999829829" lon="-121.83833993040025">
        <ele>16.07</ele>
      </trkpt>
      <trkpt lat="36.28279999829829" lon="-121.83827999979258">
        <ele>15.99</ele>
      </trkpt>
      <trkpt lat="36.28279999829829" lon="-121.83816994540393">
        <ele>15.93</ele>
      </trkpt>
      <trkpt lat="36.28279999829829" lon="-121.83809995651245">
        <ele>15.89</ele>
      </trkpt>
      <trkpt lat="36.282819947227836" lon="-121.8380199931562">
        <ele>15.87</ele>
      </trkpt>
      <trkpt lat="36.282819947227836" lon="-121.83797992765903">
        <ele>15.85</ele>
      </trkpt>
      <trkpt lat="36.282839979976416" lon="-121.83786995708942">
        <ele>15.88</ele>
      </trkpt>
      <trkpt lat="36.282859928905964" lon="-121.83776996098459">
        <ele>15.93</ele>
      </trkpt>
      <trkpt lat="36.282859928905964" lon="-121.83775998651981">
        <ele>15.97</ele>
      </trkpt>
      <trkpt lat="36.282879961654544" lon="-121.8376999720931">
        <ele>16.05</ele>
      </trkpt>
      <trkpt lat="36.28288993611932" lon="-121.83761992491782">
        <ele>16.15</ele>
      </trkpt>
      <trkpt lat="36.28288993611932" lon="-121.83751992881298">
        <ele>16.29</ele>
      </trkpt>
      <trkpt lat="36.282879961654544" lon="-121.83729998767376">
        <ele>16.4</ele>
      </trkpt>
      <trkpt lat="36.28286998718977" lon="-121.83722999878228">
        <ele>16.5</ele>
      </trkpt>
      <trkpt lat="36.28284995444119" lon="-121.83716998435557">
        <ele>16.61</ele>
      </trkpt>
      <trkpt lat="36.28278994001448" lon="-121.83694995939732">
        <ele>16.64</ele>
      </trkpt>
      <trkpt lat="36.28277996554971" lon="-121.83689991943538">
        <ele>16.76</ele>
      </trkpt>
      <trkpt lat="36.28277996554971" lon="-121.83688994497061">
        <ele>16.92</ele>
      </trkpt>
      <trkpt lat="36.28277996554971" lon="-121.8368299305439">
        <ele>17.09</ele>
      </trkpt>
      <trkpt lat="36.28277996554971" lon="-121.83674996718764">
        <ele>17.29</ele>
      </trkpt>
      <trkpt lat="36.28278994001448" lon="-121.83666992001235">
        <ele>17.51</ele>
      </trkpt>
      <trkpt lat="36.28279999829829" lon="-121.83661996386945">
        <ele>17.73</ele>
      </trkpt>
      <trkpt lat="36.28279999829829" lon="-121.83650999329984">
        <ele>17.98</ele>
      </trkpt>
      <trkpt lat="36.28280997276306" lon="-121.83644997887313">
        <ele>18.25</ele>
      </trkpt>
      <trkpt lat="36.28280997276306" lon="-121.83635995723307">
        <ele>18.51</ele>
      </trkpt>
      <trkpt lat="36.28280997276306" lon="-121.83622995391488">
        <ele>18.8</ele>
      </trkpt>
      <trkpt lat="36.28279999829829" lon="-121.83613993227482">
        <ele>19.07</ele>
      </trkpt>
      <trkpt lat="36.28278994001448" lon="-121.83602996170521">
        <ele>19.35</ele>
      </trkpt>
      <trkpt lat="36.28275993280113" lon="-121.83592996560037">
        <ele>19.62</ele>
      </trkpt>
      <trkpt lat="36.28272992558777" lon="-121.83582996949553">
        <ele>19.89</ele>
      </trkpt>
      <trkpt lat="36.282689943909645" lon="-121.8357299733907">
        <ele>20.14</ele>
      </trkpt>
      <trkpt lat="36.2826699949801" lon="-121.83560994453728">
        <ele>20.47</ele>
      </trkpt>
      <trkpt lat="36.28265993669629" lon="-121.83558999560773">
        <ele>20.78</ele>
      </trkpt>
      <trkpt lat="36.28264996223152" lon="-121.8354899995029">
        <ele>21.14</ele>
      </trkpt>
      <trkpt lat="36.28261995501816" lon="-121.83536997064948">
        <ele>21.46</ele>
      </trkpt>
      <trkpt lat="36.28261995501816" lon="-121.83533996343613">
        <ele>21.8</ele>
      </trkpt>
      <trkpt lat="36.28256999887526" lon="-121.83519998565316">
        <ele>22.1</ele>
      </trkpt>
      <trkpt lat="36.282559940591455" lon="-121.835159920156">
        <ele>22.43</ele>
      </trkpt>
      <trkpt lat="36.2825299333781" lon="-121.83508993126452">
        <ele>22.74</ele>
      </trkpt>
      <trkpt lat="36.28248995169997" lon="-121.83496998623013">
        <ele>23.05</ele>
      </trkpt>
      <trkpt lat="36.2824799772352" lon="-121.83495992794633">
        <ele>23.38</ele>
      </trkpt>
      <trkpt lat="36.28243999555707" lon="-121.83473998680711">
        <ele>23.82</ele>
      </trkpt>
      <trkpt lat="36.28241996280849" lon="-121.83468994684517">
        <ele>24.16</ele>
      </trkpt>
      <trkpt lat="36.28235994838178" lon="-121.83437998406589">
        <ele>24.69</ele>
      </trkpt>
      <trkpt lat="36.28233999945223" lon="-121.83430999517441">
        <ele>25.01</ele>
      </trkpt>
      <trkpt lat="36.28229993395507" lon="-121.83412995189428">
        <ele>25.34</ele>
      </trkpt>
      <trkpt lat="36.2822899594903" lon="-121.83403993025422">
        <ele>25.63</ele>
      </trkpt>
      <trkpt lat="36.282259952276945" lon="-121.83396994136274">
        <ele>25.86</ele>
      </trkpt>
      <trkpt lat="36.28222994506359" lon="-121.83389995247126">
        <ele>26.08</ele>
      </trkpt>
      <trkpt lat="36.28215995617211" lon="-121.83374991640449">
        <ele>26.26</ele>
      </trkpt>
      <trkpt lat="36.282129948958755" lon="-121.83369996026158">
        <ele>26.42</ele>
      </trkpt>
      <trkpt lat="36.282019978389144" lon="-121.83352997526526">
        <ele>26.53</ele>
      </trkpt>
      <trkpt lat="36.2819099240005" lon="-121.83334993198514">
        <ele>26.58</ele>
      </trkpt>
      <trkpt lat="36.28179995343089" lon="-121.83316997252405">
        <ele>26.74</ele>
      </trkpt>
      <trkpt lat="36.281699957326055" lon="-121.83299998752773">
        <ele>26.8</ele>
      </trkpt>
      <trkpt lat="36.281659975647926" lon="-121.83293997310102">
        <ele>26.83</ele>
      </trkpt>
      <trkpt lat="36.28162996843457" lon="-121.83287995867431">
        <ele>26.84</ele>
      </trkpt>
      <trkpt lat="36.28155997954309" lon="-121.83272992260754">
        <ele>26.86</ele>
      </trkpt>
      <trkpt lat="36.28151999786496" lon="-121.83265993371606">
        <ele>26.8</ele>
      </trkpt>
      <trkpt lat="36.28149996511638" lon="-121.83261995203793">
        <ele>26.7</ele>
      </trkpt>
      <trkpt lat="36.28146995790303" lon="-121.83258994482458">
        <ele>26.54</ele>
      </trkpt>
      <trkpt lat="36.28140994347632" lon="-121.83254996314645">
        <ele>26.32</ele>
      </trkpt>
      <trkpt lat="36.28133995458484" lon="-121.83250998146832">
        <ele>26.1</ele>
      </trkpt>
      <trkpt lat="36.28131992183626" lon="-121.83249992318451">
        <ele>25.89</ele>
      </trkpt>
      <trkpt lat="36.281269965693355" lon="-121.83246999979019">
        <ele>25.63</ele>
      </trkpt>
      <trkpt lat="36.281229984015226" lon="-121.83242993429303">
        <ele>25.39</ele>
      </trkpt>
      <trkpt lat="36.28119997680187" lon="-121.8323899526149">
        <ele>25.09</ele>
      </trkpt>
      <trkpt lat="36.281159995123744" lon="-121.8323299381882">
        <ele>24.78</ele>
      </trkpt>
      <trkpt lat="36.28114993683994" lon="-121.83231996372342">
        <ele>24.45</ele>
      </trkpt>
      <trkpt lat="36.28110995516181" lon="-121.83229993097484">
        <ele>24.07</ele>
      </trkpt>
      <trkpt lat="36.281079947948456" lon="-121.83226992376149">
        <ele>23.7</ele>
      </trkpt>
      <trkpt lat="36.28090996295214" lon="-121.83204998262227">
        <ele>23.38</ele>
      </trkpt>
      <trkpt lat="36.28088993020356" lon="-121.83202994987369">
        <ele>22.99</ele>
      </trkpt>
      <trkpt lat="36.28078993409872" lon="-121.83193992823362">
        <ele>22.58</ele>
      </trkpt>
      <trkpt lat="36.28073997795582" lon="-121.8318999465555">
        <ele>22.15</ele>
      </trkpt>
      <trkpt lat="36.280689937993884" lon="-121.83187999762595">
        <ele>21.72</ele>
      </trkpt>
      <trkpt lat="36.280629923567176" lon="-121.83186993934214">
        <ele>21.27</ele>
      </trkpt>
      <trkpt lat="36.28055993467569" lon="-121.83186993934214">
        <ele>20.8</ele>
      </trkpt>
      <trkpt lat="36.28039992414415" lon="-121.83187999762595">
        <ele>20.3</ele>
      </trkpt>
      <trkpt lat="36.2803799752146" lon="-121.83187999762595">
        <ele>19.88</ele>
      </trkpt>
      <trkpt lat="36.28014997579157" lon="-121.83188997209072">
        <ele>19.4</ele>
      </trkpt>
      <trkpt lat="36.280109994113445" lon="-121.83188997209072">
        <ele>19.0</ele>
      </trkpt>
      <trkpt lat="36.28007998690009" lon="-121.8318999465555">
        <ele>18.59</ele>
      </trkpt>
      <trkpt lat="36.28003992140293" lon="-121.83192995376885">
        <ele>18.2</ele>
      </trkpt>
      <trkpt lat="36.2799999397248" lon="-121.83194998651743">
        <ele>17.83</ele>
      </trkpt>
      <trkpt lat="36.27992995083332" lon="-121.8320099171251">
        <ele>17.45</ele>
      </trkpt>
      <trkpt lat="36.27986993640661" lon="-121.83204998262227">
        <ele>17.11</ele>
      </trkpt>
      <trkpt lat="36.279829954728484" lon="-121.83205995708704">
        <ele>16.79</ele>
      </trkpt>
      <trkpt lat="36.279789973050356" lon="-121.83205995708704">
        <ele>16.51</ele>
      </trkpt>
      <trkpt lat="36.27973993308842" lon="-121.83205995708704">
        <ele>16.25</ele>
      </trkpt>
      <trkpt lat="36.279699951410294" lon="-121.83203992433846">
        <ele>16.02</ele>
      </trkpt>
      <trkpt lat="36.27959995530546" lon="-121.83196993544698">
        <ele>15.82</ele>
      </trkpt>
      <trkpt lat="36.27953994087875" lon="-121.83191997930408">
        <ele>15.65</ele>
      </trkpt>
      <trkpt lat="36.27947992645204" lon="-121.83185996487737">
        <ele>15.5</ele>
      </trkpt>
      <trkpt lat="36.27944991923869" lon="-121.83181998319924">
        <ele>15.37</ele>
      </trkpt>
      <trkpt lat="36.27940993756056" lon="-121.83179995045066">
        <ele>15.27</ele>
      </trkpt>
      <trkpt lat="36.27925998531282" lon="-121.83169995434582">
        <ele>15.18</ele>
      </trkpt>
      <trkpt lat="36.279079942032695" lon="-121.83158998377621">
        <ele>15.11</ele>
      </trkpt>
      <trkpt lat="36.27902998588979" lon="-121.83154991827905">
        <ele>15.08</ele>
      </trkpt>
      <trkpt lat="36.27897994592786" lon="-121.83149996213615">
        <ele>15.07</ele>
      </trkpt>
      <trkpt lat="36.27893996424973" lon="-121.83144992217422">
        <ele>15.09</ele>
      </trkpt>
      <trkpt lat="36.278909957036376" lon="-121.83140994049609">
        <ele>15.14</ele>
      </trkpt>
      <trkpt lat="36.27885991707444" lon="-121.83134992606938">
        <ele>15.21</ele>
      </trkpt>
      <trkpt lat="36.27882999368012" lon="-121.83129996992648">
        <ele>15.31</ele>
      </trkpt>
      <trkpt lat="36.27880996093154" lon="-121.83123995549977">
        <ele>15.44</ele>
      </trkpt>
      <trkpt lat="36.27878992818296" lon="-121.83116996660829">
        <ele>15.59</ele>
      </trkpt>
      <trkpt lat="36.278779953718185" lon="-121.83111992664635">
        <ele>15.76</ele>
      </trkpt>
      <trkpt lat="36.278779953718185" lon="-121.8310999777168">
        <ele>15.96</ele>
      </trkpt>
      <trkpt lat="36.27859999425709" lon="-121.83086997829378">
        <ele>16.16</ele>
      </trkpt>
      <trkpt lat="36.278519947081804" lon="-121.83075992390513">
        <ele>16.42</ele>
      </trkpt>
      <trkpt lat="36.278499998152256" lon="-121.83072991669178">
        <ele>16.69</ele>
      </trkpt>
      <trkpt lat="36.278479965403676" lon="-121.83070996776223">
        <ele>16.97</ele>
      </trkpt>
      <trkpt lat="36.278329929336905" lon="-121.83050997555256">
        <ele>17.26</ele>
      </trkpt>
      <trkpt lat="36.27816991880536" lon="-121.8302299361676">
        <ele>17.58</ele>
      </trkpt>
      <trkpt lat="36.27814996987581" lon="-121.8301799800247">
        <ele>17.92</ele>
      </trkpt>
      <trkpt lat="36.278049973770976" lon="-121.82995995506644">
        <ele>18.3</ele>
      </trkpt>
      <trkpt lat="36.278029941022396" lon="-121.8297999445349">
        <ele>18.69</ele>
      </trkpt>
      <trkpt lat="36.278029941022396" lon="-121.82968997396529">
        <ele>19.1</ele>
      </trkpt>
      <trkpt lat="36.2780399993062" lon="-121.82957991957664">
        <ele>19.53</ele>
      </trkpt>
      <trkpt lat="36.278049973770976" lon="-121.82953993789852">
        <ele>19.96</ele>
      </trkpt>
      <trkpt lat="36.27807998098433" lon="-121.82932997122407">
        <ele>20.44</ele>
      </trkpt>
      <trkpt lat="36.27809992991388" lon="-121.82913995347917">
        <ele>20.93</ele>
      </trkpt>
      <trkpt lat="36.278109988197684" lon="-121.82910994626582">
        <ele>21.39</ele>
      </trkpt>
      <trkpt lat="36.27811996266246" lon="-121.82897994294763">
        <ele>21.87</ele>
      </trkpt>
      <trkpt lat="36.27812993712723" lon="-121.82891992852092">
        <ele>22.34</ele>
      </trkpt>
      <trkpt lat="36.27812993712723" lon="-121.82887994684279">
        <ele>22.8</ele>
      </trkpt>
      <trkpt lat="36.27812993712723" lon="-121.8287499435246">
        <ele>23.29</ele>
      </trkpt>
      <trkpt lat="36.27811996266246" lon="-121.82868992909789">
        <ele>23.73</ele>
      </trkpt>
      <trkpt lat="36.27811996266246" lon="-121.82865992188454">
        <ele>24.19</ele>
      </trkpt>
      <trkpt lat="36.27811996266246" lon="-121.82859999127686">
        <ele>24.64</ele>
      </trkpt>
      <trkpt lat="36.278089955449104" lon="-121.82847996242344">
        <ele>25.07</ele>
      </trkpt>
      <trkpt lat="36.27807998098433" lon="-121.82844995521009">
        <ele>25.49</ele>
      </trkpt>
      <trkpt lat="36.27798995934427" lon="-121.82824996300042">
        <ele>25.88</ele>
      </trkpt>
      <trkpt lat="36.277959952130914" lon="-121.82819992303848">
        <ele>26.31</ele>
      </trkpt>
      <trkpt lat="36.27788996323943" lon="-121.82806991972029">
        <ele>26.76</ele>
      </trkpt>
      <trkpt lat="36.2778399232775" lon="-121.82798995636404">
        <ele>27.18</ele>
      </trkpt>
      <trkpt lat="36.27779994159937" lon="-121.82790999300778">
        <ele>27.6</ele>
      </trkpt>
      <trkpt lat="36.27777999266982" lon="-121.8278899602592">
        <ele>27.99</ele>
      </trkpt>
      <trkpt lat="36.27772995270789" lon="-121.82779993861914">
        <ele>28.37</ele>
      </trkpt>
      <trkpt lat="36.27766993828118" lon="-121.82771997526288">
        <ele>28.72</ele>
      </trkpt>
      <trkpt lat="36.27755996771157" lon="-121.82756993919611">
        <ele>29.07</ele>
      </trkpt>
      <trkpt lat="36.27742996439338" lon="-121.82737992145121">
        <ele>29.38</ele>
      </trkpt>
      <trkpt lat="36.277319910004735" lon="-121.82722494006157">
        <ele>29.75</ele>
      </trkpt>
      <trkpt lat="36.277209939435124" lon="-121.82706995867193">
        <ele>30.13</ele>
      </trkpt>
      <trkpt lat="36.27706996165216" lon="-121.82687994092703">
        <ele>30.47</ele>
      </trkpt>
      <trkpt lat="36.27694993279874" lon="-121.82670995593071">
        <ele>30.78</ele>
      </trkpt>
      <trkpt lat="36.276844907552004" lon="-121.82655489072204">
        <ele>31.07</ele>
      </trkpt>
      <trkpt lat="36.276739966124296" lon="-121.82639999315143">
        <ele>31.33</ele>
      </trkpt>
      <trkpt lat="36.276719933375716" lon="-121.82635992765427">
        <ele>31.56</ele>
      </trkpt>
      <trkpt lat="36.27669998444617" lon="-121.82632992044091">
        <ele>31.78</ele>
      </trkpt>
      <trkpt lat="36.276669977232814" lon="-121.82629999704659">
        <ele>31.97</ele>
      </trkpt>
      <trkpt lat="36.276430087164044" lon="-121.82606513611972">
        <ele>32.16</ele>
      </trkpt>
      <trkpt lat="36.27618994563818" lon="-121.82582993991673">
        <ele>32.29</ele>
      </trkpt>
      <trkpt lat="36.276045106351376" lon="-121.8256950750947">
        <ele>32.42</ele>
      </trkpt>
      <trkpt lat="36.275899931788445" lon="-121.82555995881557">
        <ele>32.5</ele>
      </trkpt>
      <trkpt lat="36.275879982858896" lon="-121.825539926067">
        <ele>32.59</ele>
      </trkpt>
      <trkpt lat="36.27575995400548" lon="-121.82541998103261">
        <ele>32.65</ele>
      </trkpt>
      <trkpt lat="36.2757399212569" lon="-121.82539994828403">
        <ele>32.71</ele>
      </trkpt>
      <trkpt lat="36.27571997232735" lon="-121.82537999935448">
        <ele>32.76</ele>
      </trkpt>
      <trkpt lat="36.275689965114" lon="-121.82534999214113">
        <ele>32.8</ele>
      </trkpt>
      <trkpt lat="36.27566993236542" lon="-121.82532995939255">
        <ele>32.83</ele>
      </trkpt>
      <trkpt lat="36.27563992515206" lon="-121.82528997771442">
        <ele>32.85</ele>
      </trkpt>
      <trkpt lat="36.275619976222515" lon="-121.82524999603629">
        <ele>32.87</ele>
      </trkpt>
      <trkpt lat="36.27560991793871" lon="-121.82518998160958">
        <ele>32.88</ele>
      </trkpt>
      <trkpt lat="36.27558996900916" lon="-121.82513994164765">
        <ele>32.89</ele>
      </trkpt>
      <trkpt lat="36.27558996900916" lon="-121.82507992722094">
        <ele>32.89</ele>
      </trkpt>
      <trkpt lat="36.275599943473935" lon="-121.82502997107804">
        <ele>32.89</ele>
      </trkpt>
      <trkpt lat="36.275599943473935" lon="-121.82496995665133">
        <ele>32.89</ele>
      </trkpt>
      <trkpt lat="36.27560991793871" lon="-121.82490994222462">
        <ele>32.88</ele>
      </trkpt>
      <trkpt lat="36.275599943473935" lon="-121.82482997886837">
        <ele>32.88</ele>
      </trkpt>
      <trkpt lat="36.27558996900916" lon="-121.82475998997688">
        <ele>32.87</ele>
      </trkpt>
      <trkpt lat="36.27558552660048" lon="-121.82475621812046">
        <ele>32.85</ele>
      </trkpt>
      <trkpt lat="36.27574243582785" lon="-121.82472813874483">
        <ele>32.88</ele>
      </trkpt>
      <trkpt lat="36.275899931788445" lon="-121.82469997555017">
        <ele>32.9</ele>
      </trkpt>
      <trkpt lat="36.275900937616825" lon="-121.82470106519759">
        <ele>32.88</ele>
      </trkpt>
      <trkpt lat="36.275879982858896" lon="-121.82465999387205">
        <ele>32.85</ele>
      </trkpt>
      <trkpt lat="36.27584997564554" lon="-121.82457994669676">
        <ele>32.81</ele>
      </trkpt>
      <trkpt lat="36.27581996843219" lon="-121.8244999833405">
        <ele>32.77</ele>
      </trkpt>
      <trkpt lat="36.27577998675406" lon="-121.82439998723567">
        <ele>32.71</ele>
      </trkpt>
      <trkpt lat="36.275749979540706" lon="-121.82428993284702">
        <ele>32.67</ele>
      </trkpt>
      <trkpt lat="36.27571997232735" lon="-121.82419999502599">
        <ele>32.63</ele>
      </trkpt>
      <trkpt lat="36.275689965114" lon="-121.82410997338593">
        <ele>32.59</ele>
      </trkpt>
      <trkpt lat="36.27566993236542" lon="-121.8240099772811">
        <ele>32.53</ele>
      </trkpt>
      <trkpt lat="36.27563992515206" lon="-121.82390998117626">
        <ele>32.46</ele>
      </trkpt>
      <trkpt lat="36.275619976222515" lon="-121.82382993400097">
        <ele>32.4</ele>
      </trkpt>
      <trkpt lat="36.275599943473935" lon="-121.82373999617994">
        <ele>32.34</ele>
      </trkpt>
      <trkpt lat="36.27557999454439" lon="-121.8236299417913">
        <ele>32.28</ele>
      </trkpt>
      <trkpt lat="36.27555996179581" lon="-121.82352994568646">
        <ele>32.21</ele>
      </trkpt>
      <trkpt lat="36.27554998733103" lon="-121.82345995679498">
        <ele>32.14</ele>
      </trkpt>
      <trkpt lat="36.27553992904723" lon="-121.8233899679035">
        <ele>32.07</ele>
      </trkpt>
      <trkpt lat="36.27551998011768" lon="-121.82323993183672">
        <ele>31.98</ele>
      </trkpt>
      <trkpt lat="36.2754999473691" lon="-121.82308997958899">
        <ele>31.92</ele>
      </trkpt>
      <trkpt lat="36.275489972904325" lon="-121.82297992520034">
        <ele>31.86</ele>
      </trkpt>
      <trkpt lat="36.27547999843955" lon="-121.8228299729526">
        <ele>31.81</ele>
      </trkpt>
      <trkpt lat="36.275469940155745" lon="-121.82268999516964">
        <ele>31.73</ele>
      </trkpt>
      <trkpt lat="36.275469940155745" lon="-121.822579940781">
        <ele>31.68</ele>
      </trkpt>
      <trkpt lat="36.275469940155745" lon="-121.82251992635429">
        <ele>31.61</ele>
      </trkpt>
      <trkpt lat="36.275469940155745" lon="-121.8223999813199">
        <ele>31.53</ele>
      </trkpt>
      <trkpt lat="36.275469940155745" lon="-121.82234994135797">
        <ele>31.47</ele>
      </trkpt>
      <trkpt lat="36.27547999843955" lon="-121.8220999930054">
        <ele>31.44</ele>
      </trkpt>
      <trkpt lat="36.275489972904325" lon="-121.82192992419004">
        <ele>31.35</ele>
      </trkpt>
      <trkpt lat="36.27550992183387" lon="-121.82173999026418">
        <ele>31.26</ele>
      </trkpt>
      <trkpt lat="36.27551998011768" lon="-121.82157997973263">
        <ele>31.16</ele>
      </trkpt>
      <trkpt lat="36.27553992904723" lon="-121.82139993645251">
        <ele>31.08</ele>
      </trkpt>
      <trkpt lat="36.27553992904723" lon="-121.82126993313432">
        <ele>30.97</ele>
      </trkpt>
      <trkpt lat="36.27553992904723" lon="-121.8211599625647">
        <ele>30.83</ele>
      </trkpt>
      <trkpt lat="36.27552995458245" lon="-121.82106994092464">
        <ele>30.71</ele>
      </trkpt>
      <trkpt lat="36.27552995458245" lon="-121.82101998478174">
        <ele>30.59</ele>
      </trkpt>
      <trkpt lat="36.27551998011768" lon="-121.82092996314168">
        <ele>30.47</ele>
      </trkpt>
      <trkpt lat="36.27551998011768" lon="-121.82081999257207">
        <ele>30.35</ele>
      </trkpt>
      <trkpt lat="36.2754999473691" lon="-121.82071999646723">
        <ele>30.2</ele>
      </trkpt>
      <trkpt lat="36.275489972904325" lon="-121.82063994929194">
        <ele>30.07</ele>
      </trkpt>
      <trkpt lat="36.27547999843955" lon="-121.82057993486524">
        <ele>29.91</ele>
      </trkpt>
      <trkpt lat="36.275469940155745" lon="-121.82049997150898">
        <ele>29.75</ele>
      </trkpt>
      <trkpt lat="36.27543993294239" lon="-121.82037994265556">
        <ele>29.57</ele>
      </trkpt>
      <trkpt lat="36.27541998401284" lon="-121.8202999792993">
        <ele>29.39</ele>
      </trkpt>
      <trkpt lat="36.27537991851568" lon="-121.82015991769731">
        <ele>29.22</ele>
      </trkpt>
      <trkpt lat="36.27534999512136" lon="-121.82005992159247">
        <ele>29.07</ele>
      </trkpt>
      <trkpt lat="36.275319987908006" lon="-121.81994995102286">
        <ele>28.92</ele>
      </trkpt>
      <trkpt lat="36.27526994794607" lon="-121.81982992216945">
        <ele>28.76</ele>
      </trkpt>
      <trkpt lat="36.27523994073272" lon="-121.81973998434842">
        <ele>28.6</ele>
      </trkpt>
      <trkpt lat="36.275189984589815" lon="-121.81962992995977">
        <ele>28.41</ele>
      </trkpt>
      <trkpt lat="36.275149919092655" lon="-121.81954996660352">
        <ele>28.23</ele>
      </trkpt>
      <trkpt lat="36.27504992298782" lon="-121.81936992332339">
        <ele>28.09</ele>
      </trkpt>
      <trkpt lat="36.27496995963156" lon="-121.8192399200052">
        <ele>27.96</ele>
      </trkpt>
      <trkpt lat="36.2748299818486" lon="-121.81902995333076">
        <ele>27.81</ele>
      </trkpt>
      <trkpt lat="36.27481992356479" lon="-121.81901997886598">
        <ele>27.69</ele>
      </trkpt>
      <trkpt lat="36.27477994188666" lon="-121.8189499899745">
        <ele>27.6</ele>
      </trkpt>
      <trkpt lat="36.27470995299518" lon="-121.81887991726398">
        <ele>27.5</ele>
      </trkpt>
      <trkpt lat="36.2746899202466" lon="-121.81885996833444">
        <ele>27.42</ele>
      </trkpt>
      <trkpt lat="36.274629989638925" lon="-121.81878997944295">
        <ele>27.36</ele>
      </trkpt>
      <trkpt lat="36.27455991692841" lon="-121.81870993226767">
        <ele>27.3</ele>
      </trkpt>
      <trkpt lat="36.274549942463636" lon="-121.81870993226767">
        <ele>27.25</ele>
      </trkpt>
      <trkpt lat="36.27440996468067" lon="-121.81857992894948">
        <ele>27.22</ele>
      </trkpt>
      <trkpt lat="36.27434995025396" lon="-121.8185199983418">
        <ele>27.21</ele>
      </trkpt>
      <trkpt lat="36.27426998689771" lon="-121.81844992563128">
        <ele>27.23</ele>
      </trkpt>
      <trkpt lat="36.274049961939454" lon="-121.81827994063497">
        <ele>27.26</ele>
      </trkpt>
      <trkpt lat="36.2739699985832" lon="-121.81820995174348">
        <ele>27.31</ele>
      </trkpt>
      <trkpt lat="36.27390998415649" lon="-121.81815999560058">
        <ele>27.37</ele>
      </trkpt>
      <trkpt lat="36.27381996251643" lon="-121.81808992289007">
        <ele>27.44</ele>
      </trkpt>
      <trkpt lat="36.27380998805165" lon="-121.81808992289007">
        <ele>27.54</ele>
      </trkpt>
      <trkpt lat="36.27373999916017" lon="-121.81802999228239">
        <ele>27.65</ele>
      </trkpt>
      <trkpt lat="36.273599937558174" lon="-121.8178999889642">
        <ele>27.79</ele>
      </trkpt>
      <trkpt lat="36.27352994866669" lon="-121.81780996732414">
        <ele>27.95</ele>
      </trkpt>
      <trkpt lat="36.2733999453485" lon="-121.81766998954117">
        <ele>28.12</ele>
      </trkpt>
      <trkpt lat="36.2733999453485" lon="-121.81765993125737">
        <ele>28.32</ele>
      </trkpt>
      <trkpt lat="36.27336993813515" lon="-121.81762992404401">
        <ele>28.53</ele>
      </trkpt>
      <trkpt lat="36.27328997477889" lon="-121.8175199534744">
        <ele>28.77</ele>
      </trkpt>
      <trkpt lat="36.273279916495085" lon="-121.81749992072582">
        <ele>29.03</ele>
      </trkpt>
      <trkpt lat="36.2732099276036" lon="-121.81738995015621">
        <ele>29.31</ele>
      </trkpt>
      <trkpt lat="36.2731599714607" lon="-121.8173299357295">
        <ele>29.6</ele>
      </trkpt>
      <trkpt lat="36.273129964247346" lon="-121.8172799795866">
        <ele>29.92</ele>
      </trkpt>
      <trkpt lat="36.27306994982064" lon="-121.81717998348176">
        <ele>30.27</ele>
      </trkpt>
      <trkpt lat="36.273059975355864" lon="-121.81714997626841">
        <ele>30.61</ele>
      </trkpt>
      <trkpt lat="36.272979928180575" lon="-121.81697999127209">
        <ele>31.0</ele>
      </trkpt>
      <trkpt lat="36.2729699537158" lon="-121.81695995852351">
        <ele>31.37</ele>
      </trkpt>
      <trkpt lat="36.27295997925103" lon="-121.81695995852351">
        <ele>31.75</ele>
      </trkpt>
      <trkpt lat="36.2729199975729" lon="-121.81686993688345">
        <ele>32.15</ele>
      </trkpt>
      <trkpt lat="36.272869957610965" lon="-121.81675996631384">
        <ele>32.57</ele>
      </trkpt>
      <trkpt lat="36.272849924862385" lon="-121.8167099263519">
        <ele>32.98</ele>
      </trkpt>
      <trkpt lat="36.27279996871948" lon="-121.81657992303371">
        <ele>33.41</ele>
      </trkpt>
      <trkpt lat="36.27278999425471" lon="-121.81655997410417">
        <ele>33.81</ele>
      </trkpt>
      <trkpt lat="36.27274992875755" lon="-121.81644991971552">
        <ele>34.25</ele>
      </trkpt>
      <trkpt lat="36.272729979828" lon="-121.81634992361069">
        <ele>34.66</ele>
      </trkpt>
      <trkpt lat="36.27270994707942" lon="-121.81628999300301">
        <ele>35.05</ele>
      </trkpt>
      <trkpt lat="36.27265999093652" lon="-121.81611992418766">
        <ele>35.45</ele>
      </trkpt>
      <trkpt lat="36.27263995818794" lon="-121.81601992808282">
        <ele>35.83</ele>
      </trkpt>
      <trkpt lat="36.27261992543936" lon="-121.81594993919134">
        <ele>36.2</ele>
      </trkpt>
      <trkpt lat="36.272589918226004" lon="-121.81576997973025">
        <ele>36.63</ele>
      </trkpt>
      <trkpt lat="36.272589918226004" lon="-121.81570996530354">
        <ele>36.95</ele>
      </trkpt>
      <trkpt lat="36.272589918226004" lon="-121.81569999083877">
        <ele>37.22</ele>
      </trkpt>
      <trkpt lat="36.27257994376123" lon="-121.81561994366348">
        <ele>37.5</ele>
      </trkpt>
      <trkpt lat="36.272569969296455" lon="-121.81548994034529">
        <ele>37.76</ele>
      </trkpt>
      <trkpt lat="36.272569969296455" lon="-121.81534996256232">
        <ele>37.96</ele>
      </trkpt>
      <trkpt lat="36.272569969296455" lon="-121.81519992649555">
        <ele>38.12</ele>
      </trkpt>
      <trkpt lat="36.272569969296455" lon="-121.81505994871259">
        <ele>38.23</ele>
      </trkpt>
      <trkpt lat="36.27257994376123" lon="-121.81490999646485">
        <ele>38.32</ele>
      </trkpt>
      <trkpt lat="36.272589918226004" lon="-121.81475996039808">
        <ele>38.35</ele>
      </trkpt>
      <trkpt lat="36.272609950974584" lon="-121.81465996429324">
        <ele>38.37</ele>
      </trkpt>
      <trkpt lat="36.27261992543936" lon="-121.81457991711795">
        <ele>38.34</ele>
      </trkpt>
      <trkpt lat="36.27263995818794" lon="-121.81445997208357">
        <ele>38.26</ele>
      </trkpt>
      <trkpt lat="36.272699972614646" lon="-121.81416995823383">
        <ele>38.07</ele>
      </trkpt>
      <trkpt lat="36.272699972614646" lon="-121.81415998376906">
        <ele>37.97</ele>
      </trkpt>
      <trkpt lat="36.272739954292774" lon="-121.81401992216706">
        <ele>37.78</ele>
      </trkpt>
      <trkpt lat="36.27278999425471" lon="-121.81376997381449">
        <ele>37.53</ele>
      </trkpt>
      <trkpt lat="36.27278999425471" lon="-121.81372999213636">
        <ele>37.37</ele>
      </trkpt>
      <trkpt lat="36.27279996871948" lon="-121.81367995217443">
        <ele>37.2</ele>
      </trkpt>
      <trkpt lat="36.27281991764903" lon="-121.81357995606959">
        <ele>37.01</ele>
      </trkpt>
      <trkpt lat="36.27282997593284" lon="-121.81351994164288">
        <ele>36.81</ele>
      </trkpt>
      <trkpt lat="36.27282997593284" lon="-121.8135099671781">
        <ele>36.61</ele>
      </trkpt>
      <trkpt lat="36.27283995039761" lon="-121.81343997828662">
        <ele>36.42</ele>
      </trkpt>
      <trkpt lat="36.272849924862385" lon="-121.81330997496843">
        <ele>36.22</ele>
      </trkpt>
      <trkpt lat="36.272849924862385" lon="-121.81328994221985">
        <ele>36.03</ele>
      </trkpt>
      <trkpt lat="36.27285998314619" lon="-121.81316999718547">
        <ele>35.84</ele>
      </trkpt>
      <trkpt lat="36.27285998314619" lon="-121.8130699172616">
        <ele>35.66</ele>
      </trkpt>
      <trkpt lat="36.27285998314619" lon="-121.81302993558347">
        <ele>35.48</ele>
      </trkpt>
      <trkpt lat="36.27285998314619" lon="-121.81284997612238">
        <ele>35.28</ele>
      </trkpt>
      <trkpt lat="36.27285998314619" lon="-121.81281996890903">
        <ele>35.12</ele>
      </trkpt>
      <trkpt lat="36.272849924862385" lon="-121.81260991841555">
        <ele>34.94</ele>
      </trkpt>
      <trkpt lat="36.27282997593284" lon="-121.81243993341923">
        <ele>34.77</ele>
      </trkpt>
      <trkpt lat="36.27280994318426" lon="-121.81224999949336">
        <ele>34.64</ele>
      </trkpt>
      <trkpt lat="36.27279996871948" lon="-121.81218998506665">
        <ele>34.52</ele>
      </trkpt>
      <trkpt lat="36.27278999425471" lon="-121.81214991956949">
        <ele>34.4</ele>
      </trkpt>
      <trkpt lat="36.27276996150613" lon="-121.81203994899988">
        <ele>34.33</ele>
      </trkpt>
      <trkpt lat="36.272759987041354" lon="-121.81197993457317">
        <ele>34.25</ele>
      </trkpt>
      <trkpt lat="36.272739954292774" lon="-121.81187993846834">
        <ele>34.16</ele>
      </trkpt>
      <trkpt lat="36.272699972614646" lon="-121.81175999343395">
        <ele>34.09</ele>
      </trkpt>
      <trkpt lat="36.27265999093652" lon="-121.81160995736718">
        <ele>34.02</ele>
      </trkpt>
      <trkpt lat="36.272569969296455" lon="-121.81136998347938">
        <ele>34.0</ele>
      </trkpt>
      <trkpt lat="36.27250995486975" lon="-121.81119999848306">
        <ele>33.96</ele>
      </trkpt>
      <trkpt lat="36.27240995876491" lon="-121.81093999184668">
        <ele>34.06</ele>
      </trkpt>
      <trkpt lat="36.27233996987343" lon="-121.81075994856656">
        <ele>34.19</ele>
      </trkpt>
      <trkpt lat="36.272329995408654" lon="-121.81073999963701">
        <ele>34.15</ele>
      </trkpt>
      <trkpt lat="36.272249948233366" lon="-121.8105399236083">
        <ele>34.18</ele>
      </trkpt>
      <trkpt lat="36.27218993380666" lon="-121.81037999689579">
        <ele>34.19</ele>
      </trkpt>
      <trkpt lat="36.27205993048847" lon="-121.8100599758327">
        <ele>34.12</ele>
      </trkpt>
      <trkpt lat="36.27193998545408" lon="-121.80973995476961">
        <ele>34.07</ele>
      </trkpt>
      <trkpt lat="36.27192992717028" lon="-121.80972998030484">
        <ele>34.01</ele>
      </trkpt>
      <trkpt lat="36.271879971027374" lon="-121.8096199259162">
        <ele>33.93</ele>
      </trkpt>
      <trkpt lat="36.27180998213589" lon="-121.80947994813323">
        <ele>33.78</ele>
      </trkpt>
      <trkpt lat="36.27175994217396" lon="-121.80938992649317">
        <ele>33.64</ele>
      </trkpt>
      <trkpt lat="36.271709986031055" lon="-121.80929998867214">
        <ele>33.51</ele>
      </trkpt>
      <trkpt lat="36.27161996439099" lon="-121.80913997814059">
        <ele>33.36</ele>
      </trkpt>
      <trkpt lat="36.27161543816328" lon="-121.80914274416864">
        <ele>33.3</ele>
      </trkpt>
      <trkpt lat="36.27154997549951" lon="-121.80914995260537">
        <ele>33.21</ele>
      </trkpt>
      <trkpt lat="36.27149993553758" lon="-121.80914995260537">
        <ele>33.17</ele>
      </trkpt>
      <trkpt lat="36.271429946646094" lon="-121.80913997814059">
        <ele>33.13</ele>
      </trkpt>
      <trkpt lat="36.27137999050319" lon="-121.80912991985679">
        <ele>33.1</ele>
      </trkpt>
      <trkpt lat="36.27134998328984" lon="-121.80908993817866">
        <ele>33.09</ele>
      </trkpt>
      <trkpt lat="36.27130991779268" lon="-121.80902992375195">
        <ele>33.1</ele>
      </trkpt>
      <trkpt lat="36.27128996886313" lon="-121.80893998593092">
        <ele>33.19</ele>
      </trkpt>
      <trkpt lat="36.271279994398355" lon="-121.80886999703944">
        <ele>33.29</ele>
      </trkpt>
      <trkpt lat="36.27128996886313" lon="-121.80882993154228">
        <ele>33.38</ele>
      </trkpt>
      <trkpt lat="36.2712880410254" lon="-121.80883437395096">
        <ele>33.46</ele>
      </trkpt>
      <trkpt lat="36.27120992168784" lon="-121.80876991711557">
        <ele>33.59</ele>
      </trkpt>
      <trkpt lat="36.271129958331585" lon="-121.80874996818602">
        <ele>33.7</ele>
      </trkpt>
      <trkpt lat="36.271129958331585" lon="-121.80873999372125">
        <ele>33.84</ele>
      </trkpt>
      <trkpt lat="36.27104999497533" lon="-121.80867997929454">
        <ele>34.01</ele>
      </trkpt>
      <trkpt lat="36.27096994780004" lon="-121.80861996486783">
        <ele>34.21</ele>
      </trkpt>
      <trkpt lat="36.270959973335266" lon="-121.80861996486783">
        <ele>34.39</ele>
      </trkpt>
      <trkpt lat="36.27092996612191" lon="-121.80858995765448">
        <ele>34.59</ele>
      </trkpt>
      <trkpt lat="36.27090993337333" lon="-121.8085699249059">
        <ele>34.81</ele>
      </trkpt>
      <trkpt lat="36.27087992615998" lon="-121.80850999429822">
        <ele>35.09</ele>
      </trkpt>
      <trkpt lat="36.270869951695204" lon="-121.80845995433629">
        <ele>35.35</ele>
      </trkpt>
      <trkpt lat="36.270869951695204" lon="-121.8084399215877">
        <ele>35.6</ele>
      </trkpt>
      <trkpt lat="36.27075998112559" lon="-121.80839993990958">
        <ele>35.86</ele>
      </trkpt>
      <trkpt lat="36.270699966698885" lon="-121.80835995823145">
        <ele>36.12</ele>
      </trkpt>
      <trkpt lat="36.270679933950305" lon="-121.80834998376667">
        <ele>36.4</ele>
      </trkpt>
      <trkpt lat="36.27051992341876" lon="-121.80824998766184">
        <ele>36.68</ele>
      </trkpt>
      <trkpt lat="36.27051992341876" lon="-121.8081999476999">
        <ele>37.01</ele>
      </trkpt>
      <trkpt lat="36.270459992811084" lon="-121.80816994048655">
        <ele>37.32</ele>
      </trkpt>
      <trkpt lat="36.27031993120909" lon="-121.80811998434365">
        <ele>37.61</ele>
      </trkpt>
      <trkpt lat="36.27031993120909" lon="-121.80812149308622">
        <ele>37.94</ele>
      </trkpt>
      <trkpt lat="36.27038992010057" lon="-121.80792996659875">
        <ele>38.4</ele>
      </trkpt>
      <trkpt lat="36.27038698643446" lon="-121.80792627856135">
        <ele>38.75</ele>
      </trkpt>
      <trkpt lat="36.2701899278909" lon="-121.80782997049391">
        <ele>39.1</ele>
      </trkpt>
      <trkpt lat="36.270099990069866" lon="-121.80777993053198">
        <ele>39.47</ele>
      </trkpt>
      <trkpt lat="36.270059924572706" lon="-121.80775998160243">
        <ele>39.84</ele>
      </trkpt>
      <trkpt lat="36.269969986751676" lon="-121.8077199999243">
        <ele>40.21</ele>
      </trkpt>
      <trkpt lat="36.26984995789826" lon="-121.8076599854976">
        <ele>40.58</ele>
      </trkpt>
      <trkpt lat="36.269769994542" lon="-121.80761992000043">
        <ele>40.99</ele>
      </trkpt>
      <trkpt lat="36.269709980115294" lon="-121.80758999660611">
        <ele>41.41</ele>
      </trkpt>
      <trkpt lat="36.26950998790562" lon="-121.80745999328792">
        <ele>41.83</ele>
      </trkpt>
      <trkpt lat="36.26946992240846" lon="-121.80742998607457">
        <ele>42.28</ele>
      </trkpt>
      <trkpt lat="36.26944997347891" lon="-121.80741992779076">
        <ele>42.72</ele>
      </trkpt>
      <trkpt lat="36.269409991800785" lon="-121.8073899205774">
        <ele>43.17</ele>
      </trkpt>
      <trkpt lat="36.269279988482594" lon="-121.80725991725922">
        <ele>43.68</ele>
      </trkpt>
      <trkpt lat="36.269199941307306" lon="-121.80717995390296">
        <ele>44.16</ele>
      </trkpt>
      <trkpt lat="36.26916993409395" lon="-121.8071499466896">
        <ele>44.63</ele>
      </trkpt>
      <trkpt lat="36.2691399268806" lon="-121.80710996501148">
        <ele>45.1</ele>
      </trkpt>
      <trkpt lat="36.26901998184621" lon="-121.80696998722851">
        <ele>45.63</ele>
      </trkpt>
      <trkpt lat="36.26891998574138" lon="-121.80682992562652">
        <ele>46.15</ele>
      </trkpt>
      <trkpt lat="36.26891998574138" lon="-121.80681995116174">
        <ele>46.59</ele>
      </trkpt>
      <trkpt lat="36.268809931352735" lon="-121.80664996616542">
        <ele>47.12</ele>
      </trkpt>
      <trkpt lat="36.26875997520983" lon="-121.80658995173872">
        <ele>47.56</ele>
      </trkpt>
      <trkpt lat="36.268659979104996" lon="-121.80639993399382">
        <ele>47.99</ele>
      </trkpt>
      <trkpt lat="36.268529975786805" lon="-121.80607999674976">
        <ele>48.43</ele>
      </trkpt>
      <trkpt lat="36.268509943038225" lon="-121.8060399312526">
        <ele>48.78</ele>
      </trkpt>
      <trkpt lat="36.26844992861152" lon="-121.80587992072105">
        <ele>49.13</ele>
      </trkpt>
      <trkpt lat="36.26840994693339" lon="-121.80575997568667">
        <ele>49.44</ele>
      </trkpt>
      <trkpt lat="36.268379939720035" lon="-121.80568998679519">
        <ele>49.75</ele>
      </trkpt>
      <trkpt lat="36.26832998357713" lon="-121.805559983477">
        <ele>50.03</ele>
      </trkpt>
      <trkpt lat="36.26828991807997" lon="-121.80546996183693">
        <ele>50.3</ele>
      </trkpt>
      <trkpt lat="36.26821992918849" lon="-121.80529997684062">
        <ele>50.55</ele>
      </trkpt>
      <trkpt lat="36.26813996583223" lon="-121.8051299918443">
        <ele>50.73</ele>
      </trkpt>
      <trkpt lat="36.268079951405525" lon="-121.8049999885261">
        <ele>50.92</ele>
      </trkpt>
      <trkpt lat="36.26798992976546" lon="-121.80485992692411">
        <ele>51.16</ele>
      </trkpt>
      <trkpt lat="36.26789999194443" lon="-121.80472992360592">
        <ele>51.31</ele>
      </trkpt>
      <trkpt lat="36.26780997030437" lon="-121.80461995303631">
        <ele>51.48</ele>
      </trkpt>
      <trkpt lat="36.2676599342376" lon="-121.80445994250476">
        <ele>51.64</ele>
      </trkpt>
      <trkpt lat="36.26754996366799" lon="-121.80435994639993">
        <ele>51.8</ele>
      </trkpt>
      <trkpt lat="36.26742993481457" lon="-121.80424997583032">
        <ele>51.96</ele>
      </trkpt>
      <trkpt lat="36.26739992760122" lon="-121.80421996861696">
        <ele>52.12</ele>
      </trkpt>
      <trkpt lat="36.267199935391545" lon="-121.80406993255019">
        <ele>52.29</ele>
      </trkpt>
      <trkpt lat="36.267109997570515" lon="-121.80399994365871">
        <ele>52.45</ele>
      </trkpt>
      <trkpt lat="36.2669899687171" lon="-121.80390992201865">
        <ele>52.61</ele>
      </trkpt>
      <trkpt lat="36.266959961503744" lon="-121.8038899730891">
        <ele>52.78</ele>
      </trkpt>
      <trkpt lat="36.26688997261226" lon="-121.80384999141097">
        <ele>52.96</ele>
      </trkpt>
      <trkpt lat="36.2667999509722" lon="-121.80379995144904">
        <ele>53.14</ele>
      </trkpt>
      <trkpt lat="36.26668998040259" lon="-121.80373993702233">
        <ele>53.32</ele>
      </trkpt>
      <trkpt lat="36.26649996265769" lon="-121.80362996645272">
        <ele>53.48</ele>
      </trkpt>
      <trkpt lat="36.266399966552854" lon="-121.80356995202601">
        <ele>53.66</ele>
      </trkpt>
      <trkpt lat="36.26632997766137" lon="-121.80352997034788">
        <ele>53.93</ele>
      </trkpt>
      <trkpt lat="36.26630994491279" lon="-121.8035099375993">
        <ele>54.21</ele>
      </trkpt>
      <trkpt lat="36.266209948807955" lon="-121.8034499231726">
        <ele>54.47</ele>
      </trkpt>
      <trkpt lat="36.2661799415946" lon="-121.80342997424304">
        <ele>54.77</ele>
      </trkpt>
      <trkpt lat="36.266019931063056" lon="-121.8033199198544">
        <ele>55.11</ele>
      </trkpt>
      <trkpt lat="36.26595991663635" lon="-121.80327993817627">
        <ele>55.5</ele>
      </trkpt>
      <trkpt lat="36.265759924426675" lon="-121.80312998592854">
        <ele>55.93</ele>
      </trkpt>
      <trkpt lat="36.26573997549713" lon="-121.80310995317996">
        <ele>56.37</ele>
      </trkpt>
      <trkpt lat="36.26570996828377" lon="-121.80308992043138">
        <ele>56.8</ele>
      </trkpt>
      <trkpt lat="36.265559932217" lon="-121.80296997539699">
        <ele>57.3</ele>
      </trkpt>
      <trkpt lat="36.26540997996926" lon="-121.8028399720788">
        <ele>57.84</ele>
      </trkpt>
      <trkpt lat="36.26537997275591" lon="-121.80279999040067">
        <ele>58.34</ele>
      </trkpt>
      <trkpt lat="36.265239994972944" lon="-121.80263997986913">
        <ele>59.04</ele>
      </trkpt>
      <trkpt lat="36.26509993337095" lon="-121.80247996933758">
        <ele>59.62</ele>
      </trkpt>
      <trkpt lat="36.26501997001469" lon="-121.80237997323275">
        <ele>60.17</ele>
      </trkpt>
      <trkpt lat="36.26495995558798" lon="-121.80231995880604">
        <ele>60.67</ele>
      </trkpt>
      <trkpt lat="36.264919973909855" lon="-121.80224996991456">
        <ele>61.16</ele>
      </trkpt>
      <trkpt lat="36.26483992673457" lon="-121.80214997380972">
        <ele>61.62</ele>
      </trkpt>
      <trkpt lat="36.2646999489516" lon="-121.80193992331624">
        <ele>62.1</ele>
      </trkpt>
      <trkpt lat="36.264599952846766" lon="-121.80174998939037">
        <ele>62.57</ele>
      </trkpt>
      <trkpt lat="36.264599952846766" lon="-121.80173993110657">
        <ele>63.01</ele>
      </trkpt>
      <trkpt lat="36.2645099312067" lon="-121.80155997164547">
        <ele>63.4</ele>
      </trkpt>
      <trkpt lat="36.264489982277155" lon="-121.80149995721877">
        <ele>63.82</ele>
      </trkpt>
      <trkpt lat="36.26442996785045" lon="-121.80136995390058">
        <ele>64.22</ele>
      </trkpt>
      <trkpt lat="36.26442996785045" lon="-121.8013599794358">
        <ele>64.6</ele>
      </trkpt>
      <trkpt lat="36.26438998617232" lon="-121.80124992504716">
        <ele>64.97</ele>
      </trkpt>
      <trkpt lat="36.26434992067516" lon="-121.80115998722613">
        <ele>65.31</ele>
      </trkpt>
      <trkpt lat="36.26430993899703" lon="-121.80102998390794">
        <ele>65.63</ele>
      </trkpt>
      <trkpt lat="36.26428999006748" lon="-121.80094993673265">
        <ele>65.9</ele>
      </trkpt>
      <trkpt lat="36.26424992457032" lon="-121.80080995894969">
        <ele>66.12</ele>
      </trkpt>
      <trkpt lat="36.264229975640774" lon="-121.8007399700582">
        <ele>66.37</ele>
      </trkpt>
      <trkpt lat="36.26419996842742" lon="-121.80055992677808">
        <ele>66.59</ele>
      </trkpt>
      <trkpt lat="36.264189993962646" lon="-121.80051994509995">
        <ele>66.79</ele>
      </trkpt>
      <trkpt lat="36.264169961214066" lon="-121.80040997453034">
        <ele>66.97</ele>
      </trkpt>
      <trkpt lat="36.26415998674929" lon="-121.8003099784255">
        <ele>67.09</ele>
      </trkpt>
      <trkpt lat="36.264149928465486" lon="-121.80023998953402">
        <ele>67.16</ele>
      </trkpt>
      <trkpt lat="36.26413995400071" lon="-121.80014996789396">
        <ele>67.21</ele>
      </trkpt>
      <trkpt lat="36.26412997953594" lon="-121.8000599462539">
        <ele>67.23</ele>
      </trkpt>
      <trkpt lat="36.26412997953594" lon="-121.79996992461383">
        <ele>67.22</ele>
      </trkpt>
      <trkpt lat="36.26412997953594" lon="-121.799869928509">
        <ele>67.18</ele>
      </trkpt>
      <trkpt lat="36.26412997953594" lon="-121.79970991797745">
        <ele>67.08</ele>
      </trkpt>
      <trkpt lat="36.26412997953594" lon="-121.79963992908597">
        <ele>66.95</ele>
      </trkpt>
      <trkpt lat="36.26413995400071" lon="-121.79950992576778">
        <ele>66.79</ele>
      </trkpt>
      <trkpt lat="36.26413995400071" lon="-121.79941998794675">
        <ele>66.6</ele>
      </trkpt>
      <trkpt lat="36.264149928465486" lon="-121.79921999573708">
        <ele>66.38</ele>
      </trkpt>
      <trkpt lat="36.26415998674929" lon="-121.79918998852372">
        <ele>66.13</ele>
      </trkpt>
      <trkpt lat="36.26418001949787" lon="-121.7989544570446">
        <ele>65.85</ele>
      </trkpt>
      <trkpt lat="36.26419996842742" lon="-121.79871993139386">
        <ele>65.54</ele>
      </trkpt>
      <trkpt lat="36.2642149720341" lon="-121.79851457476616">
        <ele>65.22</ele>
      </trkpt>
      <trkpt lat="36.264229975640774" lon="-121.79830997250974">
        <ele>64.85</ele>
      </trkpt>
      <trkpt lat="36.26424992457032" lon="-121.7979599442333">
        <ele>64.45</ele>
      </trkpt>
      <trkpt lat="36.26425998285413" lon="-121.79780999198556">
        <ele>64.01</ele>
      </trkpt>
      <trkpt lat="36.264274986460805" lon="-121.79757446050644">
        <ele>63.53</ele>
      </trkpt>
      <trkpt lat="36.26428999006748" lon="-121.7973399348557">
        <ele>63.01</ele>
      </trkpt>
      <trkpt lat="36.26430499367416" lon="-121.7971295490861">
        <ele>62.41</ele>
      </trkpt>
      <trkpt lat="36.264319997280836" lon="-121.79691991768777">
        <ele>61.86</ele>
      </trkpt>
      <trkpt lat="36.264339946210384" lon="-121.7967199254781">
        <ele>61.34</ele>
      </trkpt>
      <trkpt lat="36.26434992067516" lon="-121.7964799515903">
        <ele>60.84</ele>
      </trkpt>
      <trkpt lat="36.26434992067516" lon="-121.79646997712553">
        <ele>60.35</ele>
      </trkpt>
      <trkpt lat="36.26434992067516" lon="-121.79643996991217">
        <ele>59.87</ele>
      </trkpt>
      <trkpt lat="36.26434992067516" lon="-121.79636998102069">
        <ele>59.39</ele>
      </trkpt>
      <trkpt lat="36.26434992067516" lon="-121.79630996659398">
        <ele>58.92</ele>
      </trkpt>
      <trkpt lat="36.26434992067516" lon="-121.79625992663205">
        <ele>58.46</ele>
      </trkpt>
      <trkpt lat="36.26434992067516" lon="-121.79622991941869">
        <ele>58.01</ele>
      </trkpt>
      <trkpt lat="36.26434992067516" lon="-121.79614995606244">
        <ele>57.57</ele>
      </trkpt>
      <trkpt lat="36.264339946210384" lon="-121.79605993442237">
        <ele>57.12</ele>
      </trkpt>
      <trkpt lat="36.26432997174561" lon="-121.79602992720902">
        <ele>56.7</ele>
      </trkpt>
      <trkpt lat="36.26432997174561" lon="-121.79596999660134">
        <ele>56.32</ele>
      </trkpt>
      <trkpt lat="36.264319997280836" lon="-121.79590998217463">
        <ele>55.95</ele>
      </trkpt>
      <trkpt lat="36.264299964532256" lon="-121.79582993499935">
        <ele>55.6</ele>
      </trkpt>
      <trkpt lat="36.264299964532256" lon="-121.79581996053457">
        <ele>55.29</ele>
      </trkpt>
      <trkpt lat="36.264279931783676" lon="-121.79574997164309">
        <ele>54.99</ele>
      </trkpt>
      <trkpt lat="36.26424992457032" lon="-121.79564997553825">
        <ele>54.73</ele>
      </trkpt>
      <trkpt lat="36.264229975640774" lon="-121.79556992836297">
        <ele>54.5</ele>
      </trkpt>
      <trkpt lat="36.264189993962646" lon="-121.79547999054193">
        <ele>54.3</ele>
      </trkpt>
      <trkpt lat="36.26415998674929" lon="-121.79539994336665">
        <ele>54.15</ele>
      </trkpt>
      <trkpt lat="36.26413995400071" lon="-121.79535996168852">
        <ele>54.04</ele>
      </trkpt>
      <trkpt lat="36.26406996510923" lon="-121.79520992562175">
        <ele>53.91</ele>
      </trkpt>
      <trkpt lat="36.26406996510923" lon="-121.79519995115697">
        <ele>53.87</ele>
      </trkpt>
      <trkpt lat="36.26395999453962" lon="-121.79502996616066">
        <ele>53.85</ele>
      </trkpt>
      <trkpt lat="36.263869972899556" lon="-121.79490993730724">
        <ele>53.87</ele>
      </trkpt>
      <trkpt lat="36.263779951259494" lon="-121.79479996673763">
        <ele>53.91</ele>
      </trkpt>
      <trkpt lat="36.26369998790324" lon="-121.79471991956234">
        <ele>54.0</ele>
      </trkpt>
      <trkpt lat="36.263629999011755" lon="-121.79463995620608">
        <ele>54.16</ele>
      </trkpt>
      <trkpt lat="36.26355992630124" lon="-121.79458991624415">
        <ele>54.34</ele>
      </trkpt>
      <trkpt lat="36.26353997737169" lon="-121.7945699673146">
        <ele>54.57</ele>
      </trkpt>
      <trkpt lat="36.263439981266856" lon="-121.79448992013931">
        <ele>54.83</ele>
      </trkpt>
      <trkpt lat="36.2634099740535" lon="-121.79446997120976">
        <ele>55.14</ele>
      </trkpt>
      <trkpt lat="36.26339999958873" lon="-121.79446997120976">
        <ele>55.48</ele>
      </trkpt>
      <trkpt lat="36.26333998516202" lon="-121.79442998953164">
        <ele>55.87</ele>
      </trkpt>
      <trkpt lat="36.26307997852564" lon="-121.79430996067822">
        <ele>56.27</ele>
      </trkpt>
      <trkpt lat="36.26290999352932" lon="-121.79422999732196">
        <ele>56.75</ele>
      </trkpt>
      <trkpt lat="36.26277999021113" lon="-121.79417995736003">
        <ele>57.24</ele>
      </trkpt>
      <trkpt lat="36.262560384348035" lon="-121.79407015442848">
        <ele>57.77</ele>
      </trkpt>
      <trkpt lat="36.26233994029462" lon="-121.79395993240178">
        <ele>58.36</ele>
      </trkpt>
      <trkpt lat="36.26223994418979" lon="-121.79389991797507">
        <ele>58.96</ele>
      </trkpt>
      <trkpt lat="36.26206995919347" lon="-121.79380998015404">
        <ele>59.7</ele>
      </trkpt>
      <trkpt lat="36.26190994866192" lon="-121.79372993297875">
        <ele>60.37</ele>
      </trkpt>
      <trkpt lat="36.26190994866192" lon="-121.79371995851398">
        <ele>60.95</ele>
      </trkpt>
      <trkpt lat="36.26189997419715" lon="-121.79371995851398">
        <ele>61.51</ele>
      </trkpt>
      <trkpt lat="36.261739963665605" lon="-121.79363999515772">
        <ele>62.13</ele>
      </trkpt>
      <trkpt lat="36.261569978669286" lon="-121.79355994798243">
        <ele>62.71</ele>
      </trkpt>
      <trkpt lat="36.261569978669286" lon="-121.79354997351766">
        <ele>63.26</ele>
      </trkpt>
      <trkpt lat="36.26140996813774" lon="-121.79344997741282">
        <ele>63.83</ele>
      </trkpt>
      <trkpt lat="36.26138993538916" lon="-121.79343991912901">
        <ele>64.33</ele>
      </trkpt>
      <trkpt lat="36.261289939284325" lon="-121.79335995577276">
        <ele>64.84</ele>
      </trkpt>
      <trkpt lat="36.26125993207097" lon="-121.79333992302418">
        <ele>65.3</ele>
      </trkpt>
      <trkpt lat="36.26120997592807" lon="-121.79329994134605">
        <ele>65.75</ele>
      </trkpt>
      <trkpt lat="36.261139987036586" lon="-121.79322995245457">
        <ele>66.18</ele>
      </trkpt>
      <trkpt lat="36.26107997260988" lon="-121.79316993802786">
        <ele>66.61</ele>
      </trkpt>
      <trkpt lat="36.26097997650504" lon="-121.79305996745825">
        <ele>66.96</ele>
      </trkpt>
      <trkpt lat="36.260969918221235" lon="-121.79304999299347">
        <ele>67.32</ele>
      </trkpt>
      <trkpt lat="36.26090998761356" lon="-121.79296994581819">
        <ele>67.64</ele>
      </trkpt>
      <trkpt lat="36.260839998722076" lon="-121.79286994971335">
        <ele>67.93</ele>
      </trkpt>
      <trkpt lat="36.26078995876014" lon="-121.79277992807329">
        <ele>68.21</ele>
      </trkpt>
      <trkpt lat="36.260729944333434" lon="-121.79268999025226">
        <ele>68.44</ele>
      </trkpt>
      <trkpt lat="36.260669929906726" lon="-121.79256996139884">
        <ele>68.68</ele>
      </trkpt>
      <trkpt lat="36.26061997376382" lon="-121.79244993254542">
        <ele>68.9</ele>
      </trkpt>
      <trkpt lat="36.26060999929905" lon="-121.79242998361588">
        <ele>69.11</ele>
      </trkpt>
      <trkpt lat="36.26056993380189" lon="-121.79232998751104">
        <ele>69.31</ele>
      </trkpt>
      <trkpt lat="36.26052995212376" lon="-121.79220995865762">
        <ele>69.49</ele>
      </trkpt>
      <trkpt lat="36.26049994491041" lon="-121.79211993701756">
        <ele>69.64</ele>
      </trkpt>
      <trkpt lat="36.26046993769705" lon="-121.79198993369937">
        <ele>69.8</ele>
      </trkpt>
      <trkpt lat="36.260429956018925" lon="-121.79183998145163">
        <ele>69.89</ele>
      </trkpt>
      <trkpt lat="36.26041998155415" lon="-121.7917999997735">
        <ele>69.99</ele>
      </trkpt>
      <trkpt lat="36.26039994880557" lon="-121.7916599381715">
        <ele>70.06</ele>
      </trkpt>
      <trkpt lat="36.2603899743408" lon="-121.79158994928002">
        <ele>70.13</ele>
      </trkpt>
      <trkpt lat="36.26036994159222" lon="-121.79146992042661">
        <ele>70.16</ele>
      </trkpt>
      <trkpt lat="36.26035996712744" lon="-121.79143999703228">
        <ele>70.19</ele>
      </trkpt>
      <trkpt lat="36.26034999266267" lon="-121.79136992432177">
        <ele>70.21</ele>
      </trkpt>
      <trkpt lat="36.26034999266267" lon="-121.791359949857">
        <ele>70.22</ele>
      </trkpt>
      <trkpt lat="36.26032995991409" lon="-121.79125995375216">
        <ele>70.2</ele>
      </trkpt>
      <trkpt lat="36.260279919952154" lon="-121.790989972651">
        <ele>70.14</ele>
      </trkpt>
      <trkpt lat="36.26021998934448" lon="-121.79071999154985">
        <ele>70.15</ele>
      </trkpt>
      <trkpt lat="36.2601999565959" lon="-121.79059996269643">
        <ele>70.16</ele>
      </trkpt>
      <trkpt lat="36.26015997491777" lon="-121.79048999212682">
        <ele>70.1</ele>
      </trkpt>
      <trkpt lat="36.260129967704415" lon="-121.7903699632734">
        <ele>70.06</ele>
      </trkpt>
      <trkpt lat="36.260109934955835" lon="-121.79028999991715">
        <ele>70.0</ele>
      </trkpt>
      <trkpt lat="36.26008998602629" lon="-121.79023995995522">
        <ele>69.91</ele>
      </trkpt>
      <trkpt lat="36.26006995327771" lon="-121.79018991999328">
        <ele>69.82</ele>
      </trkpt>
      <trkpt lat="36.26004992052913" lon="-121.7901199311018">
        <ele>69.73</ele>
      </trkpt>
      <trkpt lat="36.26002997159958" lon="-121.79008992388844">
        <ele>69.59</ele>
      </trkpt>
      <trkpt lat="36.259999964386225" lon="-121.78999998606741">
        <ele>69.46</ele>
      </trkpt>
      <trkpt lat="36.2599599827081" lon="-121.78988993167877">
        <ele>69.32</ele>
      </trkpt>
      <trkpt lat="36.25990994274616" lon="-121.78978993557394">
        <ele>69.16</ele>
      </trkpt>
      <trkpt lat="36.259869961068034" lon="-121.7896999977529">
        <ele>68.99</ele>
      </trkpt>
      <trkpt lat="36.259869961068034" lon="-121.7896899394691">
        <ele>68.84</ele>
      </trkpt>
      <trkpt lat="36.259829979389906" lon="-121.78962992504239">
        <ele>68.68</ele>
      </trkpt>
      <trkpt lat="36.2598199211061" lon="-121.78959991782904">
        <ele>68.52</ele>
      </trkpt>
      <trkpt lat="36.2597699649632" lon="-121.789509980008">
        <ele>68.35</ele>
      </trkpt>
      <trkpt lat="36.259739957749844" lon="-121.78945994004607">
        <ele>68.17</ele>
      </trkpt>
      <trkpt lat="36.25965999439359" lon="-121.78932993672788">
        <ele>67.95</ele>
      </trkpt>
      <trkpt lat="36.25965999439359" lon="-121.78931996226311">
        <ele>67.75</ele>
      </trkpt>
      <trkpt lat="36.25953996554017" lon="-121.78915995173156">
        <ele>67.53</ele>
      </trkpt>
      <trkpt lat="36.2595299910754" lon="-121.78913991898298">
        <ele>67.33</ele>
      </trkpt>
      <trkpt lat="36.2593399733305" lon="-121.78891997784376">
        <ele>67.13</ele>
      </trkpt>
      <trkpt lat="36.25921994447708" lon="-121.78879994899035">
        <ele>66.93</ele>
      </trkpt>
      <trkpt lat="36.25915993005037" lon="-121.78875996731222">
        <ele>66.68</ele>
      </trkpt>
      <trkpt lat="36.25912992283702" lon="-121.78872996009886">
        <ele>66.44</ele>
      </trkpt>
      <trkpt lat="36.25908994115889" lon="-121.78869995288551">
        <ele>66.18</ele>
      </trkpt>
      <trkpt lat="36.259009977802634" lon="-121.7886499967426">
        <ele>65.9</ele>
      </trkpt>
      <trkpt lat="36.258799927309155" lon="-121.78852996788919">
        <ele>65.61</ele>
      </trkpt>
      <trkpt lat="36.25863991677761" lon="-121.78845997899771">
        <ele>65.28</ele>
      </trkpt>
      <trkpt lat="36.25861996784806" lon="-121.7884499207139">
        <ele>65.0</ele>
      </trkpt>
      <trkpt lat="36.25854997895658" lon="-121.78841999731958">
        <ele>64.7</ele>
      </trkpt>
      <trkpt lat="36.258529946208" lon="-121.78840993903577">
        <ele>64.4</ele>
      </trkpt>
      <trkpt lat="36.25846993178129" lon="-121.78838999010623">
        <ele>64.07</ele>
      </trkpt>
      <trkpt lat="36.25845995731652" lon="-121.78838999010623">
        <ele>63.81</ele>
      </trkpt>
      <trkpt lat="36.258449982851744" lon="-121.78838999010623">
        <ele>63.54</ele>
      </trkpt>
      <trkpt lat="36.258369935676455" lon="-121.78836995735765">
        <ele>63.27</ele>
      </trkpt>
      <trkpt lat="36.25822995789349" lon="-121.78834992460907">
        <ele>62.97</ele>
      </trkpt>
      <trkpt lat="36.25819995068014" lon="-121.78834992460907">
        <ele>62.72</ele>
      </trkpt>
      <trkpt lat="36.258109929040074" lon="-121.78833995014429">
        <ele>62.48</ele>
      </trkpt>
      <trkpt lat="36.25802996568382" lon="-121.78832997567952">
        <ele>62.25</ele>
      </trkpt>
      <trkpt lat="36.258019991219044" lon="-121.78831991739571">
        <ele>62.04</ele>
      </trkpt>
      <trkpt lat="36.25792996957898" lon="-121.78831991739571">
        <ele>61.82</ele>
      </trkpt>
      <trkpt lat="36.25781999900937" lon="-121.78830994293094">
        <ele>61.63</ele>
      </trkpt>
      <trkpt lat="36.25774992629886" lon="-121.78829996846616">
        <ele>61.45</ele>
      </trkpt>
      <trkpt lat="36.257619922980666" lon="-121.78829996846616">
        <ele>61.29</ele>
      </trkpt>
      <trkpt lat="36.2574799451977" lon="-121.78829996846616">
        <ele>61.14</ele>
      </trkpt>
      <trkpt lat="36.25738992355764" lon="-121.78829996846616">
        <ele>61.01</ele>
      </trkpt>
      <trkpt lat="36.25729998573661" lon="-121.78829996846616">
        <ele>60.87</ele>
      </trkpt>
      <trkpt lat="36.25702992081642" lon="-121.78829996846616">
        <ele>60.74</ele>
      </trkpt>
      <trkpt lat="36.25701994635165" lon="-121.78829996846616">
        <ele>60.63</ele>
      </trkpt>
      <trkpt lat="36.25671995803714" lon="-121.78829996846616">
        <ele>60.53</ele>
      </trkpt>
      <trkpt lat="36.256669918075204" lon="-121.78829996846616">
        <ele>60.44</ele>
      </trkpt>
      <trkpt lat="36.25656992197037" lon="-121.78829996846616">
        <ele>60.37</ele>
      </trkpt>
      <trkpt lat="36.256375377997756" lon="-121.78830491378903">
        <ele>60.3</ele>
      </trkpt>
      <trkpt lat="36.25617999583483" lon="-121.78830994293094">
        <ele>60.24</ele>
      </trkpt>
      <trkpt lat="36.25602995976806" lon="-121.78830994293094">
        <ele>60.23</ele>
      </trkpt>
      <trkpt lat="36.255959970876575" lon="-121.78829996846616">
        <ele>60.24</ele>
      </trkpt>
      <trkpt lat="36.255879923701286" lon="-121.78829996846616">
        <ele>60.27</ele>
      </trkpt>
      <trkpt lat="36.25579996034503" lon="-121.78829996846616">
        <ele>60.32</ele>
      </trkpt>
      <trkpt lat="36.25577992759645" lon="-121.78829996846616">
        <ele>60.39</ele>
      </trkpt>
      <trkpt lat="36.25569996424019" lon="-121.78828999400139">
        <ele>60.48</ele>
      </trkpt>
      <trkpt lat="36.25567993149161" lon="-121.78828999400139">
        <ele>60.59</ele>
      </trkpt>
      <trkpt lat="36.255639949813485" lon="-121.78827993571758">
        <ele>60.73</ele>
      </trkpt>
      <trkpt lat="36.25559996813536" lon="-121.78826996125281">
        <ele>60.88</ele>
      </trkpt>
      <trkpt lat="36.25558999367058" lon="-121.78826996125281">
        <ele>61.05</ele>
      </trkpt>
      <trkpt lat="36.255469964817166" lon="-121.78824992850423">
        <ele>61.26</ele>
      </trkpt>
      <trkpt lat="36.25541992485523" lon="-121.78822997957468">
        <ele>61.46</ele>
      </trkpt>
      <trkpt lat="36.255339961498976" lon="-121.7882099468261">
        <ele>61.7</ele>
      </trkpt>
      <trkpt lat="36.255209958180785" lon="-121.78816996514797">
        <ele>61.97</ele>
      </trkpt>
      <trkpt lat="36.25506998039782" lon="-121.78811992518604">
        <ele>62.23</ele>
      </trkpt>
      <trkpt lat="36.25487996265292" lon="-121.78800995461643">
        <ele>62.48</ele>
      </trkpt>
      <trkpt lat="36.25473512336612" lon="-121.78791507147253">
        <ele>62.69</ele>
      </trkpt>
      <trkpt lat="36.254589948803186" lon="-121.78781993687153">
        <ele>62.91</ele>
      </trkpt>
      <trkpt lat="36.25454996712506" lon="-121.78778992965817">
        <ele>63.15</ele>
      </trkpt>
      <trkpt lat="36.25436992384493" lon="-121.78766998462379">
        <ele>63.39</ele>
      </trkpt>
      <trkpt lat="36.25416993163526" lon="-121.78756998851895">
        <ele>63.65</ele>
      </trkpt>
      <trkpt lat="36.254049986600876" lon="-121.78754995577037">
        <ele>63.93</ele>
      </trkpt>
      <trkpt lat="36.25394999049604" lon="-121.78750997409225">
        <ele>64.29</ele>
      </trkpt>
      <trkpt lat="36.25380992889404" lon="-121.78745993413031">
        <ele>64.66</ele>
      </trkpt>
      <trkpt lat="36.25366995111108" lon="-121.78742992691696">
        <ele>65.03</ele>
      </trkpt>
      <trkpt lat="36.25353994779289" lon="-121.78740997798741">
        <ele>65.41</ele>
      </trkpt>
      <trkpt lat="36.253529973328114" lon="-121.78740997798741">
        <ele>65.79</ele>
      </trkpt>
      <trkpt lat="36.25334993004799" lon="-121.78738994523883">
        <ele>66.22</ele>
      </trkpt>
      <trkpt lat="36.253229985013604" lon="-121.78737997077405">
        <ele>66.65</ele>
      </trkpt>
      <trkpt lat="36.253189919516444" lon="-121.78737997077405">
        <ele>67.07</ele>
      </trkpt>
      <trkpt lat="36.253169970586896" lon="-121.78737997077405">
        <ele>67.51</ele>
      </trkpt>
      <trkpt lat="36.25298992730677" lon="-121.78736999630928">
        <ele>67.97</ele>
      </trkpt>
      <trkpt lat="36.25280996784568" lon="-121.78735993802547">
        <ele>68.46</ele>
      </trkpt>
      <trkpt lat="36.252813655883074" lon="-121.78735733963549">
        <ele>68.96</ele>
      </trkpt>
      <trkpt lat="36.25287995673716" lon="-121.78728994913399">
        <ele>69.52</ele>
      </trkpt>
      <trkpt lat="36.252876687794924" lon="-121.78728902712464">
        <ele>70.04</ele>
      </trkpt>
      <trkpt lat="36.25284994952381" lon="-121.78718995302916">
        <ele>70.63</ele>
      </trkpt>
      <trkpt lat="36.25283997505903" lon="-121.78716992028058">
        <ele>71.16</ele>
      </trkpt>
      <trkpt lat="36.25283997505903" lon="-121.7871599458158">
        <ele>71.69</ele>
      </trkpt>
      <trkpt lat="36.25280996784568" lon="-121.7870999313891">
        <ele>72.24</ele>
      </trkpt>
      <trkpt lat="36.25276998616755" lon="-121.78704997524619">
        <ele>72.79</ele>
      </trkpt>
      <trkpt lat="36.252739978954196" lon="-121.78700999356806">
        <ele>73.32</ele>
      </trkpt>
      <trkpt lat="36.25272992067039" lon="-121.78698996081948">
        <ele>73.84</ele>
      </trkpt>
      <trkpt lat="36.252609975636005" lon="-121.78686993196607">
        <ele>74.38</ele>
      </trkpt>
      <trkpt lat="36.25257996842265" lon="-121.78683992475271">
        <ele>74.83</ele>
      </trkpt>
      <trkpt lat="36.25246999785304" lon="-121.78673992864788">
        <ele>75.29</ele>
      </trkpt>
      <trkpt lat="36.25243999063969" lon="-121.78670992143452">
        <ele>75.68</ele>
      </trkpt>
      <trkpt lat="36.25236991792917" lon="-121.78664999082685">
        <ele>76.04</ele>
      </trkpt>
      <trkpt lat="36.252289954572916" lon="-121.78658997640014">
        <ele>76.36</ele>
      </trkpt>
      <trkpt lat="36.25225994735956" lon="-121.78656994365156">
        <ele>76.6</ele>
      </trkpt>
      <trkpt lat="36.25220999121666" lon="-121.78654999472201">
        <ele>76.8</ele>
      </trkpt>
      <trkpt lat="36.2521699257195" lon="-121.7865399364382">
        <ele>76.96</ele>
      </trkpt>
      <trkpt lat="36.25210999511182" lon="-121.7865399364382">
        <ele>77.07</ele>
      </trkpt>
      <trkpt lat="36.25206992961466" lon="-121.7865399364382">
        <ele>77.15</ele>
      </trkpt>
      <trkpt lat="36.25193992629647" lon="-121.78654999472201">
        <ele>77.18</ele>
      </trkpt>
      <trkpt lat="36.251899944618344" lon="-121.78654999472201">
        <ele>77.21</ele>
      </trkpt>
      <trkpt lat="36.25175996683538" lon="-121.78657991811633">
        <ele>77.19</ele>
      </trkpt>
      <trkpt lat="36.251709926873446" lon="-121.78658997640014">
        <ele>77.18</ele>
      </trkpt>
      <trkpt lat="36.25164999626577" lon="-121.78658997640014">
        <ele>77.13</ele>
      </trkpt>
      <trkpt lat="36.25160993076861" lon="-121.78658997640014">
        <ele>77.03</ele>
      </trkpt>
      <trkpt lat="36.251579923555255" lon="-121.78657991811633">
        <ele>76.9</ele>
      </trkpt>
      <trkpt lat="36.2515499163419" lon="-121.78655996918678">
        <ele>76.72</ele>
      </trkpt>
      <trkpt lat="36.251429971307516" lon="-121.78645997308195">
        <ele>76.46</ele>
      </trkpt>
      <trkpt lat="36.25134992413223" lon="-121.78639995865524">
        <ele>76.18</ele>
      </trkpt>
      <trkpt lat="36.251189997419715" lon="-121.78628998808563">
        <ele>75.89</ele>
      </trkpt>
      <trkpt lat="36.25102998688817" lon="-121.78618999198079">
        <ele>75.59</ele>
      </trkpt>
      <trkpt lat="36.25095999799669" lon="-121.78619996644557">
        <ele>75.26</ele>
      </trkpt>
      <trkpt lat="36.250909958034754" lon="-121.78618999198079">
        <ele>74.95</ele>
      </trkpt>
      <trkpt lat="36.250913981348276" lon="-121.78618571721017">
        <ele>74.64</ele>
      </trkpt>
      <trkpt lat="36.250849943608046" lon="-121.78622997365892">
        <ele>74.29</ele>
      </trkpt>
      <trkpt lat="36.25072999857366" lon="-121.7862999625504">
        <ele>73.98</ele>
      </trkpt>
      <trkpt lat="36.250727819278836" lon="-121.78630373440683">
        <ele>73.76</ele>
      </trkpt>
    </trkseg>
  </trk>
</gpx>
